{"type": "FeatureCollection", "comment": "Stage O inlier tie points, lon/lat on the Moon sphere R=1737400 m. Not ground truth; reference lola_rms 0.92 m.", "features": [{"type": "Feature", "geometry": {"type": "Point", "coordinates": [31.21266715, -50.88060518]}, "properties": {"id": 2, "tmc_scan": 245987.628, "tmc_pixel": 1005.34, "fit_residual_px": 1.3185, "heldout_residual_px": 3.1967}}, {"type": "Feature", "geometry": {"type": "Point", "coordinates": [31.22514233, -50.88062325]}, "properties": {"id": 3, "tmc_scan": 245986.857, "tmc_pixel": 957.302, "fit_residual_px": 1.3813, "heldout_residual_px": 3.1147}}, {"type": "Feature", "geometry": {"type": "Point", "coordinates": [31.23757918, -50.88059343]}, "properties": {"id": 4, "tmc_scan": 245986.083, "tmc_pixel": 909.264, "fit_residual_px": 1.3145, "heldout_residual_px": 2.9007}}, {"type": "Feature", "geometry": {"type": "Point", "coordinates": [31.24979089, -50.88057485]}, "properties": {"id": 5, "tmc_scan": 245985.298, "tmc_pixel": 861.228, "fit_residual_px": 0.3665, "heldout_residual_px": 1.808}}, {"type": "Feature", "geometry": {"type": "Point", "coordinates": [31.26230339, -50.88058478]}, "properties": {"id": 6, "tmc_scan": 245984.51, "tmc_pixel": 813.192, "fit_residual_px": 0.6536, "heldout_residual_px": 1.9678}}, {"type": "Feature", "geometry": {"type": "Point", "coordinates": [31.27472845, -50.88049945]}, "properties": {"id": 7, "tmc_scan": 245983.711, "tmc_pixel": 765.16, "fit_residual_px": 0.7004, "heldout_residual_px": 1.8096}}, {"type": "Feature", "geometry": {"type": "Point", "coordinates": [31.28687494, -50.88047679]}, "properties": {"id": 8, "tmc_scan": 245982.907, "tmc_pixel": 717.125, "fit_residual_px": 0.6811, "heldout_residual_px": 0.6106}}, {"type": "Feature", "geometry": {"type": "Point", "coordinates": [31.29969081, -50.88054545]}, "properties": {"id": 9, "tmc_scan": 245982.095, "tmc_pixel": 669.096, "fit_residual_px": 1.0419, "heldout_residual_px": 1.9959}}, {"type": "Feature", "geometry": {"type": "Point", "coordinates": [31.31197599, -50.88046975]}, "properties": {"id": 10, "tmc_scan": 245981.276, "tmc_pixel": 621.064, "fit_residual_px": 0.5473, "heldout_residual_px": 1.3409}}, {"type": "Feature", "geometry": {"type": "Point", "coordinates": [31.32439956, -50.88046501]}, "properties": {"id": 11, "tmc_scan": 245980.449, "tmc_pixel": 573.038, "fit_residual_px": 0.5545, "heldout_residual_px": 1.2707}}, {"type": "Feature", "geometry": {"type": "Point", "coordinates": [31.33676307, -50.88045886]}, "properties": {"id": 12, "tmc_scan": 245979.616, "tmc_pixel": 525.008, "fit_residual_px": 0.3606, "heldout_residual_px": 0.9911}}, {"type": "Feature", "geometry": {"type": "Point", "coordinates": [31.34912527, -50.88045764]}, "properties": {"id": 13, "tmc_scan": 245978.776, "tmc_pixel": 476.986, "fit_residual_px": 0.1843, "heldout_residual_px": 0.7455}}, {"type": "Feature", "geometry": {"type": "Point", "coordinates": [31.36160854, -50.88043478]}, "properties": {"id": 14, "tmc_scan": 245977.927, "tmc_pixel": 428.958, "fit_residual_px": 0.5326, "heldout_residual_px": 1.0052}}, {"type": "Feature", "geometry": {"type": "Point", "coordinates": [31.37393151, -50.88043179]}, "properties": {"id": 15, "tmc_scan": 245977.073, "tmc_pixel": 380.939, "fit_residual_px": 0.268, "heldout_residual_px": 0.674}}, {"type": "Feature", "geometry": {"type": "Point", "coordinates": [31.38634454, -50.88040291]}, "properties": {"id": 16, "tmc_scan": 245976.21, "tmc_pixel": 332.914, "fit_residual_px": 0.365, "heldout_residual_px": 0.6972}}, {"type": "Feature", "geometry": {"type": "Point", "coordinates": [31.21267508, -50.88807091]}, "properties": {"id": 20, "tmc_scan": 245942.695, "tmc_pixel": 1006.212, "fit_residual_px": 1.2405, "heldout_residual_px": 3.05}}, {"type": "Feature", "geometry": {"type": "Point", "coordinates": [31.22512584, -50.88809982]}, "properties": {"id": 21, "tmc_scan": 245941.924, "tmc_pixel": 958.175, "fit_residual_px": 1.212, "heldout_residual_px": 2.8829}}, {"type": "Feature", "geometry": {"type": "Point", "coordinates": [31.23748389, -50.88805711]}, "properties": {"id": 22, "tmc_scan": 245941.151, "tmc_pixel": 910.152, "fit_residual_px": 0.8399, "heldout_residual_px": 2.362}}, {"type": "Feature", "geometry": {"type": "Point", "coordinates": [31.24993824, -50.88807203]}, "properties": {"id": 23, "tmc_scan": 245940.366, "tmc_pixel": 862.118, "fit_residual_px": 0.8794, "heldout_residual_px": 2.2702}}, {"type": "Feature", "geometry": {"type": "Point", "coordinates": [31.26225343, -50.88804731]}, "properties": {"id": 24, "tmc_scan": 245939.578, "tmc_pixel": 814.097, "fit_residual_px": 0.3744, "heldout_residual_px": 1.6354}}, {"type": "Feature", "geometry": {"type": "Point", "coordinates": [31.27473772, -50.88802324]}, "properties": {"id": 25, "tmc_scan": 245938.779, "tmc_pixel": 766.066, "fit_residual_px": 0.5792, "heldout_residual_px": 1.7133}}, {"type": "Feature", "geometry": {"type": "Point", "coordinates": [31.28708983, -50.88802117]}, "properties": {"id": 26, "tmc_scan": 245937.976, "tmc_pixel": 718.046, "fit_residual_px": 0.2778, "heldout_residual_px": 1.2947}}, {"type": "Feature", "geometry": {"type": "Point", "coordinates": [31.29950984, -50.88800352]}, "properties": {"id": 27, "tmc_scan": 245937.164, "tmc_pixel": 670.019, "fit_residual_px": 0.2664, "heldout_residual_px": 1.1727}}, {"type": "Feature", "geometry": {"type": "Point", "coordinates": [31.31194319, -50.88797259]}, "properties": {"id": 28, "tmc_scan": 245936.345, "tmc_pixel": 622.001, "fit_residual_px": 0.3332, "heldout_residual_px": 1.1272}}, {"type": "Feature", "geometry": {"type": "Point", "coordinates": [31.32418597, -50.88791918]}, "properties": {"id": 29, "tmc_scan": 245935.519, "tmc_pixel": 573.977, "fit_residual_px": 0.4514, "heldout_residual_px": 0.3964}}, {"type": "Feature", "geometry": {"type": "Point", "coordinates": [31.33664169, -50.88792266]}, "properties": {"id": 30, "tmc_scan": 245934.686, "tmc_pixel": 525.961, "fit_residual_px": 0.2111, "heldout_residual_px": 0.4582}}, {"type": "Feature", "geometry": {"type": "Point", "coordinates": [31.34910668, -50.88793378]}, "properties": {"id": 31, "tmc_scan": 245933.846, "tmc_pixel": 477.942, "fit_residual_px": 0.1198, "heldout_residual_px": 0.6435}}, {"type": "Feature", "geometry": {"type": "Point", "coordinates": [31.36153648, -50.88790918]}, "properties": {"id": 32, "tmc_scan": 245932.997, "tmc_pixel": 429.927, "fit_residual_px": 0.2575, "heldout_residual_px": 0.698}}, {"type": "Feature", "geometry": {"type": "Point", "coordinates": [31.37399444, -50.88788724]}, "properties": {"id": 33, "tmc_scan": 245932.143, "tmc_pixel": 381.912, "fit_residual_px": 0.5376, "heldout_residual_px": 0.8991}}, {"type": "Feature", "geometry": {"type": "Point", "coordinates": [31.38625771, -50.88789519]}, "properties": {"id": 34, "tmc_scan": 245931.28, "tmc_pixel": 333.9, "fit_residual_px": 0.1577, "heldout_residual_px": 0.4284}}, {"type": "Feature", "geometry": {"type": "Point", "coordinates": [31.21263979, -50.89555597]}, "properties": {"id": 38, "tmc_scan": 245897.764, "tmc_pixel": 1007.086, "fit_residual_px": 0.9804, "heldout_residual_px": 2.7326}}, {"type": "Feature", "geometry": {"type": "Point", "coordinates": [31.22519953, -50.89556859]}, "properties": {"id": 39, "tmc_scan": 245896.994, "tmc_pixel": 959.064, "fit_residual_px": 1.4092, "heldout_residual_px": 3.0197}}, {"type": "Feature", "geometry": {"type": "Point", "coordinates": [31.23740768, -50.89553151]}, "properties": {"id": 40, "tmc_scan": 245896.222, "tmc_pixel": 911.043, "fit_residual_px": 0.4461, "heldout_residual_px": 1.9077}}, {"type": "Feature", "geometry": {"type": "Point", "coordinates": [31.24987793, -50.8955672]}, "properties": {"id": 41, "tmc_scan": 245895.438, "tmc_pixel": 863.025, "fit_residual_px": 0.6042, "heldout_residual_px": 1.913}}, {"type": "Feature", "geometry": {"type": "Point", "coordinates": [31.26228011, -50.89551606]}, "properties": {"id": 42, "tmc_scan": 245894.651, "tmc_pixel": 815.006, "fit_residual_px": 0.4155, "heldout_residual_px": 1.6225}}, {"type": "Feature", "geometry": {"type": "Point", "coordinates": [31.27473188, -50.8955063]}, "properties": {"id": 43, "tmc_scan": 245893.854, "tmc_pixel": 766.99, "fit_residual_px": 0.5019, "heldout_residual_px": 1.5872}}, {"type": "Feature", "geometry": {"type": "Point", "coordinates": [31.28713127, -50.89548062]}, "properties": {"id": 44, "tmc_scan": 245893.051, "tmc_pixel": 718.972, "fit_residual_px": 0.3968, "heldout_residual_px": 1.3635}}, {"type": "Feature", "geometry": {"type": "Point", "coordinates": [31.29937603, -50.89546422]}, "properties": {"id": 45, "tmc_scan": 245892.24, "tmc_pixel": 670.959, "fit_residual_px": 0.3124, "heldout_residual_px": 0.548}}, {"type": "Feature", "geometry": {"type": "Point", "coordinates": [31.31187474, -50.89541611]}, "properties": {"id": 46, "tmc_scan": 245891.422, "tmc_pixel": 622.945, "fit_residual_px": 0.2358, "heldout_residual_px": 0.7984}}, {"type": "Feature", "geometry": {"type": "Point", "coordinates": [31.3241488, -50.89538603]}, "properties": {"id": 47, "tmc_scan": 245890.597, "tmc_pixel": 574.934, "fit_residual_px": 0.603, "heldout_residual_px": 0.2722}}, {"type": "Feature", "geometry": {"type": "Point", "coordinates": [31.33671689, -50.89543988]}, "properties": {"id": 48, "tmc_scan": 245889.765, "tmc_pixel": 526.922, "fit_residual_px": 0.2089, "heldout_residual_px": 0.7556}}, {"type": "Feature", "geometry": {"type": "Point", "coordinates": [31.34908174, -50.89540327]}, "properties": {"id": 49, "tmc_scan": 245888.926, "tmc_pixel": 478.915, "fit_residual_px": 0.0309, "heldout_residual_px": 0.516}}, {"type": "Feature", "geometry": {"type": "Point", "coordinates": [31.36143638, -50.89540828]}, "properties": {"id": 50, "tmc_scan": 245888.079, "tmc_pixel": 430.906, "fit_residual_px": 0.2088, "heldout_residual_px": 0.3825}}, {"type": "Feature", "geometry": {"type": "Point", "coordinates": [31.37383465, -50.89539088]}, "properties": {"id": 51, "tmc_scan": 245887.226, "tmc_pixel": 382.902, "fit_residual_px": 0.1918, "heldout_residual_px": 0.3755}}, {"type": "Feature", "geometry": {"type": "Point", "coordinates": [31.38629826, -50.89537364]}, "properties": {"id": 52, "tmc_scan": 245886.363, "tmc_pixel": 334.896, "fit_residual_px": 0.3221, "heldout_residual_px": 0.5989}}, {"type": "Feature", "geometry": {"type": "Point", "coordinates": [31.20024765, -50.90305576]}, "properties": {"id": 55, "tmc_scan": 245853.63, "tmc_pixel": 1056.005, "fit_residual_px": 1.1307, "heldout_residual_px": 2.9763}}, {"type": "Feature", "geometry": {"type": "Point", "coordinates": [31.21272255, -50.9030261]}, "properties": {"id": 56, "tmc_scan": 245852.873, "tmc_pixel": 1007.996, "fit_residual_px": 1.2118, "heldout_residual_px": 2.9014}}, {"type": "Feature", "geometry": {"type": "Point", "coordinates": [31.22515377, -50.90304377]}, "properties": {"id": 57, "tmc_scan": 245852.103, "tmc_pixel": 959.978, "fit_residual_px": 1.1333, "heldout_residual_px": 2.6835}}, {"type": "Feature", "geometry": {"type": "Point", "coordinates": [31.23745289, -50.90299975]}, "properties": {"id": 58, "tmc_scan": 245851.332, "tmc_pixel": 911.97, "fit_residual_px": 0.5505, "heldout_residual_px": 1.9517}}, {"type": "Feature", "geometry": {"type": "Point", "coordinates": [31.24979252, -50.90301033]}, "properties": {"id": 59, "tmc_scan": 245850.548, "tmc_pixel": 863.955, "fit_residual_px": 0.1479, "heldout_residual_px": 1.4216}}, {"type": "Feature", "geometry": {"type": "Point", "coordinates": [31.26237981, -50.90297635]}, "properties": {"id": 60, "tmc_scan": 245849.761, "tmc_pixel": 815.948, "fit_residual_px": 0.7624, "heldout_residual_px": 1.9114}}, {"type": "Feature", "geometry": {"type": "Point", "coordinates": [31.27470583, -50.90299559]}, "properties": {"id": 61, "tmc_scan": 245848.964, "tmc_pixel": 767.936, "fit_residual_px": 0.3769, "heldout_residual_px": 1.3966}}, {"type": "Feature", "geometry": {"type": "Point", "coordinates": [31.28724378, -50.90298019]}, "properties": {"id": 62, "tmc_scan": 245848.162, "tmc_pixel": 719.931, "fit_residual_px": 0.8268, "heldout_residual_px": 1.7465}}, {"type": "Feature", "geometry": {"type": "Point", "coordinates": [31.29955406, -50.90294225]}, "properties": {"id": 63, "tmc_scan": 245847.351, "tmc_pixel": 671.923, "fit_residual_px": 0.3824, "heldout_residual_px": 1.1966}}, {"type": "Feature", "geometry": {"type": "Point", "coordinates": [31.31177336, -50.90290397]}, "properties": {"id": 64, "tmc_scan": 245846.534, "tmc_pixel": 623.919, "fit_residual_px": 0.4159, "heldout_residual_px": 0.3201}}, {"type": "Feature", "geometry": {"type": "Point", "coordinates": [31.33669157, -50.90289363]}, "properties": {"id": 65, "tmc_scan": 245844.877, "tmc_pixel": 527.913, "fit_residual_px": 0.0637, "heldout_residual_px": 0.5959}}, {"type": "Feature", "geometry": {"type": "Point", "coordinates": [31.34894186, -50.90286768]}, "properties": {"id": 66, "tmc_scan": 245844.039, "tmc_pixel": 479.912, "fit_residual_px": 0.5237, "heldout_residual_px": 0.1002}}, {"type": "Feature", "geometry": {"type": "Point", "coordinates": [31.36145157, -50.90285739]}, "properties": {"id": 67, "tmc_scan": 245843.191, "tmc_pixel": 431.912, "fit_residual_px": 0.0396, "heldout_residual_px": 0.351}}, {"type": "Feature", "geometry": {"type": "Point", "coordinates": [31.37370299, -50.90283607]}, "properties": {"id": 68, "tmc_scan": 245842.339, "tmc_pixel": 383.916, "fit_residual_px": 0.5679, "heldout_residual_px": 0.2916}}, {"type": "Feature", "geometry": {"type": "Point", "coordinates": [31.38621598, -50.90284285]}, "properties": {"id": 69, "tmc_scan": 245841.476, "tmc_pixel": 335.918, "fit_residual_px": 0.1721, "heldout_residual_px": 0.3462}}, {"type": "Feature", "geometry": {"type": "Point", "coordinates": [31.18780327, -50.91055369]}, "properties": {"id": 71, "tmc_scan": 245809.494, "tmc_pixel": 1104.923, "fit_residual_px": 1.0843, "heldout_residual_px": 3.02}}, {"type": "Feature", "geometry": {"type": "Point", "coordinates": [31.20024677, -50.91052605]}, "properties": {"id": 72, "tmc_scan": 245808.739, "tmc_pixel": 1056.915, "fit_residual_px": 1.0186, "heldout_residual_px": 2.8001}}, {"type": "Feature", "geometry": {"type": "Point", "coordinates": [31.21265271, -50.91050618]}, "properties": {"id": 73, "tmc_scan": 245807.982, "tmc_pixel": 1008.91, "fit_residual_px": 0.8292, "heldout_residual_px": 2.4599}}, {"type": "Feature", "geometry": {"type": "Point", "coordinates": [31.22500726, -50.91049835]}, "properties": {"id": 74, "tmc_scan": 245807.213, "tmc_pixel": 960.903, "fit_residual_px": 0.4513, "heldout_residual_px": 1.9415}}, {"type": "Feature", "geometry": {"type": "Point", "coordinates": [31.23743609, -50.91047451]}, "properties": {"id": 75, "tmc_scan": 245806.441, "tmc_pixel": 912.9, "fit_residual_px": 0.4069, "heldout_residual_px": 1.7516}}, {"type": "Feature", "geometry": {"type": "Point", "coordinates": [31.24980424, -50.91046062]}, "properties": {"id": 76, "tmc_scan": 245805.658, "tmc_pixel": 864.896, "fit_residual_px": 0.1493, "heldout_residual_px": 1.3454}}, {"type": "Feature", "geometry": {"type": "Point", "coordinates": [31.26220342, -50.91045488]}, "properties": {"id": 77, "tmc_scan": 245804.871, "tmc_pixel": 816.895, "fit_residual_px": 0.0323, "heldout_residual_px": 1.0938}}, {"type": "Feature", "geometry": {"type": "Point", "coordinates": [31.27461545, -50.91047061]}, "properties": {"id": 78, "tmc_scan": 245804.075, "tmc_pixel": 768.893, "fit_residual_px": 0.1769, "heldout_residual_px": 0.9517}}, {"type": "Feature", "geometry": {"type": "Point", "coordinates": [31.28715029, -50.91041499]}, "properties": {"id": 79, "tmc_scan": 245803.274, "tmc_pixel": 720.892, "fit_residual_px": 0.4143, "heldout_residual_px": 1.2759}}, {"type": "Feature", "geometry": {"type": "Point", "coordinates": [31.29950819, -50.91041992]}, "properties": {"id": 80, "tmc_scan": 245802.464, "tmc_pixel": 672.892, "fit_residual_px": 0.1815, "heldout_residual_px": 0.9506}}, {"type": "Feature", "geometry": {"type": "Point", "coordinates": [31.31178409, -50.91036286]}, "properties": {"id": 81, "tmc_scan": 245801.648, "tmc_pixel": 624.894, "fit_residual_px": 0.4211, "heldout_residual_px": 0.338}}, {"type": "Feature", "geometry": {"type": "Point", "coordinates": [31.33663697, -50.91034103]}, "properties": {"id": 82, "tmc_scan": 245799.993, "tmc_pixel": 528.901, "fit_residual_px": 0.2025, "heldout_residual_px": 0.3446}}, {"type": "Feature", "geometry": {"type": "Point", "coordinates": [31.34897692, -50.91032548]}, "properties": {"id": 83, "tmc_scan": 245799.156, "tmc_pixel": 480.907, "fit_residual_px": 0.3781, "heldout_residual_px": 0.0609}}, {"type": "Feature", "geometry": {"type": "Point", "coordinates": [31.36124343, -50.91033874]}, "properties": {"id": 84, "tmc_scan": 245798.309, "tmc_pixel": 432.915, "fit_residual_px": 0.8449, "heldout_residual_px": 0.5364}}, {"type": "Feature", "geometry": {"type": "Point", "coordinates": [31.37363929, -50.91031563]}, "properties": {"id": 85, "tmc_scan": 245797.458, "tmc_pixel": 384.924, "fit_residual_px": 0.7814, "heldout_residual_px": 0.5357}}, {"type": "Feature", "geometry": {"type": "Point", "coordinates": [31.38611777, -50.91027158]}, "properties": {"id": 86, "tmc_scan": 245796.596, "tmc_pixel": 336.934, "fit_residual_px": 0.3771, "heldout_residual_px": 0.1582}}, {"type": "Feature", "geometry": {"type": "Point", "coordinates": [31.1878353, -50.91801817]}, "properties": {"id": 88, "tmc_scan": 245764.653, "tmc_pixel": 1105.728, "fit_residual_px": 1.0973, "heldout_residual_px": 2.9687}}, {"type": "Feature", "geometry": {"type": "Point", "coordinates": [31.20030946, -50.91797457]}, "properties": {"id": 89, "tmc_scan": 245763.899, "tmc_pixel": 1057.734, "fit_residual_px": 1.1808, "heldout_residual_px": 2.8898}}, {"type": "Feature", "geometry": {"type": "Point", "coordinates": [31.21263185, -50.91797059]}, "properties": {"id": 90, "tmc_scan": 245763.143, "tmc_pixel": 1009.727, "fit_residual_px": 0.6601, "heldout_residual_px": 2.2243}}, {"type": "Feature", "geometry": {"type": "Point", "coordinates": [31.22498777, -50.91795934]}, "properties": {"id": 91, "tmc_scan": 245762.375, "tmc_pixel": 961.734, "fit_residual_px": 0.3066, "heldout_residual_px": 1.7243}}, {"type": "Feature", "geometry": {"type": "Point", "coordinates": [31.23746554, -50.91793973]}, "properties": {"id": 92, "tmc_scan": 245761.605, "tmc_pixel": 913.73, "fit_residual_px": 0.4664, "heldout_residual_px": 1.747}}, {"type": "Feature", "geometry": {"type": "Point", "coordinates": [31.24968051, -50.91794449]}, "properties": {"id": 93, "tmc_scan": 245760.823, "tmc_pixel": 865.739, "fit_residual_px": 0.4381, "heldout_residual_px": 0.7352}}, {"type": "Feature", "geometry": {"type": "Point", "coordinates": [31.26214609, -50.9179104]}, "properties": {"id": 94, "tmc_scan": 245760.037, "tmc_pixel": 817.737, "fit_residual_px": 0.3185, "heldout_residual_px": 0.7667}}, {"type": "Feature", "geometry": {"type": "Point", "coordinates": [31.27445284, -50.91786931]}, "properties": {"id": 95, "tmc_scan": 245759.241, "tmc_pixel": 769.746, "fit_residual_px": 0.8149, "heldout_residual_px": 0.298}}, {"type": "Feature", "geometry": {"type": "Point", "coordinates": [31.28707287, -50.91789953]}, "properties": {"id": 96, "tmc_scan": 245758.44, "tmc_pixel": 721.749, "fit_residual_px": 0.0668, "heldout_residual_px": 0.8935}}, {"type": "Feature", "geometry": {"type": "Point", "coordinates": [31.29947861, -50.91791036]}, "properties": {"id": 97, "tmc_scan": 245757.63, "tmc_pixel": 673.759, "fit_residual_px": 0.1654, "heldout_residual_px": 0.8007}}, {"type": "Feature", "geometry": {"type": "Point", "coordinates": [31.32426125, -50.91781813]}, "properties": {"id": 98, "tmc_scan": 245755.991, "tmc_pixel": 577.777, "fit_residual_px": 0.2243, "heldout_residual_px": 0.5032}}, {"type": "Feature", "geometry": {"type": "Point", "coordinates": [31.3366994, -50.91782534]}, "properties": {"id": 99, "tmc_scan": 245755.16, "tmc_pixel": 529.789, "fit_residual_px": 0.1374, "heldout_residual_px": 0.576}}, {"type": "Feature", "geometry": {"type": "Point", "coordinates": [31.34889579, -50.91780172]}, "properties": {"id": 100, "tmc_scan": 245754.323, "tmc_pixel": 481.801, "fit_residual_px": 0.6625, "heldout_residual_px": 0.2818}}, {"type": "Feature", "geometry": {"type": "Point", "coordinates": [31.36121569, -50.91779242]}, "properties": {"id": 101, "tmc_scan": 245753.476, "tmc_pixel": 433.817, "fit_residual_px": 0.9133, "heldout_residual_px": 0.6129}}, {"type": "Feature", "geometry": {"type": "Point", "coordinates": [31.37372603, -50.91774608]}, "properties": {"id": 102, "tmc_scan": 245752.626, "tmc_pixel": 385.83, "fit_residual_px": 0.4342, "heldout_residual_px": 0.1849}}, {"type": "Feature", "geometry": {"type": "Point", "coordinates": [31.38604503, -50.91776399]}, "properties": {"id": 103, "tmc_scan": 245751.764, "tmc_pixel": 337.852, "fit_residual_px": 0.5932, "heldout_residual_px": 0.4341}}, {"type": "Feature", "geometry": {"type": "Point", "coordinates": [31.18790079, -50.92547015]}, "properties": {"id": 105, "tmc_scan": 245719.827, "tmc_pixel": 1106.508, "fit_residual_px": 1.2571, "heldout_residual_px": 3.0605}}, {"type": "Feature", "geometry": {"type": "Point", "coordinates": [31.20036242, -50.92543457]}, "properties": {"id": 106, "tmc_scan": 245719.072, "tmc_pixel": 1058.516, "fit_residual_px": 1.3096, "heldout_residual_px": 2.9497}}, {"type": "Feature", "geometry": {"type": "Point", "coordinates": [31.21264954, -50.92544162]}, "properties": {"id": 107, "tmc_scan": 245718.316, "tmc_pixel": 1010.523, "fit_residual_px": 0.6478, "heldout_residual_px": 2.1513}}, {"type": "Feature", "geometry": {"type": "Point", "coordinates": [31.22510468, -50.92541307]}, "properties": {"id": 108, "tmc_scan": 245717.548, "tmc_pixel": 962.532, "fit_residual_px": 0.7221, "heldout_residual_px": 2.0711}}, {"type": "Feature", "geometry": {"type": "Point", "coordinates": [31.23740066, -50.92541643]}, "properties": {"id": 109, "tmc_scan": 245716.777, "tmc_pixel": 914.542, "fit_residual_px": 0.1602, "heldout_residual_px": 1.3661}}, {"type": "Feature", "geometry": {"type": "Point", "coordinates": [31.24970655, -50.92540469]}, "properties": {"id": 110, "tmc_scan": 245715.995, "tmc_pixel": 866.552, "fit_residual_px": 0.3954, "heldout_residual_px": 0.7348}}, {"type": "Feature", "geometry": {"type": "Point", "coordinates": [31.2622472, -50.92540408]}, "properties": {"id": 111, "tmc_scan": 245715.209, "tmc_pixel": 818.566, "fit_residual_px": 0.0807, "heldout_residual_px": 1.0829}}, {"type": "Feature", "geometry": {"type": "Point", "coordinates": [31.27440018, -50.92535328]}, "properties": {"id": 112, "tmc_scan": 245714.413, "tmc_pixel": 770.576, "fit_residual_px": 1.0245, "heldout_residual_px": 0.1976}}, {"type": "Feature", "geometry": {"type": "Point", "coordinates": [31.28689325, -50.92531285]}, "properties": {"id": 113, "tmc_scan": 245713.611, "tmc_pixel": 722.593, "fit_residual_px": 0.7837, "heldout_residual_px": 0.3366}}, {"type": "Feature", "geometry": {"type": "Point", "coordinates": [31.29923953, -50.92526955]}, "properties": {"id": 114, "tmc_scan": 245712.802, "tmc_pixel": 674.605, "fit_residual_px": 1.0902, "heldout_residual_px": 0.554}}, {"type": "Feature", "geometry": {"type": "Point", "coordinates": [31.32426023, -50.92527815]}, "properties": {"id": 115, "tmc_scan": 245711.162, "tmc_pixel": 578.64, "fit_residual_px": 0.2982, "heldout_residual_px": 0.5051}}, {"type": "Feature", "geometry": {"type": "Point", "coordinates": [31.33669332, -50.92529193]}, "properties": {"id": 116, "tmc_scan": 245710.33, "tmc_pixel": 530.662, "fit_residual_px": 0.1559, "heldout_residual_px": 0.5406}}, {"type": "Feature", "geometry": {"type": "Point", "coordinates": [31.3490084, -50.92527323]}, "properties": {"id": 117, "tmc_scan": 245709.492, "tmc_pixel": 482.681, "fit_residual_px": 0.1921, "heldout_residual_px": 0.1772}}, {"type": "Feature", "geometry": {"type": "Point", "coordinates": [31.36134682, -50.9252359]}, "properties": {"id": 118, "tmc_scan": 245708.644, "tmc_pixel": 434.706, "fit_residual_px": 0.4018, "heldout_residual_px": 0.147}}, {"type": "Feature", "geometry": {"type": "Point", "coordinates": [31.37371284, -50.9252265]}, "properties": {"id": 119, "tmc_scan": 245707.792, "tmc_pixel": 386.729, "fit_residual_px": 0.4055, "heldout_residual_px": 0.1777}}, {"type": "Feature", "geometry": {"type": "Point", "coordinates": [31.38617893, -50.92525226]}, "properties": {"id": 120, "tmc_scan": 245706.93, "tmc_pixel": 338.757, "fit_residual_px": 0.1306, "heldout_residual_px": 0.2825}}, {"type": "Feature", "geometry": {"type": "Point", "coordinates": [31.17552723, -50.9329625]}, "properties": {"id": 121, "tmc_scan": 245675.591, "tmc_pixel": 1155.364, "fit_residual_px": 1.4872, "heldout_residual_px": 3.3837}}, {"type": "Feature", "geometry": {"type": "Point", "coordinates": [31.18789712, -50.9329466]}, "properties": {"id": 122, "tmc_scan": 245674.846, "tmc_pixel": 1107.383, "fit_residual_px": 1.1394, "heldout_residual_px": 2.881}}, {"type": "Feature", "geometry": {"type": "Point", "coordinates": [31.20035574, -50.93291119]}, "properties": {"id": 123, "tmc_scan": 245674.087, "tmc_pixel": 1059.399, "fit_residual_px": 1.189, "heldout_residual_px": 2.7703}}, {"type": "Feature", "geometry": {"type": "Point", "coordinates": [31.21266397, -50.932905]}, "properties": {"id": 124, "tmc_scan": 245673.326, "tmc_pixel": 1011.418, "fit_residual_px": 0.6398, "heldout_residual_px": 2.0744}}, {"type": "Feature", "geometry": {"type": "Point", "coordinates": [31.22505665, -50.93290208]}, "properties": {"id": 125, "tmc_scan": 245672.554, "tmc_pixel": 963.438, "fit_residual_px": 0.44, "heldout_residual_px": 1.7475}}, {"type": "Feature", "geometry": {"type": "Point", "coordinates": [31.23728921, -50.93290604]}, "properties": {"id": 126, "tmc_scan": 245671.779, "tmc_pixel": 915.458, "fit_residual_px": 0.387, "heldout_residual_px": 0.8065}}, {"type": "Feature", "geometry": {"type": "Point", "coordinates": [31.24976816, -50.93289088]}, "properties": {"id": 127, "tmc_scan": 245670.993, "tmc_pixel": 867.48, "fit_residual_px": 0.1822, "heldout_residual_px": 0.888}}, {"type": "Feature", "geometry": {"type": "Point", "coordinates": [31.26218972, -50.93286748]}, "properties": {"id": 128, "tmc_scan": 245670.202, "tmc_pixel": 819.502, "fit_residual_px": 0.1951, "heldout_residual_px": 0.7647}}, {"type": "Feature", "geometry": {"type": "Point", "coordinates": [31.27471028, -50.93288554]}, "properties": {"id": 129, "tmc_scan": 245669.402, "tmc_pixel": 771.528, "fit_residual_px": 0.2794, "heldout_residual_px": 1.095}}, {"type": "Feature", "geometry": {"type": "Point", "coordinates": [31.28706752, -50.93284617]}, "properties": {"id": 130, "tmc_scan": 245668.595, "tmc_pixel": 723.551, "fit_residual_px": 0.0122, "heldout_residual_px": 0.752}}, {"type": "Feature", "geometry": {"type": "Point", "coordinates": [31.29912857, -50.9327707]}, "properties": {"id": 131, "tmc_scan": 245667.782, "tmc_pixel": 675.581, "fit_residual_px": 1.4337, "heldout_residual_px": 0.8052}}, {"type": "Feature", "geometry": {"type": "Point", "coordinates": [31.31200615, -50.93285195]}, "properties": {"id": 132, "tmc_scan": 245666.961, "tmc_pixel": 627.605, "fit_residual_px": 0.6009, "heldout_residual_px": 1.1403}}, {"type": "Feature", "geometry": {"type": "Point", "coordinates": [31.32438223, -50.93278343]}, "properties": {"id": 133, "tmc_scan": 245666.134, "tmc_pixel": 579.639, "fit_residual_px": 0.4776, "heldout_residual_px": 0.9324}}, {"type": "Feature", "geometry": {"type": "Point", "coordinates": [31.33664877, -50.93275534]}, "properties": {"id": 134, "tmc_scan": 245665.297, "tmc_pixel": 531.665, "fit_residual_px": 0.1512, "heldout_residual_px": 0.3638}}, {"type": "Feature", "geometry": {"type": "Point", "coordinates": [31.34887916, -50.93274855]}, "properties": {"id": 135, "tmc_scan": 245664.456, "tmc_pixel": 483.702, "fit_residual_px": 0.6495, "heldout_residual_px": 0.3359}}, {"type": "Feature", "geometry": {"type": "Point", "coordinates": [31.36134253, -50.93272652]}, "properties": {"id": 136, "tmc_scan": 245663.605, "tmc_pixel": 435.731, "fit_residual_px": 0.3162, "heldout_residual_px": 0.0596}}, {"type": "Feature", "geometry": {"type": "Point", "coordinates": [31.37377346, -50.93274971]}, "properties": {"id": 137, "tmc_scan": 245662.75, "tmc_pixel": 387.772, "fit_residual_px": 0.1812, "heldout_residual_px": 0.2857}}, {"type": "Feature", "geometry": {"type": "Point", "coordinates": [31.38610426, -50.93270811]}, "properties": {"id": 138, "tmc_scan": 245661.884, "tmc_pixel": 339.804, "fit_residual_px": 0.2109, "heldout_residual_px": 0.1474}}, {"type": "Feature", "geometry": {"type": "Point", "coordinates": [31.200234, -50.94044401]}, "properties": {"id": 141, "tmc_scan": 245628.985, "tmc_pixel": 1060.363, "fit_residual_px": 0.6189, "heldout_residual_px": 2.1416}}, {"type": "Feature", "geometry": {"type": "Point", "coordinates": [31.21269563, -50.94041776]}, "properties": {"id": 142, "tmc_scan": 245628.225, "tmc_pixel": 1012.395, "fit_residual_px": 0.6771, "heldout_residual_px": 2.0735}}, {"type": "Feature", "geometry": {"type": "Point", "coordinates": [31.2249272, -50.94041559]}, "properties": {"id": 143, "tmc_scan": 245627.454, "tmc_pixel": 964.418, "fit_residual_px": 0.2256, "heldout_residual_px": 1.1269}}, {"type": "Feature", "geometry": {"type": "Point", "coordinates": [31.23734998, -50.94040273]}, "properties": {"id": 144, "tmc_scan": 245626.679, "tmc_pixel": 916.451, "fit_residual_px": 0.2539, "heldout_residual_px": 0.9715}}, {"type": "Feature", "geometry": {"type": "Point", "coordinates": [31.24972939, -50.94038765]}, "properties": {"id": 145, "tmc_scan": 245625.894, "tmc_pixel": 868.476, "fit_residual_px": 0.4114, "heldout_residual_px": 0.6748}}, {"type": "Feature", "geometry": {"type": "Point", "coordinates": [31.2621544, -50.94036073]}, "properties": {"id": 146, "tmc_scan": 245625.103, "tmc_pixel": 820.512, "fit_residual_px": 0.3679, "heldout_residual_px": 0.5628}}, {"type": "Feature", "geometry": {"type": "Point", "coordinates": [31.27456082, -50.94034921]}, "properties": {"id": 147, "tmc_scan": 245624.304, "tmc_pixel": 772.54, "fit_residual_px": 0.4048, "heldout_residual_px": 0.4373}}, {"type": "Feature", "geometry": {"type": "Point", "coordinates": [31.2870496, -50.94036122]}, "properties": {"id": 148, "tmc_scan": 245623.499, "tmc_pixel": 724.577, "fit_residual_px": 0.2891, "heldout_residual_px": 0.7152}}, {"type": "Feature", "geometry": {"type": "Point", "coordinates": [31.31210472, -50.94033748]}, "properties": {"id": 149, "tmc_scan": 245621.866, "tmc_pixel": 628.648, "fit_residual_px": 1.0175, "heldout_residual_px": 1.5247}}, {"type": "Feature", "geometry": {"type": "Point", "coordinates": [31.32442607, -50.94031736]}, "properties": {"id": 150, "tmc_scan": 245621.039, "tmc_pixel": 580.683, "fit_residual_px": 0.7451, "heldout_residual_px": 1.1674}}, {"type": "Feature", "geometry": {"type": "Point", "coordinates": [31.33660248, -50.94024474]}, "properties": {"id": 151, "tmc_scan": 245620.204, "tmc_pixel": 532.724, "fit_residual_px": 0.1791, "heldout_residual_px": 0.1782}}, {"type": "Feature", "geometry": {"type": "Point", "coordinates": [31.34887925, -50.94028073]}, "properties": {"id": 152, "tmc_scan": 245619.363, "tmc_pixel": 484.763, "fit_residual_px": 0.6724, "heldout_residual_px": 0.5041}}, {"type": "Feature", "geometry": {"type": "Point", "coordinates": [31.36128215, -50.94024243]}, "properties": {"id": 153, "tmc_scan": 245618.513, "tmc_pixel": 436.807, "fit_residual_px": 0.5182, "heldout_residual_px": 0.3808}}, {"type": "Feature", "geometry": {"type": "Point", "coordinates": [31.37360447, -50.94023579]}, "properties": {"id": 154, "tmc_scan": 245617.658, "tmc_pixel": 388.849, "fit_residual_px": 0.7254, "heldout_residual_px": 0.6282}}, {"type": "Feature", "geometry": {"type": "Point", "coordinates": [31.17555957, -50.94796716]}, "properties": {"id": 155, "tmc_scan": 245585.486, "tmc_pixel": 1157.216, "fit_residual_px": 1.4537, "heldout_residual_px": 3.2046}}, {"type": "Feature", "geometry": {"type": "Point", "coordinates": [31.18798803, -50.94795829]}, "properties": {"id": 156, "tmc_scan": 245584.747, "tmc_pixel": 1109.243, "fit_residual_px": 1.3711, "heldout_residual_px": 2.9702}}, {"type": "Feature", "geometry": {"type": "Point", "coordinates": [31.20033591, -50.94795034]}, "properties": {"id": 157, "tmc_scan": 245583.995, "tmc_pixel": 1061.277, "fit_residual_px": 1.0083, "heldout_residual_px": 2.4456}}, {"type": "Feature", "geometry": {"type": "Point", "coordinates": [31.21273537, -50.94794366]}, "properties": {"id": 158, "tmc_scan": 245583.24, "tmc_pixel": 1013.306, "fit_residual_px": 0.8801, "heldout_residual_px": 2.1612}}, {"type": "Feature", "geometry": {"type": "Point", "coordinates": [31.22497668, -50.94790232]}, "properties": {"id": 159, "tmc_scan": 245582.475, "tmc_pixel": 965.343, "fit_residual_px": 0.2557, "heldout_residual_px": 1.2351}}, {"type": "Feature", "geometry": {"type": "Point", "coordinates": [31.23735403, -50.94788403]}, "properties": {"id": 160, "tmc_scan": 245581.705, "tmc_pixel": 917.373, "fit_residual_px": 0.316, "heldout_residual_px": 0.9096}}, {"type": "Feature", "geometry": {"type": "Point", "coordinates": [31.24972872, -50.94786881]}, "properties": {"id": 161, "tmc_scan": 245580.926, "tmc_pixel": 869.412, "fit_residual_px": 0.4701, "heldout_residual_px": 0.6173}}, {"type": "Feature", "geometry": {"type": "Point", "coordinates": [31.26221402, -50.94784255]}, "properties": {"id": 162, "tmc_scan": 245580.141, "tmc_pixel": 821.445, "fit_residual_px": 0.2018, "heldout_residual_px": 0.7442}}, {"type": "Feature", "geometry": {"type": "Point", "coordinates": [31.27448544, -50.9478311]}, "properties": {"id": 163, "tmc_scan": 245579.348, "tmc_pixel": 773.486, "fit_residual_px": 0.7278, "heldout_residual_px": 0.2321}}, {"type": "Feature", "geometry": {"type": "Point", "coordinates": [31.28691477, -50.94780796]}, "properties": {"id": 164, "tmc_scan": 245578.548, "tmc_pixel": 725.521, "fit_residual_px": 0.6258, "heldout_residual_px": 0.186}}, {"type": "Feature", "geometry": {"type": "Point", "coordinates": [31.29949484, -50.94781452]}, "properties": {"id": 165, "tmc_scan": 245577.741, "tmc_pixel": 677.564, "fit_residual_px": 0.2877, "heldout_residual_px": 0.7478}}, {"type": "Feature", "geometry": {"type": "Point", "coordinates": [31.31204517, -50.94781312]}, "properties": {"id": 166, "tmc_scan": 245576.927, "tmc_pixel": 629.602, "fit_residual_px": 0.8241, "heldout_residual_px": 1.2864}}, {"type": "Feature", "geometry": {"type": "Point", "coordinates": [31.32444654, -50.94780279]}, "properties": {"id": 167, "tmc_scan": 245576.106, "tmc_pixel": 581.647, "fit_residual_px": 0.8869, "heldout_residual_px": 1.2727}}, {"type": "Feature", "geometry": {"type": "Point", "coordinates": [31.33653293, -50.94771991]}, "properties": {"id": 168, "tmc_scan": 245575.276, "tmc_pixel": 533.689, "fit_residual_px": 0.4138, "heldout_residual_px": 0.1141}}, {"type": "Feature", "geometry": {"type": "Point", "coordinates": [31.34890331, -50.9477329]}, "properties": {"id": 169, "tmc_scan": 245574.442, "tmc_pixel": 485.735, "fit_residual_px": 0.4819, "heldout_residual_px": 0.3284}}, {"type": "Feature", "geometry": {"type": "Point", "coordinates": [31.36124363, -50.94771658]}, "properties": {"id": 170, "tmc_scan": 245573.597, "tmc_pixel": 437.782, "fit_residual_px": 0.6088, "heldout_residual_px": 0.4801}}, {"type": "Feature", "geometry": {"type": "Point", "coordinates": [31.37361277, -50.94771626]}, "properties": {"id": 171, "tmc_scan": 245572.749, "tmc_pixel": 389.829, "fit_residual_px": 0.6501, "heldout_residual_px": 0.5953}}, {"type": "Feature", "geometry": {"type": "Point", "coordinates": [31.18797748, -50.955416]}, "properties": {"id": 173, "tmc_scan": 245539.956, "tmc_pixel": 1110.03, "fit_residual_px": 1.2264, "heldout_residual_px": 2.7737}}, {"type": "Feature", "geometry": {"type": "Point", "coordinates": [31.20047381, -50.95543542]}, "properties": {"id": 174, "tmc_scan": 245539.204, "tmc_pixel": 1062.073, "fit_residual_px": 1.492, "heldout_residual_px": 2.8811}}, {"type": "Feature", "geometry": {"type": "Point", "coordinates": [31.21260305, -50.95538237]}, "properties": {"id": 175, "tmc_scan": 245538.449, "tmc_pixel": 1014.11, "fit_residual_px": 0.279, "heldout_residual_px": 1.4793}}, {"type": "Feature", "geometry": {"type": "Point", "coordinates": [31.22499091, -50.95535374]}, "properties": {"id": 176, "tmc_scan": 245537.684, "tmc_pixel": 966.153, "fit_residual_px": 0.1238, "heldout_residual_px": 1.1638}}, {"type": "Feature", "geometry": {"type": "Point", "coordinates": [31.23740561, -50.9553322]}, "properties": {"id": 177, "tmc_scan": 245536.914, "tmc_pixel": 918.194, "fit_residual_px": 0.0898, "heldout_residual_px": 0.9924}}, {"type": "Feature", "geometry": {"type": "Point", "coordinates": [31.24969122, -50.95533148]}, "properties": {"id": 178, "tmc_scan": 245536.134, "tmc_pixel": 870.237, "fit_residual_px": 0.6168, "heldout_residual_px": 0.389}}, {"type": "Feature", "geometry": {"type": "Point", "coordinates": [31.2622954, -50.95532592]}, "properties": {"id": 179, "tmc_scan": 245535.349, "tmc_pixel": 822.282, "fit_residual_px": 0.2775, "heldout_residual_px": 1.02}}, {"type": "Feature", "geometry": {"type": "Point", "coordinates": [31.27454162, -50.95528317]}, "properties": {"id": 180, "tmc_scan": 245534.556, "tmc_pixel": 774.325, "fit_residual_px": 0.4887, "heldout_residual_px": 0.2425}}, {"type": "Feature", "geometry": {"type": "Point", "coordinates": [31.28693502, -50.95527597]}, "properties": {"id": 181, "tmc_scan": 245533.756, "tmc_pixel": 726.375, "fit_residual_px": 0.5359, "heldout_residual_px": 0.177}}, {"type": "Feature", "geometry": {"type": "Point", "coordinates": [31.29955332, -50.95527677]}, "properties": {"id": 182, "tmc_scan": 245532.949, "tmc_pixel": 678.419, "fit_residual_px": 0.4175, "heldout_residual_px": 0.9243}}, {"type": "Feature", "geometry": {"type": "Point", "coordinates": [31.31175945, -50.95527421]}, "properties": {"id": 183, "tmc_scan": 245532.134, "tmc_pixel": 630.472, "fit_residual_px": 0.487, "heldout_residual_px": 0.3633}}, {"type": "Feature", "geometry": {"type": "Point", "coordinates": [31.32432549, -50.95523956]}, "properties": {"id": 184, "tmc_scan": 245531.314, "tmc_pixel": 582.518, "fit_residual_px": 0.383, "heldout_residual_px": 0.7387}}, {"type": "Feature", "geometry": {"type": "Point", "coordinates": [31.33656124, -50.95518486]}, "properties": {"id": 185, "tmc_scan": 245530.483, "tmc_pixel": 534.574, "fit_residual_px": 0.2565, "heldout_residual_px": 0.0384}}, {"type": "Feature", "geometry": {"type": "Point", "coordinates": [31.3489195, -50.95519982]}, "properties": {"id": 186, "tmc_scan": 245529.649, "tmc_pixel": 486.622, "fit_residual_px": 0.3548, "heldout_residual_px": 0.2511}}, {"type": "Feature", "geometry": {"type": "Point", "coordinates": [31.36124242, -50.9551807]}, "properties": {"id": 187, "tmc_scan": 245528.804, "tmc_pixel": 438.682, "fit_residual_px": 0.5309, "heldout_residual_px": 0.4187}}, {"type": "Feature", "geometry": {"type": "Point", "coordinates": [31.37372458, -50.95514649]}, "properties": {"id": 188, "tmc_scan": 245527.956, "tmc_pixel": 390.732, "fit_residual_px": 0.0619, "heldout_residual_px": 0.1546}}, {"type": "Feature", "geometry": {"type": "Point", "coordinates": [31.17559924, -50.962886]}, "properties": {"id": 189, "tmc_scan": 245495.895, "tmc_pixel": 1158.774, "fit_residual_px": 1.4016, "heldout_residual_px": 3.0426}}, {"type": "Feature", "geometry": {"type": "Point", "coordinates": [31.20029472, -50.9628416]}, "properties": {"id": 191, "tmc_scan": 245494.401, "tmc_pixel": 1062.868, "fit_residual_px": 0.6249, "heldout_residual_px": 1.988}}, {"type": "Feature", "geometry": {"type": "Point", "coordinates": [31.21273643, -50.96280701]}, "properties": {"id": 192, "tmc_scan": 245493.645, "tmc_pixel": 1014.915, "fit_residual_px": 0.6576, "heldout_residual_px": 1.8844}}, {"type": "Feature", "geometry": {"type": "Point", "coordinates": [31.22496561, -50.96282157]}, "properties": {"id": 193, "tmc_scan": 245492.879, "tmc_pixel": 966.966, "fit_residual_px": 0.1821, "heldout_residual_px": 0.9636}}, {"type": "Feature", "geometry": {"type": "Point", "coordinates": [31.23745715, -50.96279498]}, "properties": {"id": 194, "tmc_scan": 245492.107, "tmc_pixel": 919.015, "fit_residual_px": 0.1245, "heldout_residual_px": 1.1122}}, {"type": "Feature", "geometry": {"type": "Point", "coordinates": [31.24986197, -50.96280642]}, "properties": {"id": 195, "tmc_scan": 245491.327, "tmc_pixel": 871.068, "fit_residual_px": 0.1943, "heldout_residual_px": 0.9743}}, {"type": "Feature", "geometry": {"type": "Point", "coordinates": [31.26225421, -50.96279321]}, "properties": {"id": 196, "tmc_scan": 245490.54, "tmc_pixel": 823.12, "fit_residual_px": 0.1899, "heldout_residual_px": 0.7983}}, {"type": "Feature", "geometry": {"type": "Point", "coordinates": [31.27468614, -50.96277677]}, "properties": {"id": 197, "tmc_scan": 245489.745, "tmc_pixel": 775.176, "fit_residual_px": 0.2062, "heldout_residual_px": 0.7995}}, {"type": "Feature", "geometry": {"type": "Point", "coordinates": [31.28701032, -50.96277208]}, "properties": {"id": 198, "tmc_scan": 245488.944, "tmc_pixel": 727.229, "fit_residual_px": 0.3294, "heldout_residual_px": 0.4752}}, {"type": "Feature", "geometry": {"type": "Point", "coordinates": [31.29954316, -50.96273271]}, "properties": {"id": 199, "tmc_scan": 245488.135, "tmc_pixel": 679.288, "fit_residual_px": 0.3603, "heldout_residual_px": 0.8444}}, {"type": "Feature", "geometry": {"type": "Point", "coordinates": [31.3117322, -50.96270737]}, "properties": {"id": 200, "tmc_scan": 245487.319, "tmc_pixel": 631.344, "fit_residual_px": 0.4674, "heldout_residual_px": 0.1279}}, {"type": "Feature", "geometry": {"type": "Point", "coordinates": [31.32407982, -50.96268633]}, "properties": {"id": 201, "tmc_scan": 245486.497, "tmc_pixel": 583.405, "fit_residual_px": 0.6121, "heldout_residual_px": 0.3001}}, {"type": "Feature", "geometry": {"type": "Point", "coordinates": [31.33654598, -50.96266913]}, "properties": {"id": 202, "tmc_scan": 245485.665, "tmc_pixel": 535.464, "fit_residual_px": 0.2576, "heldout_residual_px": 0.0941}}, {"type": "Feature", "geometry": {"type": "Point", "coordinates": [31.34895577, -50.96263981]}, "properties": {"id": 203, "tmc_scan": 245484.829, "tmc_pixel": 487.529, "fit_residual_px": 0.117, "heldout_residual_px": 0.0885}}, {"type": "Feature", "geometry": {"type": "Point", "coordinates": [31.36130224, -50.96264233]}, "properties": {"id": 204, "tmc_scan": 245483.982, "tmc_pixel": 439.59, "fit_residual_px": 0.2089, "heldout_residual_px": 0.1734}}, {"type": "Feature", "geometry": {"type": "Point", "coordinates": [31.37361025, -50.96263167]}, "properties": {"id": 205, "tmc_scan": 245483.133, "tmc_pixel": 391.658, "fit_residual_px": 0.43, "heldout_residual_px": 0.3925}}, {"type": "Feature", "geometry": {"type": "Point", "coordinates": [31.18787926, -50.97032143]}, "properties": {"id": 207, "tmc_scan": 245450.279, "tmc_pixel": 1111.661, "fit_residual_px": 0.65, "heldout_residual_px": 2.0934}}, {"type": "Feature", "geometry": {"type": "Point", "coordinates": [31.20030667, -50.97029107]}, "properties": {"id": 208, "tmc_scan": 245449.526, "tmc_pixel": 1063.712, "fit_residual_px": 0.6162, "heldout_residual_px": 1.9182}}, {"type": "Feature", "geometry": {"type": "Point", "coordinates": [31.212671, -50.97029973]}, "properties": {"id": 209, "tmc_scan": 245448.769, "tmc_pixel": 1015.773, "fit_residual_px": 0.3432, "heldout_residual_px": 1.5204}}, {"type": "Feature", "geometry": {"type": "Point", "coordinates": [31.22514174, -50.97029556]}, "properties": {"id": 210, "tmc_scan": 245448.003, "tmc_pixel": 967.828, "fit_residual_px": 0.5324, "heldout_residual_px": 1.5836}}, {"type": "Feature", "geometry": {"type": "Point", "coordinates": [31.23745198, -50.97024814]}, "properties": {"id": 211, "tmc_scan": 245447.231, "tmc_pixel": 919.889, "fit_residual_px": 0.1287, "heldout_residual_px": 1.0155}}, {"type": "Feature", "geometry": {"type": "Point", "coordinates": [31.24995423, -50.97026626]}, "properties": {"id": 212, "tmc_scan": 245446.451, "tmc_pixel": 871.947, "fit_residual_px": 0.4421, "heldout_residual_px": 1.2667}}, {"type": "Feature", "geometry": {"type": "Point", "coordinates": [31.26216713, -50.97025447]}, "properties": {"id": 213, "tmc_scan": 245445.664, "tmc_pixel": 824.01, "fit_residual_px": 0.3837, "heldout_residual_px": 0.3997}}, {"type": "Feature", "geometry": {"type": "Point", "coordinates": [31.27457072, -50.97022027]}, "properties": {"id": 214, "tmc_scan": 245444.87, "tmc_pixel": 776.071, "fit_residual_px": 0.3631, "heldout_residual_px": 0.2673}}, {"type": "Feature", "geometry": {"type": "Point", "coordinates": [31.28712599, -50.97021458]}, "properties": {"id": 215, "tmc_scan": 245444.069, "tmc_pixel": 728.135, "fit_residual_px": 0.2807, "heldout_residual_px": 0.8147}}, {"type": "Feature", "geometry": {"type": "Point", "coordinates": [31.29940624, -50.97021926]}, "properties": {"id": 216, "tmc_scan": 245443.261, "tmc_pixel": 680.2, "fit_residual_px": 0.2684, "heldout_residual_px": 0.3708}}, {"type": "Feature", "geometry": {"type": "Point", "coordinates": [31.31188127, -50.97019644]}, "properties": {"id": 217, "tmc_scan": 245442.444, "tmc_pixel": 632.266, "fit_residual_px": 0.238, "heldout_residual_px": 0.5868}}, {"type": "Feature", "geometry": {"type": "Point", "coordinates": [31.3241402, -50.97015735]}, "properties": {"id": 218, "tmc_scan": 245441.623, "tmc_pixel": 584.335, "fit_residual_px": 0.3178, "heldout_residual_px": 0.0863}}, {"type": "Feature", "geometry": {"type": "Point", "coordinates": [31.33647838, -50.97013805]}, "properties": {"id": 219, "tmc_scan": 245440.791, "tmc_pixel": 536.402, "fit_residual_px": 0.4685, "heldout_residual_px": 0.2541}}, {"type": "Feature", "geometry": {"type": "Point", "coordinates": [31.34887962, -50.97012394]}, "properties": {"id": 220, "tmc_scan": 245439.956, "tmc_pixel": 488.474, "fit_residual_px": 0.3437, "heldout_residual_px": 0.2059}}, {"type": "Feature", "geometry": {"type": "Point", "coordinates": [31.36131951, -50.97011091]}, "properties": {"id": 221, "tmc_scan": 245439.109, "tmc_pixel": 440.543, "fit_residual_px": 0.0776, "heldout_residual_px": 0.1606}}, {"type": "Feature", "geometry": {"type": "Point", "coordinates": [31.37364113, -50.97009672]}, "properties": {"id": 222, "tmc_scan": 245438.26, "tmc_pixel": 392.62, "fit_residual_px": 0.212, "heldout_residual_px": 0.2189}}, {"type": "Feature", "geometry": {"type": "Point", "coordinates": [31.17557634, -50.97785399]}, "properties": {"id": 223, "tmc_scan": 245406.143, "tmc_pixel": 1160.442, "fit_residual_px": 1.1892, "heldout_residual_px": 2.6907}}, {"type": "Feature", "geometry": {"type": "Point", "coordinates": [31.18808605, -50.97783858]}, "properties": {"id": 224, "tmc_scan": 245405.401, "tmc_pixel": 1112.506, "fit_residual_px": 1.4565, "heldout_residual_px": 2.8295}}, {"type": "Feature", "geometry": {"type": "Point", "coordinates": [31.20032972, -50.97776298]}, "properties": {"id": 225, "tmc_scan": 245404.649, "tmc_pixel": 1064.569, "fit_residual_px": 0.6549, "heldout_residual_px": 1.9027}}, {"type": "Feature", "geometry": {"type": "Point", "coordinates": [31.21261781, -50.97777593]}, "properties": {"id": 226, "tmc_scan": 245403.893, "tmc_pixel": 1016.635, "fit_residual_px": 0.1155, "heldout_residual_px": 1.2134}}, {"type": "Feature", "geometry": {"type": "Point", "coordinates": [31.225028, -50.97774118]}, "properties": {"id": 227, "tmc_scan": 245403.127, "tmc_pixel": 968.7, "fit_residual_px": 0.0623, "heldout_residual_px": 1.034}}, {"type": "Feature", "geometry": {"type": "Point", "coordinates": [31.23743983, -50.97772709]}, "properties": {"id": 228, "tmc_scan": 245402.355, "tmc_pixel": 920.768, "fit_residual_px": 0.0574, "heldout_residual_px": 0.8965}}, {"type": "Feature", "geometry": {"type": "Point", "coordinates": [31.24994849, -50.977739]}, "properties": {"id": 229, "tmc_scan": 245401.576, "tmc_pixel": 872.836, "fit_residual_px": 0.4119, "heldout_residual_px": 1.1898}}, {"type": "Feature", "geometry": {"type": "Point", "coordinates": [31.26207596, -50.97770399]}, "properties": {"id": 230, "tmc_scan": 245400.789, "tmc_pixel": 824.905, "fit_residual_px": 0.7312, "heldout_residual_px": 0.0591}}, {"type": "Feature", "geometry": {"type": "Point", "coordinates": [31.27459174, -50.9777225]}, "properties": {"id": 231, "tmc_scan": 245399.995, "tmc_pixel": 776.975, "fit_residual_px": 0.3314, "heldout_residual_px": 0.4046}}, {"type": "Feature", "geometry": {"type": "Point", "coordinates": [31.2870029, -50.97770969]}, "properties": {"id": 232, "tmc_scan": 245399.194, "tmc_pixel": 729.047, "fit_residual_px": 0.2956, "heldout_residual_px": 0.399}}, {"type": "Feature", "geometry": {"type": "Point", "coordinates": [31.29922072, -50.97762094]}, "properties": {"id": 233, "tmc_scan": 245398.387, "tmc_pixel": 681.12, "fit_residual_px": 0.93, "heldout_residual_px": 0.5218}}, {"type": "Feature", "geometry": {"type": "Point", "coordinates": [31.31200582, -50.97768806]}, "properties": {"id": 234, "tmc_scan": 245397.57, "tmc_pixel": 633.193, "fit_residual_px": 0.781, "heldout_residual_px": 1.1151}}, {"type": "Feature", "geometry": {"type": "Point", "coordinates": [31.3242025, -50.97761234]}, "properties": {"id": 235, "tmc_scan": 245396.749, "tmc_pixel": 585.269, "fit_residual_px": 0.0882, "heldout_residual_px": 0.2546}}, {"type": "Feature", "geometry": {"type": "Point", "coordinates": [31.33649964, -50.97761764]}, "properties": {"id": 236, "tmc_scan": 245395.918, "tmc_pixel": 537.345, "fit_residual_px": 0.3208, "heldout_residual_px": 0.172}}, {"type": "Feature", "geometry": {"type": "Point", "coordinates": [31.34881297, -50.97760266]}, "properties": {"id": 237, "tmc_scan": 245395.083, "tmc_pixel": 489.424, "fit_residual_px": 0.5391, "heldout_residual_px": 0.4218}}, {"type": "Feature", "geometry": {"type": "Point", "coordinates": [31.36116719, -50.97758447]}, "properties": {"id": 238, "tmc_scan": 245394.237, "tmc_pixel": 441.503, "fit_residual_px": 0.5692, "heldout_residual_px": 0.502}}, {"type": "Feature", "geometry": {"type": "Point", "coordinates": [31.37367331, -50.9775569]}, "properties": {"id": 239, "tmc_scan": 245393.388, "tmc_pixel": 393.585, "fit_residual_px": 0.0514, "heldout_residual_px": 0.1331}}, {"type": "Feature", "geometry": {"type": "Point", "coordinates": [31.1756205, -50.98530346]}, "properties": {"id": 240, "tmc_scan": 245361.278, "tmc_pixel": 1161.269, "fit_residual_px": 1.2629, "heldout_residual_px": 2.7236}}, {"type": "Feature", "geometry": {"type": "Point", "coordinates": [31.18780745, -50.98527662]}, "properties": {"id": 241, "tmc_scan": 245360.537, "tmc_pixel": 1113.343, "fit_residual_px": 0.258, "heldout_residual_px": 1.5713}}, {"type": "Feature", "geometry": {"type": "Point", "coordinates": [31.20028499, -50.9852507]}, "properties": {"id": 242, "tmc_scan": 245359.785, "tmc_pixel": 1065.413, "fit_residual_px": 0.4213, "heldout_residual_px": 1.6209}}, {"type": "Feature", "geometry": {"type": "Point", "coordinates": [31.21265094, -50.98522312]}, "properties": {"id": 243, "tmc_scan": 245359.029, "tmc_pixel": 1017.487, "fit_residual_px": 0.1931, "heldout_residual_px": 1.2531}}, {"type": "Feature", "geometry": {"type": "Point", "coordinates": [31.22500754, -50.98521519]}, "properties": {"id": 244, "tmc_scan": 245358.263, "tmc_pixel": 969.56, "fit_residual_px": 0.0893, "heldout_residual_px": 0.8764}}, {"type": "Feature", "geometry": {"type": "Point", "coordinates": [31.23731363, -50.98520331]}, "properties": {"id": 245, "tmc_scan": 245357.492, "tmc_pixel": 921.635, "fit_residual_px": 0.5201, "heldout_residual_px": 0.3253}}, {"type": "Feature", "geometry": {"type": "Point", "coordinates": [31.24993925, -50.98520046]}, "properties": {"id": 246, "tmc_scan": 245356.712, "tmc_pixel": 873.712, "fit_residual_px": 0.3585, "heldout_residual_px": 1.0977}}, {"type": "Feature", "geometry": {"type": "Point", "coordinates": [31.26212481, -50.98517208]}, "properties": {"id": 247, "tmc_scan": 245355.926, "tmc_pixel": 825.787, "fit_residual_px": 0.5278, "heldout_residual_px": 0.1127}}, {"type": "Feature", "geometry": {"type": "Point", "coordinates": [31.27454496, -50.98516057]}, "properties": {"id": 248, "tmc_scan": 245355.133, "tmc_pixel": 777.867, "fit_residual_px": 0.4371, "heldout_residual_px": 0.1131}}, {"type": "Feature", "geometry": {"type": "Point", "coordinates": [31.28699487, -50.9851797]}, "properties": {"id": 249, "tmc_scan": 245354.331, "tmc_pixel": 729.945, "fit_residual_px": 0.291, "heldout_residual_px": 0.3623}}, {"type": "Feature", "geometry": {"type": "Point", "coordinates": [31.29920485, -50.98510244]}, "properties": {"id": 250, "tmc_scan": 245353.524, "tmc_pixel": 682.028, "fit_residual_px": 0.9382, "heldout_residual_px": 0.5586}}, {"type": "Feature", "geometry": {"type": "Point", "coordinates": [31.31185522, -50.9851282]}, "properties": {"id": 251, "tmc_scan": 245352.707, "tmc_pixel": 634.107, "fit_residual_px": 0.1896, "heldout_residual_px": 0.4916}}, {"type": "Feature", "geometry": {"type": "Point", "coordinates": [31.3242235, -50.98508703]}, "properties": {"id": 252, "tmc_scan": 245351.886, "tmc_pixel": 586.194, "fit_residual_px": 0.1534, "heldout_residual_px": 0.371}}, {"type": "Feature", "geometry": {"type": "Point", "coordinates": [31.33653846, -50.98506946]}, "properties": {"id": 253, "tmc_scan": 245351.055, "tmc_pixel": 538.275, "fit_residual_px": 0.1075, "heldout_residual_px": 0.0853}}, {"type": "Feature", "geometry": {"type": "Point", "coordinates": [31.34890091, -50.98506484]}, "properties": {"id": 254, "tmc_scan": 245350.22, "tmc_pixel": 490.366, "fit_residual_px": 0.0955, "heldout_residual_px": 0.0902}}, {"type": "Feature", "geometry": {"type": "Point", "coordinates": [31.36124453, -50.98506784]}, "properties": {"id": 255, "tmc_scan": 245349.373, "tmc_pixel": 442.448, "fit_residual_px": 0.2226, "heldout_residual_px": 0.2479}}, {"type": "Feature", "geometry": {"type": "Point", "coordinates": [31.37364186, -50.98503906]}, "properties": {"id": 256, "tmc_scan": 245348.525, "tmc_pixel": 394.543, "fit_residual_px": 0.1, "heldout_residual_px": 0.1769}}, {"type": "Feature", "geometry": {"type": "Point", "coordinates": [31.17543664, -50.99275211]}, "properties": {"id": 257, "tmc_scan": 245316.416, "tmc_pixel": 1162.102, "fit_residual_px": 0.4427, "heldout_residual_px": 1.8504}}, {"type": "Feature", "geometry": {"type": "Point", "coordinates": [31.18784216, -50.9927261]}, "properties": {"id": 258, "tmc_scan": 245315.675, "tmc_pixel": 1114.184, "fit_residual_px": 0.3244, "heldout_residual_px": 1.5969}}, {"type": "Feature", "geometry": {"type": "Point", "coordinates": [31.20018669, -50.99271596]}, "properties": {"id": 259, "tmc_scan": 245314.923, "tmc_pixel": 1066.261, "fit_residual_px": 0.0279, "heldout_residual_px": 1.1279}}, {"type": "Feature", "geometry": {"type": "Point", "coordinates": [31.21269726, -50.99268492]}, "properties": {"id": 260, "tmc_scan": 245314.166, "tmc_pixel": 1018.345, "fit_residual_px": 0.3617, "heldout_residual_px": 1.3623}}, {"type": "Feature", "geometry": {"type": "Point", "coordinates": [31.22498765, -50.99268399]}, "properties": {"id": 261, "tmc_scan": 245313.401, "tmc_pixel": 970.424, "fit_residual_px": 0.189, "heldout_residual_px": 0.7285}}, {"type": "Feature", "geometry": {"type": "Point", "coordinates": [31.23735438, -50.99266682]}, "properties": {"id": 262, "tmc_scan": 245312.629, "tmc_pixel": 922.51, "fit_residual_px": 0.3718, "heldout_residual_px": 0.4369}}, {"type": "Feature", "geometry": {"type": "Point", "coordinates": [31.2497796, -50.9926615]}, "properties": {"id": 263, "tmc_scan": 245311.85, "tmc_pixel": 874.592, "fit_residual_px": 0.2884, "heldout_residual_px": 0.4082}}, {"type": "Feature", "geometry": {"type": "Point", "coordinates": [31.26217272, -50.99264881]}, "properties": {"id": 264, "tmc_scan": 245311.063, "tmc_pixel": 826.679, "fit_residual_px": 0.3192, "heldout_residual_px": 0.2814}}, {"type": "Feature", "geometry": {"type": "Point", "coordinates": [31.27464317, -50.99264661]}, "properties": {"id": 265, "tmc_scan": 245310.27, "tmc_pixel": 778.763, "fit_residual_px": 0.0784, "heldout_residual_px": 0.5069}}, {"type": "Feature", "geometry": {"type": "Point", "coordinates": [31.28698402, -50.99265298]}, "properties": {"id": 266, "tmc_scan": 245309.468, "tmc_pixel": 730.853, "fit_residual_px": 0.3056, "heldout_residual_px": 0.3407}}, {"type": "Feature", "geometry": {"type": "Point", "coordinates": [31.29936615, -50.99264948]}, "properties": {"id": 267, "tmc_scan": 245308.661, "tmc_pixel": 682.94, "fit_residual_px": 0.3735, "heldout_residual_px": 0.374}}, {"type": "Feature", "geometry": {"type": "Point", "coordinates": [31.31178133, -50.99258068]}, "properties": {"id": 268, "tmc_scan": 245307.844, "tmc_pixel": 635.031, "fit_residual_px": 0.0804, "heldout_residual_px": 0.1985}}, {"type": "Feature", "geometry": {"type": "Point", "coordinates": [31.32413367, -50.99257073]}, "properties": {"id": 269, "tmc_scan": 245307.023, "tmc_pixel": 587.122, "fit_residual_px": 0.1571, "heldout_residual_px": 0.0857}}, {"type": "Feature", "geometry": {"type": "Point", "coordinates": [31.33649287, -50.99253876]}, "properties": {"id": 270, "tmc_scan": 245306.191, "tmc_pixel": 539.216, "fit_residual_px": 0.2054, "heldout_residual_px": 0.049}}, {"type": "Feature", "geometry": {"type": "Point", "coordinates": [31.34889835, -50.99253105]}, "properties": {"id": 271, "tmc_scan": 245305.357, "tmc_pixel": 491.31, "fit_residual_px": 0.0175, "heldout_residual_px": 0.0934}}, {"type": "Feature", "geometry": {"type": "Point", "coordinates": [31.36136513, -50.99250613]}, "properties": {"id": 272, "tmc_scan": 245304.51, "tmc_pixel": 443.406, "fit_residual_px": 0.4372, "heldout_residual_px": 0.4761}}, {"type": "Feature", "geometry": {"type": "Point", "coordinates": [31.37366113, -50.99250275]}, "properties": {"id": 273, "tmc_scan": 245303.662, "tmc_pixel": 395.503, "fit_residual_px": 0.2188, "heldout_residual_px": 0.2454}}, {"type": "Feature", "geometry": {"type": "Point", "coordinates": [31.17552798, -51.00023625]}, "properties": {"id": 274, "tmc_scan": 245271.563, "tmc_pixel": 1162.934, "fit_residual_px": 0.7629, "heldout_residual_px": 2.11}}, {"type": "Feature", "geometry": {"type": "Point", "coordinates": [31.18775888, -51.00018131]}, "properties": {"id": 275, "tmc_scan": 245270.822, "tmc_pixel": 1115.021, "fit_residual_px": 0.1532, "heldout_residual_px": 1.1639}}, {"type": "Feature", "geometry": {"type": "Point", "coordinates": [31.20025079, -51.00018507]}, "properties": {"id": 276, "tmc_scan": 245270.07, "tmc_pixel": 1067.109, "fit_residual_px": 0.2081, "heldout_residual_px": 1.2994}}, {"type": "Feature", "geometry": {"type": "Point", "coordinates": [31.21271568, -51.00015761]}, "properties": {"id": 277, "tmc_scan": 245269.314, "tmc_pixel": 1019.197, "fit_residual_px": 0.4056, "heldout_residual_px": 1.3623}}, {"type": "Feature", "geometry": {"type": "Point", "coordinates": [31.22497983, -51.00015879]}, "properties": {"id": 278, "tmc_scan": 245268.549, "tmc_pixel": 971.289, "fit_residual_px": 0.2282, "heldout_residual_px": 0.6361}}, {"type": "Feature", "geometry": {"type": "Point", "coordinates": [31.23736728, -51.00013564]}, "properties": {"id": 279, "tmc_scan": 245267.778, "tmc_pixel": 923.377, "fit_residual_px": 0.3281, "heldout_residual_px": 0.4437}}, {"type": "Feature", "geometry": {"type": "Point", "coordinates": [31.24970062, -51.00014409]}, "properties": {"id": 280, "tmc_scan": 245266.999, "tmc_pixel": 875.472, "fit_residual_px": 0.6008, "heldout_residual_px": 0.1079}}, {"type": "Feature", "geometry": {"type": "Point", "coordinates": [31.26224397, -51.00013432]}, "properties": {"id": 281, "tmc_scan": 245266.212, "tmc_pixel": 827.562, "fit_residual_px": 0.0844, "heldout_residual_px": 0.5611}}, {"type": "Feature", "geometry": {"type": "Point", "coordinates": [31.27461869, -51.00012641]}, "properties": {"id": 282, "tmc_scan": 245265.42, "tmc_pixel": 779.66, "fit_residual_px": 0.1557, "heldout_residual_px": 0.4242}}, {"type": "Feature", "geometry": {"type": "Point", "coordinates": [31.28702221, -51.00010944]}, "properties": {"id": 283, "tmc_scan": 245264.618, "tmc_pixel": 731.751, "fit_residual_px": 0.1248, "heldout_residual_px": 0.4077}}, {"type": "Feature", "geometry": {"type": "Point", "coordinates": [31.29944661, -51.00005258]}, "properties": {"id": 284, "tmc_scan": 245263.812, "tmc_pixel": 683.853, "fit_residual_px": 0.2082, "heldout_residual_px": 0.4751}}, {"type": "Feature", "geometry": {"type": "Point", "coordinates": [31.31171613, -51.00005242]}, "properties": {"id": 285, "tmc_scan": 245262.995, "tmc_pixel": 635.946, "fit_residual_px": 0.2749, "heldout_residual_px": 0.04}}, {"type": "Feature", "geometry": {"type": "Point", "coordinates": [31.32416176, -51.00001992]}, "properties": {"id": 286, "tmc_scan": 245262.175, "tmc_pixel": 588.051, "fit_residual_px": 0.1325, "heldout_residual_px": 0.2201}}, {"type": "Feature", "geometry": {"type": "Point", "coordinates": [31.33649907, -51.00001536]}, "properties": {"id": 287, "tmc_scan": 245261.343, "tmc_pixel": 540.146, "fit_residual_px": 0.0905, "heldout_residual_px": 0.0423}}, {"type": "Feature", "geometry": {"type": "Point", "coordinates": [31.34894337, -50.9999995]}, "properties": {"id": 288, "tmc_scan": 245260.51, "tmc_pixel": 492.254, "fit_residual_px": 0.2672, "heldout_residual_px": 0.3341}}, {"type": "Feature", "geometry": {"type": "Point", "coordinates": [31.361214, -50.99998635]}, "properties": {"id": 289, "tmc_scan": 245259.663, "tmc_pixel": 444.352, "fit_residual_px": 0.0696, "heldout_residual_px": 0.087}}, {"type": "Feature", "geometry": {"type": "Point", "coordinates": [31.37352803, -50.99997919]}, "properties": {"id": 290, "tmc_scan": 245258.816, "tmc_pixel": 396.464, "fit_residual_px": 0.2224, "heldout_residual_px": 0.2717}}, {"type": "Feature", "geometry": {"type": "Point", "coordinates": [31.17536419, -51.00765184]}, "properties": {"id": 291, "tmc_scan": 245226.715, "tmc_pixel": 1163.764, "fit_residual_px": 0.2265, "heldout_residual_px": 1.3469}}, {"type": "Feature", "geometry": {"type": "Point", "coordinates": [31.18772329, -51.00764705]}, "properties": {"id": 292, "tmc_scan": 245225.974, "tmc_pixel": 1115.864, "fit_residual_px": 0.3029, "heldout_residual_px": 0.9324}}, {"type": "Feature", "geometry": {"type": "Point", "coordinates": [31.20027373, -51.00764741]}, "properties": {"id": 293, "tmc_scan": 245225.223, "tmc_pixel": 1067.956, "fit_residual_px": 0.2842, "heldout_residual_px": 1.3131}}, {"type": "Feature", "geometry": {"type": "Point", "coordinates": [31.21262026, -51.00764106]}, "properties": {"id": 294, "tmc_scan": 245224.467, "tmc_pixel": 1020.057, "fit_residual_px": 0.0561, "heldout_residual_px": 0.9065}}, {"type": "Feature", "geometry": {"type": "Point", "coordinates": [31.22502961, -51.00761172]}, "properties": {"id": 295, "tmc_scan": 245223.702, "tmc_pixel": 972.151, "fit_residual_px": 0.1578, "heldout_residual_px": 0.7925}}, {"type": "Feature", "geometry": {"type": "Point", "coordinates": [31.23734482, -51.00761263]}, "properties": {"id": 296, "tmc_scan": 245222.931, "tmc_pixel": 924.254, "fit_residual_px": 0.4057, "heldout_residual_px": 0.31}}, {"type": "Feature", "geometry": {"type": "Point", "coordinates": [31.24971445, -51.00760645]}, "properties": {"id": 297, "tmc_scan": 245222.152, "tmc_pixel": 876.35, "fit_residual_px": 0.5283, "heldout_residual_px": 0.0902}}, {"type": "Feature", "geometry": {"type": "Point", "coordinates": [31.26225655, -51.00760093]}, "properties": {"id": 298, "tmc_scan": 245221.366, "tmc_pixel": 828.455, "fit_residual_px": 0.0838, "heldout_residual_px": 0.5918}}, {"type": "Feature", "geometry": {"type": "Point", "coordinates": [31.27454137, -51.00757277]}, "properties": {"id": 299, "tmc_scan": 245220.573, "tmc_pixel": 780.555, "fit_residual_px": 0.3612, "heldout_residual_px": 0.0746}}, {"type": "Feature", "geometry": {"type": "Point", "coordinates": [31.28698792, -51.00757338]}, "properties": {"id": 300, "tmc_scan": 245219.772, "tmc_pixel": 732.661, "fit_residual_px": 0.1327, "heldout_residual_px": 0.2738}}, {"type": "Feature", "geometry": {"type": "Point", "coordinates": [31.29938224, -51.00751141]}, "properties": {"id": 301, "tmc_scan": 245218.966, "tmc_pixel": 684.764, "fit_residual_px": 0.2214, "heldout_residual_px": 0.288}}, {"type": "Feature", "geometry": {"type": "Point", "coordinates": [31.31172679, -51.00752386]}, "properties": {"id": 302, "tmc_scan": 245218.149, "tmc_pixel": 636.871, "fit_residual_px": 0.1632, "heldout_residual_px": 0.0554}}, {"type": "Feature", "geometry": {"type": "Point", "coordinates": [31.32412826, -51.00749384]}, "properties": {"id": 303, "tmc_scan": 245217.329, "tmc_pixel": 588.978, "fit_residual_px": 0.1134, "heldout_residual_px": 0.1385}}, {"type": "Feature", "geometry": {"type": "Point", "coordinates": [31.33646327, -51.00748836]}, "properties": {"id": 304, "tmc_scan": 245216.498, "tmc_pixel": 541.088, "fit_residual_px": 0.136, "heldout_residual_px": 0.0455}}, {"type": "Feature", "geometry": {"type": "Point", "coordinates": [31.34894903, -51.0074707]}, "properties": {"id": 305, "tmc_scan": 245215.665, "tmc_pixel": 493.198, "fit_residual_px": 0.3922, "heldout_residual_px": 0.4372}}, {"type": "Feature", "geometry": {"type": "Point", "coordinates": [31.36121697, -51.00746056]}, "properties": {"id": 306, "tmc_scan": 245214.818, "tmc_pixel": 445.31, "fit_residual_px": 0.0621, "heldout_residual_px": 0.1075}}, {"type": "Feature", "geometry": {"type": "Point", "coordinates": [31.37352649, -51.0074432]}, "properties": {"id": 307, "tmc_scan": 245213.971, "tmc_pixel": 397.424, "fit_residual_px": 0.0956, "heldout_residual_px": 0.1622}}, {"type": "Feature", "geometry": {"type": "Point", "coordinates": [31.17544351, -51.01514882]}, "properties": {"id": 308, "tmc_scan": 245181.813, "tmc_pixel": 1164.615, "fit_residual_px": 0.3174, "heldout_residual_px": 1.5542}}, {"type": "Feature", "geometry": {"type": "Point", "coordinates": [31.1877769, -51.0151374]}, "properties": {"id": 309, "tmc_scan": 245181.07, "tmc_pixel": 1116.717, "fit_residual_px": 0.0843, "heldout_residual_px": 1.0517}}, {"type": "Feature", "geometry": {"type": "Point", "coordinates": [31.20018848, -51.01512766]}, "properties": {"id": 310, "tmc_scan": 245180.317, "tmc_pixel": 1068.824, "fit_residual_px": 0.1071, "heldout_residual_px": 0.8937}}, {"type": "Feature", "geometry": {"type": "Point", "coordinates": [31.21270157, -51.01510123]}, "properties": {"id": 311, "tmc_scan": 245179.559, "tmc_pixel": 1020.927, "fit_residual_px": 0.3209, "heldout_residual_px": 1.1786}}, {"type": "Feature", "geometry": {"type": "Point", "coordinates": [31.22494031, -51.01509977]}, "properties": {"id": 312, "tmc_scan": 245178.792, "tmc_pixel": 973.036, "fit_residual_px": 0.3971, "heldout_residual_px": 0.3764}}, {"type": "Feature", "geometry": {"type": "Point", "coordinates": [31.23736819, -51.01507277]}, "properties": {"id": 313, "tmc_scan": 245178.019, "tmc_pixel": 925.14, "fit_residual_px": 0.3249, "heldout_residual_px": 0.3825}}, {"type": "Feature", "geometry": {"type": "Point", "coordinates": [31.24967332, -51.0150877]}, "properties": {"id": 314, "tmc_scan": 245177.238, "tmc_pixel": 877.253, "fit_residual_px": 0.6765, "heldout_residual_px": 0.1403}}, {"type": "Feature", "geometry": {"type": "Point", "coordinates": [31.2622398, -51.01507777]}, "properties": {"id": 315, "tmc_scan": 245176.449, "tmc_pixel": 829.359, "fit_residual_px": 0.0939, "heldout_residual_px": 0.5264}}, {"type": "Feature", "geometry": {"type": "Point", "coordinates": [31.274572, -51.01503484]}, "properties": {"id": 316, "tmc_scan": 245175.655, "tmc_pixel": 781.474, "fit_residual_px": 0.2126, "heldout_residual_px": 0.2091}}, {"type": "Feature", "geometry": {"type": "Point", "coordinates": [31.28705221, -51.01504276]}, "properties": {"id": 317, "tmc_scan": 245174.851, "tmc_pixel": 733.581, "fit_residual_px": 0.2153, "heldout_residual_px": 0.5365}}, {"type": "Feature", "geometry": {"type": "Point", "coordinates": [31.29952147, -51.01501247]}, "properties": {"id": 318, "tmc_scan": 245174.043, "tmc_pixel": 685.7, "fit_residual_px": 0.5829, "heldout_residual_px": 0.8312}}, {"type": "Feature", "geometry": {"type": "Point", "coordinates": [31.31162264, -51.01496503]}, "properties": {"id": 319, "tmc_scan": 245173.224, "tmc_pixel": 637.81, "fit_residual_px": 0.5523, "heldout_residual_px": 0.3658}}, {"type": "Feature", "geometry": {"type": "Point", "coordinates": [31.32413332, -51.01497667]}, "properties": {"id": 320, "tmc_scan": 245172.402, "tmc_pixel": 589.931, "fit_residual_px": 0.0911, "heldout_residual_px": 0.2084}}, {"type": "Feature", "geometry": {"type": "Point", "coordinates": [31.33638283, -51.01493531]}, "properties": {"id": 321, "tmc_scan": 245171.568, "tmc_pixel": 542.043, "fit_residual_px": 0.4054, "heldout_residual_px": 0.3175}}, {"type": "Feature", "geometry": {"type": "Point", "coordinates": [31.34887814, -51.01494035]}, "properties": {"id": 322, "tmc_scan": 245170.732, "tmc_pixel": 494.167, "fit_residual_px": 0.2166, "heldout_residual_px": 0.2381}}, {"type": "Feature", "geometry": {"type": "Point", "coordinates": [31.36121215, -51.01495572]}, "properties": {"id": 323, "tmc_scan": 245169.883, "tmc_pixel": 446.283, "fit_residual_px": 0.2396, "heldout_residual_px": 0.2809}}, {"type": "Feature", "geometry": {"type": "Point", "coordinates": [31.37363887, -51.01490322]}, "properties": {"id": 324, "tmc_scan": 245169.034, "tmc_pixel": 398.41, "fit_residual_px": 0.4984, "heldout_residual_px": 0.4473}}, {"type": "Feature", "geometry": {"type": "Point", "coordinates": [31.17560675, -51.02265239]}, "properties": {"id": 325, "tmc_scan": 245136.833, "tmc_pixel": 1165.478, "fit_residual_px": 0.9438, "heldout_residual_px": 2.1284}}, {"type": "Feature", "geometry": {"type": "Point", "coordinates": [31.18779333, -51.02263669]}, "properties": {"id": 326, "tmc_scan": 245136.089, "tmc_pixel": 1117.595, "fit_residual_px": 0.127, "heldout_residual_px": 1.0497}}, {"type": "Feature", "geometry": {"type": "Point", "coordinates": [31.20016916, -51.02261205]}, "properties": {"id": 327, "tmc_scan": 245135.337, "tmc_pixel": 1069.703, "fit_residual_px": 0.2014, "heldout_residual_px": 0.7534}}, {"type": "Feature", "geometry": {"type": "Point", "coordinates": [31.21253131, -51.02259996]}, "properties": {"id": 328, "tmc_scan": 245134.578, "tmc_pixel": 1021.821, "fit_residual_px": 0.4023, "heldout_residual_px": 0.4423}}, {"type": "Feature", "geometry": {"type": "Point", "coordinates": [31.22490572, -51.02257841]}, "properties": {"id": 329, "tmc_scan": 245133.812, "tmc_pixel": 973.932, "fit_residual_px": 0.5297, "heldout_residual_px": 0.1999}}, {"type": "Feature", "geometry": {"type": "Point", "coordinates": [31.23728979, -51.02256809]}, "properties": {"id": 330, "tmc_scan": 245133.038, "tmc_pixel": 926.051, "fit_residual_px": 0.5993, "heldout_residual_px": 0.0653}}, {"type": "Feature", "geometry": {"type": "Point", "coordinates": [31.24973747, -51.02255247]}, "properties": {"id": 331, "tmc_scan": 245132.258, "tmc_pixel": 878.165, "fit_residual_px": 0.3885, "heldout_residual_px": 0.154}}, {"type": "Feature", "geometry": {"type": "Point", "coordinates": [31.26205195, -51.02256291]}, "properties": {"id": 332, "tmc_scan": 245131.469, "tmc_pixel": 830.285, "fit_residual_px": 0.7163, "heldout_residual_px": 0.3304}}, {"type": "Feature", "geometry": {"type": "Point", "coordinates": [31.27452973, -51.02252989]}, "properties": {"id": 333, "tmc_scan": 245130.675, "tmc_pixel": 782.403, "fit_residual_px": 0.3228, "heldout_residual_px": 0.1166}}, {"type": "Feature", "geometry": {"type": "Point", "coordinates": [31.2869292, -51.02250965]}, "properties": {"id": 334, "tmc_scan": 245129.871, "tmc_pixel": 734.524, "fit_residual_px": 0.2356, "heldout_residual_px": 0.098}}, {"type": "Feature", "geometry": {"type": "Point", "coordinates": [31.29945477, -51.02250516]}, "properties": {"id": 335, "tmc_scan": 245129.063, "tmc_pixel": 686.646, "fit_residual_px": 0.4001, "heldout_residual_px": 0.6231}}, {"type": "Feature", "geometry": {"type": "Point", "coordinates": [31.31160647, -51.02243268]}, "properties": {"id": 336, "tmc_scan": 245128.244, "tmc_pixel": 638.768, "fit_residual_px": 0.5467, "heldout_residual_px": 0.3868}}, {"type": "Feature", "geometry": {"type": "Point", "coordinates": [31.32392697, -51.0224424]}, "properties": {"id": 337, "tmc_scan": 245127.423, "tmc_pixel": 590.894, "fit_residual_px": 0.6613, "heldout_residual_px": 0.5589}}, {"type": "Feature", "geometry": {"type": "Point", "coordinates": [31.33644843, -51.02244716]}, "properties": {"id": 338, "tmc_scan": 245126.589, "tmc_pixel": 543.018, "fit_residual_px": 0.0759, "heldout_residual_px": 0.1411}}, {"type": "Feature", "geometry": {"type": "Point", "coordinates": [31.3488023, -51.02243724]}, "properties": {"id": 339, "tmc_scan": 245125.753, "tmc_pixel": 495.147, "fit_residual_px": 0.1307, "heldout_residual_px": 0.1873}}, {"type": "Feature", "geometry": {"type": "Point", "coordinates": [31.36119317, -51.02243419]}, "properties": {"id": 340, "tmc_scan": 245124.904, "tmc_pixel": 447.273, "fit_residual_px": 0.3084, "heldout_residual_px": 0.3368}}, {"type": "Feature", "geometry": {"type": "Point", "coordinates": [31.373617, -51.02239355]}, "properties": {"id": 341, "tmc_scan": 245124.055, "tmc_pixel": 399.407, "fit_residual_px": 0.5535, "heldout_residual_px": 0.5042}}, {"type": "Feature", "geometry": {"type": "Point", "coordinates": [31.17555892, -51.03013851]}, "properties": {"id": 342, "tmc_scan": 245091.903, "tmc_pixel": 1166.339, "fit_residual_px": 0.746, "heldout_residual_px": 1.8614}}, {"type": "Feature", "geometry": {"type": "Point", "coordinates": [31.18772036, -51.03006428]}, "properties": {"id": 343, "tmc_scan": 245091.164, "tmc_pixel": 1118.456, "fit_residual_px": 0.3771, "heldout_residual_px": 0.7712}}, {"type": "Feature", "geometry": {"type": "Point", "coordinates": [31.20018217, -51.03009052]}, "properties": {"id": 344, "tmc_scan": 245090.415, "tmc_pixel": 1070.578, "fit_residual_px": 0.1808, "heldout_residual_px": 0.5346}}, {"type": "Feature", "geometry": {"type": "Point", "coordinates": [31.21251944, -51.0300782]}, "properties": {"id": 345, "tmc_scan": 245089.66, "tmc_pixel": 1022.696, "fit_residual_px": 0.4579, "heldout_residual_px": 0.8122}}, {"type": "Feature", "geometry": {"type": "Point", "coordinates": [31.22493818, -51.03005752]}, "properties": {"id": 346, "tmc_scan": 245088.898, "tmc_pixel": 974.82, "fit_residual_px": 0.3913, "heldout_residual_px": 0.7355}}, {"type": "Feature", "geometry": {"type": "Point", "coordinates": [31.23731191, -51.03004166]}, "properties": {"id": 347, "tmc_scan": 245088.129, "tmc_pixel": 926.941, "fit_residual_px": 0.4894, "heldout_residual_px": 0.8162}}, {"type": "Feature", "geometry": {"type": "Point", "coordinates": [31.24970313, -51.03003693]}, "properties": {"id": 348, "tmc_scan": 245087.353, "tmc_pixel": 879.066, "fit_residual_px": 0.5048, "heldout_residual_px": 0.8007}}, {"type": "Feature", "geometry": {"type": "Point", "coordinates": [31.26205957, -51.03003439]}, "properties": {"id": 349, "tmc_scan": 245086.569, "tmc_pixel": 831.189, "fit_residual_px": 0.6452, "heldout_residual_px": 0.9074}}, {"type": "Feature", "geometry": {"type": "Point", "coordinates": [31.27455062, -51.02998755]}, "properties": {"id": 350, "tmc_scan": 245085.78, "tmc_pixel": 783.317, "fit_residual_px": 0.1779, "heldout_residual_px": 0.4411}}, {"type": "Feature", "geometry": {"type": "Point", "coordinates": [31.28696802, -51.03001766]}, "properties": {"id": 351, "tmc_scan": 245084.981, "tmc_pixel": 735.441, "fit_residual_px": 0.2759, "heldout_residual_px": 0.3151}}, {"type": "Feature", "geometry": {"type": "Point", "coordinates": [31.29935452, -51.0299996]}, "properties": {"id": 352, "tmc_scan": 245084.178, "tmc_pixel": 687.572, "fit_residual_px": 0.2705, "heldout_residual_px": 0.2447}}, {"type": "Feature", "geometry": {"type": "Point", "coordinates": [31.3118244, -51.02997192]}, "properties": {"id": 353, "tmc_scan": 245083.364, "tmc_pixel": 639.699, "fit_residual_px": 0.5176, "heldout_residual_px": 0.3447}}, {"type": "Feature", "geometry": {"type": "Point", "coordinates": [31.32407414, -51.029934]}, "properties": {"id": 354, "tmc_scan": 245082.547, "tmc_pixel": 591.833, "fit_residual_px": 0.0728, "heldout_residual_px": 0.0899}}, {"type": "Feature", "geometry": {"type": "Point", "coordinates": [31.3364267, -51.02992002]}, "properties": {"id": 355, "tmc_scan": 245081.718, "tmc_pixel": 543.962, "fit_residual_px": 0.0933, "heldout_residual_px": 0.0658}}, {"type": "Feature", "geometry": {"type": "Point", "coordinates": [31.34868296, -51.02989258]}, "properties": {"id": 356, "tmc_scan": 245080.887, "tmc_pixel": 496.099, "fit_residual_px": 0.3414, "heldout_residual_px": 0.3881}}, {"type": "Feature", "geometry": {"type": "Point", "coordinates": [31.36108843, -51.02987397]}, "properties": {"id": 357, "tmc_scan": 245080.043, "tmc_pixel": 448.231, "fit_residual_px": 0.091, "heldout_residual_px": 0.0918}}, {"type": "Feature", "geometry": {"type": "Point", "coordinates": [31.37341439, -51.02986171]}, "properties": {"id": 358, "tmc_scan": 245079.199, "tmc_pixel": 400.371, "fit_residual_px": 0.1504, "heldout_residual_px": 0.0964}}, {"type": "Feature", "geometry": {"type": "Point", "coordinates": [31.1631195, -51.0376049]}, "properties": {"id": 359, "tmc_scan": 245047.921, "tmc_pixel": 1215.011, "fit_residual_px": 0.6293, "heldout_residual_px": 0.2132}}, {"type": "Feature", "geometry": {"type": "Point", "coordinates": [31.17545555, -51.03757355]}, "properties": {"id": 360, "tmc_scan": 245047.187, "tmc_pixel": 1167.133, "fit_residual_px": 0.2601, "heldout_residual_px": 0.1566}}, {"type": "Feature", "geometry": {"type": "Point", "coordinates": [31.18773255, -51.03752583]}, "properties": {"id": 361, "tmc_scan": 245046.448, "tmc_pixel": 1119.263, "fit_residual_px": 0.3792, "heldout_residual_px": 0.7616}}, {"type": "Feature", "geometry": {"type": "Point", "coordinates": [31.20027386, -51.03752858]}, "properties": {"id": 362, "tmc_scan": 245045.699, "tmc_pixel": 1071.388, "fit_residual_px": 0.2419, "heldout_residual_px": 0.259}}, {"type": "Feature", "geometry": {"type": "Point", "coordinates": [31.21253594, -51.03753786]}, "properties": {"id": 363, "tmc_scan": 245044.945, "tmc_pixel": 1023.518, "fit_residual_px": 0.3758, "heldout_residual_px": 0.7412}}, {"type": "Feature", "geometry": {"type": "Point", "coordinates": [31.22504388, -51.03750141]}, "properties": {"id": 364, "tmc_scan": 245044.183, "tmc_pixel": 975.647, "fit_residual_px": 0.1352, "heldout_residual_px": 0.3526}}, {"type": "Feature", "geometry": {"type": "Point", "coordinates": [31.23730282, -51.03750299]}, "properties": {"id": 365, "tmc_scan": 245043.414, "tmc_pixel": 927.778, "fit_residual_px": 0.4973, "heldout_residual_px": 0.8301}}, {"type": "Feature", "geometry": {"type": "Point", "coordinates": [31.24974875, -51.03747938]}, "properties": {"id": 366, "tmc_scan": 245042.639, "tmc_pixel": 879.91, "fit_residual_px": 0.2831, "heldout_residual_px": 0.5974}}, {"type": "Feature", "geometry": {"type": "Point", "coordinates": [31.26210143, -51.03747082]}, "properties": {"id": 367, "tmc_scan": 245041.855, "tmc_pixel": 832.042, "fit_residual_px": 0.402, "heldout_residual_px": 0.6906}}, {"type": "Feature", "geometry": {"type": "Point", "coordinates": [31.27428609, -51.03737488]}, "properties": {"id": 368, "tmc_scan": 245041.066, "tmc_pixel": 784.177, "fit_residual_px": 1.3099, "heldout_residual_px": 1.5712}}, {"type": "Feature", "geometry": {"type": "Point", "coordinates": [31.28671299, -51.03742491]}, "properties": {"id": 369, "tmc_scan": 245040.266, "tmc_pixel": 736.31, "fit_residual_px": 0.9782, "heldout_residual_px": 1.212}}, {"type": "Feature", "geometry": {"type": "Point", "coordinates": [31.29917914, -51.03739751]}, "properties": {"id": 370, "tmc_scan": 245039.464, "tmc_pixel": 688.449, "fit_residual_px": 0.6067, "heldout_residual_px": 0.8122}}, {"type": "Feature", "geometry": {"type": "Point", "coordinates": [31.31163205, -51.03736934]}, "properties": {"id": 371, "tmc_scan": 245038.649, "tmc_pixel": 640.584, "fit_residual_px": 0.344, "heldout_residual_px": 0.4987}}, {"type": "Feature", "geometry": {"type": "Point", "coordinates": [31.32402147, -51.03737149]}, "properties": {"id": 372, "tmc_scan": 245037.832, "tmc_pixel": 592.726, "fit_residual_px": 0.1674, "heldout_residual_px": 0.2883}}, {"type": "Feature", "geometry": {"type": "Point", "coordinates": [31.33643948, -51.03736924]}, "properties": {"id": 373, "tmc_scan": 245037.003, "tmc_pixel": 544.863, "fit_residual_px": 0.2054, "heldout_residual_px": 0.1537}}, {"type": "Feature", "geometry": {"type": "Point", "coordinates": [31.34877537, -51.03732984]}, "properties": {"id": 374, "tmc_scan": 245036.173, "tmc_pixel": 497.009, "fit_residual_px": 0.246, "heldout_residual_px": 0.2628}}, {"type": "Feature", "geometry": {"type": "Point", "coordinates": [31.36115865, -51.03735929]}, "properties": {"id": 375, "tmc_scan": 245035.329, "tmc_pixel": 449.147, "fit_residual_px": 0.358, "heldout_residual_px": 0.3404}}, {"type": "Feature", "geometry": {"type": "Point", "coordinates": [31.37353236, -51.03734189]}, "properties": {"id": 376, "tmc_scan": 245034.484, "tmc_pixel": 401.297, "fit_residual_px": 0.5137, "heldout_residual_px": 0.5443}}, {"type": "Feature", "geometry": {"type": "Point", "coordinates": [31.16310567, -51.04502403]}, "properties": {"id": 377, "tmc_scan": 245003.192, "tmc_pixel": 1215.806, "fit_residual_px": 0.5611, "heldout_residual_px": 0.2967}}, {"type": "Feature", "geometry": {"type": "Point", "coordinates": [31.17530483, -51.04499769]}, "properties": {"id": 378, "tmc_scan": 245002.455, "tmc_pixel": 1167.941, "fit_residual_px": 0.4713, "heldout_residual_px": 0.8557}}, {"type": "Feature", "geometry": {"type": "Point", "coordinates": [31.18783976, -51.04500884]}, "properties": {"id": 379, "tmc_scan": 245001.714, "tmc_pixel": 1120.076, "fit_residual_px": 0.1805, "heldout_residual_px": 0.3545}}, {"type": "Feature", "geometry": {"type": "Point", "coordinates": [31.2002569, -51.04499106]}, "properties": {"id": 380, "tmc_scan": 245000.963, "tmc_pixel": 1072.212, "fit_residual_px": 0.2252, "heldout_residual_px": 0.3457}}, {"type": "Feature", "geometry": {"type": "Point", "coordinates": [31.21262482, -51.04498036]}, "properties": {"id": 381, "tmc_scan": 245000.207, "tmc_pixel": 1024.35, "fit_residual_px": 0.1591, "heldout_residual_px": 0.4374}}, {"type": "Feature", "geometry": {"type": "Point", "coordinates": [31.2249733, -51.0449686]}, "properties": {"id": 382, "tmc_scan": 244999.443, "tmc_pixel": 976.488, "fit_residual_px": 0.2537, "heldout_residual_px": 0.5969}}, {"type": "Feature", "geometry": {"type": "Point", "coordinates": [31.23750135, -51.04499046]}, "properties": {"id": 383, "tmc_scan": 244998.671, "tmc_pixel": 928.627, "fit_residual_px": 0.3496, "heldout_residual_px": 0.0144}}, {"type": "Feature", "geometry": {"type": "Point", "coordinates": [31.24983053, -51.04493302]}, "properties": {"id": 384, "tmc_scan": 244997.893, "tmc_pixel": 880.768, "fit_residual_px": 0.2189, "heldout_residual_px": 0.3345}}, {"type": "Feature", "geometry": {"type": "Point", "coordinates": [31.26203718, -51.04495425]}, "properties": {"id": 385, "tmc_scan": 244997.106, "tmc_pixel": 832.909, "fit_residual_px": 0.6053, "heldout_residual_px": 0.8855}}, {"type": "Feature", "geometry": {"type": "Point", "coordinates": [31.27452631, -51.04490096]}, "properties": {"id": 386, "tmc_scan": 244996.315, "tmc_pixel": 785.052, "fit_residual_px": 0.2507, "heldout_residual_px": 0.4864}}, {"type": "Feature", "geometry": {"type": "Point", "coordinates": [31.2867145, -51.04489269]}, "properties": {"id": 387, "tmc_scan": 244995.513, "tmc_pixel": 737.195, "fit_residual_px": 0.8983, "heldout_residual_px": 1.1327}}, {"type": "Feature", "geometry": {"type": "Point", "coordinates": [31.29921629, -51.04484685]}, "properties": {"id": 388, "tmc_scan": 244994.708, "tmc_pixel": 689.341, "fit_residual_px": 0.477, "heldout_residual_px": 0.6664}}, {"type": "Feature", "geometry": {"type": "Point", "coordinates": [31.31158468, -51.0448315]}, "properties": {"id": 389, "tmc_scan": 244993.89, "tmc_pixel": 641.487, "fit_residual_px": 0.445, "heldout_residual_px": 0.6043}}, {"type": "Feature", "geometry": {"type": "Point", "coordinates": [31.32402446, -51.04482127]}, "properties": {"id": 390, "tmc_scan": 244993.067, "tmc_pixel": 593.636, "fit_residual_px": 0.2907, "heldout_residual_px": 0.3535}}, {"type": "Feature", "geometry": {"type": "Point", "coordinates": [31.33637836, -51.04480316]}, "properties": {"id": 391, "tmc_scan": 244992.232, "tmc_pixel": 545.785, "fit_residual_px": 0.2971, "heldout_residual_px": 0.3436}}, {"type": "Feature", "geometry": {"type": "Point", "coordinates": [31.34890518, -51.0448149]}, "properties": {"id": 392, "tmc_scan": 244991.396, "tmc_pixel": 497.937, "fit_residual_px": 0.8237, "heldout_residual_px": 0.7851}}, {"type": "Feature", "geometry": {"type": "Point", "coordinates": [31.36109985, -51.0447883]}, "properties": {"id": 393, "tmc_scan": 244990.545, "tmc_pixel": 450.089, "fit_residual_px": 0.2821, "heldout_residual_px": 0.3056}}, {"type": "Feature", "geometry": {"type": "Point", "coordinates": [31.37350071, -51.04476763]}, "properties": {"id": 394, "tmc_scan": 244989.694, "tmc_pixel": 402.243, "fit_residual_px": 0.5447, "heldout_residual_px": 0.5965}}, {"type": "Feature", "geometry": {"type": "Point", "coordinates": [31.16305502, -51.05251513]}, "properties": {"id": 395, "tmc_scan": 244958.183, "tmc_pixel": 1216.67, "fit_residual_px": 0.3022, "heldout_residual_px": 0.1847}}, {"type": "Feature", "geometry": {"type": "Point", "coordinates": [31.17531952, -51.05247498]}, "properties": {"id": 396, "tmc_scan": 244957.444, "tmc_pixel": 1168.812, "fit_residual_px": 0.4118, "heldout_residual_px": 0.7986}}, {"type": "Feature", "geometry": {"type": "Point", "coordinates": [31.18782176, -51.0524957]}, "properties": {"id": 397, "tmc_scan": 244956.699, "tmc_pixel": 1120.957, "fit_residual_px": 0.053, "heldout_residual_px": 0.3742}}, {"type": "Feature", "geometry": {"type": "Point", "coordinates": [31.20019459, -51.05248711]}, "properties": {"id": 398, "tmc_scan": 244955.946, "tmc_pixel": 1073.102, "fit_residual_px": 0.1035, "heldout_residual_px": 0.4894}}, {"type": "Feature", "geometry": {"type": "Point", "coordinates": [31.22498302, -51.05244357]}, "properties": {"id": 399, "tmc_scan": 244954.419, "tmc_pixel": 977.396, "fit_residual_px": 0.1842, "heldout_residual_px": 0.5238}}, {"type": "Feature", "geometry": {"type": "Point", "coordinates": [31.2372836, -51.05245059]}, "properties": {"id": 400, "tmc_scan": 244953.644, "tmc_pixel": 929.542, "fit_residual_px": 0.5012, "heldout_residual_px": 0.8297}}, {"type": "Feature", "geometry": {"type": "Point", "coordinates": [31.2497599, -51.05241161]}, "properties": {"id": 401, "tmc_scan": 244952.863, "tmc_pixel": 881.694, "fit_residual_px": 0.1936, "heldout_residual_px": 0.4868}}, {"type": "Feature", "geometry": {"type": "Point", "coordinates": [31.26205372, -51.05241583]}, "properties": {"id": 402, "tmc_scan": 244952.073, "tmc_pixel": 833.841, "fit_residual_px": 0.4756, "heldout_residual_px": 0.7613}}, {"type": "Feature", "geometry": {"type": "Point", "coordinates": [31.27444119, -51.05240449]}, "properties": {"id": 403, "tmc_scan": 244951.279, "tmc_pixel": 785.996, "fit_residual_px": 0.4188, "heldout_residual_px": 0.6756}}, {"type": "Feature", "geometry": {"type": "Point", "coordinates": [31.28688267, -51.05239014]}, "properties": {"id": 404, "tmc_scan": 244950.473, "tmc_pixel": 738.144, "fit_residual_px": 0.1226, "heldout_residual_px": 0.3501}}, {"type": "Feature", "geometry": {"type": "Point", "coordinates": [31.29919665, -51.05233154]}, "properties": {"id": 405, "tmc_scan": 244949.665, "tmc_pixel": 690.303, "fit_residual_px": 0.4052, "heldout_residual_px": 0.6023}}, {"type": "Feature", "geometry": {"type": "Point", "coordinates": [31.3115483, -51.05231613]}, "properties": {"id": 406, "tmc_scan": 244948.845, "tmc_pixel": 642.453, "fit_residual_px": 0.4157, "heldout_residual_px": 0.5846}}, {"type": "Feature", "geometry": {"type": "Point", "coordinates": [31.32398381, -51.0523065]}, "properties": {"id": 407, "tmc_scan": 244948.023, "tmc_pixel": 594.616, "fit_residual_px": 0.193, "heldout_residual_px": 0.2804}}, {"type": "Feature", "geometry": {"type": "Point", "coordinates": [31.33628695, -51.0523069]}, "properties": {"id": 408, "tmc_scan": 244947.187, "tmc_pixel": 546.767, "fit_residual_px": 0.1839, "heldout_residual_px": 0.2864}}, {"type": "Feature", "geometry": {"type": "Point", "coordinates": [31.34873233, -51.05228517]}, "properties": {"id": 409, "tmc_scan": 244946.351, "tmc_pixel": 498.933, "fit_residual_px": 0.2761, "heldout_residual_px": 0.2594}}, {"type": "Feature", "geometry": {"type": "Point", "coordinates": [31.36111242, -51.05226342]}, "properties": {"id": 410, "tmc_scan": 244945.501, "tmc_pixel": 451.088, "fit_residual_px": 0.4581, "heldout_residual_px": 0.4691}}, {"type": "Feature", "geometry": {"type": "Point", "coordinates": [31.37344411, -51.05226477]}, "properties": {"id": 411, "tmc_scan": 244944.65, "tmc_pixel": 403.257, "fit_residual_px": 0.4553, "heldout_residual_px": 0.4972}}, {"type": "Feature", "geometry": {"type": "Point", "coordinates": [31.16314755, -51.06003426]}, "properties": {"id": 412, "tmc_scan": 244913.135, "tmc_pixel": 1217.549, "fit_residual_px": 0.6919, "heldout_residual_px": 0.2907}}, {"type": "Feature", "geometry": {"type": "Point", "coordinates": [31.17538245, -51.06000942]}, "properties": {"id": 413, "tmc_scan": 244912.396, "tmc_pixel": 1169.698, "fit_residual_px": 0.1773, "heldout_residual_px": 0.488}}, {"type": "Feature", "geometry": {"type": "Point", "coordinates": [31.18791746, -51.06000304]}, "properties": {"id": 414, "tmc_scan": 244911.652, "tmc_pixel": 1121.853, "fit_residual_px": 0.4668, "heldout_residual_px": 0.1202}}, {"type": "Feature", "geometry": {"type": "Point", "coordinates": [31.200083, -51.05994947]}, "properties": {"id": 415, "tmc_scan": 244910.899, "tmc_pixel": 1074.004, "fit_residual_px": 0.5453, "heldout_residual_px": 0.93}}, {"type": "Feature", "geometry": {"type": "Point", "coordinates": [31.21258431, -51.05995166]}, "properties": {"id": 416, "tmc_scan": 244910.139, "tmc_pixel": 1026.16, "fit_residual_px": 0.1298, "heldout_residual_px": 0.4909}}, {"type": "Feature", "geometry": {"type": "Point", "coordinates": [31.22498377, -51.05993525]}, "properties": {"id": 417, "tmc_scan": 244909.372, "tmc_pixel": 978.314, "fit_residual_px": 0.1013, "heldout_residual_px": 0.4505}}, {"type": "Feature", "geometry": {"type": "Point", "coordinates": [31.23722196, -51.05991426]}, "properties": {"id": 418, "tmc_scan": 244908.598, "tmc_pixel": 930.471, "fit_residual_px": 0.705, "heldout_residual_px": 1.0356}}, {"type": "Feature", "geometry": {"type": "Point", "coordinates": [31.26211341, -51.05989287]}, "properties": {"id": 419, "tmc_scan": 244907.027, "tmc_pixel": 834.787, "fit_residual_px": 0.1673, "heldout_residual_px": 0.4487}}, {"type": "Feature", "geometry": {"type": "Point", "coordinates": [31.27448936, -51.05988428]}, "properties": {"id": 420, "tmc_scan": 244906.233, "tmc_pixel": 786.945, "fit_residual_px": 0.1591, "heldout_residual_px": 0.3981}}, {"type": "Feature", "geometry": {"type": "Point", "coordinates": [31.28677675, -51.05989989]}, "properties": {"id": 421, "tmc_scan": 244905.428, "tmc_pixel": 739.107, "fit_residual_px": 0.5323, "heldout_residual_px": 0.7119}}, {"type": "Feature", "geometry": {"type": "Point", "coordinates": [31.29923733, -51.05985323]}, "properties": {"id": 422, "tmc_scan": 244904.62, "tmc_pixel": 691.268, "fit_residual_px": 0.0906, "heldout_residual_px": 0.2444}}, {"type": "Feature", "geometry": {"type": "Point", "coordinates": [31.31161345, -51.0598421]}, "properties": {"id": 423, "tmc_scan": 244903.8, "tmc_pixel": 643.433, "fit_residual_px": 0.1186, "heldout_residual_px": 0.1306}}, {"type": "Feature", "geometry": {"type": "Point", "coordinates": [31.32389658, -51.05981592]}, "properties": {"id": 424, "tmc_scan": 244902.978, "tmc_pixel": 595.597, "fit_residual_px": 0.2326, "heldout_residual_px": 0.3497}}, {"type": "Feature", "geometry": {"type": "Point", "coordinates": [31.33626299, -51.05980358]}, "properties": {"id": 425, "tmc_scan": 244902.142, "tmc_pixel": 547.763, "fit_residual_px": 0.1596, "heldout_residual_px": 0.2191}}, {"type": "Feature", "geometry": {"type": "Point", "coordinates": [31.34857025, -51.05979106]}, "properties": {"id": 426, "tmc_scan": 244901.306, "tmc_pixel": 499.93, "fit_residual_px": 0.2832, "heldout_residual_px": 0.3069}}, {"type": "Feature", "geometry": {"type": "Point", "coordinates": [31.36119887, -51.05978695]}, "properties": {"id": 427, "tmc_scan": 244900.457, "tmc_pixel": 452.1, "fit_residual_px": 0.9753, "heldout_residual_px": 0.9626}}, {"type": "Feature", "geometry": {"type": "Point", "coordinates": [31.37338982, -51.05974836]}, "properties": {"id": 428, "tmc_scan": 244899.612, "tmc_pixel": 404.268, "fit_residual_px": 0.4152, "heldout_residual_px": 0.4487}}, {"type": "Feature", "geometry": {"type": "Point", "coordinates": [31.16315622, -51.06750711]}, "properties": {"id": 429, "tmc_scan": 244868.296, "tmc_pixel": 1218.359, "fit_residual_px": 0.7158, "heldout_residual_px": 0.3154}}, {"type": "Feature", "geometry": {"type": "Point", "coordinates": [31.17537835, -51.06747725]}, "properties": {"id": 430, "tmc_scan": 244867.562, "tmc_pixel": 1170.519, "fit_residual_px": 0.1711, "heldout_residual_px": 0.5037}}, {"type": "Feature", "geometry": {"type": "Point", "coordinates": [31.18771212, -51.06741014]}, "properties": {"id": 431, "tmc_scan": 244866.822, "tmc_pixel": 1122.675, "fit_residual_px": 0.4524, "heldout_residual_px": 0.8403}}, {"type": "Feature", "geometry": {"type": "Point", "coordinates": [31.20004124, -51.06742585]}, "properties": {"id": 432, "tmc_scan": 244866.075, "tmc_pixel": 1074.838, "fit_residual_px": 0.6918, "heldout_residual_px": 1.0731}}, {"type": "Feature", "geometry": {"type": "Point", "coordinates": [31.21250776, -51.06742291]}, "properties": {"id": 433, "tmc_scan": 244865.32, "tmc_pixel": 1026.995, "fit_residual_px": 0.4071, "heldout_residual_px": 0.7684}}, {"type": "Feature", "geometry": {"type": "Point", "coordinates": [31.22495647, -51.067398]}, "properties": {"id": 434, "tmc_scan": 244864.558, "tmc_pixel": 979.16, "fit_residual_px": 0.1744, "heldout_residual_px": 0.5275}}, {"type": "Feature", "geometry": {"type": "Point", "coordinates": [31.23728476, -51.06739701]}, "properties": {"id": 435, "tmc_scan": 244863.789, "tmc_pixel": 931.319, "fit_residual_px": 0.401, "heldout_residual_px": 0.7237}}, {"type": "Feature", "geometry": {"type": "Point", "coordinates": [31.24972234, -51.06737995]}, "properties": {"id": 436, "tmc_scan": 244863.013, "tmc_pixel": 883.487, "fit_residual_px": 0.1651, "heldout_residual_px": 0.4675}}, {"type": "Feature", "geometry": {"type": "Point", "coordinates": [31.26211006, -51.06735848]}, "properties": {"id": 437, "tmc_scan": 244862.228, "tmc_pixel": 835.647, "fit_residual_px": 0.1061, "heldout_residual_px": 0.3937}}, {"type": "Feature", "geometry": {"type": "Point", "coordinates": [31.27446418, -51.06736332]}, "properties": {"id": 438, "tmc_scan": 244861.439, "tmc_pixel": 787.818, "fit_residual_px": 0.201, "heldout_residual_px": 0.4163}}, {"type": "Feature", "geometry": {"type": "Point", "coordinates": [31.28681467, -51.06735219]}, "properties": {"id": 439, "tmc_scan": 244860.639, "tmc_pixel": 739.979, "fit_residual_px": 0.2587, "heldout_residual_px": 0.4407}}, {"type": "Feature", "geometry": {"type": "Point", "coordinates": [31.29924769, -51.06731966]}, "properties": {"id": 440, "tmc_scan": 244859.837, "tmc_pixel": 692.154, "fit_residual_px": 0.1089, "heldout_residual_px": 0.0964}}, {"type": "Feature", "geometry": {"type": "Point", "coordinates": [31.31148442, -51.06729891]}, "properties": {"id": 441, "tmc_scan": 244859.022, "tmc_pixel": 644.318, "fit_residual_px": 0.3661, "heldout_residual_px": 0.5256}}, {"type": "Feature", "geometry": {"type": "Point", "coordinates": [31.32385037, -51.06728696]}, "properties": {"id": 442, "tmc_scan": 244858.206, "tmc_pixel": 596.495, "fit_residual_px": 0.2895, "heldout_residual_px": 0.4064}}, {"type": "Feature", "geometry": {"type": "Point", "coordinates": [31.33624526, -51.06725622]}, "properties": {"id": 443, "tmc_scan": 244857.376, "tmc_pixel": 548.661, "fit_residual_px": 0.066, "heldout_residual_px": 0.1674}}, {"type": "Feature", "geometry": {"type": "Point", "coordinates": [31.34861387, -51.0672495]}, "properties": {"id": 444, "tmc_scan": 244856.545, "tmc_pixel": 500.841, "fit_residual_px": 0.0922, "heldout_residual_px": 0.0315}}, {"type": "Feature", "geometry": {"type": "Point", "coordinates": [31.36100199, -51.06723463]}, "properties": {"id": 445, "tmc_scan": 244855.701, "tmc_pixel": 453.01, "fit_residual_px": 0.3248, "heldout_residual_px": 0.3148}}, {"type": "Feature", "geometry": {"type": "Point", "coordinates": [31.16311139, -51.07498452]}, "properties": {"id": 446, "tmc_scan": 244823.543, "tmc_pixel": 1219.151, "fit_residual_px": 0.564, "heldout_residual_px": 0.2292}}, {"type": "Feature", "geometry": {"type": "Point", "coordinates": [31.17532889, -51.0748941]}, "properties": {"id": 447, "tmc_scan": 244822.809, "tmc_pixel": 1171.313, "fit_residual_px": 0.3644, "heldout_residual_px": 0.754}}, {"type": "Feature", "geometry": {"type": "Point", "coordinates": [31.18772373, -51.07487298]}, "properties": {"id": 448, "tmc_scan": 244822.069, "tmc_pixel": 1123.483, "fit_residual_px": 0.4296, "heldout_residual_px": 0.8035}}, {"type": "Feature", "geometry": {"type": "Point", "coordinates": [31.20006651, -51.07487909]}, "properties": {"id": 449, "tmc_scan": 244821.322, "tmc_pixel": 1075.648, "fit_residual_px": 0.5822, "heldout_residual_px": 0.9656}}, {"type": "Feature", "geometry": {"type": "Point", "coordinates": [31.21252681, -51.07486963]}, "properties": {"id": 450, "tmc_scan": 244820.567, "tmc_pixel": 1027.82, "fit_residual_px": 0.3168, "heldout_residual_px": 0.6833}}, {"type": "Feature", "geometry": {"type": "Point", "coordinates": [31.24968651, -51.07485005]}, "properties": {"id": 451, "tmc_scan": 244818.26, "tmc_pixel": 884.33, "fit_residual_px": 0.2396, "heldout_residual_px": 0.5422}}, {"type": "Feature", "geometry": {"type": "Point", "coordinates": [31.27447956, -51.0748143]}, "properties": {"id": 452, "tmc_scan": 244816.686, "tmc_pixel": 788.678, "fit_residual_px": 0.0108, "heldout_residual_px": 0.2715}}, {"type": "Feature", "geometry": {"type": "Point", "coordinates": [31.28659863, -51.07476241]}, "properties": {"id": 453, "tmc_scan": 244815.886, "tmc_pixel": 740.853, "fit_residual_px": 1.0096, "heldout_residual_px": 1.2423}}, {"type": "Feature", "geometry": {"type": "Point", "coordinates": [31.29902219, -51.07472794]}, "properties": {"id": 454, "tmc_scan": 244815.084, "tmc_pixel": 693.03, "fit_residual_px": 0.7842, "heldout_residual_px": 0.9859}}, {"type": "Feature", "geometry": {"type": "Point", "coordinates": [31.31142203, -51.07471304]}, "properties": {"id": 455, "tmc_scan": 244814.269, "tmc_pixel": 645.207, "fit_residual_px": 0.5982, "heldout_residual_px": 0.766}}, {"type": "Feature", "geometry": {"type": "Point", "coordinates": [31.32387346, -51.07473609]}, "properties": {"id": 456, "tmc_scan": 244813.453, "tmc_pixel": 597.388, "fit_residual_px": 0.0952, "heldout_residual_px": 0.2253}}, {"type": "Feature", "geometry": {"type": "Point", "coordinates": [31.33625336, -51.07471569]}, "properties": {"id": 457, "tmc_scan": 244812.623, "tmc_pixel": 549.567, "fit_residual_px": 0.1499, "heldout_residual_px": 0.1552}}, {"type": "Feature", "geometry": {"type": "Point", "coordinates": [31.34855591, -51.07471633]}, "properties": {"id": 458, "tmc_scan": 244811.792, "tmc_pixel": 501.75, "fit_residual_px": 0.0292, "heldout_residual_px": 0.0508}}, {"type": "Feature", "geometry": {"type": "Point", "coordinates": [31.36097761, -51.07469984]}, "properties": {"id": 459, "tmc_scan": 244810.948, "tmc_pixel": 453.932, "fit_residual_px": 0.3876, "heldout_residual_px": 0.3843}}, {"type": "Feature", "geometry": {"type": "Point", "coordinates": [31.16293033, -51.08237677]}, "properties": {"id": 460, "tmc_scan": 244778.734, "tmc_pixel": 1219.956, "fit_residual_px": 0.3285, "heldout_residual_px": 0.7189}}, {"type": "Feature", "geometry": {"type": "Point", "coordinates": [31.17535761, -51.08236036]}, "properties": {"id": 461, "tmc_scan": 244777.998, "tmc_pixel": 1172.133, "fit_residual_px": 0.2942, "heldout_residual_px": 0.6528}}, {"type": "Feature", "geometry": {"type": "Point", "coordinates": [31.18772228, -51.08234195]}, "properties": {"id": 462, "tmc_scan": 244777.256, "tmc_pixel": 1124.305, "fit_residual_px": 0.4257, "heldout_residual_px": 0.7947}}, {"type": "Feature", "geometry": {"type": "Point", "coordinates": [31.20013675, -51.08236326]}, "properties": {"id": 463, "tmc_scan": 244776.507, "tmc_pixel": 1076.485, "fit_residual_px": 0.2556, "heldout_residual_px": 0.6379}}, {"type": "Feature", "geometry": {"type": "Point", "coordinates": [31.21263232, -51.08233396]}, "properties": {"id": 464, "tmc_scan": 244775.75, "tmc_pixel": 1028.659, "fit_residual_px": 0.2388, "heldout_residual_px": 0.3039}}, {"type": "Feature", "geometry": {"type": "Point", "coordinates": [31.22479549, -51.08232241]}, "properties": {"id": 465, "tmc_scan": 244774.986, "tmc_pixel": 980.841, "fit_residual_px": 0.7357, "heldout_residual_px": 1.0864}}, {"type": "Feature", "geometry": {"type": "Point", "coordinates": [31.2373416, -51.08230979]}, "properties": {"id": 466, "tmc_scan": 244774.214, "tmc_pixel": 933.017, "fit_residual_px": 0.1455, "heldout_residual_px": 0.4277}}, {"type": "Feature", "geometry": {"type": "Point", "coordinates": [31.24973745, -51.08231093]}, "properties": {"id": 467, "tmc_scan": 244773.437, "tmc_pixel": 885.201, "fit_residual_px": 0.0562, "heldout_residual_px": 0.2816}}, {"type": "Feature", "geometry": {"type": "Point", "coordinates": [31.2620731, -51.08229293]}, "properties": {"id": 468, "tmc_scan": 244772.649, "tmc_pixel": 837.378, "fit_residual_px": 0.1042, "heldout_residual_px": 0.3875}}, {"type": "Feature", "geometry": {"type": "Point", "coordinates": [31.27426744, -51.08223665]}, "properties": {"id": 469, "tmc_scan": 244771.859, "tmc_pixel": 789.566, "fit_residual_px": 0.8313, "heldout_residual_px": 1.0906}}, {"type": "Feature", "geometry": {"type": "Point", "coordinates": [31.28659874, -51.08222769]}, "properties": {"id": 470, "tmc_scan": 244771.057, "tmc_pixel": 741.745, "fit_residual_px": 0.9136, "heldout_residual_px": 1.1457}}, {"type": "Feature", "geometry": {"type": "Point", "coordinates": [31.29898225, -51.08220676]}, "properties": {"id": 471, "tmc_scan": 244770.252, "tmc_pixel": 693.935, "fit_residual_px": 0.8006, "heldout_residual_px": 1.0023}}, {"type": "Feature", "geometry": {"type": "Point", "coordinates": [31.31141201, -51.0821897]}, "properties": {"id": 472, "tmc_scan": 244769.435, "tmc_pixel": 646.117, "fit_residual_px": 0.5019, "heldout_residual_px": 0.6679}}, {"type": "Feature", "geometry": {"type": "Point", "coordinates": [31.32381135, -51.08220895]}, "properties": {"id": 473, "tmc_scan": 244768.616, "tmc_pixel": 598.309, "fit_residual_px": 0.176, "heldout_residual_px": 0.3111}}, {"type": "Feature", "geometry": {"type": "Point", "coordinates": [31.33614087, -51.08217286]}, "properties": {"id": 474, "tmc_scan": 244767.784, "tmc_pixel": 550.494, "fit_residual_px": 0.2572, "heldout_residual_px": 0.3575}}, {"type": "Feature", "geometry": {"type": "Point", "coordinates": [31.3485289, -51.0821645]}, "properties": {"id": 475, "tmc_scan": 244766.951, "tmc_pixel": 502.689, "fit_residual_px": 0.1252, "heldout_residual_px": 0.168}}, {"type": "Feature", "geometry": {"type": "Point", "coordinates": [31.36086101, -51.08214838]}, "properties": {"id": 476, "tmc_scan": 244766.104, "tmc_pixel": 454.876, "fit_residual_px": 0.1296, "heldout_residual_px": 0.1698}}, {"type": "Feature", "geometry": {"type": "Point", "coordinates": [31.16289244, -51.08984666]}, "properties": {"id": 477, "tmc_scan": 244733.862, "tmc_pixel": 1220.787, "fit_residual_px": 0.4563, "heldout_residual_px": 0.858}}, {"type": "Feature", "geometry": {"type": "Point", "coordinates": [31.1753654, -51.08984743]}, "properties": {"id": 478, "tmc_scan": 244733.127, "tmc_pixel": 1172.966, "fit_residual_px": 0.1833, "heldout_residual_px": 0.5637}}, {"type": "Feature", "geometry": {"type": "Point", "coordinates": [31.18762105, -51.08981259]}, "properties": {"id": 479, "tmc_scan": 244732.384, "tmc_pixel": 1125.153, "fit_residual_px": 0.7587, "heldout_residual_px": 1.1484}}, {"type": "Feature", "geometry": {"type": "Point", "coordinates": [31.20014057, -51.0898308]}, "properties": {"id": 480, "tmc_scan": 244731.635, "tmc_pixel": 1077.335, "fit_residual_px": 0.2113, "heldout_residual_px": 0.5904}}, {"type": "Feature", "geometry": {"type": "Point", "coordinates": [31.2125668, -51.08981662]}, "properties": {"id": 481, "tmc_scan": 244730.877, "tmc_pixel": 1029.523, "fit_residual_px": 0.0935, "heldout_residual_px": 0.4311}}, {"type": "Feature", "geometry": {"type": "Point", "coordinates": [31.22471616, -51.08980511]}, "properties": {"id": 482, "tmc_scan": 244730.114, "tmc_pixel": 981.708, "fit_residual_px": 0.9848, "heldout_residual_px": 1.3308}}, {"type": "Feature", "geometry": {"type": "Point", "coordinates": [31.23737761, -51.08978628]}, "properties": {"id": 483, "tmc_scan": 244729.342, "tmc_pixel": 933.897, "fit_residual_px": 0.1963, "heldout_residual_px": 0.2346}}, {"type": "Feature", "geometry": {"type": "Point", "coordinates": [31.249711, -51.08977417]}, "properties": {"id": 484, "tmc_scan": 244728.565, "tmc_pixel": 886.085, "fit_residual_px": 0.0848, "heldout_residual_px": 0.3246}}, {"type": "Feature", "geometry": {"type": "Point", "coordinates": [31.26195006, -51.08976209]}, "properties": {"id": 485, "tmc_scan": 244727.777, "tmc_pixel": 838.274, "fit_residual_px": 0.4979, "heldout_residual_px": 0.7809}}, {"type": "Feature", "geometry": {"type": "Point", "coordinates": [31.27425379, -51.08971011]}, "properties": {"id": 486, "tmc_scan": 244726.987, "tmc_pixel": 790.466, "fit_residual_px": 0.7795, "heldout_residual_px": 1.0375}}, {"type": "Feature", "geometry": {"type": "Point", "coordinates": [31.28652652, -51.08971677]}, "properties": {"id": 487, "tmc_scan": 244726.184, "tmc_pixel": 742.657, "fit_residual_px": 1.0611, "heldout_residual_px": 1.289}}, {"type": "Feature", "geometry": {"type": "Point", "coordinates": [31.29894343, -51.08968059]}, "properties": {"id": 488, "tmc_scan": 244725.38, "tmc_pixel": 694.852, "fit_residual_px": 0.8223, "heldout_residual_px": 1.0229}}, {"type": "Feature", "geometry": {"type": "Point", "coordinates": [31.31134425, -51.08966555]}, "properties": {"id": 489, "tmc_scan": 244724.562, "tmc_pixel": 647.044, "fit_residual_px": 0.6018, "heldout_residual_px": 0.77}}, {"type": "Feature", "geometry": {"type": "Point", "coordinates": [31.32372875, -51.08964896]}, "properties": {"id": 490, "tmc_scan": 244723.743, "tmc_pixel": 599.243, "fit_residual_px": 0.4351, "heldout_residual_px": 0.5686}}, {"type": "Feature", "geometry": {"type": "Point", "coordinates": [31.33611577, -51.08964262]}, "properties": {"id": 491, "tmc_scan": 244722.911, "tmc_pixel": 551.437, "fit_residual_px": 0.2227, "heldout_residual_px": 0.3191}}, {"type": "Feature", "geometry": {"type": "Point", "coordinates": [31.34841382, -51.08963619]}, "properties": {"id": 492, "tmc_scan": 244722.078, "tmc_pixel": 503.639, "fit_residual_px": 0.2642, "heldout_residual_px": 0.3249}}, {"type": "Feature", "geometry": {"type": "Point", "coordinates": [31.36080613, -51.08962779]}, "properties": {"id": 493, "tmc_scan": 244721.231, "tmc_pixel": 455.836, "fit_residual_px": 0.0591, "heldout_residual_px": 0.0992}}, {"type": "Feature", "geometry": {"type": "Point", "coordinates": [31.16287038, -51.0973138]}, "properties": {"id": 494, "tmc_scan": 244688.991, "tmc_pixel": 1221.611, "fit_residual_px": 0.537, "heldout_residual_px": 0.9385}}, {"type": "Feature", "geometry": {"type": "Point", "coordinates": [31.17552881, -51.09737455]}, "properties": {"id": 495, "tmc_scan": 244688.256, "tmc_pixel": 1173.803, "fit_residual_px": 0.601, "heldout_residual_px": 0.2201}}, {"type": "Feature", "geometry": {"type": "Point", "coordinates": [31.18774841, -51.09727209]}, "properties": {"id": 496, "tmc_scan": 244687.513, "tmc_pixel": 1125.992, "fit_residual_px": 0.3828, "heldout_residual_px": 0.6921}}, {"type": "Feature", "geometry": {"type": "Point", "coordinates": [31.20000377, -51.0972892]}, "properties": {"id": 497, "tmc_scan": 244686.764, "tmc_pixel": 1078.187, "fit_residual_px": 0.7233, "heldout_residual_px": 1.1025}}, {"type": "Feature", "geometry": {"type": "Point", "coordinates": [31.21259225, -51.0972863]}, "properties": {"id": 498, "tmc_scan": 244686.006, "tmc_pixel": 1030.377, "fit_residual_px": 0.1465, "heldout_residual_px": 0.2942}}, {"type": "Feature", "geometry": {"type": "Point", "coordinates": [31.22476792, -51.09726073]}, "properties": {"id": 499, "tmc_scan": 244685.243, "tmc_pixel": 982.574, "fit_residual_px": 0.7269, "heldout_residual_px": 1.0747}}, {"type": "Feature", "geometry": {"type": "Point", "coordinates": [31.23731317, -51.09726055]}, "properties": {"id": 500, "tmc_scan": 244684.471, "tmc_pixel": 934.766, "fit_residual_px": 0.0765, "heldout_residual_px": 0.368}}, {"type": "Feature", "geometry": {"type": "Point", "coordinates": [31.24962265, -51.09725227]}, "properties": {"id": 501, "tmc_scan": 244683.694, "tmc_pixel": 886.965, "fit_residual_px": 0.2551, "heldout_residual_px": 0.5611}}, {"type": "Feature", "geometry": {"type": "Point", "coordinates": [31.26195816, -51.09722059]}, "properties": {"id": 502, "tmc_scan": 244682.907, "tmc_pixel": 839.16, "fit_residual_px": 0.3887, "heldout_residual_px": 0.6715}}, {"type": "Feature", "geometry": {"type": "Point", "coordinates": [31.27415127, -51.09719202]}, "properties": {"id": 503, "tmc_scan": 244682.116, "tmc_pixel": 791.361, "fit_residual_px": 1.0498, "heldout_residual_px": 1.3065}}, {"type": "Feature", "geometry": {"type": "Point", "coordinates": [31.2865103, -51.09717277]}, "properties": {"id": 504, "tmc_scan": 244681.313, "tmc_pixel": 743.557, "fit_residual_px": 1.0247, "heldout_residual_px": 1.2534}}, {"type": "Feature", "geometry": {"type": "Point", "coordinates": [31.29890592, -51.09716014]}, "properties": {"id": 505, "tmc_scan": 244680.509, "tmc_pixel": 695.761, "fit_residual_px": 0.8239, "heldout_residual_px": 1.0223}}, {"type": "Feature", "geometry": {"type": "Point", "coordinates": [31.31129679, -51.09714629]}, "properties": {"id": 506, "tmc_scan": 244679.692, "tmc_pixel": 647.96, "fit_residual_px": 0.6223, "heldout_residual_px": 0.7887}}, {"type": "Feature", "geometry": {"type": "Point", "coordinates": [31.32362191, -51.09712915]}, "properties": {"id": 507, "tmc_scan": 244678.873, "tmc_pixel": 600.166, "fit_residual_px": 0.6586, "heldout_residual_px": 0.7898}}, {"type": "Feature", "geometry": {"type": "Point", "coordinates": [31.33599423, -51.09712649]}, "properties": {"id": 508, "tmc_scan": 244678.041, "tmc_pixel": 552.368, "fit_residual_px": 0.465, "heldout_residual_px": 0.5562}}, {"type": "Feature", "geometry": {"type": "Point", "coordinates": [31.34834196, -51.09711159]}, "properties": {"id": 509, "tmc_scan": 244677.207, "tmc_pixel": 504.576, "fit_residual_px": 0.3647, "heldout_residual_px": 0.4162}}, {"type": "Feature", "geometry": {"type": "Point", "coordinates": [31.36068529, -51.09710433]}, "properties": {"id": 510, "tmc_scan": 244676.361, "tmc_pixel": 456.782, "fit_residual_px": 0.2554, "heldout_residual_px": 0.2558}}, {"type": "Feature", "geometry": {"type": "Point", "coordinates": [31.16283686, -51.10478672]}, "properties": {"id": 511, "tmc_scan": 244644.122, "tmc_pixel": 1222.416, "fit_residual_px": 0.641, "heldout_residual_px": 1.0454}}, {"type": "Feature", "geometry": {"type": "Point", "coordinates": [31.17532928, -51.10476809]}, "properties": {"id": 512, "tmc_scan": 244643.386, "tmc_pixel": 1174.613, "fit_residual_px": 0.3462, "heldout_residual_px": 0.7061}}, {"type": "Feature", "geometry": {"type": "Point", "coordinates": [31.18757745, -51.10477118]}, "properties": {"id": 513, "tmc_scan": 244642.644, "tmc_pixel": 1126.814, "fit_residual_px": 0.8288, "heldout_residual_px": 1.2184}}, {"type": "Feature", "geometry": {"type": "Point", "coordinates": [31.21244757, -51.10472476]}, "properties": {"id": 514, "tmc_scan": 244641.137, "tmc_pixel": 1031.215, "fit_residual_px": 0.5037, "heldout_residual_px": 0.8501}}, {"type": "Feature", "geometry": {"type": "Point", "coordinates": [31.23728816, -51.10473537]}, "properties": {"id": 515, "tmc_scan": 244639.602, "tmc_pixel": 935.62, "fit_residual_px": 0.0574, "heldout_residual_px": 0.3729}}, {"type": "Feature", "geometry": {"type": "Point", "coordinates": [31.24955006, -51.10471457]}, "properties": {"id": 516, "tmc_scan": 244638.826, "tmc_pixel": 887.826, "fit_residual_px": 0.4609, "heldout_residual_px": 0.7658}}, {"type": "Feature", "geometry": {"type": "Point", "coordinates": [31.26189831, -51.10469823]}, "properties": {"id": 517, "tmc_scan": 244638.038, "tmc_pixel": 840.029, "fit_residual_px": 0.5089, "heldout_residual_px": 0.7898}}, {"type": "Feature", "geometry": {"type": "Point", "coordinates": [31.27418654, -51.10466675]}, "properties": {"id": 518, "tmc_scan": 244637.248, "tmc_pixel": 792.239, "fit_residual_px": 0.792, "heldout_residual_px": 1.0475}}, {"type": "Feature", "geometry": {"type": "Point", "coordinates": [31.28639992, -51.10462747]}, "properties": {"id": 519, "tmc_scan": 244636.445, "tmc_pixel": 744.442, "fit_residual_px": 1.3593, "heldout_residual_px": 1.5865}}, {"type": "Feature", "geometry": {"type": "Point", "coordinates": [31.2988874, -51.10462275]}, "properties": {"id": 520, "tmc_scan": 244635.641, "tmc_pixel": 696.655, "fit_residual_px": 0.779, "heldout_residual_px": 0.9764}}, {"type": "Feature", "geometry": {"type": "Point", "coordinates": [31.31122765, -51.10462534]}, "properties": {"id": 521, "tmc_scan": 244634.824, "tmc_pixel": 648.861, "fit_residual_px": 0.7349, "heldout_residual_px": 0.8968}}, {"type": "Feature", "geometry": {"type": "Point", "coordinates": [31.33599144, -51.1045904]}, "properties": {"id": 522, "tmc_scan": 244633.173, "tmc_pixel": 553.285, "fit_residual_px": 0.3251, "heldout_residual_px": 0.4208}}, {"type": "Feature", "geometry": {"type": "Point", "coordinates": [31.34824913, -51.10456702]}, "properties": {"id": 523, "tmc_scan": 244632.34, "tmc_pixel": 505.504, "fit_residual_px": 0.5757, "heldout_residual_px": 0.6286}}, {"type": "Feature", "geometry": {"type": "Point", "coordinates": [31.36061003, -51.10455317]}, "properties": {"id": 524, "tmc_scan": 244631.494, "tmc_pixel": 457.715, "fit_residual_px": 0.3901, "heldout_residual_px": 0.4051}}, {"type": "Feature", "geometry": {"type": "Point", "coordinates": [31.16276734, -51.1122301]}, "properties": {"id": 525, "tmc_scan": 244599.251, "tmc_pixel": 1223.226, "fit_residual_px": 0.9467, "heldout_residual_px": 1.3446}}, {"type": "Feature", "geometry": {"type": "Point", "coordinates": [31.17525503, -51.11224031]}, "properties": {"id": 526, "tmc_scan": 244598.515, "tmc_pixel": 1175.433, "fit_residual_px": 0.5525, "heldout_residual_px": 0.9419}}, {"type": "Feature", "geometry": {"type": "Point", "coordinates": [31.20004076, -51.11221645]}, "properties": {"id": 527, "tmc_scan": 244597.023, "tmc_pixel": 1079.849, "fit_residual_px": 0.5134, "heldout_residual_px": 0.8809}}, {"type": "Feature", "geometry": {"type": "Point", "coordinates": [31.22484021, -51.11219419]}, "properties": {"id": 528, "tmc_scan": 244595.503, "tmc_pixel": 984.269, "fit_residual_px": 0.3408, "heldout_residual_px": 0.669}}, {"type": "Feature", "geometry": {"type": "Point", "coordinates": [31.23710951, -51.11218262]}, "properties": {"id": 529, "tmc_scan": 244594.73, "tmc_pixel": 936.48, "fit_residual_px": 0.6955, "heldout_residual_px": 1.0202}}, {"type": "Feature", "geometry": {"type": "Point", "coordinates": [31.24959442, -51.11215745]}, "properties": {"id": 530, "tmc_scan": 244593.954, "tmc_pixel": 888.693, "fit_residual_px": 0.314, "heldout_residual_px": 0.5782}}, {"type": "Feature", "geometry": {"type": "Point", "coordinates": [31.26202733, -51.11217672]}, "properties": {"id": 531, "tmc_scan": 244593.166, "tmc_pixel": 840.905, "fit_residual_px": 0.1375, "heldout_residual_px": 0.1805}}, {"type": "Feature", "geometry": {"type": "Point", "coordinates": [31.27402979, -51.11207478]}, "properties": {"id": 532, "tmc_scan": 244592.376, "tmc_pixel": 793.121, "fit_residual_px": 1.4111, "heldout_residual_px": 1.6631}}, {"type": "Feature", "geometry": {"type": "Point", "coordinates": [31.28651702, -51.11211488]}, "properties": {"id": 533, "tmc_scan": 244591.573, "tmc_pixel": 745.335, "fit_residual_px": 0.7465, "heldout_residual_px": 0.9722}}, {"type": "Feature", "geometry": {"type": "Point", "coordinates": [31.29880346, -51.11206602]}, "properties": {"id": 534, "tmc_scan": 244590.768, "tmc_pixel": 697.553, "fit_residual_px": 1.0265, "heldout_residual_px": 1.2217}}, {"type": "Feature", "geometry": {"type": "Point", "coordinates": [31.31123481, -51.11207852]}, "properties": {"id": 535, "tmc_scan": 244589.951, "tmc_pixel": 649.771, "fit_residual_px": 0.5926, "heldout_residual_px": 0.7562}}, {"type": "Feature", "geometry": {"type": "Point", "coordinates": [31.32357289, -51.1120827]}, "properties": {"id": 536, "tmc_scan": 244589.132, "tmc_pixel": 601.991, "fit_residual_px": 0.5142, "heldout_residual_px": 0.6396}}, {"type": "Feature", "geometry": {"type": "Point", "coordinates": [31.33594863, -51.11206781]}, "properties": {"id": 537, "tmc_scan": 244588.3, "tmc_pixel": 554.211, "fit_residual_px": 0.3052, "heldout_residual_px": 0.3962}}, {"type": "Feature", "geometry": {"type": "Point", "coordinates": [31.34820347, -51.11204122]}, "properties": {"id": 538, "tmc_scan": 244587.466, "tmc_pixel": 506.433, "fit_residual_px": 0.5657, "heldout_residual_px": 0.615}}, {"type": "Feature", "geometry": {"type": "Point", "coordinates": [31.36062672, -51.11202932]}, "properties": {"id": 539, "tmc_scan": 244586.62, "tmc_pixel": 458.658, "fit_residual_px": 0.137, "heldout_residual_px": 0.1713}}, {"type": "Feature", "geometry": {"type": "Point", "coordinates": [31.16281208, -51.11973255]}, "properties": {"id": 540, "tmc_scan": 244554.36, "tmc_pixel": 1224.041, "fit_residual_px": 0.6783, "heldout_residual_px": 1.0805}}, {"type": "Feature", "geometry": {"type": "Point", "coordinates": [31.17517559, -51.11971926]}, "properties": {"id": 541, "tmc_scan": 244553.624, "tmc_pixel": 1176.257, "fit_residual_px": 0.7982, "heldout_residual_px": 1.1933}}, {"type": "Feature", "geometry": {"type": "Point", "coordinates": [31.22479275, -51.119673]}, "properties": {"id": 542, "tmc_scan": 244550.613, "tmc_pixel": 985.126, "fit_residual_px": 0.4069, "heldout_residual_px": 0.7466}}, {"type": "Feature", "geometry": {"type": "Point", "coordinates": [31.23715546, -51.1196522]}, "properties": {"id": 543, "tmc_scan": 244549.84, "tmc_pixel": 937.341, "fit_residual_px": 0.4354, "heldout_residual_px": 0.7537}}, {"type": "Feature", "geometry": {"type": "Point", "coordinates": [31.24951753, -51.11964971]}, "properties": {"id": 544, "tmc_scan": 244549.063, "tmc_pixel": 889.567, "fit_residual_px": 0.398, "heldout_residual_px": 0.6992}}, {"type": "Feature", "geometry": {"type": "Point", "coordinates": [31.26193183, -51.11963111]}, "properties": {"id": 545, "tmc_scan": 244548.275, "tmc_pixel": 841.783, "fit_residual_px": 0.1972, "heldout_residual_px": 0.4599}}, {"type": "Feature", "geometry": {"type": "Point", "coordinates": [31.27425031, -51.11962017]}, "properties": {"id": 546, "tmc_scan": 244547.485, "tmc_pixel": 794.011, "fit_residual_px": 0.2833, "heldout_residual_px": 0.5345}}, {"type": "Feature", "geometry": {"type": "Point", "coordinates": [31.28652026, -51.11959996]}, "properties": {"id": 547, "tmc_scan": 244546.682, "tmc_pixel": 746.229, "fit_residual_px": 0.5741, "heldout_residual_px": 0.7971}}, {"type": "Feature", "geometry": {"type": "Point", "coordinates": [31.29890334, -51.11956867]}, "properties": {"id": 548, "tmc_scan": 244545.878, "tmc_pixel": 698.46, "fit_residual_px": 0.4393, "heldout_residual_px": 0.6308}}, {"type": "Feature", "geometry": {"type": "Point", "coordinates": [31.31116672, -51.1195331]}, "properties": {"id": 549, "tmc_scan": 244545.061, "tmc_pixel": 650.68, "fit_residual_px": 0.7395, "heldout_residual_px": 0.9009}}, {"type": "Feature", "geometry": {"type": "Point", "coordinates": [31.32359096, -51.119553]}, "properties": {"id": 550, "tmc_scan": 244544.242, "tmc_pixel": 602.914, "fit_residual_px": 0.279, "heldout_residual_px": 0.4065}}, {"type": "Feature", "geometry": {"type": "Point", "coordinates": [31.33595078, -51.11955336]}, "properties": {"id": 551, "tmc_scan": 244543.41, "tmc_pixel": 555.137, "fit_residual_px": 0.1019, "heldout_residual_px": 0.1806}}, {"type": "Feature", "geometry": {"type": "Point", "coordinates": [31.3482593, -51.11951027]}, "properties": {"id": 552, "tmc_scan": 244542.576, "tmc_pixel": 507.374, "fit_residual_px": 0.1938, "heldout_residual_px": 0.2575}}, {"type": "Feature", "geometry": {"type": "Point", "coordinates": [31.36061217, -51.11951307]}, "properties": {"id": 553, "tmc_scan": 244541.73, "tmc_pixel": 459.6, "fit_residual_px": 0.0452, "heldout_residual_px": 0.0777}}, {"type": "Feature", "geometry": {"type": "Point", "coordinates": [31.16274537, -51.12718868]}, "properties": {"id": 554, "tmc_scan": 244509.468, "tmc_pixel": 1224.864, "fit_residual_px": 0.9299, "heldout_residual_px": 1.3291}}, {"type": "Feature", "geometry": {"type": "Point", "coordinates": [31.22476796, -51.12714454]}, "properties": {"id": 555, "tmc_scan": 244505.72, "tmc_pixel": 985.988, "fit_residual_px": 0.4136, "heldout_residual_px": 0.7517}}, {"type": "Feature", "geometry": {"type": "Point", "coordinates": [31.23705876, -51.12712278]}, "properties": {"id": 556, "tmc_scan": 244504.946, "tmc_pixel": 938.217, "fit_residual_px": 0.7056, "heldout_residual_px": 1.026}}, {"type": "Feature", "geometry": {"type": "Point", "coordinates": [31.24932717, -51.12709834]}, "properties": {"id": 557, "tmc_scan": 244504.17, "tmc_pixel": 890.446, "fit_residual_px": 1.0691, "heldout_residual_px": 1.3681}}, {"type": "Feature", "geometry": {"type": "Point", "coordinates": [31.26183595, -51.12711485]}, "properties": {"id": 558, "tmc_scan": 244503.381, "tmc_pixel": 842.676, "fit_residual_px": 0.4065, "heldout_residual_px": 0.6798}}, {"type": "Feature", "geometry": {"type": "Point", "coordinates": [31.27422007, -51.12711182]}, "properties": {"id": 559, "tmc_scan": 244502.591, "tmc_pixel": 794.907, "fit_residual_px": 0.2513, "heldout_residual_px": 0.4896}}, {"type": "Feature", "geometry": {"type": "Point", "coordinates": [31.28660464, -51.12704605]}, "properties": {"id": 560, "tmc_scan": 244501.788, "tmc_pixel": 747.14, "fit_residual_px": 0.2983, "heldout_residual_px": 0.4591}}, {"type": "Feature", "geometry": {"type": "Point", "coordinates": [31.29884658, -51.12705188]}, "properties": {"id": 561, "tmc_scan": 244500.983, "tmc_pixel": 699.373, "fit_residual_px": 0.4712, "heldout_residual_px": 0.6623}}, {"type": "Feature", "geometry": {"type": "Point", "coordinates": [31.31132768, -51.12702348]}, "properties": {"id": 562, "tmc_scan": 244500.165, "tmc_pixel": 651.608, "fit_residual_px": 0.272, "heldout_residual_px": 0.2847}}, {"type": "Feature", "geometry": {"type": "Point", "coordinates": [31.32355886, -51.12699719]}, "properties": {"id": 563, "tmc_scan": 244499.346, "tmc_pixel": 603.845, "fit_residual_px": 0.3435, "heldout_residual_px": 0.463}}, {"type": "Feature", "geometry": {"type": "Point", "coordinates": [31.33590205, -51.12699111]}, "properties": {"id": 564, "tmc_scan": 244498.514, "tmc_pixel": 556.083, "fit_residual_px": 0.2228, "heldout_residual_px": 0.3115}}, {"type": "Feature", "geometry": {"type": "Point", "coordinates": [31.34824676, -51.12697708]}, "properties": {"id": 565, "tmc_scan": 244497.68, "tmc_pixel": 508.321, "fit_residual_px": 0.1657, "heldout_residual_px": 0.2205}}, {"type": "Feature", "geometry": {"type": "Point", "coordinates": [31.36056381, -51.12698867]}, "properties": {"id": 566, "tmc_scan": 244496.834, "tmc_pixel": 460.562, "fit_residual_px": 0.0687, "heldout_residual_px": 0.0748}}, {"type": "Feature", "geometry": {"type": "Point", "coordinates": [31.16261542, -51.13468731]}, "properties": {"id": 567, "tmc_scan": 244464.519, "tmc_pixel": 1225.75, "fit_residual_px": 1.3755, "heldout_residual_px": 1.7704}}, {"type": "Feature", "geometry": {"type": "Point", "coordinates": [31.17514964, -51.13467392]}, "properties": {"id": 568, "tmc_scan": 244463.783, "tmc_pixel": 1177.985, "fit_residual_px": 0.7888, "heldout_residual_px": 1.1783}}, {"type": "Feature", "geometry": {"type": "Point", "coordinates": [31.18764753, -51.13466822]}, "properties": {"id": 569, "tmc_scan": 244463.04, "tmc_pixel": 1130.215, "fit_residual_px": 0.3216, "heldout_residual_px": 0.702}}, {"type": "Feature", "geometry": {"type": "Point", "coordinates": [31.19987219, -51.134637]}, "properties": {"id": 570, "tmc_scan": 244462.291, "tmc_pixel": 1082.453, "fit_residual_px": 0.9486, "heldout_residual_px": 1.3167}}, {"type": "Feature", "geometry": {"type": "Point", "coordinates": [31.21234575, -51.13464119]}, "properties": {"id": 571, "tmc_scan": 244461.531, "tmc_pixel": 1034.684, "fit_residual_px": 0.5228, "heldout_residual_px": 0.8753}}, {"type": "Feature", "geometry": {"type": "Point", "coordinates": [31.22465551, -51.13463623]}, "properties": {"id": 572, "tmc_scan": 244460.768, "tmc_pixel": 986.925, "fit_residual_px": 0.7453, "heldout_residual_px": 1.0758}}, {"type": "Feature", "geometry": {"type": "Point", "coordinates": [31.23706152, -51.13461264]}, "properties": {"id": 573, "tmc_scan": 244459.994, "tmc_pixel": 939.157, "fit_residual_px": 0.5644, "heldout_residual_px": 0.8803}}, {"type": "Feature", "geometry": {"type": "Point", "coordinates": [31.24923854, -51.134595]}, "properties": {"id": 574, "tmc_scan": 244459.218, "tmc_pixel": 891.401, "fit_residual_px": 1.2813, "heldout_residual_px": 1.5727}}, {"type": "Feature", "geometry": {"type": "Point", "coordinates": [31.26176615, -51.13460435]}, "properties": {"id": 575, "tmc_scan": 244458.429, "tmc_pixel": 843.633, "fit_residual_px": 0.5612, "heldout_residual_px": 0.818}}, {"type": "Feature", "geometry": {"type": "Point", "coordinates": [31.27398502, -51.13454605]}, "properties": {"id": 576, "tmc_scan": 244457.638, "tmc_pixel": 795.88, "fit_residual_px": 1.0792, "heldout_residual_px": 1.3247}}, {"type": "Feature", "geometry": {"type": "Point", "coordinates": [31.28661026, -51.13456478]}, "properties": {"id": 577, "tmc_scan": 244456.835, "tmc_pixel": 748.115, "fit_residual_px": 0.1041, "heldout_residual_px": 0.1161}}, {"type": "Feature", "geometry": {"type": "Point", "coordinates": [31.29882087, -51.13449251]}, "properties": {"id": 578, "tmc_scan": 244456.029, "tmc_pixel": 700.365, "fit_residual_px": 0.5132, "heldout_residual_px": 0.6951}}, {"type": "Feature", "geometry": {"type": "Point", "coordinates": [31.31113892, -51.13448965]}, "properties": {"id": 579, "tmc_scan": 244455.211, "tmc_pixel": 652.602, "fit_residual_px": 0.4889, "heldout_residual_px": 0.6458}}, {"type": "Feature", "geometry": {"type": "Point", "coordinates": [31.3235422, -51.13446848]}, "properties": {"id": 580, "tmc_scan": 244454.391, "tmc_pixel": 604.854, "fit_residual_px": 0.2789, "heldout_residual_px": 0.383}}, {"type": "Feature", "geometry": {"type": "Point", "coordinates": [31.33583214, -51.13447244]}, "properties": {"id": 581, "tmc_scan": 244453.559, "tmc_pixel": 557.095, "fit_residual_px": 0.231, "heldout_residual_px": 0.3209}}, {"type": "Feature", "geometry": {"type": "Point", "coordinates": [31.34819123, -51.13446726]}, "properties": {"id": 582, "tmc_scan": 244452.725, "tmc_pixel": 509.349, "fit_residual_px": 0.0338, "heldout_residual_px": 0.0934}}, {"type": "Feature", "geometry": {"type": "Point", "coordinates": [31.36051339, -51.13446185]}, "properties": {"id": 583, "tmc_scan": 244451.878, "tmc_pixel": 461.594, "fit_residual_px": 0.0914, "heldout_residual_px": 0.0881}}, {"type": "Feature", "geometry": {"type": "Point", "coordinates": [31.16263342, -51.14215238]}, "properties": {"id": 584, "tmc_scan": 244419.555, "tmc_pixel": 1226.664, "fit_residual_px": 1.2595, "heldout_residual_px": 1.6528}}, {"type": "Feature", "geometry": {"type": "Point", "coordinates": [31.17504697, -51.14213926]}, "properties": {"id": 585, "tmc_scan": 244418.82, "tmc_pixel": 1178.902, "fit_residual_px": 1.1474, "heldout_residual_px": 1.5335}}, {"type": "Feature", "geometry": {"type": "Point", "coordinates": [31.18758254, -51.14215063]}, "properties": {"id": 586, "tmc_scan": 244418.076, "tmc_pixel": 1131.146, "fit_residual_px": 0.51, "heldout_residual_px": 0.8806}}, {"type": "Feature", "geometry": {"type": "Point", "coordinates": [31.1998471, -51.14211706]}, "properties": {"id": 587, "tmc_scan": 244417.328, "tmc_pixel": 1083.386, "fit_residual_px": 0.9603, "heldout_residual_px": 1.3242}}, {"type": "Feature", "geometry": {"type": "Point", "coordinates": [31.21224635, -51.14210309]}, "properties": {"id": 588, "tmc_scan": 244416.569, "tmc_pixel": 1035.631, "fit_residual_px": 0.8383, "heldout_residual_px": 1.1881}}, {"type": "Feature", "geometry": {"type": "Point", "coordinates": [31.22451581, -51.14210844]}, "properties": {"id": 589, "tmc_scan": 244415.806, "tmc_pixel": 987.874, "fit_residual_px": 1.2084, "heldout_residual_px": 1.5342}}, {"type": "Feature", "geometry": {"type": "Point", "coordinates": [31.23688413, -51.1421044]}, "properties": {"id": 590, "tmc_scan": 244415.033, "tmc_pixel": 940.12, "fit_residual_px": 1.1669, "heldout_residual_px": 1.4692}}, {"type": "Feature", "geometry": {"type": "Point", "coordinates": [31.24933552, -51.14207907]}, "properties": {"id": 591, "tmc_scan": 244414.257, "tmc_pixel": 892.366, "fit_residual_px": 0.7626, "heldout_residual_px": 1.048}}, {"type": "Feature", "geometry": {"type": "Point", "coordinates": [31.26170581, -51.14206084]}, "properties": {"id": 592, "tmc_scan": 244413.468, "tmc_pixel": 844.614, "fit_residual_px": 0.6659, "heldout_residual_px": 0.929}}, {"type": "Feature", "geometry": {"type": "Point", "coordinates": [31.27408381, -51.14205918]}, "properties": {"id": 593, "tmc_scan": 244412.678, "tmc_pixel": 796.862, "fit_residual_px": 0.5208, "heldout_residual_px": 0.7474}}, {"type": "Feature", "geometry": {"type": "Point", "coordinates": [31.28624888, -51.1420254]}, "properties": {"id": 594, "tmc_scan": 244411.875, "tmc_pixel": 749.112, "fit_residual_px": 1.2034, "heldout_residual_px": 1.4106}}, {"type": "Feature", "geometry": {"type": "Point", "coordinates": [31.29876588, -51.14199325]}, "properties": {"id": 595, "tmc_scan": 244411.07, "tmc_pixel": 701.364, "fit_residual_px": 0.465, "heldout_residual_px": 0.6508}}, {"type": "Feature", "geometry": {"type": "Point", "coordinates": [31.3110908, -51.14197878]}, "properties": {"id": 596, "tmc_scan": 244410.252, "tmc_pixel": 653.615, "fit_residual_px": 0.4565, "heldout_residual_px": 0.609}}, {"type": "Feature", "geometry": {"type": "Point", "coordinates": [31.32350529, -51.14194314]}, "properties": {"id": 597, "tmc_scan": 244409.433, "tmc_pixel": 605.87, "fit_residual_px": 0.2375, "heldout_residual_px": 0.3343}}, {"type": "Feature", "geometry": {"type": "Point", "coordinates": [31.33573501, -51.14198249]}, "properties": {"id": 598, "tmc_scan": 244408.601, "tmc_pixel": 558.124, "fit_residual_px": 0.4128, "heldout_residual_px": 0.4611}}, {"type": "Feature", "geometry": {"type": "Point", "coordinates": [31.34821206, -51.14195035]}, "properties": {"id": 599, "tmc_scan": 244407.767, "tmc_pixel": 510.381, "fit_residual_px": 0.3021, "heldout_residual_px": 0.2725}}, {"type": "Feature", "geometry": {"type": "Point", "coordinates": [31.36041516, -51.14196072]}, "properties": {"id": 600, "tmc_scan": 244406.921, "tmc_pixel": 462.638, "fit_residual_px": 0.2619, "heldout_residual_px": 0.208}}, {"type": "Feature", "geometry": {"type": "Point", "coordinates": [31.16291001, -51.14967731]}, "properties": {"id": 601, "tmc_scan": 244374.731, "tmc_pixel": 1227.476, "fit_residual_px": 0.2379, "heldout_residual_px": 0.4862}}, {"type": "Feature", "geometry": {"type": "Point", "coordinates": [31.17508418, -51.14959708]}, "properties": {"id": 602, "tmc_scan": 244374.0, "tmc_pixel": 1179.725, "fit_residual_px": 0.9498, "heldout_residual_px": 1.3344}}, {"type": "Feature", "geometry": {"type": "Point", "coordinates": [31.18752401, -51.14962541]}, "properties": {"id": 603, "tmc_scan": 244373.261, "tmc_pixel": 1131.969, "fit_residual_px": 0.6734, "heldout_residual_px": 1.0377}}, {"type": "Feature", "geometry": {"type": "Point", "coordinates": [31.199899, -51.14960772]}, "properties": {"id": 604, "tmc_scan": 244372.516, "tmc_pixel": 1084.217, "fit_residual_px": 0.6581, "heldout_residual_px": 1.0128}}, {"type": "Feature", "geometry": {"type": "Point", "coordinates": [31.21221306, -51.14956793]}, "properties": {"id": 605, "tmc_scan": 244371.761, "tmc_pixel": 1036.465, "fit_residual_px": 0.8809, "heldout_residual_px": 1.2284}}, {"type": "Feature", "geometry": {"type": "Point", "coordinates": [31.22461272, -51.14956206]}, "properties": {"id": 606, "tmc_scan": 244371.003, "tmc_pixel": 988.713, "fit_residual_px": 0.7159, "heldout_residual_px": 1.0458}}, {"type": "Feature", "geometry": {"type": "Point", "coordinates": [31.23692071, -51.1495571]}, "properties": {"id": 607, "tmc_scan": 244370.234, "tmc_pixel": 940.965, "fit_residual_px": 0.8989, "heldout_residual_px": 1.2056}}, {"type": "Feature", "geometry": {"type": "Point", "coordinates": [31.24933987, -51.14954391]}, "properties": {"id": 608, "tmc_scan": 244369.462, "tmc_pixel": 893.213, "fit_residual_px": 0.6159, "heldout_residual_px": 0.9015}}, {"type": "Feature", "geometry": {"type": "Point", "coordinates": [31.26174075, -51.14955037]}, "properties": {"id": 609, "tmc_scan": 244368.677, "tmc_pixel": 845.469, "fit_residual_px": 0.3997, "heldout_residual_px": 0.6402}}, {"type": "Feature", "geometry": {"type": "Point", "coordinates": [31.27399984, -51.14952785]}, "properties": {"id": 610, "tmc_scan": 244367.891, "tmc_pixel": 797.718, "fit_residual_px": 0.7062, "heldout_residual_px": 0.9321}}, {"type": "Feature", "geometry": {"type": "Point", "coordinates": [31.28648012, -51.14949119]}, "properties": {"id": 611, "tmc_scan": 244367.092, "tmc_pixel": 749.977, "fit_residual_px": 0.1218, "heldout_residual_px": 0.3342}}, {"type": "Feature", "geometry": {"type": "Point", "coordinates": [31.29866291, -51.14948656]}, "properties": {"id": 612, "tmc_scan": 244366.291, "tmc_pixel": 702.228, "fit_residual_px": 0.6878, "heldout_residual_px": 0.8588}}, {"type": "Feature", "geometry": {"type": "Point", "coordinates": [31.31110971, -51.14945088]}, "properties": {"id": 613, "tmc_scan": 244365.477, "tmc_pixel": 654.491, "fit_residual_px": 0.2066, "heldout_residual_px": 0.3585}}, {"type": "Feature", "geometry": {"type": "Point", "coordinates": [31.32348689, -51.14942749]}, "properties": {"id": 614, "tmc_scan": 244364.663, "tmc_pixel": 606.743, "fit_residual_px": 0.1537, "heldout_residual_px": 0.204}}, {"type": "Feature", "geometry": {"type": "Point", "coordinates": [31.33577754, -51.14942797]}, "properties": {"id": 615, "tmc_scan": 244363.835, "tmc_pixel": 559.009, "fit_residual_px": 0.0199, "heldout_residual_px": 0.106}}, {"type": "Feature", "geometry": {"type": "Point", "coordinates": [31.34813753, -51.14941933]}, "properties": {"id": 616, "tmc_scan": 244363.005, "tmc_pixel": 511.264, "fit_residual_px": 0.2196, "heldout_residual_px": 0.1923}}, {"type": "Feature", "geometry": {"type": "Point", "coordinates": [31.36048869, -51.14940963]}, "properties": {"id": 617, "tmc_scan": 244362.163, "tmc_pixel": 463.532, "fit_residual_px": 0.4392, "heldout_residual_px": 0.4496}}, {"type": "Feature", "geometry": {"type": "Point", "coordinates": [31.15029149, -51.15708725]}, "properties": {"id": 618, "tmc_scan": 244330.74, "tmc_pixel": 1275.952, "fit_residual_px": 0.9938, "heldout_residual_px": 1.3878}}, {"type": "Feature", "geometry": {"type": "Point", "coordinates": [31.16269272, -51.15707335]}, "properties": {"id": 619, "tmc_scan": 244330.015, "tmc_pixel": 1228.208, "fit_residual_px": 0.9364, "heldout_residual_px": 1.3249}}, {"type": "Feature", "geometry": {"type": "Point", "coordinates": [31.17518197, -51.15707693]}, "properties": {"id": 620, "tmc_scan": 244329.285, "tmc_pixel": 1180.458, "fit_residual_px": 0.4845, "heldout_residual_px": 0.8649}}, {"type": "Feature", "geometry": {"type": "Point", "coordinates": [31.1874111, -51.15704544]}, "properties": {"id": 621, "tmc_scan": 244328.544, "tmc_pixel": 1132.716, "fit_residual_px": 1.0826, "heldout_residual_px": 1.4541}}, {"type": "Feature", "geometry": {"type": "Point", "coordinates": [31.19992973, -51.15705328]}, "properties": {"id": 622, "tmc_scan": 244327.8, "tmc_pixel": 1084.967, "fit_residual_px": 0.4633, "heldout_residual_px": 0.8222}}, {"type": "Feature", "geometry": {"type": "Point", "coordinates": [31.21232254, -51.1570331]}, "properties": {"id": 623, "tmc_scan": 244327.044, "tmc_pixel": 1037.227, "fit_residual_px": 0.3702, "heldout_residual_px": 0.7087}}, {"type": "Feature", "geometry": {"type": "Point", "coordinates": [31.22465224, -51.15704278]}, "properties": {"id": 624, "tmc_scan": 244326.286, "tmc_pixel": 989.479, "fit_residual_px": 0.4364, "heldout_residual_px": 0.7614}}, {"type": "Feature", "geometry": {"type": "Point", "coordinates": [31.23704448, -51.1570322]}, "properties": {"id": 625, "tmc_scan": 244325.516, "tmc_pixel": 941.742, "fit_residual_px": 0.2729, "heldout_residual_px": 0.5777}}, {"type": "Feature", "geometry": {"type": "Point", "coordinates": [31.24943724, -51.1570131]}, "properties": {"id": 626, "tmc_scan": 244324.744, "tmc_pixel": 893.996, "fit_residual_px": 0.0916, "heldout_residual_px": 0.3792}}, {"type": "Feature", "geometry": {"type": "Point", "coordinates": [31.26178695, -51.15700029]}, "properties": {"id": 627, "tmc_scan": 244323.959, "tmc_pixel": 846.261, "fit_residual_px": 0.0525, "heldout_residual_px": 0.3167}}, {"type": "Feature", "geometry": {"type": "Point", "coordinates": [31.27426878, -51.15698838]}, "properties": {"id": 628, "tmc_scan": 244323.172, "tmc_pixel": 798.518, "fit_residual_px": 0.5425, "heldout_residual_px": 0.3232}}, {"type": "Feature", "geometry": {"type": "Point", "coordinates": [31.28628687, -51.15691582]}, "properties": {"id": 629, "tmc_scan": 244322.373, "tmc_pixel": 750.784, "fit_residual_px": 0.7989, "heldout_residual_px": 1.0087}}, {"type": "Feature", "geometry": {"type": "Point", "coordinates": [31.29864875, -51.15689712]}, "properties": {"id": 630, "tmc_scan": 244321.572, "tmc_pixel": 703.044, "fit_residual_px": 0.6716, "heldout_residual_px": 0.8503}}, {"type": "Feature", "geometry": {"type": "Point", "coordinates": [31.311088, -51.15689675]}, "properties": {"id": 631, "tmc_scan": 244320.758, "tmc_pixel": 655.312, "fit_residual_px": 0.2657, "heldout_residual_px": 0.3842}}, {"type": "Feature", "geometry": {"type": "Point", "coordinates": [31.32346434, -51.15689789]}, "properties": {"id": 632, "tmc_scan": 244319.942, "tmc_pixel": 607.576, "fit_residual_px": 0.2232, "heldout_residual_px": 0.213}}, {"type": "Feature", "geometry": {"type": "Point", "coordinates": [31.3357581, -51.15688387]}, "properties": {"id": 633, "tmc_scan": 244319.115, "tmc_pixel": 559.845, "fit_residual_px": 0.1631, "heldout_residual_px": 0.1776}}, {"type": "Feature", "geometry": {"type": "Point", "coordinates": [31.34812635, -51.15686528]}, "properties": {"id": 634, "tmc_scan": 244318.284, "tmc_pixel": 512.114, "fit_residual_px": 0.4068, "heldout_residual_px": 0.4068}}, {"type": "Feature", "geometry": {"type": "Point", "coordinates": [31.36023243, -51.15680541]}, "properties": {"id": 635, "tmc_scan": 244317.442, "tmc_pixel": 464.383, "fit_residual_px": 0.524, "heldout_residual_px": 0.5453}}, {"type": "Feature", "geometry": {"type": "Point", "coordinates": [31.16270096, -51.16452756]}, "properties": {"id": 636, "tmc_scan": 244285.228, "tmc_pixel": 1228.972, "fit_residual_px": 0.8779, "heldout_residual_px": 1.2583}}, {"type": "Feature", "geometry": {"type": "Point", "coordinates": [31.175145, -51.16450512]}, "properties": {"id": 637, "tmc_scan": 244284.493, "tmc_pixel": 1181.239, "fit_residual_px": 0.6789, "heldout_residual_px": 1.0332}}, {"type": "Feature", "geometry": {"type": "Point", "coordinates": [31.18750677, -51.1645014]}, "properties": {"id": 638, "tmc_scan": 244283.749, "tmc_pixel": 1133.501, "fit_residual_px": 0.6789, "heldout_residual_px": 1.0339}}, {"type": "Feature", "geometry": {"type": "Point", "coordinates": [31.19989197, -51.16452631]}, "properties": {"id": 639, "tmc_scan": 244283.001, "tmc_pixel": 1085.769, "fit_residual_px": 0.5108, "heldout_residual_px": 0.8669}}, {"type": "Feature", "geometry": {"type": "Point", "coordinates": [31.21229762, -51.16450374]}, "properties": {"id": 640, "tmc_scan": 244282.242, "tmc_pixel": 1038.033, "fit_residual_px": 0.3606, "heldout_residual_px": 0.6961}}, {"type": "Feature", "geometry": {"type": "Point", "coordinates": [31.22471129, -51.16449476]}, "properties": {"id": 641, "tmc_scan": 244281.479, "tmc_pixel": 990.303, "fit_residual_px": 0.1638, "heldout_residual_px": 0.4522}}, {"type": "Feature", "geometry": {"type": "Point", "coordinates": [31.23705162, -51.1644797]}, "properties": {"id": 642, "tmc_scan": 244280.706, "tmc_pixel": 942.569, "fit_residual_px": 0.1867, "heldout_residual_px": 0.4683}}, {"type": "Feature", "geometry": {"type": "Point", "coordinates": [31.24950084, -51.16445602]}, "properties": {"id": 643, "tmc_scan": 244279.93, "tmc_pixel": 894.841, "fit_residual_px": 0.3742, "heldout_residual_px": 0.2873}}, {"type": "Feature", "geometry": {"type": "Point", "coordinates": [31.26160864, -51.1644099]}, "properties": {"id": 644, "tmc_scan": 244279.141, "tmc_pixel": 847.109, "fit_residual_px": 0.7371, "heldout_residual_px": 0.991}}, {"type": "Feature", "geometry": {"type": "Point", "coordinates": [31.27399135, -51.16438877]}, "properties": {"id": 645, "tmc_scan": 244278.35, "tmc_pixel": 799.383, "fit_residual_px": 0.6017, "heldout_residual_px": 0.8176}}, {"type": "Feature", "geometry": {"type": "Point", "coordinates": [31.28634668, -51.16437397]}, "properties": {"id": 646, "tmc_scan": 244277.547, "tmc_pixel": 751.653, "fit_residual_px": 0.5207, "heldout_residual_px": 0.7023}}, {"type": "Feature", "geometry": {"type": "Point", "coordinates": [31.2987453, -51.16436134]}, "properties": {"id": 647, "tmc_scan": 244276.742, "tmc_pixel": 703.929, "fit_residual_px": 0.3981, "heldout_residual_px": 0.4923}}, {"type": "Feature", "geometry": {"type": "Point", "coordinates": [31.31102591, -51.16435831]}, "properties": {"id": 648, "tmc_scan": 244275.925, "tmc_pixel": 656.203, "fit_residual_px": 0.3328, "heldout_residual_px": 0.4552}}, {"type": "Feature", "geometry": {"type": "Point", "coordinates": [31.32341561, -51.16436255]}, "properties": {"id": 649, "tmc_scan": 244275.105, "tmc_pixel": 608.481, "fit_residual_px": 0.2516, "heldout_residual_px": 0.2475}}, {"type": "Feature", "geometry": {"type": "Point", "coordinates": [31.33574449, -51.16435233]}, "properties": {"id": 650, "tmc_scan": 244274.273, "tmc_pixel": 560.758, "fit_residual_px": 0.3097, "heldout_residual_px": 0.2892}}, {"type": "Feature", "geometry": {"type": "Point", "coordinates": [31.34818238, -51.16433089]}, "properties": {"id": 651, "tmc_scan": 244273.439, "tmc_pixel": 513.038, "fit_residual_px": 0.8597, "heldout_residual_px": 0.8543}}, {"type": "Feature", "geometry": {"type": "Point", "coordinates": [31.36035291, -51.16428931]}, "properties": {"id": 652, "tmc_scan": 244272.593, "tmc_pixel": 465.319, "fit_residual_px": 0.4461, "heldout_residual_px": 0.4989}}, {"type": "Feature", "geometry": {"type": "Point", "coordinates": [31.15028386, -51.17201337]}, "properties": {"id": 653, "tmc_scan": 244241.02, "tmc_pixel": 1277.567, "fit_residual_px": 0.9405, "heldout_residual_px": 1.325}}, {"type": "Feature", "geometry": {"type": "Point", "coordinates": [31.162745, -51.17199845]}, "properties": {"id": 654, "tmc_scan": 244240.292, "tmc_pixel": 1229.839, "fit_residual_px": 0.6541, "heldout_residual_px": 1.0223}}, {"type": "Feature", "geometry": {"type": "Point", "coordinates": [31.175043, -51.17200876]}, "properties": {"id": 655, "tmc_scan": 244239.557, "tmc_pixel": 1182.111, "fit_residual_px": 0.8878, "heldout_residual_px": 1.2624}}, {"type": "Feature", "geometry": {"type": "Point", "coordinates": [31.18754956, -51.17200013]}, "properties": {"id": 656, "tmc_scan": 244238.814, "tmc_pixel": 1134.383, "fit_residual_px": 0.3552, "heldout_residual_px": 0.7124}}, {"type": "Feature", "geometry": {"type": "Point", "coordinates": [31.19985512, -51.17196333]}, "properties": {"id": 657, "tmc_scan": 244238.066, "tmc_pixel": 1086.658, "fit_residual_px": 0.634, "heldout_residual_px": 0.976}}, {"type": "Feature", "geometry": {"type": "Point", "coordinates": [31.21225655, -51.17199313]}, "properties": {"id": 658, "tmc_scan": 244237.307, "tmc_pixel": 1038.931, "fit_residual_px": 0.3689, "heldout_residual_px": 0.706}}, {"type": "Feature", "geometry": {"type": "Point", "coordinates": [31.22475532, -51.17195652]}, "properties": {"id": 659, "tmc_scan": 244236.545, "tmc_pixel": 991.209, "fit_residual_px": 0.2999, "heldout_residual_px": 0.2903}}, {"type": "Feature", "geometry": {"type": "Point", "coordinates": [31.23696055, -51.17193943]}, "properties": {"id": 660, "tmc_scan": 244235.771, "tmc_pixel": 943.482, "fit_residual_px": 0.4046, "heldout_residual_px": 0.7002}}, {"type": "Feature", "geometry": {"type": "Point", "coordinates": [31.24928115, -51.17188223]}, "properties": {"id": 661, "tmc_scan": 244234.996, "tmc_pixel": 895.764, "fit_residual_px": 0.6452, "heldout_residual_px": 0.8958}}, {"type": "Feature", "geometry": {"type": "Point", "coordinates": [31.26151239, -51.17189748]}, "properties": {"id": 662, "tmc_scan": 244234.207, "tmc_pixel": 848.038, "fit_residual_px": 0.8952, "heldout_residual_px": 1.1528}}, {"type": "Feature", "geometry": {"type": "Point", "coordinates": [31.27390577, -51.17189313]}, "properties": {"id": 663, "tmc_scan": 244233.417, "tmc_pixel": 800.323, "fit_residual_px": 0.6281, "heldout_residual_px": 0.86}}, {"type": "Feature", "geometry": {"type": "Point", "coordinates": [31.28628724, -51.17187025]}, "properties": {"id": 664, "tmc_scan": 244232.614, "tmc_pixel": 752.599, "fit_residual_px": 0.4403, "heldout_residual_px": 0.6402}}, {"type": "Feature", "geometry": {"type": "Point", "coordinates": [31.29865812, -51.17185978]}, "properties": {"id": 665, "tmc_scan": 244231.81, "tmc_pixel": 704.886, "fit_residual_px": 0.2594, "heldout_residual_px": 0.4183}}, {"type": "Feature", "geometry": {"type": "Point", "coordinates": [31.31089737, -51.17182237]}, "properties": {"id": 666, "tmc_scan": 244230.992, "tmc_pixel": 657.164, "fit_residual_px": 0.5626, "heldout_residual_px": 0.704}}, {"type": "Feature", "geometry": {"type": "Point", "coordinates": [31.32325524, -51.17181855]}, "properties": {"id": 667, "tmc_scan": 244230.173, "tmc_pixel": 609.454, "fit_residual_px": 0.3499, "heldout_residual_px": 0.4589}}, {"type": "Feature", "geometry": {"type": "Point", "coordinates": [31.33577861, -51.17181314]}, "properties": {"id": 668, "tmc_scan": 244229.342, "tmc_pixel": 561.735, "fit_residual_px": 0.673, "heldout_residual_px": 0.6408}}, {"type": "Feature", "geometry": {"type": "Point", "coordinates": [31.34786041, -51.17181019]}, "properties": {"id": 669, "tmc_scan": 244228.507, "tmc_pixel": 514.028, "fit_residual_px": 0.2256, "heldout_residual_px": 0.2583}}, {"type": "Feature", "geometry": {"type": "Point", "coordinates": [31.36025217, -51.17179105]}, "properties": {"id": 670, "tmc_scan": 244227.662, "tmc_pixel": 466.312, "fit_residual_px": 0.2036, "heldout_residual_px": 0.2513}}, {"type": "Feature", "geometry": {"type": "Point", "coordinates": [31.15023814, -51.17947839]}, "properties": {"id": 671, "tmc_scan": 244196.091, "tmc_pixel": 1278.424, "fit_residual_px": 1.0629, "heldout_residual_px": 1.4441}}, {"type": "Feature", "geometry": {"type": "Point", "coordinates": [31.16276641, -51.17946795]}, "properties": {"id": 672, "tmc_scan": 244195.364, "tmc_pixel": 1230.701, "fit_residual_px": 0.5238, "heldout_residual_px": 0.8741}}, {"type": "Feature", "geometry": {"type": "Point", "coordinates": [31.17503367, -51.17947364]}, "properties": {"id": 673, "tmc_scan": 244194.632, "tmc_pixel": 1182.98, "fit_residual_px": 0.8471, "heldout_residual_px": 1.2176}}, {"type": "Feature", "geometry": {"type": "Point", "coordinates": [31.18748919, -51.17944702]}, "properties": {"id": 674, "tmc_scan": 244193.89, "tmc_pixel": 1135.259, "fit_residual_px": 0.5568, "heldout_residual_px": 0.9016}}, {"type": "Feature", "geometry": {"type": "Point", "coordinates": [31.1998257, -51.17945438]}, "properties": {"id": 675, "tmc_scan": 244193.144, "tmc_pixel": 1087.54, "fit_residual_px": 0.5834, "heldout_residual_px": 0.9313}}, {"type": "Feature", "geometry": {"type": "Point", "coordinates": [31.21219765, -51.1794355]}, "properties": {"id": 676, "tmc_scan": 244192.386, "tmc_pixel": 1039.82, "fit_residual_px": 0.5329, "heldout_residual_px": 0.8638}}, {"type": "Feature", "geometry": {"type": "Point", "coordinates": [31.22473848, -51.17943269]}, "properties": {"id": 677, "tmc_scan": 244191.626, "tmc_pixel": 992.104, "fit_residual_px": 0.3293, "heldout_residual_px": 0.2364}}, {"type": "Feature", "geometry": {"type": "Point", "coordinates": [31.23691061, -51.17940979]}, "properties": {"id": 678, "tmc_scan": 244190.854, "tmc_pixel": 944.386, "fit_residual_px": 0.4536, "heldout_residual_px": 0.7487}}, {"type": "Feature", "geometry": {"type": "Point", "coordinates": [31.2495076, -51.17940114]}, "properties": {"id": 679, "tmc_scan": 244190.081, "tmc_pixel": 896.671, "fit_residual_px": 0.664, "heldout_residual_px": 0.4501}}, {"type": "Feature", "geometry": {"type": "Point", "coordinates": [31.26147583, -51.17933503]}, "properties": {"id": 680, "tmc_scan": 244189.294, "tmc_pixel": 848.955, "fit_residual_px": 0.9657, "heldout_residual_px": 1.2146}}, {"type": "Feature", "geometry": {"type": "Point", "coordinates": [31.27391237, -51.17936933]}, "properties": {"id": 681, "tmc_scan": 244188.506, "tmc_pixel": 801.242, "fit_residual_px": 0.4237, "heldout_residual_px": 0.6516}}, {"type": "Feature", "geometry": {"type": "Point", "coordinates": [31.286224, -51.17934556]}, "properties": {"id": 682, "tmc_scan": 244187.704, "tmc_pixel": 753.529, "fit_residual_px": 0.48, "heldout_residual_px": 0.6799}}, {"type": "Feature", "geometry": {"type": "Point", "coordinates": [31.29856057, -51.17931369]}, "properties": {"id": 683, "tmc_scan": 244186.901, "tmc_pixel": 705.818, "fit_residual_px": 0.4655, "heldout_residual_px": 0.6301}}, {"type": "Feature", "geometry": {"type": "Point", "coordinates": [31.31091419, -51.17929244]}, "properties": {"id": 684, "tmc_scan": 244186.086, "tmc_pixel": 658.108, "fit_residual_px": 0.3777, "heldout_residual_px": 0.4988}}, {"type": "Feature", "geometry": {"type": "Point", "coordinates": [31.3232631, -51.17927351]}, "properties": {"id": 685, "tmc_scan": 244185.268, "tmc_pixel": 610.399, "fit_residual_px": 0.3441, "heldout_residual_px": 0.4146}}, {"type": "Feature", "geometry": {"type": "Point", "coordinates": [31.33574709, -51.17929378]}, "properties": {"id": 686, "tmc_scan": 244184.439, "tmc_pixel": 562.692, "fit_residual_px": 0.7616, "heldout_residual_px": 1.1584}}, {"type": "Feature", "geometry": {"type": "Point", "coordinates": [31.34785153, -51.1792808]}, "properties": {"id": 687, "tmc_scan": 244183.606, "tmc_pixel": 514.984, "fit_residual_px": 0.059, "heldout_residual_px": 0.4091}}, {"type": "Feature", "geometry": {"type": "Point", "coordinates": [31.36022768, -51.17926784]}, "properties": {"id": 688, "tmc_scan": 244182.763, "tmc_pixel": 467.282, "fit_residual_px": 0.3476, "heldout_residual_px": 0.7645}}, {"type": "Feature", "geometry": {"type": "Point", "coordinates": [31.16280485, -51.18697079]}, "properties": {"id": 689, "tmc_scan": 244150.514, "tmc_pixel": 1231.485, "fit_residual_px": 0.2042, "heldout_residual_px": 0.1471}}, {"type": "Feature", "geometry": {"type": "Point", "coordinates": [31.17500965, -51.18695312]}, "properties": {"id": 690, "tmc_scan": 244149.782, "tmc_pixel": 1183.774, "fit_residual_px": 0.8351, "heldout_residual_px": 0.7487}}, {"type": "Feature", "geometry": {"type": "Point", "coordinates": [31.18752333, -51.18695157]}, "properties": {"id": 691, "tmc_scan": 244149.04, "tmc_pixel": 1136.058, "fit_residual_px": 0.2325, "heldout_residual_px": 0.1317}}, {"type": "Feature", "geometry": {"type": "Point", "coordinates": [31.19982739, -51.18692009]}, "properties": {"id": 692, "tmc_scan": 244148.294, "tmc_pixel": 1088.351, "fit_residual_px": 0.4799, "heldout_residual_px": 0.2716}}, {"type": "Feature", "geometry": {"type": "Point", "coordinates": [31.21218024, -51.18690661]}, "properties": {"id": 693, "tmc_scan": 244147.536, "tmc_pixel": 1040.636, "fit_residual_px": 0.4777, "heldout_residual_px": 0.2305}}, {"type": "Feature", "geometry": {"type": "Point", "coordinates": [31.22467101, -51.18692303]}, "properties": {"id": 694, "tmc_scan": 244146.777, "tmc_pixel": 992.931, "fit_residual_px": 0.1577, "heldout_residual_px": 0.4224}}, {"type": "Feature", "geometry": {"type": "Point", "coordinates": [31.23698944, -51.18687318]}, "properties": {"id": 695, "tmc_scan": 244146.005, "tmc_pixel": 945.217, "fit_residual_px": 0.2554, "heldout_residual_px": 0.3374}}, {"type": "Feature", "geometry": {"type": "Point", "coordinates": [31.24939273, -51.18689081]}, "properties": {"id": 696, "tmc_scan": 244145.231, "tmc_pixel": 897.515, "fit_residual_px": 0.3404, "heldout_residual_px": 0.6494}}, {"type": "Feature", "geometry": {"type": "Point", "coordinates": [31.26151704, -51.18685314]}, "properties": {"id": 697, "tmc_scan": 244144.444, "tmc_pixel": 849.802, "fit_residual_px": 0.5248, "heldout_residual_px": 0.1719}}, {"type": "Feature", "geometry": {"type": "Point", "coordinates": [31.27387013, -51.18683422]}, "properties": {"id": 698, "tmc_scan": 244143.656, "tmc_pixel": 802.103, "fit_residual_px": 0.4262, "heldout_residual_px": 0.0405}}, {"type": "Feature", "geometry": {"type": "Point", "coordinates": [31.28620806, -51.1867832]}, "properties": {"id": 699, "tmc_scan": 244142.854, "tmc_pixel": 754.392, "fit_residual_px": 0.5164, "heldout_residual_px": 0.2542}}, {"type": "Feature", "geometry": {"type": "Point", "coordinates": [31.29851634, -51.18677788]}, "properties": {"id": 700, "tmc_scan": 244142.051, "tmc_pixel": 706.695, "fit_residual_px": 0.471, "heldout_residual_px": 0.1824}}, {"type": "Feature", "geometry": {"type": "Point", "coordinates": [31.31096193, -51.18679825]}, "properties": {"id": 701, "tmc_scan": 244141.236, "tmc_pixel": 658.987, "fit_residual_px": 0.2595, "heldout_residual_px": 0.6328}}, {"type": "Feature", "geometry": {"type": "Point", "coordinates": [31.32338707, -51.18677564]}, "properties": {"id": 702, "tmc_scan": 244140.418, "tmc_pixel": 611.293, "fit_residual_px": 0.7478, "heldout_residual_px": 1.1363}}, {"type": "Feature", "geometry": {"type": "Point", "coordinates": [31.33562045, -51.18675264]}, "properties": {"id": 703, "tmc_scan": 244139.589, "tmc_pixel": 563.588, "fit_residual_px": 0.5078, "heldout_residual_px": 0.8863}}, {"type": "Feature", "geometry": {"type": "Point", "coordinates": [31.34794891, -51.18673478]}, "properties": {"id": 704, "tmc_scan": 244138.756, "tmc_pixel": 515.895, "fit_residual_px": 0.6519, "heldout_residual_px": 1.0405}}, {"type": "Feature", "geometry": {"type": "Point", "coordinates": [31.3602843, -51.18673892]}, "properties": {"id": 705, "tmc_scan": 244137.913, "tmc_pixel": 468.194, "fit_residual_px": 0.8355, "heldout_residual_px": 1.2527}}, {"type": "Feature", "geometry": {"type": "Point", "coordinates": [31.15036597, -51.19442548]}, "properties": {"id": 706, "tmc_scan": 244106.391, "tmc_pixel": 1279.983, "fit_residual_px": 0.4537, "heldout_residual_px": 0.3733}}, {"type": "Feature", "geometry": {"type": "Point", "coordinates": [31.16285367, -51.19442681]}, "properties": {"id": 707, "tmc_scan": 244105.664, "tmc_pixel": 1232.278, "fit_residual_px": 0.259, "heldout_residual_px": 0.1637}}, {"type": "Feature", "geometry": {"type": "Point", "coordinates": [31.17495413, -51.19441563]}, "properties": {"id": 708, "tmc_scan": 244104.931, "tmc_pixel": 1184.572, "fit_residual_px": 0.9664, "heldout_residual_px": 0.864}}, {"type": "Feature", "geometry": {"type": "Point", "coordinates": [31.18761607, -51.19441756]}, "properties": {"id": 709, "tmc_scan": 244104.189, "tmc_pixel": 1136.869, "fit_residual_px": 0.3014, "heldout_residual_px": 0.4059}}, {"type": "Feature", "geometry": {"type": "Point", "coordinates": [31.19985483, -51.19439064]}, "properties": {"id": 710, "tmc_scan": 244103.443, "tmc_pixel": 1089.166, "fit_residual_px": 0.287, "heldout_residual_px": 0.0352}}, {"type": "Feature", "geometry": {"type": "Point", "coordinates": [31.21218106, -51.19438004]}, "properties": {"id": 711, "tmc_scan": 244102.684, "tmc_pixel": 1041.465, "fit_residual_px": 0.3469, "heldout_residual_px": 0.0841}}, {"type": "Feature", "geometry": {"type": "Point", "coordinates": [31.22460346, -51.19435097]}, "properties": {"id": 712, "tmc_scan": 244101.923, "tmc_pixel": 993.765, "fit_residual_px": 0.2886, "heldout_residual_px": 0.2874}}, {"type": "Feature", "geometry": {"type": "Point", "coordinates": [31.23696341, -51.19433388]}, "properties": {"id": 713, "tmc_scan": 244101.149, "tmc_pixel": 946.066, "fit_residual_px": 0.3243, "heldout_residual_px": 0.4062}}, {"type": "Feature", "geometry": {"type": "Point", "coordinates": [31.24940499, -51.19437033]}, "properties": {"id": 714, "tmc_scan": 244100.374, "tmc_pixel": 898.368, "fit_residual_px": 0.5548, "heldout_residual_px": 0.8815}}, {"type": "Feature", "geometry": {"type": "Point", "coordinates": [31.26151388, -51.19432487]}, "properties": {"id": 715, "tmc_scan": 244099.585, "tmc_pixel": 850.671, "fit_residual_px": 0.3676, "heldout_residual_px": 0.0146}}, {"type": "Feature", "geometry": {"type": "Point", "coordinates": [31.2738962, -51.194297]}, "properties": {"id": 716, "tmc_scan": 244098.795, "tmc_pixel": 802.975, "fit_residual_px": 0.255, "heldout_residual_px": 0.2739}}, {"type": "Feature", "geometry": {"type": "Point", "coordinates": [31.28621075, -51.19425279]}, "properties": {"id": 717, "tmc_scan": 244097.993, "tmc_pixel": 755.281, "fit_residual_px": 0.4285, "heldout_residual_px": 0.3698}}, {"type": "Feature", "geometry": {"type": "Point", "coordinates": [31.29856509, -51.19424308]}, "properties": {"id": 718, "tmc_scan": 244097.188, "tmc_pixel": 707.587, "fit_residual_px": 0.3826, "heldout_residual_px": 0.5112}}, {"type": "Feature", "geometry": {"type": "Point", "coordinates": [31.3108835, -51.19424744]}, "properties": {"id": 719, "tmc_scan": 244096.371, "tmc_pixel": 659.895, "fit_residual_px": 0.2724, "heldout_residual_px": 0.5414}}, {"type": "Feature", "geometry": {"type": "Point", "coordinates": [31.3232301, -51.19423369]}, "properties": {"id": 720, "tmc_scan": 244095.551, "tmc_pixel": 612.204, "fit_residual_px": 0.3918, "heldout_residual_px": 0.7388}}, {"type": "Feature", "geometry": {"type": "Point", "coordinates": [31.33565587, -51.19422187]}, "properties": {"id": 721, "tmc_scan": 244094.721, "tmc_pixel": 564.515, "fit_residual_px": 0.8827, "heldout_residual_px": 1.2772}}, {"type": "Feature", "geometry": {"type": "Point", "coordinates": [31.34797763, -51.19420596]}, "properties": {"id": 722, "tmc_scan": 244093.886, "tmc_pixel": 516.826, "fit_residual_px": 1.0137, "heldout_residual_px": 1.4152}}, {"type": "Feature", "geometry": {"type": "Point", "coordinates": [31.36006116, -51.19419092]}, "properties": {"id": 723, "tmc_scan": 244093.042, "tmc_pixel": 469.141, "fit_residual_px": 0.2303, "heldout_residual_px": 0.6113}}, {"type": "Feature", "geometry": {"type": "Point", "coordinates": [31.15030825, -51.20191404]}, "properties": {"id": 724, "tmc_scan": 244061.429, "tmc_pixel": 1280.881, "fit_residual_px": 0.5181, "heldout_residual_px": 0.4989}}, {"type": "Feature", "geometry": {"type": "Point", "coordinates": [31.16274379, -51.20189831]}, "properties": {"id": 725, "tmc_scan": 244060.699, "tmc_pixel": 1233.181, "fit_residual_px": 0.3011, "heldout_residual_px": 0.1784}}, {"type": "Feature", "geometry": {"type": "Point", "coordinates": [31.17495176, -51.20188846]}, "properties": {"id": 726, "tmc_scan": 244059.966, "tmc_pixel": 1185.491, "fit_residual_px": 0.8676, "heldout_residual_px": 0.7586}}, {"type": "Feature", "geometry": {"type": "Point", "coordinates": [31.18748278, -51.20187509]}, "properties": {"id": 727, "tmc_scan": 244059.222, "tmc_pixel": 1137.792, "fit_residual_px": 0.2468, "heldout_residual_px": 0.0144}}, {"type": "Feature", "geometry": {"type": "Point", "coordinates": [31.19975622, -51.20188574]}, "properties": {"id": 728, "tmc_scan": 244058.475, "tmc_pixel": 1090.105, "fit_residual_px": 0.4678, "heldout_residual_px": 0.3259}}, {"type": "Feature", "geometry": {"type": "Point", "coordinates": [31.21219217, -51.20185932]}, "properties": {"id": 729, "tmc_scan": 244057.715, "tmc_pixel": 1042.406, "fit_residual_px": 0.1657, "heldout_residual_px": 0.124}}, {"type": "Feature", "geometry": {"type": "Point", "coordinates": [31.22449391, -51.20185955]}, "properties": {"id": 730, "tmc_scan": 244056.954, "tmc_pixel": 994.721, "fit_residual_px": 0.2677, "heldout_residual_px": 0.1525}}, {"type": "Feature", "geometry": {"type": "Point", "coordinates": [31.23688903, -51.20183572]}, "properties": {"id": 731, "tmc_scan": 244056.18, "tmc_pixel": 947.024, "fit_residual_px": 0.0982, "heldout_residual_px": 0.2706}}, {"type": "Feature", "geometry": {"type": "Point", "coordinates": [31.24928947, -51.20183286]}, "properties": {"id": 732, "tmc_scan": 244055.405, "tmc_pixel": 899.342, "fit_residual_px": 0.2599, "heldout_residual_px": 0.592}}, {"type": "Feature", "geometry": {"type": "Point", "coordinates": [31.26158394, -51.20183074]}, "properties": {"id": 733, "tmc_scan": 244054.616, "tmc_pixel": 851.647, "fit_residual_px": 0.1546, "heldout_residual_px": 0.5345}}, {"type": "Feature", "geometry": {"type": "Point", "coordinates": [31.27394522, -51.20178395]}, "properties": {"id": 734, "tmc_scan": 244053.826, "tmc_pixel": 803.967, "fit_residual_px": 0.3344, "heldout_residual_px": 0.6667}}, {"type": "Feature", "geometry": {"type": "Point", "coordinates": [31.28611675, -51.20174597]}, "properties": {"id": 735, "tmc_scan": 244053.023, "tmc_pixel": 756.275, "fit_residual_px": 0.3745, "heldout_residual_px": 0.14}}, {"type": "Feature", "geometry": {"type": "Point", "coordinates": [31.29862776, -51.20175384]}, "properties": {"id": 736, "tmc_scan": 244052.218, "tmc_pixel": 708.596, "fit_residual_px": 0.5674, "heldout_residual_px": 0.9491}}, {"type": "Feature", "geometry": {"type": "Point", "coordinates": [31.31082727, -51.2017237]}, "properties": {"id": 737, "tmc_scan": 244051.401, "tmc_pixel": 660.908, "fit_residual_px": 0.2351, "heldout_residual_px": 0.5431}}, {"type": "Feature", "geometry": {"type": "Point", "coordinates": [31.32328051, -51.20171075]}, "properties": {"id": 738, "tmc_scan": 244050.581, "tmc_pixel": 613.23, "fit_residual_px": 0.7911, "heldout_residual_px": 1.1847}}, {"type": "Feature", "geometry": {"type": "Point", "coordinates": [31.33545891, -51.20172424]}, "properties": {"id": 739, "tmc_scan": 244049.75, "tmc_pixel": 565.546, "fit_residual_px": 0.3245, "heldout_residual_px": 0.768}}, {"type": "Feature", "geometry": {"type": "Point", "coordinates": [31.34789785, -51.20170209]}, "properties": {"id": 740, "tmc_scan": 244048.915, "tmc_pixel": 517.87, "fit_residual_px": 0.9418, "heldout_residual_px": 1.3716}}, {"type": "Feature", "geometry": {"type": "Point", "coordinates": [31.15026912, -51.20941195]}, "properties": {"id": 741, "tmc_scan": 244016.448, "tmc_pixel": 1281.798, "fit_residual_px": 0.5525, "heldout_residual_px": 0.5942}}, {"type": "Feature", "geometry": {"type": "Point", "coordinates": [31.16271077, -51.20938915]}, "properties": {"id": 742, "tmc_scan": 244015.719, "tmc_pixel": 1234.113, "fit_residual_px": 0.2589, "heldout_residual_px": 0.2406}}, {"type": "Feature", "geometry": {"type": "Point", "coordinates": [31.17495732, -51.20936843]}, "properties": {"id": 743, "tmc_scan": 244014.986, "tmc_pixel": 1186.424, "fit_residual_px": 0.7221, "heldout_residual_px": 0.6201}}, {"type": "Feature", "geometry": {"type": "Point", "coordinates": [31.18742185, -51.20936977]}, "properties": {"id": 744, "tmc_scan": 244014.243, "tmc_pixel": 1138.74, "fit_residual_px": 0.2718, "heldout_residual_px": 0.2059}}, {"type": "Feature", "geometry": {"type": "Point", "coordinates": [31.19973446, -51.20936139]}, "properties": {"id": 745, "tmc_scan": 244013.496, "tmc_pixel": 1091.054, "fit_residual_px": 0.4194, "heldout_residual_px": 0.3033}}, {"type": "Feature", "geometry": {"type": "Point", "coordinates": [31.21212671, -51.20934913]}, "properties": {"id": 746, "tmc_scan": 244012.737, "tmc_pixel": 1043.371, "fit_residual_px": 0.2249, "heldout_residual_px": 0.195}}, {"type": "Feature", "geometry": {"type": "Point", "coordinates": [31.22439816, -51.20935002]}, "properties": {"id": 747, "tmc_scan": 244011.976, "tmc_pixel": 995.688, "fit_residual_px": 0.5061, "heldout_residual_px": 0.3765}}, {"type": "Feature", "geometry": {"type": "Point", "coordinates": [31.23692185, -51.20930631]}, "properties": {"id": 748, "tmc_scan": 244011.202, "tmc_pixel": 948.006, "fit_residual_px": 0.2883, "heldout_residual_px": 0.5704}}, {"type": "Feature", "geometry": {"type": "Point", "coordinates": [31.24921546, -51.20933407]}, "properties": {"id": 749, "tmc_scan": 244010.427, "tmc_pixel": 900.325, "fit_residual_px": 0.2341, "heldout_residual_px": 0.5873}}, {"type": "Feature", "geometry": {"type": "Point", "coordinates": [31.26155613, -51.2093122]}, "properties": {"id": 750, "tmc_scan": 244009.639, "tmc_pixel": 852.645, "fit_residual_px": 0.2611, "heldout_residual_px": 0.6458}}, {"type": "Feature", "geometry": {"type": "Point", "coordinates": [31.27409198, -51.2093281]}, "properties": {"id": 751, "tmc_scan": 244008.849, "tmc_pixel": 804.967, "fit_residual_px": 1.1582, "heldout_residual_px": 1.5585}}, {"type": "Feature", "geometry": {"type": "Point", "coordinates": [31.28612479, -51.20923402]}, "properties": {"id": 752, "tmc_scan": 244008.046, "tmc_pixel": 757.288, "fit_residual_px": 0.1458, "heldout_residual_px": 0.3603}}, {"type": "Feature", "geometry": {"type": "Point", "coordinates": [31.29847784, -51.20923467]}, "properties": {"id": 753, "tmc_scan": 244007.242, "tmc_pixel": 709.612, "fit_residual_px": 0.1765, "heldout_residual_px": 0.5863}}, {"type": "Feature", "geometry": {"type": "Point", "coordinates": [31.31079734, -51.20922569]}, "properties": {"id": 754, "tmc_scan": 244006.425, "tmc_pixel": 661.936, "fit_residual_px": 0.2561, "heldout_residual_px": 0.6898}}, {"type": "Feature", "geometry": {"type": "Point", "coordinates": [31.32324015, -51.20919489]}, "properties": {"id": 755, "tmc_scan": 244005.605, "tmc_pixel": 614.263, "fit_residual_px": 0.8592, "heldout_residual_px": 1.2752}}, {"type": "Feature", "geometry": {"type": "Point", "coordinates": [31.33543884, -51.20920949]}, "properties": {"id": 756, "tmc_scan": 244004.775, "tmc_pixel": 566.59, "fit_residual_px": 0.5184, "heldout_residual_px": 0.97}}, {"type": "Feature", "geometry": {"type": "Point", "coordinates": [31.15033625, -51.21692755]}, "properties": {"id": 757, "tmc_scan": 243971.441, "tmc_pixel": 1282.717, "fit_residual_px": 0.3484, "heldout_residual_px": 0.5354}}, {"type": "Feature", "geometry": {"type": "Point", "coordinates": [31.16247421, -51.21687049]}, "properties": {"id": 758, "tmc_scan": 243970.711, "tmc_pixel": 1235.033, "fit_residual_px": 1.0978, "heldout_residual_px": 1.0639}}, {"type": "Feature", "geometry": {"type": "Point", "coordinates": [31.1750543, -51.21686269]}, "properties": {"id": 759, "tmc_scan": 243969.979, "tmc_pixel": 1187.359, "fit_residual_px": 0.2033, "heldout_residual_px": 0.2543}}, {"type": "Feature", "geometry": {"type": "Point", "coordinates": [31.18729357, -51.21687697]}, "properties": {"id": 760, "tmc_scan": 243969.234, "tmc_pixel": 1139.676, "fit_residual_px": 0.6904, "heldout_residual_px": 0.6524}}, {"type": "Feature", "geometry": {"type": "Point", "coordinates": [31.19968738, -51.21684391]}, "properties": {"id": 761, "tmc_scan": 243968.487, "tmc_pixel": 1092.004, "fit_residual_px": 0.4761, "heldout_residual_px": 0.3929}}, {"type": "Feature", "geometry": {"type": "Point", "coordinates": [31.21202162, -51.21685212]}, "properties": {"id": 762, "tmc_scan": 243967.728, "tmc_pixel": 1044.323, "fit_residual_px": 0.5448, "heldout_residual_px": 0.4945}}, {"type": "Feature", "geometry": {"type": "Point", "coordinates": [31.22438801, -51.21683279]}, "properties": {"id": 763, "tmc_scan": 243966.967, "tmc_pixel": 996.653, "fit_residual_px": 0.4189, "heldout_residual_px": 0.3943}}, {"type": "Feature", "geometry": {"type": "Point", "coordinates": [31.23684304, -51.2168166]}, "properties": {"id": 764, "tmc_scan": 243966.193, "tmc_pixel": 948.974, "fit_residual_px": 0.2196, "heldout_residual_px": 0.5584}}, {"type": "Feature", "geometry": {"type": "Point", "coordinates": [31.24916101, -51.21681783]}, "properties": {"id": 765, "tmc_scan": 243965.418, "tmc_pixel": 901.305, "fit_residual_px": 0.3004, "heldout_residual_px": 0.6313}}, {"type": "Feature", "geometry": {"type": "Point", "coordinates": [31.26152373, -51.21680268]}, "properties": {"id": 766, "tmc_scan": 243964.629, "tmc_pixel": 853.629, "fit_residual_px": 0.3992, "heldout_residual_px": 0.781}}, {"type": "Feature", "geometry": {"type": "Point", "coordinates": [31.27390502, -51.21679458]}, "properties": {"id": 767, "tmc_scan": 243963.839, "tmc_pixel": 805.962, "fit_residual_px": 0.6478, "heldout_residual_px": 1.0558}}, {"type": "Feature", "geometry": {"type": "Point", "coordinates": [31.28615355, -51.21675797]}, "properties": {"id": 768, "tmc_scan": 243963.036, "tmc_pixel": 758.289, "fit_residual_px": 0.3761, "heldout_residual_px": 0.7982}}, {"type": "Feature", "geometry": {"type": "Point", "coordinates": [31.2984046, -51.2167374]}, "properties": {"id": 769, "tmc_scan": 243962.231, "tmc_pixel": 710.623, "fit_residual_px": 0.2136, "heldout_residual_px": 0.6224}}, {"type": "Feature", "geometry": {"type": "Point", "coordinates": [31.31081505, -51.21671313]}, "properties": {"id": 770, "tmc_scan": 243961.415, "tmc_pixel": 662.953, "fit_residual_px": 0.5836, "heldout_residual_px": 1.026}}, {"type": "Feature", "geometry": {"type": "Point", "coordinates": [31.32311604, -51.21669989]}, "properties": {"id": 771, "tmc_scan": 243960.595, "tmc_pixel": 615.289, "fit_residual_px": 0.6301, "heldout_residual_px": 1.0804}}, {"type": "Feature", "geometry": {"type": "Point", "coordinates": [31.33541877, -51.21666519]}, "properties": {"id": 772, "tmc_scan": 243959.764, "tmc_pixel": 567.624, "fit_residual_px": 0.679, "heldout_residual_px": 1.1228}}, {"type": "Feature", "geometry": {"type": "Point", "coordinates": [31.34769698, -51.2166617]}, "properties": {"id": 773, "tmc_scan": 243958.929, "tmc_pixel": 519.961, "fit_residual_px": 0.6892, "heldout_residual_px": 1.1425}}, {"type": "Feature", "geometry": {"type": "Point", "coordinates": [31.15030333, -51.22441777]}, "properties": {"id": 774, "tmc_scan": 243926.418, "tmc_pixel": 1283.63, "fit_residual_px": 0.4805, "heldout_residual_px": 0.6712}}, {"type": "Feature", "geometry": {"type": "Point", "coordinates": [31.16259273, -51.22442177]}, "properties": {"id": 775, "tmc_scan": 243925.689, "tmc_pixel": 1235.959, "fit_residual_px": 0.733, "heldout_residual_px": 0.8602}}, {"type": "Feature", "geometry": {"type": "Point", "coordinates": [31.17506292, -51.22439347]}, "properties": {"id": 776, "tmc_scan": 243924.957, "tmc_pixel": 1188.288, "fit_residual_px": 0.4302, "heldout_residual_px": 0.635}}, {"type": "Feature", "geometry": {"type": "Point", "coordinates": [31.18740976, -51.22438628]}, "properties": {"id": 777, "tmc_scan": 243924.213, "tmc_pixel": 1140.618, "fit_residual_px": 0.4671, "heldout_residual_px": 0.6716}}, {"type": "Feature", "geometry": {"type": "Point", "coordinates": [31.19964619, -51.2243397]}, "properties": {"id": 778, "tmc_scan": 243923.466, "tmc_pixel": 1092.95, "fit_residual_px": 0.5497, "heldout_residual_px": 0.5352}}, {"type": "Feature", "geometry": {"type": "Point", "coordinates": [31.21193237, -51.22430396]}, "properties": {"id": 779, "tmc_scan": 243922.707, "tmc_pixel": 1045.281, "fit_residual_px": 0.7102, "heldout_residual_px": 0.5583}}, {"type": "Feature", "geometry": {"type": "Point", "coordinates": [31.22430027, -51.2242991]}, "properties": {"id": 780, "tmc_scan": 243921.947, "tmc_pixel": 997.616, "fit_residual_px": 0.5859, "heldout_residual_px": 0.4652}}, {"type": "Feature", "geometry": {"type": "Point", "coordinates": [31.23673534, -51.224278]}, "properties": {"id": 781, "tmc_scan": 243921.173, "tmc_pixel": 949.948, "fit_residual_px": 0.1793, "heldout_residual_px": 0.3605}}, {"type": "Feature", "geometry": {"type": "Point", "coordinates": [31.24903934, -51.22428253]}, "properties": {"id": 782, "tmc_scan": 243920.398, "tmc_pixel": 902.285, "fit_residual_px": 0.3223, "heldout_residual_px": 0.4592}}, {"type": "Feature", "geometry": {"type": "Point", "coordinates": [31.26146876, -51.22425657]}, "properties": {"id": 783, "tmc_scan": 243919.61, "tmc_pixel": 854.619, "fit_residual_px": 0.3194, "heldout_residual_px": 0.7133}}, {"type": "Feature", "geometry": {"type": "Point", "coordinates": [31.27372094, -51.22426924]}, "properties": {"id": 784, "tmc_scan": 243918.821, "tmc_pixel": 806.959, "fit_residual_px": 0.3731, "heldout_residual_px": 0.6806}}, {"type": "Feature", "geometry": {"type": "Point", "coordinates": [31.28614252, -51.2242474]}, "properties": {"id": 785, "tmc_scan": 243918.018, "tmc_pixel": 759.294, "fit_residual_px": 0.5977, "heldout_residual_px": 1.0226}}, {"type": "Feature", "geometry": {"type": "Point", "coordinates": [31.29851721, -51.22422144]}, "properties": {"id": 786, "tmc_scan": 243917.214, "tmc_pixel": 711.637, "fit_residual_px": 0.8445, "heldout_residual_px": 1.2837}}, {"type": "Feature", "geometry": {"type": "Point", "coordinates": [31.31053311, -51.22420701]}, "properties": {"id": 787, "tmc_scan": 243916.398, "tmc_pixel": 663.975, "fit_residual_px": 0.4459, "heldout_residual_px": 0.4894}}, {"type": "Feature", "geometry": {"type": "Point", "coordinates": [31.32308453, -51.22419049]}, "properties": {"id": 788, "tmc_scan": 243915.578, "tmc_pixel": 616.32, "fit_residual_px": 0.7985, "heldout_residual_px": 1.2541}}, {"type": "Feature", "geometry": {"type": "Point", "coordinates": [31.33543839, -51.22417518]}, "properties": {"id": 789, "tmc_scan": 243914.749, "tmc_pixel": 568.661, "fit_residual_px": 1.0751, "heldout_residual_px": 1.5326}}, {"type": "Feature", "geometry": {"type": "Point", "coordinates": [31.34761084, -51.2241581]}, "properties": {"id": 790, "tmc_scan": 243913.914, "tmc_pixel": 521.008, "fit_residual_px": 0.6909, "heldout_residual_px": 1.1477}}, {"type": "Feature", "geometry": {"type": "Point", "coordinates": [31.1501889, -51.23191285]}, "properties": {"id": 791, "tmc_scan": 243881.48, "tmc_pixel": 1284.472, "fit_residual_px": 0.8242, "heldout_residual_px": 0.9769}}, {"type": "Feature", "geometry": {"type": "Point", "coordinates": [31.16264566, -51.23188919]}, "properties": {"id": 792, "tmc_scan": 243880.755, "tmc_pixel": 1236.803, "fit_residual_px": 0.547, "heldout_residual_px": 0.7342}}, {"type": "Feature", "geometry": {"type": "Point", "coordinates": [31.17508608, -51.23187493]}, "properties": {"id": 793, "tmc_scan": 243880.026, "tmc_pixel": 1189.138, "fit_residual_px": 0.5387, "heldout_residual_px": 0.7716}}, {"type": "Feature", "geometry": {"type": "Point", "coordinates": [31.1874541, -51.2318594]}, "properties": {"id": 794, "tmc_scan": 243879.285, "tmc_pixel": 1141.473, "fit_residual_px": 0.5574, "heldout_residual_px": 0.8123}}, {"type": "Feature", "geometry": {"type": "Point", "coordinates": [31.19969377, -51.23182862]}, "properties": {"id": 795, "tmc_scan": 243878.542, "tmc_pixel": 1093.807, "fit_residual_px": 0.4037, "heldout_residual_px": 0.5779}}, {"type": "Feature", "geometry": {"type": "Point", "coordinates": [31.21196143, -51.23178266]}, "properties": {"id": 796, "tmc_scan": 243877.787, "tmc_pixel": 1046.146, "fit_residual_px": 0.4539, "heldout_residual_px": 0.4084}}, {"type": "Feature", "geometry": {"type": "Point", "coordinates": [31.22428718, -51.23176613]}, "properties": {"id": 797, "tmc_scan": 243877.03, "tmc_pixel": 998.481, "fit_residual_px": 0.4662, "heldout_residual_px": 0.3863}}, {"type": "Feature", "geometry": {"type": "Point", "coordinates": [31.23679047, -51.23177808]}, "properties": {"id": 798, "tmc_scan": 243876.26, "tmc_pixel": 950.823, "fit_residual_px": 0.4315, "heldout_residual_px": 0.7809}}, {"type": "Feature", "geometry": {"type": "Point", "coordinates": [31.24897789, -51.23176006]}, "properties": {"id": 799, "tmc_scan": 243875.489, "tmc_pixel": 903.158, "fit_residual_px": 0.3973, "heldout_residual_px": 0.5032}}, {"type": "Feature", "geometry": {"type": "Point", "coordinates": [31.26148586, -51.23177126]}, "properties": {"id": 800, "tmc_scan": 243874.704, "tmc_pixel": 855.504, "fit_residual_px": 0.7195, "heldout_residual_px": 1.1116}}, {"type": "Feature", "geometry": {"type": "Point", "coordinates": [31.27368917, -51.23175145]}, "properties": {"id": 801, "tmc_scan": 243873.919, "tmc_pixel": 807.841, "fit_residual_px": 0.4709, "heldout_residual_px": 0.8054}}, {"type": "Feature", "geometry": {"type": "Point", "coordinates": [31.28613135, -51.23172083]}, "properties": {"id": 802, "tmc_scan": 243873.12, "tmc_pixel": 760.19, "fit_residual_px": 0.7702, "heldout_residual_px": 1.2015}}, {"type": "Feature", "geometry": {"type": "Point", "coordinates": [31.29834435, -51.23173358]}, "properties": {"id": 803, "tmc_scan": 243872.319, "tmc_pixel": 712.529, "fit_residual_px": 0.6534, "heldout_residual_px": 1.0492}}, {"type": "Feature", "geometry": {"type": "Point", "coordinates": [31.31083767, -51.23170381]}, "properties": {"id": 804, "tmc_scan": 243871.507, "tmc_pixel": 664.879, "fit_residual_px": 1.251, "heldout_residual_px": 1.7032}}, {"type": "Feature", "geometry": {"type": "Point", "coordinates": [31.32301476, -51.2316287]}, "properties": {"id": 805, "tmc_scan": 243870.691, "tmc_pixel": 617.221, "fit_residual_px": 0.725, "heldout_residual_px": 1.1746}}, {"type": "Feature", "geometry": {"type": "Point", "coordinates": [31.33537373, -51.2316268]}, "properties": {"id": 806, "tmc_scan": 243869.865, "tmc_pixel": 569.574, "fit_residual_px": 1.0582, "heldout_residual_px": 1.5134}}, {"type": "Feature", "geometry": {"type": "Point", "coordinates": [31.34763523, -51.23162898]}, "properties": {"id": 807, "tmc_scan": 243869.034, "tmc_pixel": 521.919, "fit_residual_px": 1.0453, "heldout_residual_px": 1.5057}}, {"type": "Feature", "geometry": {"type": "Point", "coordinates": [31.15024803, -51.23935428]}, "properties": {"id": 808, "tmc_scan": 243836.662, "tmc_pixel": 1285.187, "fit_residual_px": 0.4698, "heldout_residual_px": 0.6574}}, {"type": "Feature", "geometry": {"type": "Point", "coordinates": [31.1626517, -51.23934906]}, "properties": {"id": 809, "tmc_scan": 243835.937, "tmc_pixel": 1237.534, "fit_residual_px": 0.4601, "heldout_residual_px": 0.6704}}, {"type": "Feature", "geometry": {"type": "Point", "coordinates": [31.17502913, -51.23934495]}, "properties": {"id": 810, "tmc_scan": 243835.208, "tmc_pixel": 1189.87, "fit_residual_px": 0.5201, "heldout_residual_px": 0.7484}}, {"type": "Feature", "geometry": {"type": "Point", "coordinates": [31.19967975, -51.23929084]}, "properties": {"id": 811, "tmc_scan": 243833.724, "tmc_pixel": 1094.556, "fit_residual_px": 0.3355, "heldout_residual_px": 0.5567}}, {"type": "Feature", "geometry": {"type": "Point", "coordinates": [31.22431365, -51.23924607]}, "properties": {"id": 812, "tmc_scan": 243832.212, "tmc_pixel": 999.246, "fit_residual_px": 0.2718, "heldout_residual_px": 0.4375}}, {"type": "Feature", "geometry": {"type": "Point", "coordinates": [31.23674298, -51.2392526]}, "properties": {"id": 813, "tmc_scan": 243831.442, "tmc_pixel": 951.598, "fit_residual_px": 0.4586, "heldout_residual_px": 0.8083}}, {"type": "Feature", "geometry": {"type": "Point", "coordinates": [31.24916837, -51.23923456]}, "properties": {"id": 814, "tmc_scan": 243830.671, "tmc_pixel": 903.941, "fit_residual_px": 0.7998, "heldout_residual_px": 1.1832}}, {"type": "Feature", "geometry": {"type": "Point", "coordinates": [31.26147084, -51.23919733]}, "properties": {"id": 815, "tmc_scan": 243829.886, "tmc_pixel": 856.294, "fit_residual_px": 0.7182, "heldout_residual_px": 1.1169}}, {"type": "Feature", "geometry": {"type": "Point", "coordinates": [31.27378655, -51.23919362]}, "properties": {"id": 816, "tmc_scan": 243829.1, "tmc_pixel": 808.641, "fit_residual_px": 0.7841, "heldout_residual_px": 1.2037}}, {"type": "Feature", "geometry": {"type": "Point", "coordinates": [31.28620015, -51.2391746]}, "properties": {"id": 817, "tmc_scan": 243828.301, "tmc_pixel": 760.994, "fit_residual_px": 1.221, "heldout_residual_px": 1.6485}}, {"type": "Feature", "geometry": {"type": "Point", "coordinates": [31.29841263, -51.23919433]}, "properties": {"id": 818, "tmc_scan": 243827.5, "tmc_pixel": 713.345, "fit_residual_px": 0.999, "heldout_residual_px": 1.4433}}, {"type": "Feature", "geometry": {"type": "Point", "coordinates": [31.31070079, -51.23915329]}, "properties": {"id": 819, "tmc_scan": 243826.688, "tmc_pixel": 665.698, "fit_residual_px": 0.9303, "heldout_residual_px": 1.3849}}, {"type": "Feature", "geometry": {"type": "Point", "coordinates": [31.32299348, -51.23910565]}, "properties": {"id": 820, "tmc_scan": 243825.871, "tmc_pixel": 618.054, "fit_residual_px": 0.914, "heldout_residual_px": 1.3667}}, {"type": "Feature", "geometry": {"type": "Point", "coordinates": [31.33533011, -51.23909863]}, "properties": {"id": 821, "tmc_scan": 243825.046, "tmc_pixel": 570.408, "fit_residual_px": 1.1635, "heldout_residual_px": 1.6201}}, {"type": "Feature", "geometry": {"type": "Point", "coordinates": [31.34763441, -51.23909193]}, "properties": {"id": 822, "tmc_scan": 243824.214, "tmc_pixel": 522.768, "fit_residual_px": 1.3096, "heldout_residual_px": 1.7677}}, {"type": "Feature", "geometry": {"type": "Point", "coordinates": [31.15022905, -51.24683143]}, "properties": {"id": 823, "tmc_scan": 243791.817, "tmc_pixel": 1285.94, "fit_residual_px": 0.4994, "heldout_residual_px": 0.6958}}, {"type": "Feature", "geometry": {"type": "Point", "coordinates": [31.16258368, -51.24682561]}, "properties": {"id": 824, "tmc_scan": 243791.089, "tmc_pixel": 1238.292, "fit_residual_px": 0.5339, "heldout_residual_px": 0.7218}}, {"type": "Feature", "geometry": {"type": "Point", "coordinates": [31.1749777, -51.24681561]}, "properties": {"id": 825, "tmc_scan": 243790.358, "tmc_pixel": 1190.647, "fit_residual_px": 0.5233, "heldout_residual_px": 0.7446}}, {"type": "Feature", "geometry": {"type": "Point", "coordinates": [31.18742994, -51.24678907]}, "properties": {"id": 826, "tmc_scan": 243789.614, "tmc_pixel": 1143.0, "fit_residual_px": 0.6406, "heldout_residual_px": 0.9054}}, {"type": "Feature", "geometry": {"type": "Point", "coordinates": [31.1996145, -51.2467254]}, "properties": {"id": 827, "tmc_scan": 243788.869, "tmc_pixel": 1095.357, "fit_residual_px": 0.1807, "heldout_residual_px": 0.319}}, {"type": "Feature", "geometry": {"type": "Point", "coordinates": [31.21195475, -51.24672163]}, "properties": {"id": 828, "tmc_scan": 243788.111, "tmc_pixel": 1047.712, "fit_residual_px": 0.2038, "heldout_residual_px": 0.4005}}, {"type": "Feature", "geometry": {"type": "Point", "coordinates": [31.22434281, -51.24670131]}, "properties": {"id": 829, "tmc_scan": 243787.352, "tmc_pixel": 1000.07, "fit_residual_px": 0.2051, "heldout_residual_px": 0.5464}}, {"type": "Feature", "geometry": {"type": "Point", "coordinates": [31.23665532, -51.24669905]}, "properties": {"id": 830, "tmc_scan": 243786.579, "tmc_pixel": 952.427, "fit_residual_px": 0.2508, "heldout_residual_px": 0.5986}}, {"type": "Feature", "geometry": {"type": "Point", "coordinates": [31.24916515, -51.24669865]}, "properties": {"id": 831, "tmc_scan": 243785.806, "tmc_pixel": 904.787, "fit_residual_px": 0.9696, "heldout_residual_px": 1.3525}}, {"type": "Feature", "geometry": {"type": "Point", "coordinates": [31.26142246, -51.2466769]}, "properties": {"id": 832, "tmc_scan": 243785.018, "tmc_pixel": 857.147, "fit_residual_px": 0.7632, "heldout_residual_px": 1.1683}}, {"type": "Feature", "geometry": {"type": "Point", "coordinates": [31.27374303, -51.2466832]}, "properties": {"id": 833, "tmc_scan": 243784.23, "tmc_pixel": 809.508, "fit_residual_px": 0.8897, "heldout_residual_px": 1.313}}, {"type": "Feature", "geometry": {"type": "Point", "coordinates": [31.28617665, -51.24665229]}, "properties": {"id": 834, "tmc_scan": 243783.429, "tmc_pixel": 761.871, "fit_residual_px": 1.377, "heldout_residual_px": 1.808}}, {"type": "Feature", "geometry": {"type": "Point", "coordinates": [31.29839759, -51.24667381]}, "properties": {"id": 835, "tmc_scan": 243782.625, "tmc_pixel": 714.234, "fit_residual_px": 1.1999, "heldout_residual_px": 1.6472}}, {"type": "Feature", "geometry": {"type": "Point", "coordinates": [31.31072113, -51.24661257]}, "properties": {"id": 836, "tmc_scan": 243781.81, "tmc_pixel": 666.6, "fit_residual_px": 1.241, "heldout_residual_px": 1.6927}}, {"type": "Feature", "geometry": {"type": "Point", "coordinates": [31.32289414, -51.24659413]}, "properties": {"id": 837, "tmc_scan": 243780.991, "tmc_pixel": 618.964, "fit_residual_px": 0.8258, "heldout_residual_px": 1.2872}}, {"type": "Feature", "geometry": {"type": "Point", "coordinates": [31.34757566, -51.24657446]}, "properties": {"id": 839, "tmc_scan": 243779.329, "tmc_pixel": 523.701, "fit_residual_px": 1.3908, "heldout_residual_px": 1.8519}}, {"type": "Feature", "geometry": {"type": "Point", "coordinates": [31.1501606, -51.25427072]}, "properties": {"id": 840, "tmc_scan": 243746.847, "tmc_pixel": 1286.867, "fit_residual_px": 0.4259, "heldout_residual_px": 0.5674}}, {"type": "Feature", "geometry": {"type": "Point", "coordinates": [31.16257221, -51.25430713]}, "properties": {"id": 841, "tmc_scan": 243746.119, "tmc_pixel": 1239.224, "fit_residual_px": 0.5926, "heldout_residual_px": 0.7979}}, {"type": "Feature", "geometry": {"type": "Point", "coordinates": [31.17486304, -51.25426904]}, "properties": {"id": 842, "tmc_scan": 243745.389, "tmc_pixel": 1191.59, "fit_residual_px": 0.5137, "heldout_residual_px": 0.6486}}, {"type": "Feature", "geometry": {"type": "Point", "coordinates": [31.18712455, -51.25422352]}, "properties": {"id": 843, "tmc_scan": 243744.645, "tmc_pixel": 1143.948, "fit_residual_px": 0.6412, "heldout_residual_px": 0.5966}}, {"type": "Feature", "geometry": {"type": "Point", "coordinates": [31.19979657, -51.2542572]}, "properties": {"id": 844, "tmc_scan": 243743.901, "tmc_pixel": 1096.317, "fit_residual_px": 0.922, "heldout_residual_px": 1.2146}}, {"type": "Feature", "geometry": {"type": "Point", "coordinates": [31.21187957, -51.2542013]}, "properties": {"id": 845, "tmc_scan": 243743.143, "tmc_pixel": 1048.675, "fit_residual_px": 0.3327, "heldout_residual_px": 0.4433}}, {"type": "Feature", "geometry": {"type": "Point", "coordinates": [31.22422421, -51.25419303]}, "properties": {"id": 846, "tmc_scan": 243742.385, "tmc_pixel": 1001.047, "fit_residual_px": 0.314, "heldout_residual_px": 0.5021}}, {"type": "Feature", "geometry": {"type": "Point", "coordinates": [31.23669137, -51.2541794]}, "properties": {"id": 847, "tmc_scan": 243741.612, "tmc_pixel": 953.407, "fit_residual_px": 0.5568, "heldout_residual_px": 0.926}}, {"type": "Feature", "geometry": {"type": "Point", "coordinates": [31.24900345, -51.25417963]}, "properties": {"id": 848, "tmc_scan": 243740.839, "tmc_pixel": 905.781, "fit_residual_px": 0.6181, "heldout_residual_px": 1.0049}}, {"type": "Feature", "geometry": {"type": "Point", "coordinates": [31.26138909, -51.25416523]}, "properties": {"id": 849, "tmc_scan": 243740.052, "tmc_pixel": 858.142, "fit_residual_px": 0.897, "heldout_residual_px": 1.3064}}, {"type": "Feature", "geometry": {"type": "Point", "coordinates": [31.2737578, -51.25415486]}, "properties": {"id": 850, "tmc_scan": 243739.265, "tmc_pixel": 810.518, "fit_residual_px": 1.1666, "heldout_residual_px": 1.5916}}, {"type": "Feature", "geometry": {"type": "Point", "coordinates": [31.28610088, -51.25415233]}, "properties": {"id": 851, "tmc_scan": 243738.464, "tmc_pixel": 762.883, "fit_residual_px": 1.3838, "heldout_residual_px": 1.8229}}, {"type": "Feature", "geometry": {"type": "Point", "coordinates": [31.29831467, -51.25411656]}, "properties": {"id": 852, "tmc_scan": 243737.661, "tmc_pixel": 715.261, "fit_residual_px": 1.0585, "heldout_residual_px": 1.5085}}, {"type": "Feature", "geometry": {"type": "Point", "coordinates": [31.32293995, -51.25408247]}, "properties": {"id": 854, "tmc_scan": 243736.028, "tmc_pixel": 620.008, "fit_residual_px": 1.3073, "heldout_residual_px": 1.769}}, {"type": "Feature", "geometry": {"type": "Point", "coordinates": [31.33517982, -51.25405228]}, "properties": {"id": 855, "tmc_scan": 243735.201, "tmc_pixel": 572.38, "fit_residual_px": 1.1612, "heldout_residual_px": 1.624}}, {"type": "Feature", "geometry": {"type": "Point", "coordinates": [31.34739466, -51.25405048]}, "properties": {"id": 856, "tmc_scan": 243734.367, "tmc_pixel": 524.761, "fit_residual_px": 1.0096, "heldout_residual_px": 1.472}}, {"type": "Feature", "geometry": {"type": "Point", "coordinates": [31.15009856, -51.2617671]}, "properties": {"id": 857, "tmc_scan": 243701.88, "tmc_pixel": 1287.794, "fit_residual_px": 0.6328, "heldout_residual_px": 0.7764}}, {"type": "Feature", "geometry": {"type": "Point", "coordinates": [31.16255422, -51.26180043]}, "properties": {"id": 858, "tmc_scan": 243701.152, "tmc_pixel": 1240.163, "fit_residual_px": 0.7444, "heldout_residual_px": 0.9588}}, {"type": "Feature", "geometry": {"type": "Point", "coordinates": [31.17482603, -51.26175525]}, "properties": {"id": 859, "tmc_scan": 243700.423, "tmc_pixel": 1192.533, "fit_residual_px": 0.606, "heldout_residual_px": 0.7551}}, {"type": "Feature", "geometry": {"type": "Point", "coordinates": [31.18732333, -51.26176463]}, "properties": {"id": 860, "tmc_scan": 243699.68, "tmc_pixel": 1144.904, "fit_residual_px": 0.7691, "heldout_residual_px": 1.0365}}, {"type": "Feature", "geometry": {"type": "Point", "coordinates": [31.19953421, -51.26170202]}, "properties": {"id": 861, "tmc_scan": 243698.936, "tmc_pixel": 1097.275, "fit_residual_px": 0.3801, "heldout_residual_px": 0.5703}}, {"type": "Feature", "geometry": {"type": "Point", "coordinates": [31.21186476, -51.2616951]}, "properties": {"id": 862, "tmc_scan": 243698.18, "tmc_pixel": 1049.646, "fit_residual_px": 0.417, "heldout_residual_px": 0.6238}}, {"type": "Feature", "geometry": {"type": "Point", "coordinates": [31.22424114, -51.26168357]}, "properties": {"id": 863, "tmc_scan": 243697.424, "tmc_pixel": 1002.017, "fit_residual_px": 0.4439, "heldout_residual_px": 0.7488}}, {"type": "Feature", "geometry": {"type": "Point", "coordinates": [31.23665169, -51.26166295]}, "properties": {"id": 864, "tmc_scan": 243696.654, "tmc_pixel": 954.389, "fit_residual_px": 0.6509, "heldout_residual_px": 1.0218}}, {"type": "Feature", "geometry": {"type": "Point", "coordinates": [31.24898136, -51.26164921]}, "properties": {"id": 865, "tmc_scan": 243695.883, "tmc_pixel": 906.762, "fit_residual_px": 0.7277, "heldout_residual_px": 1.12}}, {"type": "Feature", "geometry": {"type": "Point", "coordinates": [31.26134943, -51.26165028]}, "properties": {"id": 866, "tmc_scan": 243695.099, "tmc_pixel": 859.136, "fit_residual_px": 1.0097, "heldout_residual_px": 1.4209}}, {"type": "Feature", "geometry": {"type": "Point", "coordinates": [31.27357147, -51.26161002]}, "properties": {"id": 867, "tmc_scan": 243694.313, "tmc_pixel": 811.511, "fit_residual_px": 0.67, "heldout_residual_px": 1.0963}}, {"type": "Feature", "geometry": {"type": "Point", "coordinates": [31.28605374, -51.26163488]}, "properties": {"id": 868, "tmc_scan": 243693.516, "tmc_pixel": 763.888, "fit_residual_px": 1.4776, "heldout_residual_px": 1.9184}}, {"type": "Feature", "geometry": {"type": "Point", "coordinates": [31.29828757, -51.26159634]}, "properties": {"id": 869, "tmc_scan": 243692.714, "tmc_pixel": 716.264, "fit_residual_px": 1.2295, "heldout_residual_px": 1.6807}}, {"type": "Feature", "geometry": {"type": "Point", "coordinates": [31.31057271, -51.26160306]}, "properties": {"id": 870, "tmc_scan": 243691.903, "tmc_pixel": 668.645, "fit_residual_px": 1.3158, "heldout_residual_px": 1.7728}}, {"type": "Feature", "geometry": {"type": "Point", "coordinates": [31.33514904, -51.26151379]}, "properties": {"id": 872, "tmc_scan": 243690.262, "tmc_pixel": 573.407, "fit_residual_px": 1.3169, "heldout_residual_px": 1.7765}}, {"type": "Feature", "geometry": {"type": "Point", "coordinates": [31.34731659, -51.261532]}, "properties": {"id": 873, "tmc_scan": 243689.43, "tmc_pixel": 525.788, "fit_residual_px": 1.0444, "heldout_residual_px": 1.5039}}, {"type": "Feature", "geometry": {"type": "Point", "coordinates": [31.15015641, -51.26925551]}, "properties": {"id": 874, "tmc_scan": 243657.016, "tmc_pixel": 1288.598, "fit_residual_px": 0.583, "heldout_residual_px": 0.793}}, {"type": "Feature", "geometry": {"type": "Point", "coordinates": [31.16247466, -51.26924362]}, "properties": {"id": 875, "tmc_scan": 243656.29, "tmc_pixel": 1240.967, "fit_residual_px": 0.6055, "heldout_residual_px": 0.7933}}, {"type": "Feature", "geometry": {"type": "Point", "coordinates": [31.17487603, -51.26922728]}, "properties": {"id": 876, "tmc_scan": 243655.562, "tmc_pixel": 1193.349, "fit_residual_px": 0.5597, "heldout_residual_px": 0.7923}}, {"type": "Feature", "geometry": {"type": "Point", "coordinates": [31.18722852, -51.26921281]}, "properties": {"id": 877, "tmc_scan": 243654.821, "tmc_pixel": 1145.72, "fit_residual_px": 0.5657, "heldout_residual_px": 0.8213}}, {"type": "Feature", "geometry": {"type": "Point", "coordinates": [31.1995309, -51.26919098]}, "properties": {"id": 878, "tmc_scan": 243654.08, "tmc_pixel": 1098.104, "fit_residual_px": 0.493, "heldout_residual_px": 0.7434}}, {"type": "Feature", "geometry": {"type": "Point", "coordinates": [31.21175429, -51.26914192]}, "properties": {"id": 879, "tmc_scan": 243653.324, "tmc_pixel": 1050.475, "fit_residual_px": 0.4388, "heldout_residual_px": 0.4705}}, {"type": "Feature", "geometry": {"type": "Point", "coordinates": [31.22424353, -51.26914842]}, "properties": {"id": 880, "tmc_scan": 243652.568, "tmc_pixel": 1002.861, "fit_residual_px": 0.5288, "heldout_residual_px": 0.8726}}, {"type": "Feature", "geometry": {"type": "Point", "coordinates": [31.23660019, -51.26913769]}, "properties": {"id": 881, "tmc_scan": 243651.798, "tmc_pixel": 955.235, "fit_residual_px": 0.6805, "heldout_residual_px": 1.0525}}, {"type": "Feature", "geometry": {"type": "Point", "coordinates": [31.24896778, -51.26912356]}, "properties": {"id": 882, "tmc_scan": 243651.027, "tmc_pixel": 907.622, "fit_residual_px": 0.894, "heldout_residual_px": 1.2889}}, {"type": "Feature", "geometry": {"type": "Point", "coordinates": [31.26123422, -51.26912558]}, "properties": {"id": 883, "tmc_scan": 243650.243, "tmc_pixel": 859.999, "fit_residual_px": 0.8472, "heldout_residual_px": 1.2531}}, {"type": "Feature", "geometry": {"type": "Point", "coordinates": [31.27371642, -51.26909851]}, "properties": {"id": 884, "tmc_scan": 243649.457, "tmc_pixel": 812.387, "fit_residual_px": 1.4852, "heldout_residual_px": 1.9116}}, {"type": "Feature", "geometry": {"type": "Point", "coordinates": [31.28584569, -51.26909531]}, "properties": {"id": 885, "tmc_scan": 243648.66, "tmc_pixel": 764.767, "fit_residual_px": 0.948, "heldout_residual_px": 1.3833}}, {"type": "Feature", "geometry": {"type": "Point", "coordinates": [31.310532, -51.26908092]}, "properties": {"id": 887, "tmc_scan": 243647.047, "tmc_pixel": 669.541, "fit_residual_px": 1.4475, "heldout_residual_px": 1.9049}}, {"type": "Feature", "geometry": {"type": "Point", "coordinates": [31.32273682, -51.26900138]}, "properties": {"id": 888, "tmc_scan": 243646.23, "tmc_pixel": 621.931, "fit_residual_px": 1.0419, "heldout_residual_px": 1.5032}}, {"type": "Feature", "geometry": {"type": "Point", "coordinates": [31.33500737, -51.26901152]}, "properties": {"id": 889, "tmc_scan": 243645.406, "tmc_pixel": 574.32, "fit_residual_px": 1.1249, "heldout_residual_px": 1.5886}}, {"type": "Feature", "geometry": {"type": "Point", "coordinates": [31.34725324, -51.26897297]}, "properties": {"id": 890, "tmc_scan": 243644.574, "tmc_pixel": 526.712, "fit_residual_px": 1.0199, "heldout_residual_px": 1.4819}}, {"type": "Feature", "geometry": {"type": "Point", "coordinates": [31.15008342, -51.27673007]}, "properties": {"id": 891, "tmc_scan": 243612.16, "tmc_pixel": 1289.393, "fit_residual_px": 0.6537, "heldout_residual_px": 0.8456}}, {"type": "Feature", "geometry": {"type": "Point", "coordinates": [31.16256741, -51.27672883]}, "properties": {"id": 892, "tmc_scan": 243611.434, "tmc_pixel": 1241.778, "fit_residual_px": 0.7715, "heldout_residual_px": 1.0053}}, {"type": "Feature", "geometry": {"type": "Point", "coordinates": [31.17489119, -51.27668094]}, "properties": {"id": 893, "tmc_scan": 243610.706, "tmc_pixel": 1194.161, "fit_residual_px": 0.5494, "heldout_residual_px": 0.8034}}, {"type": "Feature", "geometry": {"type": "Point", "coordinates": [31.19955574, -51.27664575]}, "properties": {"id": 894, "tmc_scan": 243609.224, "tmc_pixel": 1098.932, "fit_residual_px": 0.5252, "heldout_residual_px": 0.8266}}, {"type": "Feature", "geometry": {"type": "Point", "coordinates": [31.21176326, -51.27664532]}, "properties": {"id": 895, "tmc_scan": 243608.468, "tmc_pixel": 1051.318, "fit_residual_px": 0.5007, "heldout_residual_px": 0.7007}}, {"type": "Feature", "geometry": {"type": "Point", "coordinates": [31.22416926, -51.27662765]}, "properties": {"id": 896, "tmc_scan": 243607.712, "tmc_pixel": 1003.706, "fit_residual_px": 0.5332, "heldout_residual_px": 0.8617}}, {"type": "Feature", "geometry": {"type": "Point", "coordinates": [31.23658474, -51.27659545]}, "properties": {"id": 897, "tmc_scan": 243606.942, "tmc_pixel": 956.094, "fit_residual_px": 0.7769, "heldout_residual_px": 1.1523}}, {"type": "Feature", "geometry": {"type": "Point", "coordinates": [31.24869536, -51.27657797]}, "properties": {"id": 898, "tmc_scan": 243606.171, "tmc_pixel": 908.484, "fit_residual_px": 0.3523, "heldout_residual_px": 0.5921}}, {"type": "Feature", "geometry": {"type": "Point", "coordinates": [31.26120683, -51.27656455]}, "properties": {"id": 899, "tmc_scan": 243605.387, "tmc_pixel": 860.873, "fit_residual_px": 0.8579, "heldout_residual_px": 1.272}}, {"type": "Feature", "geometry": {"type": "Point", "coordinates": [31.27360305, -51.27658888]}, "properties": {"id": 900, "tmc_scan": 243604.601, "tmc_pixel": 813.266, "fit_residual_px": 1.3523, "heldout_residual_px": 1.7819}}, {"type": "Feature", "geometry": {"type": "Point", "coordinates": [31.28587905, -51.27655706]}, "properties": {"id": 901, "tmc_scan": 243603.804, "tmc_pixel": 765.657, "fit_residual_px": 1.2738, "heldout_residual_px": 1.7161}}, {"type": "Feature", "geometry": {"type": "Point", "coordinates": [31.31039832, -51.27647986]}, "properties": {"id": 903, "tmc_scan": 243602.192, "tmc_pixel": 670.446, "fit_residual_px": 1.0467, "heldout_residual_px": 1.5012}}, {"type": "Feature", "geometry": {"type": "Point", "coordinates": [31.32266411, -51.27646693]}, "properties": {"id": 904, "tmc_scan": 243601.375, "tmc_pixel": 622.843, "fit_residual_px": 1.0417, "heldout_residual_px": 1.5018}}, {"type": "Feature", "geometry": {"type": "Point", "coordinates": [31.33484901, -51.27646122]}, "properties": {"id": 905, "tmc_scan": 243600.551, "tmc_pixel": 575.24, "fit_residual_px": 0.7762, "heldout_residual_px": 1.238}}, {"type": "Feature", "geometry": {"type": "Point", "coordinates": [31.34712545, -51.2764569]}, "properties": {"id": 906, "tmc_scan": 243599.72, "tmc_pixel": 527.639, "fit_residual_px": 0.888, "heldout_residual_px": 1.3454}}, {"type": "Feature", "geometry": {"type": "Point", "coordinates": [31.15013929, -51.28418232]}, "properties": {"id": 907, "tmc_scan": 243567.319, "tmc_pixel": 1290.184, "fit_residual_px": 0.5337, "heldout_residual_px": 0.7547}}, {"type": "Feature", "geometry": {"type": "Point", "coordinates": [31.16254947, -51.28419605]}, "properties": {"id": 908, "tmc_scan": 243566.593, "tmc_pixel": 1242.569, "fit_residual_px": 0.8085, "heldout_residual_px": 1.0425}}, {"type": "Feature", "geometry": {"type": "Point", "coordinates": [31.17489991, -51.28415763]}, "properties": {"id": 909, "tmc_scan": 243565.866, "tmc_pixel": 1194.967, "fit_residual_px": 0.7222, "heldout_residual_px": 0.9758}}, {"type": "Feature", "geometry": {"type": "Point", "coordinates": [31.18716096, -51.28412313]}, "properties": {"id": 910, "tmc_scan": 243565.126, "tmc_pixel": 1147.354, "fit_residual_px": 0.4425, "heldout_residual_px": 0.7194}}, {"type": "Feature", "geometry": {"type": "Point", "coordinates": [31.19929354, -51.28409468]}, "properties": {"id": 911, "tmc_scan": 243564.385, "tmc_pixel": 1099.753, "fit_residual_px": 0.5933, "heldout_residual_px": 0.5577}}, {"type": "Feature", "geometry": {"type": "Point", "coordinates": [31.21177607, -51.28411153]}, "properties": {"id": 912, "tmc_scan": 243563.629, "tmc_pixel": 1052.142, "fit_residual_px": 0.4937, "heldout_residual_px": 0.7841}}, {"type": "Feature", "geometry": {"type": "Point", "coordinates": [31.22414022, -51.28409681]}, "properties": {"id": 913, "tmc_scan": 243562.874, "tmc_pixel": 1004.542, "fit_residual_px": 0.5908, "heldout_residual_px": 0.9324}}, {"type": "Feature", "geometry": {"type": "Point", "coordinates": [31.23659499, -51.28405966]}, "properties": {"id": 914, "tmc_scan": 243562.104, "tmc_pixel": 956.933, "fit_residual_px": 1.0147, "heldout_residual_px": 1.3861}}, {"type": "Feature", "geometry": {"type": "Point", "coordinates": [31.24867986, -51.28404247]}, "properties": {"id": 915, "tmc_scan": 243561.333, "tmc_pixel": 909.334, "fit_residual_px": 0.3284, "heldout_residual_px": 0.6691}}, {"type": "Feature", "geometry": {"type": "Point", "coordinates": [31.26118018, -51.2840381]}, "properties": {"id": 916, "tmc_scan": 243560.55, "tmc_pixel": 861.729, "fit_residual_px": 1.0013, "heldout_residual_px": 1.4155}}, {"type": "Feature", "geometry": {"type": "Point", "coordinates": [31.27353196, -51.28403471]}, "properties": {"id": 917, "tmc_scan": 243559.764, "tmc_pixel": 814.131, "fit_residual_px": 1.2679, "heldout_residual_px": 1.6973}}, {"type": "Feature", "geometry": {"type": "Point", "coordinates": [31.28586504, -51.28402107]}, "properties": {"id": 918, "tmc_scan": 243558.968, "tmc_pixel": 766.53, "fit_residual_px": 1.4632, "heldout_residual_px": 1.9043}}, {"type": "Feature", "geometry": {"type": "Point", "coordinates": [31.32260909, -51.28395791]}, "properties": {"id": 921, "tmc_scan": 243556.54, "tmc_pixel": 623.739, "fit_residual_px": 1.1669, "heldout_residual_px": 1.6282}}, {"type": "Feature", "geometry": {"type": "Point", "coordinates": [31.33475119, -51.28394868]}, "properties": {"id": 922, "tmc_scan": 243555.716, "tmc_pixel": 576.145, "fit_residual_px": 0.7784, "heldout_residual_px": 1.2283}}, {"type": "Feature", "geometry": {"type": "Point", "coordinates": [31.34699108, -51.28391289]}, "properties": {"id": 923, "tmc_scan": 243554.885, "tmc_pixel": 528.55, "fit_residual_px": 0.664, "heldout_residual_px": 1.1165}}, {"type": "Feature", "geometry": {"type": "Point", "coordinates": [31.15003368, -51.29165293]}, "properties": {"id": 924, "tmc_scan": 243522.484, "tmc_pixel": 1290.969, "fit_residual_px": 0.5344, "heldout_residual_px": 0.7364}}, {"type": "Feature", "geometry": {"type": "Point", "coordinates": [31.16252859, -51.2916293]}, "properties": {"id": 925, "tmc_scan": 243521.759, "tmc_pixel": 1243.367, "fit_residual_px": 0.6925, "heldout_residual_px": 0.916}}, {"type": "Feature", "geometry": {"type": "Point", "coordinates": [31.17484914, -51.29163009]}, "properties": {"id": 926, "tmc_scan": 243521.032, "tmc_pixel": 1195.769, "fit_residual_px": 0.7219, "heldout_residual_px": 0.9781}}, {"type": "Feature", "geometry": {"type": "Point", "coordinates": [31.18729282, -51.29166453]}, "properties": {"id": 927, "tmc_scan": 243520.291, "tmc_pixel": 1148.168, "fit_residual_px": 1.2782, "heldout_residual_px": 1.5586}}, {"type": "Feature", "geometry": {"type": "Point", "coordinates": [31.19943345, -51.29158485]}, "properties": {"id": 928, "tmc_scan": 243519.55, "tmc_pixel": 1100.572, "fit_residual_px": 0.4783, "heldout_residual_px": 0.7741}}, {"type": "Feature", "geometry": {"type": "Point", "coordinates": [31.21174289, -51.29155034]}, "properties": {"id": 929, "tmc_scan": 243518.795, "tmc_pixel": 1052.971, "fit_residual_px": 0.3582, "heldout_residual_px": 0.6834}}, {"type": "Feature", "geometry": {"type": "Point", "coordinates": [31.22412524, -51.29153412]}, "properties": {"id": 930, "tmc_scan": 243518.039, "tmc_pixel": 1005.378, "fit_residual_px": 0.586, "heldout_residual_px": 0.9407}}, {"type": "Feature", "geometry": {"type": "Point", "coordinates": [31.23646139, -51.29152816]}, "properties": {"id": 931, "tmc_scan": 243517.27, "tmc_pixel": 957.779, "fit_residual_px": 0.7318, "heldout_residual_px": 1.109}}, {"type": "Feature", "geometry": {"type": "Point", "coordinates": [31.24886629, -51.29153881]}, "properties": {"id": 932, "tmc_scan": 243516.499, "tmc_pixel": 910.187, "fit_residual_px": 1.1963, "heldout_residual_px": 1.5933}}, {"type": "Feature", "geometry": {"type": "Point", "coordinates": [31.26116743, -51.29150562]}, "properties": {"id": 933, "tmc_scan": 243515.716, "tmc_pixel": 862.59, "fit_residual_px": 1.1905, "heldout_residual_px": 1.6027}}, {"type": "Feature", "geometry": {"type": "Point", "coordinates": [31.28566232, -51.29141731]}, "properties": {"id": 934, "tmc_scan": 243514.134, "tmc_pixel": 767.406, "fit_residual_px": 0.8368, "heldout_residual_px": 1.2568}}, {"type": "Feature", "geometry": {"type": "Point", "coordinates": [31.29799221, -51.29142748]}, "properties": {"id": 935, "tmc_scan": 243513.333, "tmc_pixel": 719.818, "fit_residual_px": 1.078, "heldout_residual_px": 1.5212}}, {"type": "Feature", "geometry": {"type": "Point", "coordinates": [31.32246667, -51.29140468]}, "properties": {"id": 936, "tmc_scan": 243511.706, "tmc_pixel": 624.642, "fit_residual_px": 0.8706, "heldout_residual_px": 1.33}}, {"type": "Feature", "geometry": {"type": "Point", "coordinates": [31.33463298, -51.29137945]}, "properties": {"id": 937, "tmc_scan": 243510.883, "tmc_pixel": 577.053, "fit_residual_px": 0.5135, "heldout_residual_px": 0.9718}}, {"type": "Feature", "geometry": {"type": "Point", "coordinates": [31.34676058, -51.29136637]}, "properties": {"id": 938, "tmc_scan": 243510.051, "tmc_pixel": 529.471, "fit_residual_px": 0.295, "heldout_residual_px": 0.591}}, {"type": "Feature", "geometry": {"type": "Point", "coordinates": [31.13774403, -51.29911696]}, "properties": {"id": 939, "tmc_scan": 243478.35, "tmc_pixel": 1339.36, "fit_residual_px": 0.4882, "heldout_residual_px": 0.6878}}, {"type": "Feature", "geometry": {"type": "Point", "coordinates": [31.15009931, -51.299116]}, "properties": {"id": 940, "tmc_scan": 243477.637, "tmc_pixel": 1291.771, "fit_residual_px": 0.5803, "heldout_residual_px": 0.796}}, {"type": "Feature", "geometry": {"type": "Point", "coordinates": [31.16258471, -51.29911941]}, "properties": {"id": 941, "tmc_scan": 243476.911, "tmc_pixel": 1244.174, "fit_residual_px": 1.0984, "heldout_residual_px": 1.3105}}, {"type": "Feature", "geometry": {"type": "Point", "coordinates": [31.1748036, -51.29909773]}, "properties": {"id": 942, "tmc_scan": 243476.184, "tmc_pixel": 1196.587, "fit_residual_px": 0.7183, "heldout_residual_px": 0.9753}}, {"type": "Feature", "geometry": {"type": "Point", "coordinates": [31.18707227, -51.29907688]}, "properties": {"id": 943, "tmc_scan": 243475.443, "tmc_pixel": 1148.992, "fit_residual_px": 0.5483, "heldout_residual_px": 0.8237}}, {"type": "Feature", "geometry": {"type": "Point", "coordinates": [31.19942912, -51.29904302]}, "properties": {"id": 944, "tmc_scan": 243474.702, "tmc_pixel": 1101.406, "fit_residual_px": 0.5528, "heldout_residual_px": 0.8601}}, {"type": "Feature", "geometry": {"type": "Point", "coordinates": [31.2117144, -51.29902391]}, "properties": {"id": 945, "tmc_scan": 243473.946, "tmc_pixel": 1053.813, "fit_residual_px": 0.4518, "heldout_residual_px": 0.7821}}, {"type": "Feature", "geometry": {"type": "Point", "coordinates": [31.22413085, -51.29902359]}, "properties": {"id": 946, "tmc_scan": 243473.19, "tmc_pixel": 1006.227, "fit_residual_px": 0.8718, "heldout_residual_px": 1.2269}}, {"type": "Feature", "geometry": {"type": "Point", "coordinates": [31.23653171, -51.2990111]}, "properties": {"id": 947, "tmc_scan": 243472.42, "tmc_pixel": 958.638, "fit_residual_px": 1.2517, "heldout_residual_px": 1.6249}}, {"type": "Feature", "geometry": {"type": "Point", "coordinates": [31.24875022, -51.29898747]}, "properties": {"id": 948, "tmc_scan": 243471.649, "tmc_pixel": 911.052, "fit_residual_px": 0.9457, "heldout_residual_px": 1.3421}}, {"type": "Feature", "geometry": {"type": "Point", "coordinates": [31.28553022, -51.29889515]}, "properties": {"id": 951, "tmc_scan": 243469.283, "tmc_pixel": 768.3, "fit_residual_px": 0.5935, "heldout_residual_px": 1.0251}}, {"type": "Feature", "geometry": {"type": "Point", "coordinates": [31.29787684, -51.29892557]}, "properties": {"id": 952, "tmc_scan": 243468.481, "tmc_pixel": 720.716, "fit_residual_px": 0.9721, "heldout_residual_px": 1.4214}}, {"type": "Feature", "geometry": {"type": "Point", "coordinates": [31.31015984, -51.29888042]}, "properties": {"id": 953, "tmc_scan": 243467.671, "tmc_pixel": 673.138, "fit_residual_px": 0.9784, "heldout_residual_px": 1.4289}}, {"type": "Feature", "geometry": {"type": "Point", "coordinates": [31.32239543, -51.29887428]}, "properties": {"id": 954, "tmc_scan": 243466.854, "tmc_pixel": 625.556, "fit_residual_px": 0.9012, "heldout_residual_px": 1.3585}}, {"type": "Feature", "geometry": {"type": "Point", "coordinates": [31.33450805, -51.29886446]}, "properties": {"id": 955, "tmc_scan": 243466.03, "tmc_pixel": 577.981, "fit_residual_px": 0.4496, "heldout_residual_px": 0.8754}}, {"type": "Feature", "geometry": {"type": "Point", "coordinates": [31.34667901, -51.29884858]}, "properties": {"id": 956, "tmc_scan": 243465.198, "tmc_pixel": 530.401, "fit_residual_px": 0.3826, "heldout_residual_px": 0.667}}, {"type": "Feature", "geometry": {"type": "Point", "coordinates": [31.13764882, -51.30660349]}, "properties": {"id": 957, "tmc_scan": 243433.491, "tmc_pixel": 1340.165, "fit_residual_px": 0.5348, "heldout_residual_px": 0.7495}}, {"type": "Feature", "geometry": {"type": "Point", "coordinates": [31.15006845, -51.30658037]}, "properties": {"id": 958, "tmc_scan": 243432.778, "tmc_pixel": 1292.583, "fit_residual_px": 0.5844, "heldout_residual_px": 0.7961}}, {"type": "Feature", "geometry": {"type": "Point", "coordinates": [31.16245424, -51.30657023]}, "properties": {"id": 959, "tmc_scan": 243432.052, "tmc_pixel": 1244.995, "fit_residual_px": 0.7495, "heldout_residual_px": 0.9738}}, {"type": "Feature", "geometry": {"type": "Point", "coordinates": [31.17476454, -51.30657355]}, "properties": {"id": 960, "tmc_scan": 243431.325, "tmc_pixel": 1197.416, "fit_residual_px": 0.7756, "heldout_residual_px": 1.0333}}, {"type": "Feature", "geometry": {"type": "Point", "coordinates": [31.18703343, -51.30653333]}, "properties": {"id": 961, "tmc_scan": 243430.584, "tmc_pixel": 1149.829, "fit_residual_px": 0.5092, "heldout_residual_px": 0.7903}}, {"type": "Feature", "geometry": {"type": "Point", "coordinates": [31.19935523, -51.30650225]}, "properties": {"id": 962, "tmc_scan": 243429.842, "tmc_pixel": 1102.252, "fit_residual_px": 0.4492, "heldout_residual_px": 0.7569}}, {"type": "Feature", "geometry": {"type": "Point", "coordinates": [31.21167468, -51.30648102]}, "properties": {"id": 963, "tmc_scan": 243429.087, "tmc_pixel": 1054.665, "fit_residual_px": 0.4574, "heldout_residual_px": 0.7894}}, {"type": "Feature", "geometry": {"type": "Point", "coordinates": [31.22410488, -51.30647404]}, "properties": {"id": 964, "tmc_scan": 243428.33, "tmc_pixel": 1007.09, "fit_residual_px": 0.9477, "heldout_residual_px": 1.2954}}, {"type": "Feature", "geometry": {"type": "Point", "coordinates": [31.23640798, -51.30647492]}, "properties": {"id": 965, "tmc_scan": 243427.561, "tmc_pixel": 959.505, "fit_residual_px": 1.0045, "heldout_residual_px": 1.3801}}, {"type": "Feature", "geometry": {"type": "Point", "coordinates": [31.24876026, -51.30645893]}, "properties": {"id": 966, "tmc_scan": 243426.79, "tmc_pixel": 911.932, "fit_residual_px": 1.2318, "heldout_residual_px": 1.6246}}, {"type": "Feature", "geometry": {"type": "Point", "coordinates": [31.26103535, -51.30644331]}, "properties": {"id": 967, "tmc_scan": 243426.007, "tmc_pixel": 864.35, "fit_residual_px": 1.1895, "heldout_residual_px": 1.6008}}, {"type": "Feature", "geometry": {"type": "Point", "coordinates": [31.31004682, -51.30636178]}, "properties": {"id": 968, "tmc_scan": 243422.812, "tmc_pixel": 674.054, "fit_residual_px": 0.8647, "heldout_residual_px": 1.3173}}, {"type": "Feature", "geometry": {"type": "Point", "coordinates": [31.3223024, -51.30632206]}, "properties": {"id": 969, "tmc_scan": 243421.995, "tmc_pixel": 626.486, "fit_residual_px": 0.8148, "heldout_residual_px": 1.265}}, {"type": "Feature", "geometry": {"type": "Point", "coordinates": [31.33443203, -51.30630767]}, "properties": {"id": 970, "tmc_scan": 243421.171, "tmc_pixel": 578.913, "fit_residual_px": 0.3587, "heldout_residual_px": 0.8093}}, {"type": "Feature", "geometry": {"type": "Point", "coordinates": [31.34658716, -51.3063343]}, "properties": {"id": 971, "tmc_scan": 243420.339, "tmc_pixel": 531.347, "fit_residual_px": 0.4985, "heldout_residual_px": 0.7485}}, {"type": "Feature", "geometry": {"type": "Point", "coordinates": [31.13769868, -51.31406654]}, "properties": {"id": 972, "tmc_scan": 243388.644, "tmc_pixel": 1340.966, "fit_residual_px": 0.6336, "heldout_residual_px": 0.8225}}, {"type": "Feature", "geometry": {"type": "Point", "coordinates": [31.14994799, -51.3140705]}, "properties": {"id": 973, "tmc_scan": 243387.932, "tmc_pixel": 1293.391, "fit_residual_px": 0.6017, "heldout_residual_px": 0.8171}}, {"type": "Feature", "geometry": {"type": "Point", "coordinates": [31.16240671, -51.31405034]}, "properties": {"id": 974, "tmc_scan": 243387.207, "tmc_pixel": 1245.812, "fit_residual_px": 0.7946, "heldout_residual_px": 1.0238}}, {"type": "Feature", "geometry": {"type": "Point", "coordinates": [31.17465915, -51.31397833]}, "properties": {"id": 975, "tmc_scan": 243386.481, "tmc_pixel": 1198.238, "fit_residual_px": 0.3355, "heldout_residual_px": 0.5835}}, {"type": "Feature", "geometry": {"type": "Point", "coordinates": [31.18703837, -51.31399143]}, "properties": {"id": 976, "tmc_scan": 243385.74, "tmc_pixel": 1150.661, "fit_residual_px": 0.6374, "heldout_residual_px": 0.915}}, {"type": "Feature", "geometry": {"type": "Point", "coordinates": [31.19926796, -51.31397199]}, "properties": {"id": 977, "tmc_scan": 243384.999, "tmc_pixel": 1103.088, "fit_residual_px": 0.3645, "heldout_residual_px": 0.6658}}, {"type": "Feature", "geometry": {"type": "Point", "coordinates": [31.21168134, -51.3139417]}, "properties": {"id": 978, "tmc_scan": 243384.245, "tmc_pixel": 1055.513, "fit_residual_px": 0.6736, "heldout_residual_px": 0.9941}}, {"type": "Feature", "geometry": {"type": "Point", "coordinates": [31.22401442, -51.31394269]}, "properties": {"id": 979, "tmc_scan": 243383.489, "tmc_pixel": 1007.94, "fit_residual_px": 0.8309, "heldout_residual_px": 1.1813}}, {"type": "Feature", "geometry": {"type": "Point", "coordinates": [31.2363491, -51.31393795]}, "properties": {"id": 980, "tmc_scan": 243382.721, "tmc_pixel": 960.369, "fit_residual_px": 1.0052, "heldout_residual_px": 1.3787}}, {"type": "Feature", "geometry": {"type": "Point", "coordinates": [31.24864571, -51.31394083]}, "properties": {"id": 981, "tmc_scan": 243381.951, "tmc_pixel": 912.797, "fit_residual_px": 1.0799, "heldout_residual_px": 1.4755}}, {"type": "Feature", "geometry": {"type": "Point", "coordinates": [31.28557488, -51.31388986]}, "properties": {"id": 984, "tmc_scan": 243379.588, "tmc_pixel": 770.093, "fit_residual_px": 1.4317, "heldout_residual_px": 1.8674}}, {"type": "Feature", "geometry": {"type": "Point", "coordinates": [31.29770292, -51.31384007]}, "properties": {"id": 985, "tmc_scan": 243378.787, "tmc_pixel": 722.524, "fit_residual_px": 0.8335, "heldout_residual_px": 1.2773}}, {"type": "Feature", "geometry": {"type": "Point", "coordinates": [31.30991187, -51.3138078]}, "properties": {"id": 986, "tmc_scan": 243377.978, "tmc_pixel": 674.962, "fit_residual_px": 0.6043, "heldout_residual_px": 1.0524}}, {"type": "Feature", "geometry": {"type": "Point", "coordinates": [31.32217855, -51.31380791]}, "properties": {"id": 987, "tmc_scan": 243377.162, "tmc_pixel": 627.395, "fit_residual_px": 0.6872, "heldout_residual_px": 1.139}}, {"type": "Feature", "geometry": {"type": "Point", "coordinates": [31.33439655, -51.31377962]}, "properties": {"id": 988, "tmc_scan": 243376.339, "tmc_pixel": 579.837, "fit_residual_px": 0.544, "heldout_residual_px": 0.9948}}, {"type": "Feature", "geometry": {"type": "Point", "coordinates": [31.34654027, -51.31375975]}, "properties": {"id": 989, "tmc_scan": 243375.508, "tmc_pixel": 532.272, "fit_residual_px": 0.2368, "heldout_residual_px": 0.6354}}, {"type": "Feature", "geometry": {"type": "Point", "coordinates": [31.13771049, -51.32151597]}, "properties": {"id": 990, "tmc_scan": 243343.834, "tmc_pixel": 1341.741, "fit_residual_px": 0.7155, "heldout_residual_px": 0.8637}}, {"type": "Feature", "geometry": {"type": "Point", "coordinates": [31.14978673, -51.32148848]}, "properties": {"id": 991, "tmc_scan": 243343.122, "tmc_pixel": 1294.178, "fit_residual_px": 0.505, "heldout_residual_px": 0.5955}}, {"type": "Feature", "geometry": {"type": "Point", "coordinates": [31.16223409, -51.32145444]}, "properties": {"id": 992, "tmc_scan": 243342.396, "tmc_pixel": 1246.603, "fit_residual_px": 0.1524, "heldout_residual_px": 0.388}}, {"type": "Feature", "geometry": {"type": "Point", "coordinates": [31.17458578, -51.32144549]}, "properties": {"id": 993, "tmc_scan": 243341.671, "tmc_pixel": 1199.042, "fit_residual_px": 0.254, "heldout_residual_px": 0.5087}}, {"type": "Feature", "geometry": {"type": "Point", "coordinates": [31.18701973, -51.32143205]}, "properties": {"id": 994, "tmc_scan": 243340.93, "tmc_pixel": 1151.467, "fit_residual_px": 0.6991, "heldout_residual_px": 0.9519}}, {"type": "Feature", "geometry": {"type": "Point", "coordinates": [31.19927911, -51.32143012]}, "properties": {"id": 995, "tmc_scan": 243340.19, "tmc_pixel": 1103.908, "fit_residual_px": 0.5344, "heldout_residual_px": 0.8362}}, {"type": "Feature", "geometry": {"type": "Point", "coordinates": [31.21164087, -51.32142001]}, "properties": {"id": 996, "tmc_scan": 243339.435, "tmc_pixel": 1056.336, "fit_residual_px": 0.7629, "heldout_residual_px": 1.0861}}, {"type": "Feature", "geometry": {"type": "Point", "coordinates": [31.2239282, -51.32141078]}, "properties": {"id": 997, "tmc_scan": 243338.68, "tmc_pixel": 1008.777, "fit_residual_px": 0.7367, "heldout_residual_px": 1.0884}}, {"type": "Feature", "geometry": {"type": "Point", "coordinates": [31.23630248, -51.32141072]}, "properties": {"id": 998, "tmc_scan": 243337.912, "tmc_pixel": 961.208, "fit_residual_px": 1.081, "heldout_residual_px": 1.4534}}, {"type": "Feature", "geometry": {"type": "Point", "coordinates": [31.24847676, -51.32139091]}, "properties": {"id": 999, "tmc_scan": 243337.141, "tmc_pixel": 913.651, "fit_residual_px": 0.6621, "heldout_residual_px": 1.0549}}, {"type": "Feature", "geometry": {"type": "Point", "coordinates": [31.26092548, -51.32136589]}, "properties": {"id": 1000, "tmc_scan": 243336.36, "tmc_pixel": 866.084, "fit_residual_px": 1.2706, "heldout_residual_px": 1.674}}, {"type": "Feature", "geometry": {"type": "Point", "coordinates": [31.27305465, -51.32130397]}, "properties": {"id": 1001, "tmc_scan": 243335.574, "tmc_pixel": 818.528, "fit_residual_px": 0.6434, "heldout_residual_px": 1.0454}}, {"type": "Feature", "geometry": {"type": "Point", "coordinates": [31.2853255, -51.32130778]}, "properties": {"id": 1002, "tmc_scan": 243334.779, "tmc_pixel": 770.965, "fit_residual_px": 0.6638, "heldout_residual_px": 1.0931}}, {"type": "Feature", "geometry": {"type": "Point", "coordinates": [31.29746535, -51.32128792]}, "properties": {"id": 1003, "tmc_scan": 243333.978, "tmc_pixel": 723.41, "fit_residual_px": 0.194, "heldout_residual_px": 0.629}}, {"type": "Feature", "geometry": {"type": "Point", "coordinates": [31.30981228, -51.32128058]}, "properties": {"id": 1004, "tmc_scan": 243333.169, "tmc_pixel": 675.851, "fit_residual_px": 0.5399, "heldout_residual_px": 0.9865}}, {"type": "Feature", "geometry": {"type": "Point", "coordinates": [31.32205914, -51.32125534]}, "properties": {"id": 1005, "tmc_scan": 243332.353, "tmc_pixel": 628.298, "fit_residual_px": 0.5021, "heldout_residual_px": 0.9496}}, {"type": "Feature", "geometry": {"type": "Point", "coordinates": [31.33434323, -51.32125084]}, "properties": {"id": 1006, "tmc_scan": 243331.531, "tmc_pixel": 580.742, "fit_residual_px": 0.673, "heldout_residual_px": 1.1199}}, {"type": "Feature", "geometry": {"type": "Point", "coordinates": [31.34649039, -51.32123712]}, "properties": {"id": 1007, "tmc_scan": 243330.7, "tmc_pixel": 533.19, "fit_residual_px": 0.372, "heldout_residual_px": 0.7928}}, {"type": "Feature", "geometry": {"type": "Point", "coordinates": [31.13759201, -51.32900239]}, "properties": {"id": 1008, "tmc_scan": 243299.023, "tmc_pixel": 1342.525, "fit_residual_px": 0.5806, "heldout_residual_px": 0.777}}, {"type": "Feature", "geometry": {"type": "Point", "coordinates": [31.14981372, -51.32893583]}, "properties": {"id": 1009, "tmc_scan": 243298.311, "tmc_pixel": 1294.964, "fit_residual_px": 0.19, "heldout_residual_px": 0.3499}}, {"type": "Feature", "geometry": {"type": "Point", "coordinates": [31.16222489, -51.3289233]}, "properties": {"id": 1010, "tmc_scan": 243297.586, "tmc_pixel": 1247.403, "fit_residual_px": 0.2695, "heldout_residual_px": 0.4897}}, {"type": "Feature", "geometry": {"type": "Point", "coordinates": [31.17458641, -51.32891312]}, "properties": {"id": 1011, "tmc_scan": 243296.86, "tmc_pixel": 1199.844, "fit_residual_px": 0.4381, "heldout_residual_px": 0.6735}}, {"type": "Feature", "geometry": {"type": "Point", "coordinates": [31.18684631, -51.32890699]}, "properties": {"id": 1012, "tmc_scan": 243296.12, "tmc_pixel": 1152.283, "fit_residual_px": 0.2835, "heldout_residual_px": 0.5641}}, {"type": "Feature", "geometry": {"type": "Point", "coordinates": [31.19922435, -51.32889607]}, "properties": {"id": 1013, "tmc_scan": 243295.379, "tmc_pixel": 1104.725, "fit_residual_px": 0.5375, "heldout_residual_px": 0.8368}}, {"type": "Feature", "geometry": {"type": "Point", "coordinates": [31.21156899, -51.32888379]}, "properties": {"id": 1014, "tmc_scan": 243294.625, "tmc_pixel": 1057.168, "fit_residual_px": 0.7081, "heldout_residual_px": 1.0296}}, {"type": "Feature", "geometry": {"type": "Point", "coordinates": [31.22379938, -51.32887174]}, "properties": {"id": 1015, "tmc_scan": 243293.87, "tmc_pixel": 1009.611, "fit_residual_px": 0.4772, "heldout_residual_px": 0.8297}}, {"type": "Feature", "geometry": {"type": "Point", "coordinates": [31.23626284, -51.32887078]}, "properties": {"id": 1016, "tmc_scan": 243293.102, "tmc_pixel": 962.055, "fit_residual_px": 1.1628, "heldout_residual_px": 1.5298}}, {"type": "Feature", "geometry": {"type": "Point", "coordinates": [31.24821832, -51.32879677]}, "properties": {"id": 1017, "tmc_scan": 243292.331, "tmc_pixel": 914.5, "fit_residual_px": 0.2176, "heldout_residual_px": 0.1937}}, {"type": "Feature", "geometry": {"type": "Point", "coordinates": [31.26065344, -51.32878831]}, "properties": {"id": 1018, "tmc_scan": 243291.55, "tmc_pixel": 866.947, "fit_residual_px": 0.4208, "heldout_residual_px": 0.8099}}, {"type": "Feature", "geometry": {"type": "Point", "coordinates": [31.2729688, -51.32878499]}, "properties": {"id": 1019, "tmc_scan": 243290.764, "tmc_pixel": 819.393, "fit_residual_px": 0.6011, "heldout_residual_px": 1.013}}, {"type": "Feature", "geometry": {"type": "Point", "coordinates": [31.2851348, -51.32874641]}, "properties": {"id": 1020, "tmc_scan": 243289.969, "tmc_pixel": 771.843, "fit_residual_px": 0.1909, "heldout_residual_px": 0.5947}}, {"type": "Feature", "geometry": {"type": "Point", "coordinates": [31.29738514, -51.32876249]}, "properties": {"id": 1021, "tmc_scan": 243289.168, "tmc_pixel": 724.29, "fit_residual_px": 0.2213, "heldout_residual_px": 0.6428}}, {"type": "Feature", "geometry": {"type": "Point", "coordinates": [31.30967028, -51.32872551]}, "properties": {"id": 1022, "tmc_scan": 243288.359, "tmc_pixel": 676.743, "fit_residual_px": 0.264, "heldout_residual_px": 0.7033}}, {"type": "Feature", "geometry": {"type": "Point", "coordinates": [31.32196826, -51.32871449]}, "properties": {"id": 1023, "tmc_scan": 243287.543, "tmc_pixel": 629.193, "fit_residual_px": 0.4628, "heldout_residual_px": 0.9033}}, {"type": "Feature", "geometry": {"type": "Point", "coordinates": [31.33412238, -51.32869898]}, "properties": {"id": 1024, "tmc_scan": 243286.721, "tmc_pixel": 581.649, "fit_residual_px": 0.1461, "heldout_residual_px": 0.5721}}, {"type": "Feature", "geometry": {"type": "Point", "coordinates": [31.13742677, -51.33641657]}, "properties": {"id": 1025, "tmc_scan": 243254.211, "tmc_pixel": 1343.282, "fit_residual_px": 0.233, "heldout_residual_px": 0.3849}}, {"type": "Feature", "geometry": {"type": "Point", "coordinates": [31.14977431, -51.33639462]}, "properties": {"id": 1026, "tmc_scan": 243253.498, "tmc_pixel": 1295.736, "fit_residual_px": 0.1232, "heldout_residual_px": 0.2838}}, {"type": "Feature", "geometry": {"type": "Point", "coordinates": [31.16215099, -51.33639028]}, "properties": {"id": 1027, "tmc_scan": 243252.773, "tmc_pixel": 1248.176, "fit_residual_px": 0.1895, "heldout_residual_px": 0.4194}}, {"type": "Feature", "geometry": {"type": "Point", "coordinates": [31.17453283, -51.33638235]}, "properties": {"id": 1028, "tmc_scan": 243252.047, "tmc_pixel": 1200.631, "fit_residual_px": 0.4395, "heldout_residual_px": 0.3952}}, {"type": "Feature", "geometry": {"type": "Point", "coordinates": [31.18682962, -51.33637634]}, "properties": {"id": 1029, "tmc_scan": 243251.307, "tmc_pixel": 1153.073, "fit_residual_px": 0.4153, "heldout_residual_px": 0.3855}}, {"type": "Feature", "geometry": {"type": "Point", "coordinates": [31.1991171, -51.33634167]}, "properties": {"id": 1030, "tmc_scan": 243250.566, "tmc_pixel": 1105.529, "fit_residual_px": 0.3041, "heldout_residual_px": 0.3157}}, {"type": "Feature", "geometry": {"type": "Point", "coordinates": [31.21147982, -51.33633468]}, "properties": {"id": 1031, "tmc_scan": 243249.812, "tmc_pixel": 1057.973, "fit_residual_px": 0.5703, "heldout_residual_px": 0.5897}}, {"type": "Feature", "geometry": {"type": "Point", "coordinates": [31.24844406, -51.33630167]}, "properties": {"id": 1032, "tmc_scan": 243247.516, "tmc_pixel": 915.334, "fit_residual_px": 1.0, "heldout_residual_px": 1.0002}}, {"type": "Feature", "geometry": {"type": "Point", "coordinates": [31.26051683, -51.33626128]}, "properties": {"id": 1033, "tmc_scan": 243246.735, "tmc_pixel": 867.785, "fit_residual_px": 0.1662, "heldout_residual_px": 0.155}}, {"type": "Feature", "geometry": {"type": "Point", "coordinates": [31.27282639, -51.3362302]}, "properties": {"id": 1034, "tmc_scan": 243245.949, "tmc_pixel": 820.243, "fit_residual_px": 0.3257, "heldout_residual_px": 0.3098}}, {"type": "Feature", "geometry": {"type": "Point", "coordinates": [31.28512584, -51.33621712]}, "properties": {"id": 1035, "tmc_scan": 243245.154, "tmc_pixel": 772.698, "fit_residual_px": 0.4647, "heldout_residual_px": 0.4011}}, {"type": "Feature", "geometry": {"type": "Point", "coordinates": [31.29733171, -51.3361999]}, "properties": {"id": 1036, "tmc_scan": 243244.352, "tmc_pixel": 725.157, "fit_residual_px": 0.2518, "heldout_residual_px": 0.165}}, {"type": "Feature", "geometry": {"type": "Point", "coordinates": [31.3095457, -51.33619996]}, "properties": {"id": 1037, "tmc_scan": 243243.544, "tmc_pixel": 677.616, "fit_residual_px": 0.1296, "heldout_residual_px": 0.0824}}, {"type": "Feature", "geometry": {"type": "Point", "coordinates": [31.32184884, -51.33619228]}, "properties": {"id": 1038, "tmc_scan": 243242.727, "tmc_pixel": 630.076, "fit_residual_px": 0.3555, "heldout_residual_px": 0.114}}, {"type": "Feature", "geometry": {"type": "Point", "coordinates": [31.33400838, -51.33618297]}, "properties": {"id": 1039, "tmc_scan": 243241.905, "tmc_pixel": 582.538, "fit_residual_px": 0.2219, "heldout_residual_px": 0.3473}}, {"type": "Feature", "geometry": {"type": "Point", "coordinates": [31.1372872, -51.34381333]}, "properties": {"id": 1040, "tmc_scan": 243209.398, "tmc_pixel": 1344.052, "fit_residual_px": 0.6382, "heldout_residual_px": 0.8029}}, {"type": "Feature", "geometry": {"type": "Point", "coordinates": [31.14981518, -51.34385424]}, "properties": {"id": 1041, "tmc_scan": 243208.686, "tmc_pixel": 1296.507, "fit_residual_px": 0.2733, "heldout_residual_px": 0.1888}}, {"type": "Feature", "geometry": {"type": "Point", "coordinates": [31.16212776, -51.34386665]}, "properties": {"id": 1042, "tmc_scan": 243207.96, "tmc_pixel": 1248.962, "fit_residual_px": 0.3131, "heldout_residual_px": 0.2255}}, {"type": "Feature", "geometry": {"type": "Point", "coordinates": [31.17451458, -51.34384801]}, "properties": {"id": 1043, "tmc_scan": 243207.233, "tmc_pixel": 1201.419, "fit_residual_px": 0.575, "heldout_residual_px": 0.5402}}, {"type": "Feature", "geometry": {"type": "Point", "coordinates": [31.18685137, -51.34382474]}, "properties": {"id": 1044, "tmc_scan": 243206.493, "tmc_pixel": 1153.874, "fit_residual_px": 0.6846, "heldout_residual_px": 0.6841}}, {"type": "Feature", "geometry": {"type": "Point", "coordinates": [31.19899846, -51.34382877]}, "properties": {"id": 1045, "tmc_scan": 243205.752, "tmc_pixel": 1106.333, "fit_residual_px": 0.2046, "heldout_residual_px": 0.1435}}, {"type": "Feature", "geometry": {"type": "Point", "coordinates": [31.22369575, -51.3437925]}, "properties": {"id": 1046, "tmc_scan": 243204.241, "tmc_pixel": 1011.251, "fit_residual_px": 0.5359, "heldout_residual_px": 0.5507}}, {"type": "Feature", "geometry": {"type": "Point", "coordinates": [31.23578381, -51.34374322]}, "properties": {"id": 1047, "tmc_scan": 243203.473, "tmc_pixel": 963.711, "fit_residual_px": 0.2857, "heldout_residual_px": 0.292}}, {"type": "Feature", "geometry": {"type": "Point", "coordinates": [31.24830728, -51.34372825]}, "properties": {"id": 1048, "tmc_scan": 243202.702, "tmc_pixel": 916.173, "fit_residual_px": 0.718, "heldout_residual_px": 0.738}}, {"type": "Feature", "geometry": {"type": "Point", "coordinates": [31.2604934, -51.34372102]}, "properties": {"id": 1049, "tmc_scan": 243201.92, "tmc_pixel": 868.635, "fit_residual_px": 0.365, "heldout_residual_px": 0.3621}}, {"type": "Feature", "geometry": {"type": "Point", "coordinates": [31.27269651, -51.3437004]}, "properties": {"id": 1050, "tmc_scan": 243201.134, "tmc_pixel": 821.098, "fit_residual_px": 0.1124, "heldout_residual_px": 0.1294}}, {"type": "Feature", "geometry": {"type": "Point", "coordinates": [31.28499682, -51.3436861]}, "properties": {"id": 1051, "tmc_scan": 243200.339, "tmc_pixel": 773.563, "fit_residual_px": 0.2637, "heldout_residual_px": 0.2056}}, {"type": "Feature", "geometry": {"type": "Point", "coordinates": [31.29717896, -51.34367537]}, "properties": {"id": 1052, "tmc_scan": 243199.537, "tmc_pixel": 726.029, "fit_residual_px": 0.0427, "heldout_residual_px": 0.1718}}, {"type": "Feature", "geometry": {"type": "Point", "coordinates": [31.3094489, -51.34365753]}, "properties": {"id": 1053, "tmc_scan": 243198.727, "tmc_pixel": 678.497, "fit_residual_px": 0.0506, "heldout_residual_px": 0.1482}}, {"type": "Feature", "geometry": {"type": "Point", "coordinates": [31.32170646, -51.34364576]}, "properties": {"id": 1054, "tmc_scan": 243197.91, "tmc_pixel": 630.966, "fit_residual_px": 0.1174, "heldout_residual_px": 0.1478}}, {"type": "Feature", "geometry": {"type": "Point", "coordinates": [31.33381768, -51.34363026]}, "properties": {"id": 1055, "tmc_scan": 243197.087, "tmc_pixel": 583.437, "fit_residual_px": 0.431, "heldout_residual_px": 0.7338}}, {"type": "Feature", "geometry": {"type": "Point", "coordinates": [31.13739245, -51.35133954]}, "properties": {"id": 1056, "tmc_scan": 243164.548, "tmc_pixel": 1344.851, "fit_residual_px": 0.0881, "heldout_residual_px": 0.077}}, {"type": "Feature", "geometry": {"type": "Point", "coordinates": [31.14976693, -51.35131364]}, "properties": {"id": 1057, "tmc_scan": 243163.836, "tmc_pixel": 1297.321, "fit_residual_px": 0.2839, "heldout_residual_px": 0.225}}, {"type": "Feature", "geometry": {"type": "Point", "coordinates": [31.16199675, -51.35130332]}, "properties": {"id": 1058, "tmc_scan": 243163.109, "tmc_pixel": 1249.779, "fit_residual_px": 0.0628, "heldout_residual_px": 0.1481}}, {"type": "Feature", "geometry": {"type": "Point", "coordinates": [31.17446868, -51.351308]}, "properties": {"id": 1059, "tmc_scan": 243162.383, "tmc_pixel": 1202.25, "fit_residual_px": 0.6055, "heldout_residual_px": 0.5802}}, {"type": "Feature", "geometry": {"type": "Point", "coordinates": [31.18677187, -51.35128118]}, "properties": {"id": 1060, "tmc_scan": 243161.642, "tmc_pixel": 1154.71, "fit_residual_px": 0.5968, "heldout_residual_px": 0.6067}}, {"type": "Feature", "geometry": {"type": "Point", "coordinates": [31.21140659, -51.351254]}, "properties": {"id": 1061, "tmc_scan": 243160.145, "tmc_pixel": 1059.644, "fit_residual_px": 0.7769, "heldout_residual_px": 0.8088}}, {"type": "Feature", "geometry": {"type": "Point", "coordinates": [31.22349579, -51.35120819]}, "properties": {"id": 1062, "tmc_scan": 243159.389, "tmc_pixel": 1012.116, "fit_residual_px": 0.1887, "heldout_residual_px": 0.2641}}, {"type": "Feature", "geometry": {"type": "Point", "coordinates": [31.23583633, -51.35120958]}, "properties": {"id": 1063, "tmc_scan": 243158.62, "tmc_pixel": 964.583, "fit_residual_px": 0.2331, "heldout_residual_px": 0.2873}}, {"type": "Feature", "geometry": {"type": "Point", "coordinates": [31.24812923, -51.35120861]}, "properties": {"id": 1064, "tmc_scan": 243157.848, "tmc_pixel": 917.055, "fit_residual_px": 0.2889, "heldout_residual_px": 0.3017}}, {"type": "Feature", "geometry": {"type": "Point", "coordinates": [31.26048814, -51.35120226]}, "properties": {"id": 1065, "tmc_scan": 243157.067, "tmc_pixel": 869.525, "fit_residual_px": 0.6526, "heldout_residual_px": 0.6313}}, {"type": "Feature", "geometry": {"type": "Point", "coordinates": [31.27269409, -51.35116901]}, "properties": {"id": 1066, "tmc_scan": 243156.279, "tmc_pixel": 821.998, "fit_residual_px": 0.4133, "heldout_residual_px": 0.38}}, {"type": "Feature", "geometry": {"type": "Point", "coordinates": [31.28485954, -51.35114121]}, "properties": {"id": 1067, "tmc_scan": 243155.484, "tmc_pixel": 774.472, "fit_residual_px": 0.1065, "heldout_residual_px": 0.187}}, {"type": "Feature", "geometry": {"type": "Point", "coordinates": [31.29712406, -51.35114999]}, "properties": {"id": 1068, "tmc_scan": 243154.682, "tmc_pixel": 726.945, "fit_residual_px": 0.1056, "heldout_residual_px": 0.0546}}, {"type": "Feature", "geometry": {"type": "Point", "coordinates": [31.30934377, -51.35112505]}, "properties": {"id": 1069, "tmc_scan": 243153.873, "tmc_pixel": 679.423, "fit_residual_px": 0.0401, "heldout_residual_px": 0.2283}}, {"type": "Feature", "geometry": {"type": "Point", "coordinates": [31.32153075, -51.3510984]}, "properties": {"id": 1070, "tmc_scan": 243153.056, "tmc_pixel": 631.898, "fit_residual_px": 0.2564, "heldout_residual_px": 0.5181}}, {"type": "Feature", "geometry": {"type": "Point", "coordinates": [31.33372766, -51.35111251]}, "properties": {"id": 1071, "tmc_scan": 243152.234, "tmc_pixel": 584.38, "fit_residual_px": 0.4535, "heldout_residual_px": 0.7421}}, {"type": "Feature", "geometry": {"type": "Point", "coordinates": [31.13739948, -51.35880881]}, "properties": {"id": 1072, "tmc_scan": 243119.69, "tmc_pixel": 1345.671, "fit_residual_px": 0.3002, "heldout_residual_px": 0.1621}}, {"type": "Feature", "geometry": {"type": "Point", "coordinates": [31.14972998, -51.35879326]}, "properties": {"id": 1073, "tmc_scan": 243118.978, "tmc_pixel": 1298.145, "fit_residual_px": 0.3475, "heldout_residual_px": 0.2628}}, {"type": "Feature", "geometry": {"type": "Point", "coordinates": [31.16207884, -51.35879914]}, "properties": {"id": 1074, "tmc_scan": 243118.251, "tmc_pixel": 1250.615, "fit_residual_px": 0.5199, "heldout_residual_px": 0.4543}}, {"type": "Feature", "geometry": {"type": "Point", "coordinates": [31.17448747, -51.35879022]}, "properties": {"id": 1075, "tmc_scan": 243117.525, "tmc_pixel": 1203.091, "fit_residual_px": 0.9266, "heldout_residual_px": 0.8978}}, {"type": "Feature", "geometry": {"type": "Point", "coordinates": [31.18676619, -51.35874968]}, "properties": {"id": 1076, "tmc_scan": 243116.784, "tmc_pixel": 1155.561, "fit_residual_px": 0.8184, "heldout_residual_px": 0.8281}}, {"type": "Feature", "geometry": {"type": "Point", "coordinates": [31.19903552, -51.3587484]}, "properties": {"id": 1077, "tmc_scan": 243116.043, "tmc_pixel": 1108.039, "fit_residual_px": 0.7199, "heldout_residual_px": 0.7359}}, {"type": "Feature", "geometry": {"type": "Point", "coordinates": [31.21133515, -51.35874181]}, "properties": {"id": 1078, "tmc_scan": 243115.289, "tmc_pixel": 1060.512, "fit_residual_px": 0.7676, "heldout_residual_px": 0.786}}, {"type": "Feature", "geometry": {"type": "Point", "coordinates": [31.2234934, -51.35868628]}, "properties": {"id": 1079, "tmc_scan": 243114.532, "tmc_pixel": 1012.991, "fit_residual_px": 0.2746, "heldout_residual_px": 0.3391}}, {"type": "Feature", "geometry": {"type": "Point", "coordinates": [31.23582529, -51.35867944]}, "properties": {"id": 1080, "tmc_scan": 243113.764, "tmc_pixel": 965.466, "fit_residual_px": 0.4675, "heldout_residual_px": 0.5036}}, {"type": "Feature", "geometry": {"type": "Point", "coordinates": [31.24804496, -51.35863919]}, "properties": {"id": 1081, "tmc_scan": 243112.993, "tmc_pixel": 917.946, "fit_residual_px": 0.3353, "heldout_residual_px": 0.394}}, {"type": "Feature", "geometry": {"type": "Point", "coordinates": [31.26031219, -51.35864762]}, "properties": {"id": 1082, "tmc_scan": 243112.211, "tmc_pixel": 870.423, "fit_residual_px": 0.2569, "heldout_residual_px": 0.27}}, {"type": "Feature", "geometry": {"type": "Point", "coordinates": [31.27264128, -51.35864492]}, "properties": {"id": 1083, "tmc_scan": 243111.424, "tmc_pixel": 822.906, "fit_residual_px": 0.5208, "heldout_residual_px": 0.4711}}, {"type": "Feature", "geometry": {"type": "Point", "coordinates": [31.28488804, -51.35861845]}, "properties": {"id": 1084, "tmc_scan": 243110.629, "tmc_pixel": 775.386, "fit_residual_px": 0.4844, "heldout_residual_px": 0.408}}, {"type": "Feature", "geometry": {"type": "Point", "coordinates": [31.297072, -51.35858614]}, "properties": {"id": 1085, "tmc_scan": 243109.828, "tmc_pixel": 727.871, "fit_residual_px": 0.2525, "heldout_residual_px": 0.2281}}, {"type": "Feature", "geometry": {"type": "Point", "coordinates": [31.30924725, -51.35860651]}, "properties": {"id": 1086, "tmc_scan": 243109.019, "tmc_pixel": 680.353, "fit_residual_px": 0.1313, "heldout_residual_px": 0.2649}}, {"type": "Feature", "geometry": {"type": "Point", "coordinates": [31.32142567, -51.35858783]}, "properties": {"id": 1087, "tmc_scan": 243108.202, "tmc_pixel": 632.84, "fit_residual_px": 0.3329, "heldout_residual_px": 0.5733}}, {"type": "Feature", "geometry": {"type": "Point", "coordinates": [31.33359161, -51.35855528]}, "properties": {"id": 1088, "tmc_scan": 243107.38, "tmc_pixel": 585.326, "fit_residual_px": 0.5881, "heldout_residual_px": 0.9199}}, {"type": "Feature", "geometry": {"type": "Point", "coordinates": [31.14969838, -51.36627448]}, "properties": {"id": 1089, "tmc_scan": 243074.087, "tmc_pixel": 1298.991, "fit_residual_px": 0.4537, "heldout_residual_px": 0.3559}}, {"type": "Feature", "geometry": {"type": "Point", "coordinates": [31.16194664, -51.36624568]}, "properties": {"id": 1090, "tmc_scan": 243073.36, "tmc_pixel": 1251.468, "fit_residual_px": 0.1897, "heldout_residual_px": 0.1561}}, {"type": "Feature", "geometry": {"type": "Point", "coordinates": [31.17440573, -51.36621326]}, "properties": {"id": 1091, "tmc_scan": 243072.633, "tmc_pixel": 1203.953, "fit_residual_px": 0.8227, "heldout_residual_px": 0.8234}}, {"type": "Feature", "geometry": {"type": "Point", "coordinates": [31.18660273, -51.36623902]}, "properties": {"id": 1092, "tmc_scan": 243071.892, "tmc_pixel": 1156.432, "fit_residual_px": 0.4349, "heldout_residual_px": 0.4217}}, {"type": "Feature", "geometry": {"type": "Point", "coordinates": [31.19895008, -51.36623409]}, "properties": {"id": 1093, "tmc_scan": 243071.15, "tmc_pixel": 1108.917, "fit_residual_px": 0.6633, "heldout_residual_px": 0.6644}}, {"type": "Feature", "geometry": {"type": "Point", "coordinates": [31.21131109, -51.36620752]}, "properties": {"id": 1094, "tmc_scan": 243070.395, "tmc_pixel": 1061.4, "fit_residual_px": 0.9388, "heldout_residual_px": 0.9595}}, {"type": "Feature", "geometry": {"type": "Point", "coordinates": [31.223508, -51.36619387]}, "properties": {"id": 1095, "tmc_scan": 243069.638, "tmc_pixel": 1013.886, "fit_residual_px": 0.6042, "heldout_residual_px": 0.6183}}, {"type": "Feature", "geometry": {"type": "Point", "coordinates": [31.23568823, -51.36614679]}, "properties": {"id": 1096, "tmc_scan": 243068.87, "tmc_pixel": 966.371, "fit_residual_px": 0.215, "heldout_residual_px": 0.2662}}, {"type": "Feature", "geometry": {"type": "Point", "coordinates": [31.24797687, -51.36612923]}, "properties": {"id": 1097, "tmc_scan": 243068.097, "tmc_pixel": 918.858, "fit_residual_px": 0.2901, "heldout_residual_px": 0.3217}}, {"type": "Feature", "geometry": {"type": "Point", "coordinates": [31.26019716, -51.36609951]}, "properties": {"id": 1098, "tmc_scan": 243067.316, "tmc_pixel": 871.347, "fit_residual_px": 0.1966, "heldout_residual_px": 0.26}}, {"type": "Feature", "geometry": {"type": "Point", "coordinates": [31.27249355, -51.36610093]}, "properties": {"id": 1099, "tmc_scan": 243066.528, "tmc_pixel": 823.834, "fit_residual_px": 0.2567, "heldout_residual_px": 0.2352}}, {"type": "Feature", "geometry": {"type": "Point", "coordinates": [31.28471306, -51.36609229]}, "properties": {"id": 1100, "tmc_scan": 243065.732, "tmc_pixel": 776.327, "fit_residual_px": 0.1143, "heldout_residual_px": 0.0824}}, {"type": "Feature", "geometry": {"type": "Point", "coordinates": [31.29702244, -51.36607055]}, "properties": {"id": 1101, "tmc_scan": 243064.93, "tmc_pixel": 728.815, "fit_residual_px": 0.3644, "heldout_residual_px": 0.2426}}, {"type": "Feature", "geometry": {"type": "Point", "coordinates": [31.30915798, -51.36605291]}, "properties": {"id": 1102, "tmc_scan": 243064.121, "tmc_pixel": 681.312, "fit_residual_px": 0.0714, "heldout_residual_px": 0.2915}}, {"type": "Feature", "geometry": {"type": "Point", "coordinates": [31.32131597, -51.36602755]}, "properties": {"id": 1103, "tmc_scan": 243063.303, "tmc_pixel": 633.801, "fit_residual_px": 0.391, "heldout_residual_px": 0.6704}}, {"type": "Feature", "geometry": {"type": "Point", "coordinates": [31.33335247, -51.36598607]}, "properties": {"id": 1104, "tmc_scan": 243062.48, "tmc_pixel": 586.302, "fit_residual_px": 1.1903, "heldout_residual_px": 1.5403}}, {"type": "Feature", "geometry": {"type": "Point", "coordinates": [31.13723977, -51.37374388]}, "properties": {"id": 1105, "tmc_scan": 243029.886, "tmc_pixel": 1347.359, "fit_residual_px": 0.0923, "heldout_residual_px": 0.0622}}, {"type": "Feature", "geometry": {"type": "Point", "coordinates": [31.14958389, -51.37372946]}, "properties": {"id": 1106, "tmc_scan": 243029.174, "tmc_pixel": 1299.852, "fit_residual_px": 0.2011, "heldout_residual_px": 0.1238}}, {"type": "Feature", "geometry": {"type": "Point", "coordinates": [31.16193161, -51.37371187]}, "properties": {"id": 1107, "tmc_scan": 243028.447, "tmc_pixel": 1252.336, "fit_residual_px": 0.3622, "heldout_residual_px": 0.3286}}, {"type": "Feature", "geometry": {"type": "Point", "coordinates": [31.17428971, -51.37371341]}, "properties": {"id": 1108, "tmc_scan": 243027.721, "tmc_pixel": 1204.831, "fit_residual_px": 0.6029, "heldout_residual_px": 0.5816}}, {"type": "Feature", "geometry": {"type": "Point", "coordinates": [31.18652613, -51.37369838]}, "properties": {"id": 1109, "tmc_scan": 243026.98, "tmc_pixel": 1157.316, "fit_residual_px": 0.3681, "heldout_residual_px": 0.3644}}, {"type": "Feature", "geometry": {"type": "Point", "coordinates": [31.19881718, -51.37367898]}, "properties": {"id": 1110, "tmc_scan": 243026.238, "tmc_pixel": 1109.812, "fit_residual_px": 0.3656, "heldout_residual_px": 0.3834}}, {"type": "Feature", "geometry": {"type": "Point", "coordinates": [31.21112278, -51.37368331]}, "properties": {"id": 1111, "tmc_scan": 243025.483, "tmc_pixel": 1062.3, "fit_residual_px": 0.4823, "heldout_residual_px": 0.4853}}, {"type": "Feature", "geometry": {"type": "Point", "coordinates": [31.22340313, -51.37367629]}, "properties": {"id": 1112, "tmc_scan": 243024.726, "tmc_pixel": 1014.797, "fit_residual_px": 0.5094, "heldout_residual_px": 0.5027}}, {"type": "Feature", "geometry": {"type": "Point", "coordinates": [31.23558276, -51.37363073]}, "properties": {"id": 1113, "tmc_scan": 243023.959, "tmc_pixel": 967.287, "fit_residual_px": 0.0849, "heldout_residual_px": 0.1031}}, {"type": "Feature", "geometry": {"type": "Point", "coordinates": [31.24784798, -51.37359204]}, "properties": {"id": 1114, "tmc_scan": 243023.186, "tmc_pixel": 919.786, "fit_residual_px": 0.1326, "heldout_residual_px": 0.2044}}, {"type": "Feature", "geometry": {"type": "Point", "coordinates": [31.26008879, -51.3735936]}, "properties": {"id": 1115, "tmc_scan": 243022.405, "tmc_pixel": 872.278, "fit_residual_px": 0.0158, "heldout_residual_px": 0.0918}}, {"type": "Feature", "geometry": {"type": "Point", "coordinates": [31.27232636, -51.37355689]}, "properties": {"id": 1116, "tmc_scan": 243021.617, "tmc_pixel": 824.78, "fit_residual_px": 0.1572, "heldout_residual_px": 0.2601}}, {"type": "Feature", "geometry": {"type": "Point", "coordinates": [31.28446738, -51.37354869]}, "properties": {"id": 1117, "tmc_scan": 243020.822, "tmc_pixel": 777.274, "fit_residual_px": 0.5387, "heldout_residual_px": 0.6564}}, {"type": "Feature", "geometry": {"type": "Point", "coordinates": [31.29686408, -51.37356706]}, "properties": {"id": 1118, "tmc_scan": 243020.02, "tmc_pixel": 729.778, "fit_residual_px": 0.1789, "heldout_residual_px": 0.1061}}, {"type": "Feature", "geometry": {"type": "Point", "coordinates": [31.30905485, -51.37354453]}, "properties": {"id": 1119, "tmc_scan": 243019.211, "tmc_pixel": 682.276, "fit_residual_px": 0.1765, "heldout_residual_px": 0.3311}}, {"type": "Feature", "geometry": {"type": "Point", "coordinates": [31.33325794, -51.37348341]}, "properties": {"id": 1120, "tmc_scan": 243017.571, "tmc_pixel": 587.283, "fit_residual_px": 1.1647, "heldout_residual_px": 1.5169}}, {"type": "Feature", "geometry": {"type": "Point", "coordinates": [31.13721198, -51.38120963]}, "properties": {"id": 1121, "tmc_scan": 242985.021, "tmc_pixel": 1348.186, "fit_residual_px": 0.1795, "heldout_residual_px": 0.0667}}, {"type": "Feature", "geometry": {"type": "Point", "coordinates": [31.1495258, -51.3812065]}, "properties": {"id": 1122, "tmc_scan": 242984.311, "tmc_pixel": 1300.679, "fit_residual_px": 0.2187, "heldout_residual_px": 0.1173}}, {"type": "Feature", "geometry": {"type": "Point", "coordinates": [31.16189791, -51.38119771]}, "properties": {"id": 1123, "tmc_scan": 242983.587, "tmc_pixel": 1253.177, "fit_residual_px": 0.4846, "heldout_residual_px": 0.4303}}, {"type": "Feature", "geometry": {"type": "Point", "coordinates": [31.17418468, -51.38119237]}, "properties": {"id": 1124, "tmc_scan": 242982.863, "tmc_pixel": 1205.67, "fit_residual_px": 0.4572, "heldout_residual_px": 0.4208}}, {"type": "Feature", "geometry": {"type": "Point", "coordinates": [31.18649653, -51.38115981]}, "properties": {"id": 1125, "tmc_scan": 242982.125, "tmc_pixel": 1158.164, "fit_residual_px": 0.5015, "heldout_residual_px": 0.5089}}, {"type": "Feature", "geometry": {"type": "Point", "coordinates": [31.1986971, -51.38115484]}, "properties": {"id": 1126, "tmc_scan": 242981.385, "tmc_pixel": 1110.661, "fit_residual_px": 0.187, "heldout_residual_px": 0.1739}}, {"type": "Feature", "geometry": {"type": "Point", "coordinates": [31.21090167, -51.38110503]}, "properties": {"id": 1127, "tmc_scan": 242980.634, "tmc_pixel": 1063.16, "fit_residual_px": 0.1984, "heldout_residual_px": 0.2386}}, {"type": "Feature", "geometry": {"type": "Point", "coordinates": [31.22328778, -51.38112199]}, "properties": {"id": 1128, "tmc_scan": 242979.879, "tmc_pixel": 1015.658, "fit_residual_px": 0.2979, "heldout_residual_px": 0.308}}, {"type": "Feature", "geometry": {"type": "Point", "coordinates": [31.23541078, -51.38108446]}, "properties": {"id": 1129, "tmc_scan": 242979.114, "tmc_pixel": 968.161, "fit_residual_px": 0.3155, "heldout_residual_px": 0.3277}}, {"type": "Feature", "geometry": {"type": "Point", "coordinates": [31.24773607, -51.38107294]}, "properties": {"id": 1130, "tmc_scan": 242978.344, "tmc_pixel": 920.659, "fit_residual_px": 0.071, "heldout_residual_px": 0.1306}}, {"type": "Feature", "geometry": {"type": "Point", "coordinates": [31.26002197, -51.38107674]}, "properties": {"id": 1131, "tmc_scan": 242977.565, "tmc_pixel": 873.165, "fit_residual_px": 0.1099, "heldout_residual_px": 0.0214}}, {"type": "Feature", "geometry": {"type": "Point", "coordinates": [31.27222038, -51.38104195]}, "properties": {"id": 1132, "tmc_scan": 242976.78, "tmc_pixel": 825.665, "fit_residual_px": 0.1801, "heldout_residual_px": 0.2659}}, {"type": "Feature", "geometry": {"type": "Point", "coordinates": [31.28441245, -51.38101524]}, "properties": {"id": 1133, "tmc_scan": 242975.988, "tmc_pixel": 778.173, "fit_residual_px": 0.4122, "heldout_residual_px": 0.5396}}, {"type": "Feature", "geometry": {"type": "Point", "coordinates": [31.2967453, -51.38101255]}, "properties": {"id": 1134, "tmc_scan": 242975.188, "tmc_pixel": 730.675, "fit_residual_px": 0.0435, "heldout_residual_px": 0.2099}}, {"type": "Feature", "geometry": {"type": "Point", "coordinates": [31.3089673, -51.3810293]}, "properties": {"id": 1135, "tmc_scan": 242974.382, "tmc_pixel": 683.187, "fit_residual_px": 0.2625, "heldout_residual_px": 0.3525}}, {"type": "Feature", "geometry": {"type": "Point", "coordinates": [31.32116538, -51.38099549]}, "properties": {"id": 1136, "tmc_scan": 242973.567, "tmc_pixel": 635.691, "fit_residual_px": 0.2738, "heldout_residual_px": 0.5187}}, {"type": "Feature", "geometry": {"type": "Point", "coordinates": [31.33335253, -51.38097398]}, "properties": {"id": 1137, "tmc_scan": 242972.748, "tmc_pixel": 588.205, "fit_residual_px": 0.4082, "heldout_residual_px": 0.7454}}, {"type": "Feature", "geometry": {"type": "Point", "coordinates": [31.1371695, -51.388661]}, "properties": {"id": 1138, "tmc_scan": 242940.252, "tmc_pixel": 1348.942, "fit_residual_px": 0.2309, "heldout_residual_px": 0.1828}}, {"type": "Feature", "geometry": {"type": "Point", "coordinates": [31.14962042, -51.38865185]}, "properties": {"id": 1139, "tmc_scan": 242939.542, "tmc_pixel": 1301.438, "fit_residual_px": 0.809, "heldout_residual_px": 0.7479}}, {"type": "Feature", "geometry": {"type": "Point", "coordinates": [31.16185646, -51.38864793]}, "properties": {"id": 1140, "tmc_scan": 242938.818, "tmc_pixel": 1253.948, "fit_residual_px": 0.546, "heldout_residual_px": 0.5143}}, {"type": "Feature", "geometry": {"type": "Point", "coordinates": [31.17420542, -51.38864343]}, "properties": {"id": 1141, "tmc_scan": 242938.093, "tmc_pixel": 1206.446, "fit_residual_px": 0.7656, "heldout_residual_px": 0.7534}}, {"type": "Feature", "geometry": {"type": "Point", "coordinates": [31.18645117, -51.38861558]}, "properties": {"id": 1142, "tmc_scan": 242937.356, "tmc_pixel": 1158.943, "fit_residual_px": 0.5842, "heldout_residual_px": 0.6035}}, {"type": "Feature", "geometry": {"type": "Point", "coordinates": [31.19856274, -51.38856434]}, "properties": {"id": 1143, "tmc_scan": 242936.616, "tmc_pixel": 1111.454, "fit_residual_px": 0.284, "heldout_residual_px": 0.3557}}, {"type": "Feature", "geometry": {"type": "Point", "coordinates": [31.21089276, -51.38855681]}, "properties": {"id": 1144, "tmc_scan": 242935.865, "tmc_pixel": 1063.955, "fit_residual_px": 0.2357, "heldout_residual_px": 0.3222}}, {"type": "Feature", "geometry": {"type": "Point", "coordinates": [31.22309025, -51.3885382]}, "properties": {"id": 1145, "tmc_scan": 242935.11, "tmc_pixel": 1016.468, "fit_residual_px": 0.3211, "heldout_residual_px": 0.3753}}, {"type": "Feature", "geometry": {"type": "Point", "coordinates": [31.23536659, -51.38854118]}, "properties": {"id": 1146, "tmc_scan": 242934.345, "tmc_pixel": 968.972, "fit_residual_px": 0.2154, "heldout_residual_px": 0.265}}, {"type": "Feature", "geometry": {"type": "Point", "coordinates": [31.24768639, -51.38852574]}, "properties": {"id": 1147, "tmc_scan": 242933.575, "tmc_pixel": 921.485, "fit_residual_px": 0.1346, "heldout_residual_px": 0.2099}}, {"type": "Feature", "geometry": {"type": "Point", "coordinates": [31.25994812, -51.38849721]}, "properties": {"id": 1148, "tmc_scan": 242932.797, "tmc_pixel": 873.993, "fit_residual_px": 0.2158, "heldout_residual_px": 0.2871}}, {"type": "Feature", "geometry": {"type": "Point", "coordinates": [31.27212498, -51.38852053]}, "properties": {"id": 1149, "tmc_scan": 242932.012, "tmc_pixel": 826.507, "fit_residual_px": 0.2262, "heldout_residual_px": 0.2931}}, {"type": "Feature", "geometry": {"type": "Point", "coordinates": [31.28441542, -51.38847369]}, "properties": {"id": 1150, "tmc_scan": 242931.22, "tmc_pixel": 779.018, "fit_residual_px": 0.1387, "heldout_residual_px": 0.267}}, {"type": "Feature", "geometry": {"type": "Point", "coordinates": [31.29665398, -51.38848122]}, "properties": {"id": 1151, "tmc_scan": 242930.42, "tmc_pixel": 731.534, "fit_residual_px": 0.0487, "heldout_residual_px": 0.2152}}, {"type": "Feature", "geometry": {"type": "Point", "coordinates": [31.30884842, -51.38845761]}, "properties": {"id": 1152, "tmc_scan": 242929.614, "tmc_pixel": 684.048, "fit_residual_px": 0.1998, "heldout_residual_px": 0.4363}}, {"type": "Feature", "geometry": {"type": "Point", "coordinates": [31.32092371, -51.38841674]}, "properties": {"id": 1153, "tmc_scan": 242928.799, "tmc_pixel": 636.565, "fit_residual_px": 0.8323, "heldout_residual_px": 1.1371}}, {"type": "Feature", "geometry": {"type": "Point", "coordinates": [31.33310637, -51.38838637]}, "properties": {"id": 1154, "tmc_scan": 242927.98, "tmc_pixel": 589.083, "fit_residual_px": 1.0059, "heldout_residual_px": 1.3845}}, {"type": "Feature", "geometry": {"type": "Point", "coordinates": [31.13716201, -51.39613204]}, "properties": {"id": 1155, "tmc_scan": 242895.451, "tmc_pixel": 1349.698, "fit_residual_px": 0.4265, "heldout_residual_px": 0.3393}}, {"type": "Feature", "geometry": {"type": "Point", "coordinates": [31.14951068, -51.39612664]}, "properties": {"id": 1156, "tmc_scan": 242894.738, "tmc_pixel": 1302.21, "fit_residual_px": 0.6066, "heldout_residual_px": 0.5446}}, {"type": "Feature", "geometry": {"type": "Point", "coordinates": [31.16189278, -51.39612008]}, "properties": {"id": 1157, "tmc_scan": 242894.011, "tmc_pixel": 1254.723, "fit_residual_px": 0.9466, "heldout_residual_px": 0.9127}}, {"type": "Feature", "geometry": {"type": "Point", "coordinates": [31.17408115, -51.3961026]}, "properties": {"id": 1158, "tmc_scan": 242893.283, "tmc_pixel": 1207.236, "fit_residual_px": 0.5239, "heldout_residual_px": 0.5208}}, {"type": "Feature", "geometry": {"type": "Point", "coordinates": [31.18635361, -51.39608409]}, "properties": {"id": 1159, "tmc_scan": 242892.542, "tmc_pixel": 1159.752, "fit_residual_px": 0.4645, "heldout_residual_px": 0.4859}}, {"type": "Feature", "geometry": {"type": "Point", "coordinates": [31.1984965, -51.39602158]}, "properties": {"id": 1160, "tmc_scan": 242891.799, "tmc_pixel": 1112.265, "fit_residual_px": 0.3397, "heldout_residual_px": 0.4172}}, {"type": "Feature", "geometry": {"type": "Point", "coordinates": [31.21077969, -51.39603539]}, "properties": {"id": 1161, "tmc_scan": 242891.044, "tmc_pixel": 1064.783, "fit_residual_px": 0.1596, "heldout_residual_px": 0.2328}}, {"type": "Feature", "geometry": {"type": "Point", "coordinates": [31.22303877, -51.39599732]}, "properties": {"id": 1162, "tmc_scan": 242890.286, "tmc_pixel": 1017.298, "fit_residual_px": 0.315, "heldout_residual_px": 0.3891}}, {"type": "Feature", "geometry": {"type": "Point", "coordinates": [31.23528875, -51.39600845]}, "properties": {"id": 1163, "tmc_scan": 242889.518, "tmc_pixel": 969.819, "fit_residual_px": 0.2124, "heldout_residual_px": 0.2655}}, {"type": "Feature", "geometry": {"type": "Point", "coordinates": [31.24759328, -51.39597947]}, "properties": {"id": 1164, "tmc_scan": 242888.744, "tmc_pixel": 922.336, "fit_residual_px": 0.2096, "heldout_residual_px": 0.2933}}, {"type": "Feature", "geometry": {"type": "Point", "coordinates": [31.25978947, -51.39600475]}, "properties": {"id": 1165, "tmc_scan": 242887.962, "tmc_pixel": 874.858, "fit_residual_px": 0.2281, "heldout_residual_px": 0.2638}}, {"type": "Feature", "geometry": {"type": "Point", "coordinates": [31.27203643, -51.39595489]}, "properties": {"id": 1166, "tmc_scan": 242887.173, "tmc_pixel": 827.378, "fit_residual_px": 0.2733, "heldout_residual_px": 0.387}}, {"type": "Feature", "geometry": {"type": "Point", "coordinates": [31.28426969, -51.39596803]}, "properties": {"id": 1167, "tmc_scan": 242886.377, "tmc_pixel": 779.903, "fit_residual_px": 0.2649, "heldout_residual_px": 0.3868}}, {"type": "Feature", "geometry": {"type": "Point", "coordinates": [31.29651131, -51.39592934]}, "properties": {"id": 1168, "tmc_scan": 242885.572, "tmc_pixel": 732.424, "fit_residual_px": 0.2605, "heldout_residual_px": 0.4551}}, {"type": "Feature", "geometry": {"type": "Point", "coordinates": [31.3085955, -51.3958812]}, "properties": {"id": 1169, "tmc_scan": 242884.763, "tmc_pixel": 684.952, "fit_residual_px": 0.8851, "heldout_residual_px": 1.1354}}, {"type": "Feature", "geometry": {"type": "Point", "coordinates": [31.32081432, -51.39586179]}, "properties": {"id": 1170, "tmc_scan": 242883.943, "tmc_pixel": 637.476, "fit_residual_px": 0.9128, "heldout_residual_px": 1.2277}}, {"type": "Feature", "geometry": {"type": "Point", "coordinates": [31.33296224, -51.39588426]}, "properties": {"id": 1171, "tmc_scan": 242883.12, "tmc_pixel": 590.006, "fit_residual_px": 1.1566, "heldout_residual_px": 1.5373}}, {"type": "Feature", "geometry": {"type": "Point", "coordinates": [31.12476866, -51.40361981]}, "properties": {"id": 1172, "tmc_scan": 242851.15, "tmc_pixel": 1398.035, "fit_residual_px": 0.313, "heldout_residual_px": 0.173}}, {"type": "Feature", "geometry": {"type": "Point", "coordinates": [31.13700969, -51.40360661]}, "properties": {"id": 1173, "tmc_scan": 242850.437, "tmc_pixel": 1350.548, "fit_residual_px": 0.0485, "heldout_residual_px": 0.0995}}, {"type": "Feature", "geometry": {"type": "Point", "coordinates": [31.14937994, -51.40359451]}, "properties": {"id": 1174, "tmc_scan": 242849.724, "tmc_pixel": 1303.076, "fit_residual_px": 0.3261, "heldout_residual_px": 0.2728}}, {"type": "Feature", "geometry": {"type": "Point", "coordinates": [31.16175755, -51.40358728]}, "properties": {"id": 1175, "tmc_scan": 242848.996, "tmc_pixel": 1255.59, "fit_residual_px": 0.6592, "heldout_residual_px": 0.6278}}, {"type": "Feature", "geometry": {"type": "Point", "coordinates": [31.17406122, -51.40357597]}, "properties": {"id": 1176, "tmc_scan": 242848.268, "tmc_pixel": 1208.119, "fit_residual_px": 0.7153, "heldout_residual_px": 0.7079}}, {"type": "Feature", "geometry": {"type": "Point", "coordinates": [31.18617901, -51.40356634]}, "properties": {"id": 1177, "tmc_scan": 242847.527, "tmc_pixel": 1160.636, "fit_residual_px": 0.0908, "heldout_residual_px": 0.0517}}, {"type": "Feature", "geometry": {"type": "Point", "coordinates": [31.19844194, -51.40352822]}, "properties": {"id": 1178, "tmc_scan": 242846.784, "tmc_pixel": 1113.165, "fit_residual_px": 0.0779, "heldout_residual_px": 0.1596}}, {"type": "Feature", "geometry": {"type": "Point", "coordinates": [31.21061408, -51.40351234]}, "properties": {"id": 1179, "tmc_scan": 242846.029, "tmc_pixel": 1065.685, "fit_residual_px": 0.4413, "heldout_residual_px": 0.4428}}, {"type": "Feature", "geometry": {"type": "Point", "coordinates": [31.22289565, -51.40350713]}, "properties": {"id": 1180, "tmc_scan": 242845.27, "tmc_pixel": 1018.214, "fit_residual_px": 0.3775, "heldout_residual_px": 0.3742}}, {"type": "Feature", "geometry": {"type": "Point", "coordinates": [31.23515602, -51.40345265]}, "properties": {"id": 1181, "tmc_scan": 242844.502, "tmc_pixel": 970.738, "fit_residual_px": 0.4709, "heldout_residual_px": 0.5213}}, {"type": "Feature", "geometry": {"type": "Point", "coordinates": [31.24738375, -51.4034794]}, "properties": {"id": 1182, "tmc_scan": 242843.728, "tmc_pixel": 923.268, "fit_residual_px": 0.4997, "heldout_residual_px": 0.5235}}, {"type": "Feature", "geometry": {"type": "Point", "coordinates": [31.25954089, -51.4034192]}, "properties": {"id": 1183, "tmc_scan": 242842.947, "tmc_pixel": 875.795, "fit_residual_px": 0.9227, "heldout_residual_px": 0.9951}}, {"type": "Feature", "geometry": {"type": "Point", "coordinates": [31.2719621, -51.40343025]}, "properties": {"id": 1184, "tmc_scan": 242842.157, "tmc_pixel": 828.325, "fit_residual_px": 0.1965, "heldout_residual_px": 0.3144}}, {"type": "Feature", "geometry": {"type": "Point", "coordinates": [31.28412312, -51.4034203]}, "properties": {"id": 1185, "tmc_scan": 242841.362, "tmc_pixel": 780.856, "fit_residual_px": 0.4885, "heldout_residual_px": 0.6301}}, {"type": "Feature", "geometry": {"type": "Point", "coordinates": [31.29646258, -51.4034228]}, "properties": {"id": 1186, "tmc_scan": 242840.558, "tmc_pixel": 733.388, "fit_residual_px": 0.0944, "heldout_residual_px": 0.2405}}, {"type": "Feature", "geometry": {"type": "Point", "coordinates": [31.30855769, -51.40336005]}, "properties": {"id": 1187, "tmc_scan": 242839.749, "tmc_pixel": 685.923, "fit_residual_px": 0.6353, "heldout_residual_px": 0.8934}}, {"type": "Feature", "geometry": {"type": "Point", "coordinates": [31.32076439, -51.4033814]}, "properties": {"id": 1188, "tmc_scan": 242838.929, "tmc_pixel": 638.455, "fit_residual_px": 0.6656, "heldout_residual_px": 0.975}}, {"type": "Feature", "geometry": {"type": "Point", "coordinates": [31.33283737, -51.40333756]}, "properties": {"id": 1189, "tmc_scan": 242838.107, "tmc_pixel": 590.994, "fit_residual_px": 1.253, "heldout_residual_px": 1.6471}}, {"type": "Feature", "geometry": {"type": "Point", "coordinates": [31.12468586, -51.41109459]}, "properties": {"id": 1190, "tmc_scan": 242806.135, "tmc_pixel": 1398.885, "fit_residual_px": 0.2212, "heldout_residual_px": 0.0647}}, {"type": "Feature", "geometry": {"type": "Point", "coordinates": [31.1370084, -51.4110776]}, "properties": {"id": 1191, "tmc_scan": 242805.424, "tmc_pixel": 1351.412, "fit_residual_px": 0.2865, "heldout_residual_px": 0.1915}}, {"type": "Feature", "geometry": {"type": "Point", "coordinates": [31.14927011, -51.41108678]}, "properties": {"id": 1192, "tmc_scan": 242804.712, "tmc_pixel": 1303.941, "fit_residual_px": 0.2198, "heldout_residual_px": 0.1093}}, {"type": "Feature", "geometry": {"type": "Point", "coordinates": [31.16165639, -51.41107518]}, "properties": {"id": 1193, "tmc_scan": 242803.987, "tmc_pixel": 1256.47, "fit_residual_px": 0.5438, "heldout_residual_px": 0.4925}}, {"type": "Feature", "geometry": {"type": "Point", "coordinates": [31.17389238, -51.4110547]}, "properties": {"id": 1194, "tmc_scan": 242803.261, "tmc_pixel": 1209.0, "fit_residual_px": 0.333, "heldout_residual_px": 0.3049}}, {"type": "Feature", "geometry": {"type": "Point", "coordinates": [31.18619151, -51.4110489]}, "properties": {"id": 1195, "tmc_scan": 242802.522, "tmc_pixel": 1161.53, "fit_residual_px": 0.4176, "heldout_residual_px": 0.4002}}, {"type": "Feature", "geometry": {"type": "Point", "coordinates": [31.19840265, -51.41101756]}, "properties": {"id": 1196, "tmc_scan": 242801.78, "tmc_pixel": 1114.061, "fit_residual_px": 0.133, "heldout_residual_px": 0.1375}}, {"type": "Feature", "geometry": {"type": "Point", "coordinates": [31.21058244, -51.41098051]}, "properties": {"id": 1197, "tmc_scan": 242801.028, "tmc_pixel": 1066.594, "fit_residual_px": 0.2638, "heldout_residual_px": 0.282}}, {"type": "Feature", "geometry": {"type": "Point", "coordinates": [31.22276518, -51.41096419]}, "properties": {"id": 1198, "tmc_scan": 242800.271, "tmc_pixel": 1019.127, "fit_residual_px": 0.5907, "heldout_residual_px": 0.5939}}, {"type": "Feature", "geometry": {"type": "Point", "coordinates": [31.23506397, -51.41093856]}, "properties": {"id": 1199, "tmc_scan": 242799.505, "tmc_pixel": 971.661, "fit_residual_px": 0.4513, "heldout_residual_px": 0.4858}}, {"type": "Feature", "geometry": {"type": "Point", "coordinates": [31.24731544, -51.41091581]}, "properties": {"id": 1200, "tmc_scan": 242798.733, "tmc_pixel": 924.196, "fit_residual_px": 0.4765, "heldout_residual_px": 0.5357}}, {"type": "Feature", "geometry": {"type": "Point", "coordinates": [31.27183493, -51.41089481]}, "properties": {"id": 1201, "tmc_scan": 242797.166, "tmc_pixel": 829.27, "fit_residual_px": 0.339, "heldout_residual_px": 0.4559}}, {"type": "Feature", "geometry": {"type": "Point", "coordinates": [31.2840812, -51.41090032]}, "properties": {"id": 1202, "tmc_scan": 242796.373, "tmc_pixel": 781.809, "fit_residual_px": 0.2806, "heldout_residual_px": 0.4185}}, {"type": "Feature", "geometry": {"type": "Point", "coordinates": [31.29641901, -51.41091484]}, "properties": {"id": 1203, "tmc_scan": 242795.571, "tmc_pixel": 734.348, "fit_residual_px": 0.2781, "heldout_residual_px": 0.1469}}, {"type": "Feature", "geometry": {"type": "Point", "coordinates": [31.30853668, -51.41089645]}, "properties": {"id": 1204, "tmc_scan": 242794.764, "tmc_pixel": 686.889, "fit_residual_px": 0.3687, "heldout_residual_px": 0.553}}, {"type": "Feature", "geometry": {"type": "Point", "coordinates": [31.32071236, -51.41087401]}, "properties": {"id": 1205, "tmc_scan": 242793.949, "tmc_pixel": 639.43, "fit_residual_px": 0.5106, "heldout_residual_px": 0.7924}}, {"type": "Feature", "geometry": {"type": "Point", "coordinates": [31.33272937, -51.41083524]}, "properties": {"id": 1206, "tmc_scan": 242793.131, "tmc_pixel": 591.973, "fit_residual_px": 1.2676, "heldout_residual_px": 1.6603}}, {"type": "Feature", "geometry": {"type": "Point", "coordinates": [31.12452372, -51.41856442]}, "properties": {"id": 1207, "tmc_scan": 242761.328, "tmc_pixel": 1399.673, "fit_residual_px": 0.2259, "heldout_residual_px": 0.3537}}, {"type": "Feature", "geometry": {"type": "Point", "coordinates": [31.13689062, -51.41856497]}, "properties": {"id": 1208, "tmc_scan": 242760.619, "tmc_pixel": 1352.202, "fit_residual_px": 0.1747, "heldout_residual_px": 0.0804}}, {"type": "Feature", "geometry": {"type": "Point", "coordinates": [31.14919576, -51.41855192]}, "properties": {"id": 1209, "tmc_scan": 242759.91, "tmc_pixel": 1304.743, "fit_residual_px": 0.185, "heldout_residual_px": 0.0746}}, {"type": "Feature", "geometry": {"type": "Point", "coordinates": [31.16145959, -51.4185343]}, "properties": {"id": 1210, "tmc_scan": 242759.187, "tmc_pixel": 1257.274, "fit_residual_px": 0.1262, "heldout_residual_px": 0.0509}}, {"type": "Feature", "geometry": {"type": "Point", "coordinates": [31.17381332, -51.41851815]}, "properties": {"id": 1211, "tmc_scan": 242758.463, "tmc_pixel": 1209.815, "fit_residual_px": 0.2889, "heldout_residual_px": 0.2664}}, {"type": "Feature", "geometry": {"type": "Point", "coordinates": [31.1860045, -51.41849655]}, "properties": {"id": 1212, "tmc_scan": 242757.727, "tmc_pixel": 1162.35, "fit_residual_px": 0.101, "heldout_residual_px": 0.0811}}, {"type": "Feature", "geometry": {"type": "Point", "coordinates": [31.19834896, -51.41848182]}, "properties": {"id": 1213, "tmc_scan": 242756.987, "tmc_pixel": 1114.891, "fit_residual_px": 0.2074, "heldout_residual_px": 0.2264}}, {"type": "Feature", "geometry": {"type": "Point", "coordinates": [31.21049988, -51.4184248]}, "properties": {"id": 1214, "tmc_scan": 242756.238, "tmc_pixel": 1067.429, "fit_residual_px": 0.3522, "heldout_residual_px": 0.3997}}, {"type": "Feature", "geometry": {"type": "Point", "coordinates": [31.2227459, -51.418423]}, "properties": {"id": 1215, "tmc_scan": 242755.483, "tmc_pixel": 1019.97, "fit_residual_px": 0.3644, "heldout_residual_px": 0.3945}}, {"type": "Feature", "geometry": {"type": "Point", "coordinates": [31.23499296, -51.41838759]}, "properties": {"id": 1216, "tmc_scan": 242754.72, "tmc_pixel": 972.511, "fit_residual_px": 0.4615, "heldout_residual_px": 0.5182}}, {"type": "Feature", "geometry": {"type": "Point", "coordinates": [31.24733022, -51.41838997]}, "properties": {"id": 1217, "tmc_scan": 242753.95, "tmc_pixel": 925.053, "fit_residual_px": 0.1549, "heldout_residual_px": 0.2454}}, {"type": "Feature", "geometry": {"type": "Point", "coordinates": [31.25958028, -51.41839396]}, "properties": {"id": 1218, "tmc_scan": 242753.174, "tmc_pixel": 877.598, "fit_residual_px": 0.0232, "heldout_residual_px": 0.1267}}, {"type": "Feature", "geometry": {"type": "Point", "coordinates": [31.27189488, -51.4183953]}, "properties": {"id": 1219, "tmc_scan": 242752.389, "tmc_pixel": 830.14, "fit_residual_px": 0.3104, "heldout_residual_px": 0.2018}}, {"type": "Feature", "geometry": {"type": "Point", "coordinates": [31.28411329, -51.41837282]}, "properties": {"id": 1220, "tmc_scan": 242751.598, "tmc_pixel": 782.689, "fit_residual_px": 0.2397, "heldout_residual_px": 0.096}}, {"type": "Feature", "geometry": {"type": "Point", "coordinates": [31.29630887, -51.41835465]}, "properties": {"id": 1221, "tmc_scan": 242750.798, "tmc_pixel": 735.232, "fit_residual_px": 0.1143, "heldout_residual_px": 0.1026}}, {"type": "Feature", "geometry": {"type": "Point", "coordinates": [31.30841172, -51.4183337]}, "properties": {"id": 1222, "tmc_scan": 242749.994, "tmc_pixel": 687.784, "fit_residual_px": 0.3901, "heldout_residual_px": 0.6471}}, {"type": "Feature", "geometry": {"type": "Point", "coordinates": [31.32045391, -51.4182932]}, "properties": {"id": 1223, "tmc_scan": 242749.179, "tmc_pixel": 640.329, "fit_residual_px": 1.1009, "heldout_residual_px": 1.437}}, {"type": "Feature", "geometry": {"type": "Point", "coordinates": [31.12442035, -51.42599931]}, "properties": {"id": 1225, "tmc_scan": 242716.56, "tmc_pixel": 1400.448, "fit_residual_px": 0.4009, "heldout_residual_px": 0.5674}}, {"type": "Feature", "geometry": {"type": "Point", "coordinates": [31.13676493, -51.42599038]}, "properties": {"id": 1226, "tmc_scan": 242715.851, "tmc_pixel": 1352.989, "fit_residual_px": 0.222, "heldout_residual_px": 0.3529}}, {"type": "Feature", "geometry": {"type": "Point", "coordinates": [31.14903388, -51.425992]}, "properties": {"id": 1227, "tmc_scan": 242715.141, "tmc_pixel": 1305.536, "fit_residual_px": 0.2935, "heldout_residual_px": 0.3658}}, {"type": "Feature", "geometry": {"type": "Point", "coordinates": [31.1614058, -51.42598898]}, "properties": {"id": 1228, "tmc_scan": 242714.419, "tmc_pixel": 1258.078, "fit_residual_px": 0.0663, "heldout_residual_px": 0.0534}}, {"type": "Feature", "geometry": {"type": "Point", "coordinates": [31.17348, -51.42592626]}, "properties": {"id": 1229, "tmc_scan": 242713.694, "tmc_pixel": 1210.625, "fit_residual_px": 0.8368, "heldout_residual_px": 0.8725}}, {"type": "Feature", "geometry": {"type": "Point", "coordinates": [31.1859793, -51.42594598]}, "properties": {"id": 1230, "tmc_scan": 242712.958, "tmc_pixel": 1163.169, "fit_residual_px": 0.1271, "heldout_residual_px": 0.1957}}, {"type": "Feature", "geometry": {"type": "Point", "coordinates": [31.19820833, -51.42591445]}, "properties": {"id": 1231, "tmc_scan": 242712.219, "tmc_pixel": 1115.718, "fit_residual_px": 0.1828, "heldout_residual_px": 0.2651}}, {"type": "Feature", "geometry": {"type": "Point", "coordinates": [31.21028828, -51.42590412]}, "properties": {"id": 1232, "tmc_scan": 242711.469, "tmc_pixel": 1068.263, "fit_residual_px": 0.8182, "heldout_residual_px": 0.8192}}, {"type": "Feature", "geometry": {"type": "Point", "coordinates": [31.22265247, -51.42590996]}, "properties": {"id": 1233, "tmc_scan": 242710.714, "tmc_pixel": 1020.814, "fit_residual_px": 0.3816, "heldout_residual_px": 0.3832}}, {"type": "Feature", "geometry": {"type": "Point", "coordinates": [31.23499424, -51.42584564]}, "properties": {"id": 1234, "tmc_scan": 242709.951, "tmc_pixel": 973.361, "fit_residual_px": 0.3292, "heldout_residual_px": 0.4174}}, {"type": "Feature", "geometry": {"type": "Point", "coordinates": [31.24724576, -51.42585637]}, "properties": {"id": 1235, "tmc_scan": 242709.181, "tmc_pixel": 925.914, "fit_residual_px": 0.1577, "heldout_residual_px": 0.2492}}, {"type": "Feature", "geometry": {"type": "Point", "coordinates": [31.25951044, -51.42587815]}, "properties": {"id": 1236, "tmc_scan": 242708.404, "tmc_pixel": 878.463, "fit_residual_px": 0.1165, "heldout_residual_px": 0.0166}}, {"type": "Feature", "geometry": {"type": "Point", "coordinates": [31.27181942, -51.42583468]}, "properties": {"id": 1237, "tmc_scan": 242707.619, "tmc_pixel": 831.018, "fit_residual_px": 0.3764, "heldout_residual_px": 0.3191}}, {"type": "Feature", "geometry": {"type": "Point", "coordinates": [31.28405467, -51.42584068]}, "properties": {"id": 1238, "tmc_scan": 242706.829, "tmc_pixel": 783.57, "fit_residual_px": 0.388, "heldout_residual_px": 0.2367}}, {"type": "Feature", "geometry": {"type": "Point", "coordinates": [31.29623255, -51.42580344]}, "properties": {"id": 1239, "tmc_scan": 242706.029, "tmc_pixel": 736.127, "fit_residual_px": 0.1968, "heldout_residual_px": 0.1529}}, {"type": "Feature", "geometry": {"type": "Point", "coordinates": [31.30811803, -51.42573946]}, "properties": {"id": 1240, "tmc_scan": 242705.225, "tmc_pixel": 688.682, "fit_residual_px": 1.2177, "heldout_residual_px": 1.4993}}, {"type": "Feature", "geometry": {"type": "Point", "coordinates": [31.32032848, -51.42572731]}, "properties": {"id": 1241, "tmc_scan": 242704.409, "tmc_pixel": 641.24, "fit_residual_px": 1.2229, "heldout_residual_px": 1.5729}}, {"type": "Feature", "geometry": {"type": "Point", "coordinates": [31.12438675, -51.43346547]}, "properties": {"id": 1243, "tmc_scan": 242671.763, "tmc_pixel": 1401.205, "fit_residual_px": 0.297, "heldout_residual_px": 0.4641}}, {"type": "Feature", "geometry": {"type": "Point", "coordinates": [31.13671698, -51.43345472]}, "properties": {"id": 1244, "tmc_scan": 242671.054, "tmc_pixel": 1353.751, "fit_residual_px": 0.1779, "heldout_residual_px": 0.3108}}, {"type": "Feature", "geometry": {"type": "Point", "coordinates": [31.14885939, -51.43343171]}, "properties": {"id": 1245, "tmc_scan": 242670.343, "tmc_pixel": 1306.305, "fit_residual_px": 0.7516, "heldout_residual_px": 0.8307}}, {"type": "Feature", "geometry": {"type": "Point", "coordinates": [31.16114311, -51.43339331]}, "properties": {"id": 1246, "tmc_scan": 242669.62, "tmc_pixel": 1258.854, "fit_residual_px": 0.8135, "heldout_residual_px": 0.8783}}, {"type": "Feature", "geometry": {"type": "Point", "coordinates": [31.17338269, -51.43336572]}, "properties": {"id": 1247, "tmc_scan": 242668.895, "tmc_pixel": 1211.409, "fit_residual_px": 0.9981, "heldout_residual_px": 1.0435}}, {"type": "Feature", "geometry": {"type": "Point", "coordinates": [31.18571004, -51.43336882]}, "properties": {"id": 1248, "tmc_scan": 242668.158, "tmc_pixel": 1163.961, "fit_residual_px": 0.7555, "heldout_residual_px": 0.7896}}, {"type": "Feature", "geometry": {"type": "Point", "coordinates": [31.19806244, -51.43335009]}, "properties": {"id": 1249, "tmc_scan": 242667.417, "tmc_pixel": 1116.515, "fit_residual_px": 0.5003, "heldout_residual_px": 0.5595}}, {"type": "Feature", "geometry": {"type": "Point", "coordinates": [31.21032109, -51.43334994]}, "properties": {"id": 1250, "tmc_scan": 242666.667, "tmc_pixel": 1069.071, "fit_residual_px": 0.4467, "heldout_residual_px": 0.4955}}, {"type": "Feature", "geometry": {"type": "Point", "coordinates": [31.22267113, -51.43336661]}, "properties": {"id": 1251, "tmc_scan": 242665.911, "tmc_pixel": 1021.625, "fit_residual_px": 0.0871, "heldout_residual_px": 0.175}}, {"type": "Feature", "geometry": {"type": "Point", "coordinates": [31.23497501, -51.43330535]}, "properties": {"id": 1252, "tmc_scan": 242665.147, "tmc_pixel": 974.184, "fit_residual_px": 0.4486, "heldout_residual_px": 0.5222}}, {"type": "Feature", "geometry": {"type": "Point", "coordinates": [31.2471772, -51.4333253]}, "properties": {"id": 1253, "tmc_scan": 242664.376, "tmc_pixel": 926.739, "fit_residual_px": 0.1611, "heldout_residual_px": 0.2377}}, {"type": "Feature", "geometry": {"type": "Point", "coordinates": [31.25953011, -51.43332151]}, "properties": {"id": 1254, "tmc_scan": 242663.599, "tmc_pixel": 879.302, "fit_residual_px": 0.5312, "heldout_residual_px": 0.4878}}, {"type": "Feature", "geometry": {"type": "Point", "coordinates": [31.283921, -51.43327581]}, "properties": {"id": 1255, "tmc_scan": 242662.022, "tmc_pixel": 784.424, "fit_residual_px": 0.2726, "heldout_residual_px": 0.2452}}, {"type": "Feature", "geometry": {"type": "Point", "coordinates": [31.29592618, -51.43323059]}, "properties": {"id": 1256, "tmc_scan": 242661.221, "tmc_pixel": 736.981, "fit_residual_px": 0.7182, "heldout_residual_px": 0.9481}}, {"type": "Feature", "geometry": {"type": "Point", "coordinates": [31.30807292, -51.43320834]}, "properties": {"id": 1257, "tmc_scan": 242660.416, "tmc_pixel": 689.55, "fit_residual_px": 0.9922, "heldout_residual_px": 1.2823}}, {"type": "Feature", "geometry": {"type": "Point", "coordinates": [31.32017676, -51.43320531]}, "properties": {"id": 1258, "tmc_scan": 242659.6, "tmc_pixel": 642.109, "fit_residual_px": 1.3903, "heldout_residual_px": 1.7477}}, {"type": "Feature", "geometry": {"type": "Point", "coordinates": [31.12427627, -51.4409275]}, "properties": {"id": 1260, "tmc_scan": 242626.95, "tmc_pixel": 1401.949, "fit_residual_px": 0.486, "heldout_residual_px": 0.6457}}, {"type": "Feature", "geometry": {"type": "Point", "coordinates": [31.13658761, -51.44092823]}, "properties": {"id": 1261, "tmc_scan": 242626.241, "tmc_pixel": 1354.502, "fit_residual_px": 0.3932, "heldout_residual_px": 0.5047}}, {"type": "Feature", "geometry": {"type": "Point", "coordinates": [31.1487312, -51.44088141]}, "properties": {"id": 1262, "tmc_scan": 242625.53, "tmc_pixel": 1307.066, "fit_residual_px": 1.0134, "heldout_residual_px": 1.0927}}, {"type": "Feature", "geometry": {"type": "Point", "coordinates": [31.16102468, -51.4408375]}, "properties": {"id": 1263, "tmc_scan": 242624.807, "tmc_pixel": 1259.621, "fit_residual_px": 1.0497, "heldout_residual_px": 1.1158}}, {"type": "Feature", "geometry": {"type": "Point", "coordinates": [31.17327118, -51.44083033]}, "properties": {"id": 1264, "tmc_scan": 242624.082, "tmc_pixel": 1212.187, "fit_residual_px": 1.1407, "heldout_residual_px": 1.1815}}, {"type": "Feature", "geometry": {"type": "Point", "coordinates": [31.18564168, -51.44082962]}, "properties": {"id": 1265, "tmc_scan": 242623.345, "tmc_pixel": 1164.744, "fit_residual_px": 0.7446, "heldout_residual_px": 0.7848}}, {"type": "Feature", "geometry": {"type": "Point", "coordinates": [31.19793595, -51.44083378]}, "properties": {"id": 1266, "tmc_scan": 242622.604, "tmc_pixel": 1117.31, "fit_residual_px": 0.5846, "heldout_residual_px": 0.6156}}, {"type": "Feature", "geometry": {"type": "Point", "coordinates": [31.21028518, -51.44083737]}, "properties": {"id": 1267, "tmc_scan": 242621.853, "tmc_pixel": 1069.87, "fit_residual_px": 0.2187, "heldout_residual_px": 0.2801}}, {"type": "Feature", "geometry": {"type": "Point", "coordinates": [31.22267407, -51.44082501]}, "properties": {"id": 1268, "tmc_scan": 242621.097, "tmc_pixel": 1022.437, "fit_residual_px": 0.412, "heldout_residual_px": 0.4562}}, {"type": "Feature", "geometry": {"type": "Point", "coordinates": [31.23487536, -51.44079348]}, "properties": {"id": 1269, "tmc_scan": 242620.333, "tmc_pixel": 974.999, "fit_residual_px": 0.3108, "heldout_residual_px": 0.3794}}, {"type": "Feature", "geometry": {"type": "Point", "coordinates": [31.24717138, -51.44079815]}, "properties": {"id": 1270, "tmc_scan": 242619.562, "tmc_pixel": 927.568, "fit_residual_px": 0.4272, "heldout_residual_px": 0.4262}}, {"type": "Feature", "geometry": {"type": "Point", "coordinates": [31.27162788, -51.44079147]}, "properties": {"id": 1271, "tmc_scan": 242617.999, "tmc_pixel": 832.703, "fit_residual_px": 0.3694, "heldout_residual_px": 0.2546}}, {"type": "Feature", "geometry": {"type": "Point", "coordinates": [31.28364142, -51.44070592]}, "properties": {"id": 1272, "tmc_scan": 242617.208, "tmc_pixel": 785.271, "fit_residual_px": 0.6205, "heldout_residual_px": 0.8053}}, {"type": "Feature", "geometry": {"type": "Point", "coordinates": [31.29576581, -51.44067828]}, "properties": {"id": 1273, "tmc_scan": 242616.406, "tmc_pixel": 737.843, "fit_residual_px": 0.9857, "heldout_residual_px": 1.2228}}, {"type": "Feature", "geometry": {"type": "Point", "coordinates": [31.30791705, -51.44065495]}, "properties": {"id": 1274, "tmc_scan": 242615.602, "tmc_pixel": 690.414, "fit_residual_px": 1.2335, "heldout_residual_px": 1.5315}}, {"type": "Feature", "geometry": {"type": "Point", "coordinates": [31.12408829, -51.44833169]}, "properties": {"id": 1277, "tmc_scan": 242582.122, "tmc_pixel": 1402.718, "fit_residual_px": 1.1109, "heldout_residual_px": 1.2724}}, {"type": "Feature", "geometry": {"type": "Point", "coordinates": [31.14855295, -51.44832468]}, "properties": {"id": 1279, "tmc_scan": 242580.701, "tmc_pixel": 1307.854, "fit_residual_px": 1.4755, "heldout_residual_px": 1.5525}}, {"type": "Feature", "geometry": {"type": "Point", "coordinates": [31.16094997, -51.44831073]}, "properties": {"id": 1280, "tmc_scan": 242579.977, "tmc_pixel": 1260.423, "fit_residual_px": 1.0371, "heldout_residual_px": 1.0996}}, {"type": "Feature", "geometry": {"type": "Point", "coordinates": [31.17318493, -51.44830551]}, "properties": {"id": 1281, "tmc_scan": 242579.251, "tmc_pixel": 1212.992, "fit_residual_px": 1.1596, "heldout_residual_px": 1.1951}}, {"type": "Feature", "geometry": {"type": "Point", "coordinates": [31.18550075, -51.44827946]}, "properties": {"id": 1282, "tmc_scan": 242578.513, "tmc_pixel": 1165.564, "fit_residual_px": 1.0181, "heldout_residual_px": 1.0546}}, {"type": "Feature", "geometry": {"type": "Point", "coordinates": [31.197888, -51.44826625]}, "properties": {"id": 1283, "tmc_scan": 242577.771, "tmc_pixel": 1118.133, "fit_residual_px": 0.6233, "heldout_residual_px": 0.6876}}, {"type": "Feature", "geometry": {"type": "Point", "coordinates": [31.21019687, -51.44826279]}, "properties": {"id": 1284, "tmc_scan": 242577.021, "tmc_pixel": 1070.708, "fit_residual_px": 0.4542, "heldout_residual_px": 0.5347}}, {"type": "Feature", "geometry": {"type": "Point", "coordinates": [31.22253168, -51.44826773]}, "properties": {"id": 1285, "tmc_scan": 242576.264, "tmc_pixel": 1023.279, "fit_residual_px": 0.3342, "heldout_residual_px": 0.418}}, {"type": "Feature", "geometry": {"type": "Point", "coordinates": [31.23489729, -51.44825855]}, "properties": {"id": 1286, "tmc_scan": 242575.499, "tmc_pixel": 975.856, "fit_residual_px": 0.6955, "heldout_residual_px": 0.7214}}, {"type": "Feature", "geometry": {"type": "Point", "coordinates": [31.24710572, -51.44822813]}, "properties": {"id": 1287, "tmc_scan": 242574.728, "tmc_pixel": 928.428, "fit_residual_px": 0.6239, "heldout_residual_px": 0.6487}}, {"type": "Feature", "geometry": {"type": "Point", "coordinates": [31.27148984, -51.44821484]}, "properties": {"id": 1288, "tmc_scan": 242573.163, "tmc_pixel": 833.581, "fit_residual_px": 0.2936, "heldout_residual_px": 0.32}}, {"type": "Feature", "geometry": {"type": "Point", "coordinates": [31.28355132, -51.44817906]}, "properties": {"id": 1289, "tmc_scan": 242572.371, "tmc_pixel": 786.164, "fit_residual_px": 0.5628, "heldout_residual_px": 0.754}}, {"type": "Feature", "geometry": {"type": "Point", "coordinates": [31.29566306, -51.44815927]}, "properties": {"id": 1290, "tmc_scan": 242571.569, "tmc_pixel": 738.739, "fit_residual_px": 0.9475, "heldout_residual_px": 1.1919}}, {"type": "Feature", "geometry": {"type": "Point", "coordinates": [31.30778889, -51.44814167]}, "properties": {"id": 1291, "tmc_scan": 242570.764, "tmc_pixel": 691.325, "fit_residual_px": 1.2775, "heldout_residual_px": 1.5835}}, {"type": "Feature", "geometry": {"type": "Point", "coordinates": [31.12398344, -51.45581415]}, "properties": {"id": 1294, "tmc_scan": 242537.27, "tmc_pixel": 1403.531, "fit_residual_px": 1.2056, "heldout_residual_px": 1.3595}}, {"type": "Feature", "geometry": {"type": "Point", "coordinates": [31.14850375, -51.45577945]}, "properties": {"id": 1296, "tmc_scan": 242535.849, "tmc_pixel": 1308.684, "fit_residual_px": 1.4167, "heldout_residual_px": 1.4969}}, {"type": "Feature", "geometry": {"type": "Point", "coordinates": [31.1608297, -51.45578146]}, "properties": {"id": 1297, "tmc_scan": 242535.125, "tmc_pixel": 1261.255, "fit_residual_px": 1.1959, "heldout_residual_px": 1.2502}}, {"type": "Feature", "geometry": {"type": "Point", "coordinates": [31.17312579, -51.4557474]}, "properties": {"id": 1298, "tmc_scan": 242534.399, "tmc_pixel": 1213.839, "fit_residual_px": 1.1623, "heldout_residual_px": 1.2101}}, {"type": "Feature", "geometry": {"type": "Point", "coordinates": [31.18542466, -51.45575323]}, "properties": {"id": 1299, "tmc_scan": 242533.662, "tmc_pixel": 1166.412, "fit_residual_px": 0.9833, "heldout_residual_px": 1.0177}}, {"type": "Feature", "geometry": {"type": "Point", "coordinates": [31.19778697, -51.45574747]}, "properties": {"id": 1300, "tmc_scan": 242532.92, "tmc_pixel": 1118.997, "fit_residual_px": 0.6074, "heldout_residual_px": 0.6597}}, {"type": "Feature", "geometry": {"type": "Point", "coordinates": [31.21010569, -51.45574841]}, "properties": {"id": 1301, "tmc_scan": 242532.17, "tmc_pixel": 1071.573, "fit_residual_px": 0.3581, "heldout_residual_px": 0.4318}}, {"type": "Feature", "geometry": {"type": "Point", "coordinates": [31.22243266, -51.45573267]}, "properties": {"id": 1302, "tmc_scan": 242531.413, "tmc_pixel": 1024.158, "fit_residual_px": 0.3263, "heldout_residual_px": 0.4141}}, {"type": "Feature", "geometry": {"type": "Point", "coordinates": [31.23473954, -51.45570121]}, "properties": {"id": 1303, "tmc_scan": 242530.649, "tmc_pixel": 976.737, "fit_residual_px": 0.5551, "heldout_residual_px": 0.6157}}, {"type": "Feature", "geometry": {"type": "Point", "coordinates": [31.24696307, -51.45571014]}, "properties": {"id": 1304, "tmc_scan": 242529.877, "tmc_pixel": 929.323, "fit_residual_px": 0.4056, "heldout_residual_px": 0.4385}}, {"type": "Feature", "geometry": {"type": "Point", "coordinates": [31.2590966, -51.45565125]}, "properties": {"id": 1305, "tmc_scan": 242529.1, "tmc_pixel": 881.906, "fit_residual_px": 0.5236, "heldout_residual_px": 0.6314}}, {"type": "Feature", "geometry": {"type": "Point", "coordinates": [31.27121465, -51.45562865]}, "properties": {"id": 1306, "tmc_scan": 242528.312, "tmc_pixel": 834.493, "fit_residual_px": 0.7545, "heldout_residual_px": 0.9079}}, {"type": "Feature", "geometry": {"type": "Point", "coordinates": [31.28336501, -51.45561874]}, "properties": {"id": 1307, "tmc_scan": 242527.521, "tmc_pixel": 787.079, "fit_residual_px": 0.943, "heldout_residual_px": 1.1411}}, {"type": "Feature", "geometry": {"type": "Point", "coordinates": [31.29554213, -51.45559789]}, "properties": {"id": 1308, "tmc_scan": 242526.719, "tmc_pixel": 739.667, "fit_residual_px": 1.0843, "heldout_residual_px": 1.3352}}, {"type": "Feature", "geometry": {"type": "Point", "coordinates": [31.30768344, -51.45557757]}, "properties": {"id": 1309, "tmc_scan": 242525.914, "tmc_pixel": 692.257, "fit_residual_px": 1.3368, "heldout_residual_px": 1.6507}}, {"type": "Feature", "geometry": {"type": "Point", "coordinates": [31.12385512, -51.46325909]}, "properties": {"id": 1312, "tmc_scan": 242492.418, "tmc_pixel": 1404.332, "fit_residual_px": 1.4861, "heldout_residual_px": 1.6374}}, {"type": "Feature", "geometry": {"type": "Point", "coordinates": [31.13618413, -51.46325117]}, "properties": {"id": 1313, "tmc_scan": 242491.709, "tmc_pixel": 1356.917, "fit_residual_px": 1.3144, "heldout_residual_px": 1.4289}}, {"type": "Feature", "geometry": {"type": "Point", "coordinates": [31.14845651, -51.46325045]}, "properties": {"id": 1314, "tmc_scan": 242490.998, "tmc_pixel": 1309.499, "fit_residual_px": 1.3092, "heldout_residual_px": 1.3884}}, {"type": "Feature", "geometry": {"type": "Point", "coordinates": [31.1607426, -51.46322485]}, "properties": {"id": 1315, "tmc_scan": 242490.275, "tmc_pixel": 1262.085, "fit_residual_px": 1.2991, "heldout_residual_px": 1.3595}}, {"type": "Feature", "geometry": {"type": "Point", "coordinates": [31.17299986, -51.46322872]}, "properties": {"id": 1316, "tmc_scan": 242489.548, "tmc_pixel": 1214.668, "fit_residual_px": 1.2936, "heldout_residual_px": 1.3294}}, {"type": "Feature", "geometry": {"type": "Point", "coordinates": [31.18536035, -51.46322475]}, "properties": {"id": 1317, "tmc_scan": 242488.812, "tmc_pixel": 1167.256, "fit_residual_px": 0.9077, "heldout_residual_px": 0.9434}}, {"type": "Feature", "geometry": {"type": "Point", "coordinates": [31.19771711, -51.46321876]}, "properties": {"id": 1318, "tmc_scan": 242488.07, "tmc_pixel": 1119.84, "fit_residual_px": 0.5448, "heldout_residual_px": 0.6011}}, {"type": "Feature", "geometry": {"type": "Point", "coordinates": [31.2100258, -51.46319149]}, "properties": {"id": 1319, "tmc_scan": 242487.32, "tmc_pixel": 1072.43, "fit_residual_px": 0.4816, "heldout_residual_px": 0.5663}}, {"type": "Feature", "geometry": {"type": "Point", "coordinates": [31.22231142, -51.46318992]}, "properties": {"id": 1320, "tmc_scan": 242486.563, "tmc_pixel": 1025.016, "fit_residual_px": 0.3646, "heldout_residual_px": 0.4577}}, {"type": "Feature", "geometry": {"type": "Point", "coordinates": [31.23467137, -51.46317956]}, "properties": {"id": 1321, "tmc_scan": 242485.799, "tmc_pixel": 977.608, "fit_residual_px": 0.5805, "heldout_residual_px": 0.6233}}, {"type": "Feature", "geometry": {"type": "Point", "coordinates": [31.24694896, -51.46319349]}, "properties": {"id": 1322, "tmc_scan": 242485.027, "tmc_pixel": 930.196, "fit_residual_px": 0.6651, "heldout_residual_px": 0.6454}}, {"type": "Feature", "geometry": {"type": "Point", "coordinates": [31.25888611, -51.4630867]}, "properties": {"id": 1323, "tmc_scan": 242484.25, "tmc_pixel": 882.79, "fit_residual_px": 0.893, "heldout_residual_px": 1.0197}}, {"type": "Feature", "geometry": {"type": "Point", "coordinates": [31.27121513, -51.46310954]}, "properties": {"id": 1324, "tmc_scan": 242483.463, "tmc_pixel": 835.38, "fit_residual_px": 0.4744, "heldout_residual_px": 0.6054}}, {"type": "Feature", "geometry": {"type": "Point", "coordinates": [31.28332824, -51.46308552]}, "properties": {"id": 1325, "tmc_scan": 242482.671, "tmc_pixel": 787.975, "fit_residual_px": 0.7296, "heldout_residual_px": 0.9289}}, {"type": "Feature", "geometry": {"type": "Point", "coordinates": [31.295492, -51.46306252]}, "properties": {"id": 1326, "tmc_scan": 242481.869, "tmc_pixel": 740.568, "fit_residual_px": 0.9006, "heldout_residual_px": 1.1541}}, {"type": "Feature", "geometry": {"type": "Point", "coordinates": [31.30762036, -51.46305926]}, "properties": {"id": 1327, "tmc_scan": 242481.065, "tmc_pixel": 693.161, "fit_residual_px": 1.1286, "heldout_residual_px": 1.4511}}, {"type": "Feature", "geometry": {"type": "Point", "coordinates": [31.3197654, -51.4630528]}, "properties": {"id": 1328, "tmc_scan": 242480.248, "tmc_pixel": 645.754, "fit_residual_px": 1.3161, "heldout_residual_px": 1.7119}}, {"type": "Feature", "geometry": {"type": "Point", "coordinates": [31.12398653, -51.47074264]}, "properties": {"id": 1330, "tmc_scan": 242447.571, "tmc_pixel": 1405.07, "fit_residual_px": 0.7399, "heldout_residual_px": 0.8946}}, {"type": "Feature", "geometry": {"type": "Point", "coordinates": [31.13619183, -51.47071176]}, "properties": {"id": 1331, "tmc_scan": 242446.862, "tmc_pixel": 1357.667, "fit_residual_px": 1.0586, "heldout_residual_px": 1.1783}}, {"type": "Feature", "geometry": {"type": "Point", "coordinates": [31.14838041, -51.47069084]}, "properties": {"id": 1332, "tmc_scan": 242446.15, "tmc_pixel": 1310.253, "fit_residual_px": 1.3887, "heldout_residual_px": 1.4736}}, {"type": "Feature", "geometry": {"type": "Point", "coordinates": [31.16072766, -51.47069366]}, "properties": {"id": 1333, "tmc_scan": 242445.427, "tmc_pixel": 1262.85, "fit_residual_px": 1.073, "heldout_residual_px": 1.1401}}, {"type": "Feature", "geometry": {"type": "Point", "coordinates": [31.17303944, -51.47068758]}, "properties": {"id": 1334, "tmc_scan": 242444.7, "tmc_pixel": 1215.44, "fit_residual_px": 0.8929, "heldout_residual_px": 0.9508}}, {"type": "Feature", "geometry": {"type": "Point", "coordinates": [31.18537339, -51.47068971]}, "properties": {"id": 1335, "tmc_scan": 242443.964, "tmc_pixel": 1168.035, "fit_residual_px": 0.6003, "heldout_residual_px": 0.6637}}, {"type": "Feature", "geometry": {"type": "Point", "coordinates": [31.19761126, -51.47067161]}, "properties": {"id": 1336, "tmc_scan": 242443.222, "tmc_pixel": 1120.629, "fit_residual_px": 0.6652, "heldout_residual_px": 0.723}}, {"type": "Feature", "geometry": {"type": "Point", "coordinates": [31.21002263, -51.47064536]}, "properties": {"id": 1337, "tmc_scan": 242442.472, "tmc_pixel": 1073.224, "fit_residual_px": 0.5621, "heldout_residual_px": 0.655}}, {"type": "Feature", "geometry": {"type": "Point", "coordinates": [31.22225652, -51.47066118]}, "properties": {"id": 1338, "tmc_scan": 242441.715, "tmc_pixel": 1025.822, "fit_residual_px": 0.3629, "heldout_residual_px": 0.4504}}, {"type": "Feature", "geometry": {"type": "Point", "coordinates": [31.23464981, -51.4706346]}, "properties": {"id": 1339, "tmc_scan": 242440.951, "tmc_pixel": 978.417, "fit_residual_px": 0.8698, "heldout_residual_px": 0.8977}}, {"type": "Feature", "geometry": {"type": "Point", "coordinates": [31.24667684, -51.47059803]}, "properties": {"id": 1340, "tmc_scan": 242440.179, "tmc_pixel": 931.018, "fit_residual_px": 0.5409, "heldout_residual_px": 0.6426}}, {"type": "Feature", "geometry": {"type": "Point", "coordinates": [31.2712323, -51.47058415]}, "properties": {"id": 1341, "tmc_scan": 242438.614, "tmc_pixel": 836.219, "fit_residual_px": 0.5598, "heldout_residual_px": 0.565}}, {"type": "Feature", "geometry": {"type": "Point", "coordinates": [31.28330733, -51.47057148]}, "properties": {"id": 1342, "tmc_scan": 242437.823, "tmc_pixel": 788.814, "fit_residual_px": 0.424, "heldout_residual_px": 0.6082}}, {"type": "Feature", "geometry": {"type": "Point", "coordinates": [31.29544482, -51.47055367]}, "properties": {"id": 1343, "tmc_scan": 242437.02, "tmc_pixel": 741.423, "fit_residual_px": 0.6106, "heldout_residual_px": 0.8703}}, {"type": "Feature", "geometry": {"type": "Point", "coordinates": [31.30759532, -51.47053619]}, "properties": {"id": 1344, "tmc_scan": 242436.216, "tmc_pixel": 694.017, "fit_residual_px": 0.7884, "heldout_residual_px": 1.1166}}, {"type": "Feature", "geometry": {"type": "Point", "coordinates": [31.31974984, -51.47052224]}, "properties": {"id": 1345, "tmc_scan": 242435.398, "tmc_pixel": 646.618, "fit_residual_px": 0.9361, "heldout_residual_px": 1.3398}}, {"type": "Feature", "geometry": {"type": "Point", "coordinates": [31.12392994, -51.47817275]}, "properties": {"id": 1346, "tmc_scan": 242402.723, "tmc_pixel": 1405.807, "fit_residual_px": 0.8831, "heldout_residual_px": 1.0318}}, {"type": "Feature", "geometry": {"type": "Point", "coordinates": [31.13618032, -51.47818181]}, "properties": {"id": 1347, "tmc_scan": 242402.013, "tmc_pixel": 1358.408, "fit_residual_px": 0.8536, "heldout_residual_px": 0.9757}}, {"type": "Feature", "geometry": {"type": "Point", "coordinates": [31.14840076, -51.47816222]}, "properties": {"id": 1348, "tmc_scan": 242401.3, "tmc_pixel": 1311.009, "fit_residual_px": 1.0465, "heldout_residual_px": 1.1394}}, {"type": "Feature", "geometry": {"type": "Point", "coordinates": [31.16068906, -51.47814612]}, "properties": {"id": 1349, "tmc_scan": 242400.576, "tmc_pixel": 1263.611, "fit_residual_px": 0.9988, "heldout_residual_px": 1.0763}}, {"type": "Feature", "geometry": {"type": "Point", "coordinates": [31.17295652, -51.47815691]}, "properties": {"id": 1350, "tmc_scan": 242399.848, "tmc_pixel": 1216.214, "fit_residual_px": 0.8866, "heldout_residual_px": 0.9432}}, {"type": "Feature", "geometry": {"type": "Point", "coordinates": [31.18536336, -51.47816035]}, "properties": {"id": 1351, "tmc_scan": 242399.11, "tmc_pixel": 1168.818, "fit_residual_px": 0.4237, "heldout_residual_px": 0.5139}}, {"type": "Feature", "geometry": {"type": "Point", "coordinates": [31.19760251, -51.47814239]}, "properties": {"id": 1352, "tmc_scan": 242398.367, "tmc_pixel": 1121.422, "fit_residual_px": 0.4625, "heldout_residual_px": 0.5483}}, {"type": "Feature", "geometry": {"type": "Point", "coordinates": [31.20998136, -51.47812094]}, "properties": {"id": 1353, "tmc_scan": 242397.616, "tmc_pixel": 1074.028, "fit_residual_px": 0.6051, "heldout_residual_px": 0.6872}}, {"type": "Feature", "geometry": {"type": "Point", "coordinates": [31.22227237, -51.47812314]}, "properties": {"id": 1354, "tmc_scan": 242396.858, "tmc_pixel": 1026.633, "fit_residual_px": 0.6837, "heldout_residual_px": 0.7346}}, {"type": "Feature", "geometry": {"type": "Point", "coordinates": [31.23441404, -51.47806719]}, "properties": {"id": 1355, "tmc_scan": 242396.093, "tmc_pixel": 979.241, "fit_residual_px": 0.6561, "heldout_residual_px": 0.7405}}, {"type": "Feature", "geometry": {"type": "Point", "coordinates": [31.24668129, -51.47805648]}, "properties": {"id": 1356, "tmc_scan": 242395.32, "tmc_pixel": 931.848, "fit_residual_px": 0.6888, "heldout_residual_px": 0.7481}}, {"type": "Feature", "geometry": {"type": "Point", "coordinates": [31.25899957, -51.47802113]}, "properties": {"id": 1357, "tmc_scan": 242394.541, "tmc_pixel": 884.459, "fit_residual_px": 1.025, "heldout_residual_px": 1.0329}}, {"type": "Feature", "geometry": {"type": "Point", "coordinates": [31.27119108, -51.47805087]}, "properties": {"id": 1358, "tmc_scan": 242393.753, "tmc_pixel": 837.068, "fit_residual_px": 0.7532, "heldout_residual_px": 0.7072}}, {"type": "Feature", "geometry": {"type": "Point", "coordinates": [31.28332572, -51.47802178]}, "properties": {"id": 1359, "tmc_scan": 242392.961, "tmc_pixel": 789.681, "fit_residual_px": 0.5791, "heldout_residual_px": 0.5978}}, {"type": "Feature", "geometry": {"type": "Point", "coordinates": [31.29546252, -51.47802604]}, "properties": {"id": 1360, "tmc_scan": 242392.157, "tmc_pixel": 742.292, "fit_residual_px": 0.3433, "heldout_residual_px": 0.4958}}, {"type": "Feature", "geometry": {"type": "Point", "coordinates": [31.3075613, -51.47801005]}, "properties": {"id": 1361, "tmc_scan": 242391.351, "tmc_pixel": 694.907, "fit_residual_px": 0.5003, "heldout_residual_px": 0.8249}}, {"type": "Feature", "geometry": {"type": "Point", "coordinates": [31.31974767, -51.47799321]}, "properties": {"id": 1362, "tmc_scan": 242390.532, "tmc_pixel": 647.521, "fit_residual_px": 0.5211, "heldout_residual_px": 0.9193}}, {"type": "Feature", "geometry": {"type": "Point", "coordinates": [31.12393068, -51.48565552]}, "properties": {"id": 1363, "tmc_scan": 242357.798, "tmc_pixel": 1406.685, "fit_residual_px": 0.6622, "heldout_residual_px": 0.7968}}, {"type": "Feature", "geometry": {"type": "Point", "coordinates": [31.13609317, -51.48567435]}, "properties": {"id": 1364, "tmc_scan": 242357.088, "tmc_pixel": 1359.29, "fit_residual_px": 0.7856, "heldout_residual_px": 0.8998}}, {"type": "Feature", "geometry": {"type": "Point", "coordinates": [31.14832609, -51.48564586]}, "properties": {"id": 1365, "tmc_scan": 242356.375, "tmc_pixel": 1311.905, "fit_residual_px": 0.9719, "heldout_residual_px": 1.0593}}, {"type": "Feature", "geometry": {"type": "Point", "coordinates": [31.17301645, -51.48561922]}, "properties": {"id": 1366, "tmc_scan": 242354.923, "tmc_pixel": 1217.126, "fit_residual_px": 0.5636, "heldout_residual_px": 0.6577}}, {"type": "Feature", "geometry": {"type": "Point", "coordinates": [31.18527326, -51.48560347]}, "properties": {"id": 1367, "tmc_scan": 242354.186, "tmc_pixel": 1169.737, "fit_residual_px": 0.574, "heldout_residual_px": 0.6661}}, {"type": "Feature", "geometry": {"type": "Point", "coordinates": [31.19758773, -51.48560223]}, "properties": {"id": 1368, "tmc_scan": 242353.443, "tmc_pixel": 1122.351, "fit_residual_px": 0.4946, "heldout_residual_px": 0.591}}, {"type": "Feature", "geometry": {"type": "Point", "coordinates": [31.20985674, -51.48561119]}, "properties": {"id": 1369, "tmc_scan": 242352.691, "tmc_pixel": 1074.965, "fit_residual_px": 0.4028, "heldout_residual_px": 0.4867}}, {"type": "Feature", "geometry": {"type": "Point", "coordinates": [31.22216445, -51.48561246]}, "properties": {"id": 1370, "tmc_scan": 242351.933, "tmc_pixel": 1027.579, "fit_residual_px": 0.5666, "heldout_residual_px": 0.603}}, {"type": "Feature", "geometry": {"type": "Point", "coordinates": [31.23447639, -51.48556871]}, "properties": {"id": 1371, "tmc_scan": 242351.168, "tmc_pixel": 980.197, "fit_residual_px": 0.9354, "heldout_residual_px": 0.8438}}, {"type": "Feature", "geometry": {"type": "Point", "coordinates": [31.24677675, -51.48556678]}, "properties": {"id": 1372, "tmc_scan": 242350.395, "tmc_pixel": 932.812, "fit_residual_px": 1.1856, "heldout_residual_px": 1.0751}}, {"type": "Feature", "geometry": {"type": "Point", "coordinates": [31.25879172, -51.48553346]}, "properties": {"id": 1373, "tmc_scan": 242349.617, "tmc_pixel": 885.433, "fit_residual_px": 0.5201, "heldout_residual_px": 0.2527}}, {"type": "Feature", "geometry": {"type": "Point", "coordinates": [31.27109646, -51.48549702]}, "properties": {"id": 1374, "tmc_scan": 242348.828, "tmc_pixel": 838.048, "fit_residual_px": 0.864, "heldout_residual_px": 0.5687}}, {"type": "Feature", "geometry": {"type": "Point", "coordinates": [31.28331288, -51.48551329]}, "properties": {"id": 1375, "tmc_scan": 242348.036, "tmc_pixel": 790.674, "fit_residual_px": 0.7723, "heldout_residual_px": 0.4492}}, {"type": "Feature", "geometry": {"type": "Point", "coordinates": [31.29539513, -51.48550653]}, "properties": {"id": 1376, "tmc_scan": 242347.232, "tmc_pixel": 743.289, "fit_residual_px": 0.3264, "heldout_residual_px": 0.1298}}, {"type": "Feature", "geometry": {"type": "Point", "coordinates": [31.30752123, -51.48548622]}, "properties": {"id": 1377, "tmc_scan": 242346.427, "tmc_pixel": 695.918, "fit_residual_px": 0.2755, "heldout_residual_px": 0.4973}}, {"type": "Feature", "geometry": {"type": "Point", "coordinates": [31.31968743, -51.48546769]}, "properties": {"id": 1378, "tmc_scan": 242345.608, "tmc_pixel": 648.536, "fit_residual_px": 0.3228, "heldout_residual_px": 0.6854}}, {"type": "Feature", "geometry": {"type": "Point", "coordinates": [31.12386069, -51.49313929]}, "properties": {"id": 1379, "tmc_scan": 242312.867, "tmc_pixel": 1407.578, "fit_residual_px": 0.5527, "heldout_residual_px": 0.3434}}, {"type": "Feature", "geometry": {"type": "Point", "coordinates": [31.13607464, -51.49309957]}, "properties": {"id": 1380, "tmc_scan": 242312.158, "tmc_pixel": 1360.194, "fit_residual_px": 0.8182, "heldout_residual_px": 0.502}}, {"type": "Feature", "geometry": {"type": "Point", "coordinates": [31.14831676, -51.49312361]}, "properties": {"id": 1381, "tmc_scan": 242311.445, "tmc_pixel": 1312.815, "fit_residual_px": 0.7039, "heldout_residual_px": 0.3556}}, {"type": "Feature", "geometry": {"type": "Point", "coordinates": [31.16063587, -51.49312278]}, "properties": {"id": 1382, "tmc_scan": 242310.722, "tmc_pixel": 1265.432, "fit_residual_px": 0.4924, "heldout_residual_px": 0.1662}}, {"type": "Feature", "geometry": {"type": "Point", "coordinates": [31.17295407, -51.49313115]}, "properties": {"id": 1383, "tmc_scan": 242309.994, "tmc_pixel": 1218.053, "fit_residual_px": 0.2592, "heldout_residual_px": 0.1514}}, {"type": "Feature", "geometry": {"type": "Point", "coordinates": [31.18525125, -51.49307621]}, "properties": {"id": 1384, "tmc_scan": 242309.257, "tmc_pixel": 1170.672, "fit_residual_px": 0.5361, "heldout_residual_px": 0.4002}}, {"type": "Feature", "geometry": {"type": "Point", "coordinates": [31.1975842, -51.49307869]}, "properties": {"id": 1385, "tmc_scan": 242308.514, "tmc_pixel": 1123.294, "fit_residual_px": 0.6367, "heldout_residual_px": 0.6291}}, {"type": "Feature", "geometry": {"type": "Point", "coordinates": [31.20981354, -51.49309043]}, "properties": {"id": 1386, "tmc_scan": 242307.764, "tmc_pixel": 1075.914, "fit_residual_px": 0.5027, "heldout_residual_px": 0.5206}}, {"type": "Feature", "geometry": {"type": "Point", "coordinates": [31.22219611, -51.49308799]}, "properties": {"id": 1387, "tmc_scan": 242307.006, "tmc_pixel": 1028.539, "fit_residual_px": 1.05, "heldout_residual_px": 1.0735}}, {"type": "Feature", "geometry": {"type": "Point", "coordinates": [31.23437364, -51.493063]}, "properties": {"id": 1388, "tmc_scan": 242306.242, "tmc_pixel": 981.161, "fit_residual_px": 0.8572, "heldout_residual_px": 0.8077}}, {"type": "Feature", "geometry": {"type": "Point", "coordinates": [31.24655367, -51.4930329]}, "properties": {"id": 1389, "tmc_scan": 242305.469, "tmc_pixel": 933.787, "fit_residual_px": 0.7218, "heldout_residual_px": 0.5756}}, {"type": "Feature", "geometry": {"type": "Point", "coordinates": [31.25868947, -51.49298763]}, "properties": {"id": 1390, "tmc_scan": 242304.692, "tmc_pixel": 886.411, "fit_residual_px": 0.5882, "heldout_residual_px": 0.2997}}, {"type": "Feature", "geometry": {"type": "Point", "coordinates": [31.27095597, -51.49299907]}, "properties": {"id": 1391, "tmc_scan": 242303.904, "tmc_pixel": 839.039, "fit_residual_px": 0.6208, "heldout_residual_px": 0.3384}}, {"type": "Feature", "geometry": {"type": "Point", "coordinates": [31.28312476, -51.49297265]}, "properties": {"id": 1392, "tmc_scan": 242303.113, "tmc_pixel": 791.666, "fit_residual_px": 0.531, "heldout_residual_px": 0.1672}}, {"type": "Feature", "geometry": {"type": "Point", "coordinates": [31.2953756, -51.49298039]}, "properties": {"id": 1393, "tmc_scan": 242302.309, "tmc_pixel": 744.296, "fit_residual_px": 0.6172, "heldout_residual_px": 0.2379}}, {"type": "Feature", "geometry": {"type": "Point", "coordinates": [31.30752846, -51.49296305]}, "properties": {"id": 1394, "tmc_scan": 242301.505, "tmc_pixel": 696.926, "fit_residual_px": 0.4535, "heldout_residual_px": 0.031}}, {"type": "Feature", "geometry": {"type": "Point", "coordinates": [31.31968301, -51.49294544]}, "properties": {"id": 1395, "tmc_scan": 242300.686, "tmc_pixel": 649.558, "fit_residual_px": 0.3241, "heldout_residual_px": 0.2416}}, {"type": "Feature", "geometry": {"type": "Point", "coordinates": [31.1238331, -51.50060475]}, "properties": {"id": 1396, "tmc_scan": 242267.968, "tmc_pixel": 1408.394, "fit_residual_px": 0.5319, "heldout_residual_px": 0.4525}}, {"type": "Feature", "geometry": {"type": "Point", "coordinates": [31.13599486, -51.50060054]}, "properties": {"id": 1397, "tmc_scan": 242267.259, "tmc_pixel": 1361.016, "fit_residual_px": 0.6426, "heldout_residual_px": 0.2809}}, {"type": "Feature", "geometry": {"type": "Point", "coordinates": [31.14835115, -51.50058863]}, "properties": {"id": 1398, "tmc_scan": 242266.548, "tmc_pixel": 1313.642, "fit_residual_px": 0.4833, "heldout_residual_px": 0.3126}}, {"type": "Feature", "geometry": {"type": "Point", "coordinates": [31.16057491, -51.50060095]}, "properties": {"id": 1399, "tmc_scan": 242265.825, "tmc_pixel": 1266.267, "fit_residual_px": 0.3786, "heldout_residual_px": 0.0705}}, {"type": "Feature", "geometry": {"type": "Point", "coordinates": [31.17285965, -51.5005577]}, "properties": {"id": 1400, "tmc_scan": 242265.098, "tmc_pixel": 1218.893, "fit_residual_px": 0.5175, "heldout_residual_px": 0.2755}}, {"type": "Feature", "geometry": {"type": "Point", "coordinates": [31.18522895, -51.50056327]}, "properties": {"id": 1401, "tmc_scan": 242264.362, "tmc_pixel": 1171.52, "fit_residual_px": 0.5593, "heldout_residual_px": 0.5808}}, {"type": "Feature", "geometry": {"type": "Point", "coordinates": [31.19741002, -51.50054202]}, "properties": {"id": 1402, "tmc_scan": 242263.62, "tmc_pixel": 1124.146, "fit_residual_px": 0.4578, "heldout_residual_px": 0.3177}}, {"type": "Feature", "geometry": {"type": "Point", "coordinates": [31.20974795, -51.50053445]}, "properties": {"id": 1403, "tmc_scan": 242262.87, "tmc_pixel": 1076.777, "fit_residual_px": 0.678, "heldout_residual_px": 0.6438}}, {"type": "Feature", "geometry": {"type": "Point", "coordinates": [31.22200894, -51.50055309]}, "properties": {"id": 1404, "tmc_scan": 242262.113, "tmc_pixel": 1029.404, "fit_residual_px": 0.6948, "heldout_residual_px": 0.709}}, {"type": "Feature", "geometry": {"type": "Point", "coordinates": [31.23431767, -51.50054844]}, "properties": {"id": 1405, "tmc_scan": 242261.35, "tmc_pixel": 982.038, "fit_residual_px": 1.011, "heldout_residual_px": 0.9948}}, {"type": "Feature", "geometry": {"type": "Point", "coordinates": [31.24652528, -51.50051134]}, "properties": {"id": 1406, "tmc_scan": 242260.578, "tmc_pixel": 934.665, "fit_residual_px": 0.9801, "heldout_residual_px": 0.8674}}, {"type": "Feature", "geometry": {"type": "Point", "coordinates": [31.25865302, -51.50046487]}, "properties": {"id": 1407, "tmc_scan": 242259.801, "tmc_pixel": 887.303, "fit_residual_px": 0.7328, "heldout_residual_px": 0.4756}}, {"type": "Feature", "geometry": {"type": "Point", "coordinates": [31.27093416, -51.50049847]}, "properties": {"id": 1408, "tmc_scan": 242259.013, "tmc_pixel": 839.93, "fit_residual_px": 0.8917, "heldout_residual_px": 0.6917}}, {"type": "Feature", "geometry": {"type": "Point", "coordinates": [31.28308651, -51.50045636]}, "properties": {"id": 1409, "tmc_scan": 242258.223, "tmc_pixel": 792.571, "fit_residual_px": 0.7233, "heldout_residual_px": 0.3914}}, {"type": "Feature", "geometry": {"type": "Point", "coordinates": [31.29524839, -51.50043077]}, "properties": {"id": 1410, "tmc_scan": 242257.421, "tmc_pixel": 745.201, "fit_residual_px": 0.6092, "heldout_residual_px": 0.1776}}, {"type": "Feature", "geometry": {"type": "Point", "coordinates": [31.30748379, -51.5004431]}, "properties": {"id": 1411, "tmc_scan": 242256.617, "tmc_pixel": 697.844, "fit_residual_px": 0.7072, "heldout_residual_px": 0.2916}}, {"type": "Feature", "geometry": {"type": "Point", "coordinates": [31.31965333, -51.50042594]}, "properties": {"id": 1412, "tmc_scan": 242255.799, "tmc_pixel": 650.476, "fit_residual_px": 0.6338, "heldout_residual_px": 0.1676}}, {"type": "Feature", "geometry": {"type": "Point", "coordinates": [31.12380749, -51.50808329]}, "properties": {"id": 1413, "tmc_scan": 242223.081, "tmc_pixel": 1409.183, "fit_residual_px": 0.5072, "heldout_residual_px": 0.5856}}, {"type": "Feature", "geometry": {"type": "Point", "coordinates": [31.13599162, -51.50806022]}, "properties": {"id": 1414, "tmc_scan": 242222.373, "tmc_pixel": 1361.812, "fit_residual_px": 0.5388, "heldout_residual_px": 0.3288}}, {"type": "Feature", "geometry": {"type": "Point", "coordinates": [31.14831792, -51.50806966]}, "properties": {"id": 1415, "tmc_scan": 242221.661, "tmc_pixel": 1314.448, "fit_residual_px": 0.411, "heldout_residual_px": 0.4283}}, {"type": "Feature", "geometry": {"type": "Point", "coordinates": [31.1606023, -51.50807116]}, "properties": {"id": 1416, "tmc_scan": 242220.939, "tmc_pixel": 1267.078, "fit_residual_px": 0.3858, "heldout_residual_px": 0.4888}}, {"type": "Feature", "geometry": {"type": "Point", "coordinates": [31.17278665, -51.50805436]}, "properties": {"id": 1417, "tmc_scan": 242220.212, "tmc_pixel": 1219.716, "fit_residual_px": 0.3174, "heldout_residual_px": 0.1845}}, {"type": "Feature", "geometry": {"type": "Point", "coordinates": [31.18516339, -51.50804692]}, "properties": {"id": 1418, "tmc_scan": 242219.476, "tmc_pixel": 1172.347, "fit_residual_px": 0.5754, "heldout_residual_px": 0.6693}}, {"type": "Feature", "geometry": {"type": "Point", "coordinates": [31.19735109, -51.50802609]}, "properties": {"id": 1419, "tmc_scan": 242218.734, "tmc_pixel": 1124.986, "fit_residual_px": 0.4311, "heldout_residual_px": 0.4132}}, {"type": "Feature", "geometry": {"type": "Point", "coordinates": [31.20958094, -51.50802386]}, "properties": {"id": 1420, "tmc_scan": 242217.985, "tmc_pixel": 1077.62, "fit_residual_px": 0.3598, "heldout_residual_px": 0.348}}, {"type": "Feature", "geometry": {"type": "Point", "coordinates": [31.22187323, -51.50798262]}, "properties": {"id": 1421, "tmc_scan": 242217.227, "tmc_pixel": 1030.261, "fit_residual_px": 0.6624, "heldout_residual_px": 0.5582}}, {"type": "Feature", "geometry": {"type": "Point", "coordinates": [31.23409861, -51.50800405]}, "properties": {"id": 1422, "tmc_scan": 242216.465, "tmc_pixel": 982.896, "fit_residual_px": 0.5561, "heldout_residual_px": 0.5127}}, {"type": "Feature", "geometry": {"type": "Point", "coordinates": [31.24626826, -51.50794256]}, "properties": {"id": 1423, "tmc_scan": 242215.692, "tmc_pixel": 935.539, "fit_residual_px": 0.5663, "heldout_residual_px": 0.2944}}, {"type": "Feature", "geometry": {"type": "Point", "coordinates": [31.25843856, -51.50792583]}, "properties": {"id": 1424, "tmc_scan": 242214.916, "tmc_pixel": 888.178, "fit_residual_px": 0.4858, "heldout_residual_px": 0.1736}}, {"type": "Feature", "geometry": {"type": "Point", "coordinates": [31.27081753, -51.50794107]}, "properties": {"id": 1425, "tmc_scan": 242214.128, "tmc_pixel": 840.821, "fit_residual_px": 0.8935, "heldout_residual_px": 0.6339}}, {"type": "Feature", "geometry": {"type": "Point", "coordinates": [31.28300548, -51.50793531]}, "properties": {"id": 1426, "tmc_scan": 242213.339, "tmc_pixel": 793.463, "fit_residual_px": 0.8218, "heldout_residual_px": 0.5158}}, {"type": "Feature", "geometry": {"type": "Point", "coordinates": [31.29515442, -51.50791661]}, "properties": {"id": 1427, "tmc_scan": 242212.536, "tmc_pixel": 746.107, "fit_residual_px": 0.6385, "heldout_residual_px": 0.2549}}, {"type": "Feature", "geometry": {"type": "Point", "coordinates": [31.30741975, -51.50788259]}, "properties": {"id": 1428, "tmc_scan": 242211.732, "tmc_pixel": 698.753, "fit_residual_px": 0.9575, "heldout_residual_px": 0.4644}}, {"type": "Feature", "geometry": {"type": "Point", "coordinates": [31.31953445, -51.50787182]}, "properties": {"id": 1429, "tmc_scan": 242210.915, "tmc_pixel": 651.399, "fit_residual_px": 0.6718, "heldout_residual_px": 0.0975}}, {"type": "Feature", "geometry": {"type": "Point", "coordinates": [31.1237747, -51.51556158]}, "properties": {"id": 1430, "tmc_scan": 242178.193, "tmc_pixel": 1409.987, "fit_residual_px": 0.5578, "heldout_residual_px": 0.7456}}, {"type": "Feature", "geometry": {"type": "Point", "coordinates": [31.13593915, -51.51554473]}, "properties": {"id": 1431, "tmc_scan": 242177.485, "tmc_pixel": 1362.628, "fit_residual_px": 0.4099, "heldout_residual_px": 0.3333}}, {"type": "Feature", "geometry": {"type": "Point", "coordinates": [31.14827527, -51.51553674]}, "properties": {"id": 1432, "tmc_scan": 242176.773, "tmc_pixel": 1315.268, "fit_residual_px": 0.4899, "heldout_residual_px": 0.5893}}, {"type": "Feature", "geometry": {"type": "Point", "coordinates": [31.16051326, -51.51551163]}, "properties": {"id": 1433, "tmc_scan": 242176.051, "tmc_pixel": 1267.912, "fit_residual_px": 0.5191, "heldout_residual_px": 0.5107}}, {"type": "Feature", "geometry": {"type": "Point", "coordinates": [31.17274036, -51.51552729]}, "properties": {"id": 1434, "tmc_scan": 242175.324, "tmc_pixel": 1220.552, "fit_residual_px": 0.313, "heldout_residual_px": 0.356}}, {"type": "Feature", "geometry": {"type": "Point", "coordinates": [31.1850881, -51.51552616]}, "properties": {"id": 1435, "tmc_scan": 242174.589, "tmc_pixel": 1173.199, "fit_residual_px": 0.6042, "heldout_residual_px": 0.7443}}, {"type": "Feature", "geometry": {"type": "Point", "coordinates": [31.1973082, -51.51549334]}, "properties": {"id": 1436, "tmc_scan": 242173.847, "tmc_pixel": 1125.839, "fit_residual_px": 0.5899, "heldout_residual_px": 0.6199}}, {"type": "Feature", "geometry": {"type": "Point", "coordinates": [31.2094983, -51.51549153]}, "properties": {"id": 1437, "tmc_scan": 242173.098, "tmc_pixel": 1078.489, "fit_residual_px": 0.4016, "heldout_residual_px": 0.4082}}, {"type": "Feature", "geometry": {"type": "Point", "coordinates": [31.22180105, -51.51546988]}, "properties": {"id": 1438, "tmc_scan": 242172.341, "tmc_pixel": 1031.131, "fit_residual_px": 0.6924, "heldout_residual_px": 0.6563}}, {"type": "Feature", "geometry": {"type": "Point", "coordinates": [31.23389906, -51.51542524]}, "properties": {"id": 1439, "tmc_scan": 242171.578, "tmc_pixel": 983.783, "fit_residual_px": 0.4763, "heldout_residual_px": 0.1795}}, {"type": "Feature", "geometry": {"type": "Point", "coordinates": [31.24620094, -51.51544141]}, "properties": {"id": 1440, "tmc_scan": 242170.806, "tmc_pixel": 936.427, "fit_residual_px": 0.5482, "heldout_residual_px": 0.3928}}, {"type": "Feature", "geometry": {"type": "Point", "coordinates": [31.25834829, -51.51539981]}, "properties": {"id": 1441, "tmc_scan": 242170.03, "tmc_pixel": 889.081, "fit_residual_px": 0.4709, "heldout_residual_px": 0.1287}}, {"type": "Feature", "geometry": {"type": "Point", "coordinates": [31.27062322, -51.51538056]}, "properties": {"id": 1442, "tmc_scan": 242169.242, "tmc_pixel": 841.726, "fit_residual_px": 0.6701, "heldout_residual_px": 0.3134}}, {"type": "Feature", "geometry": {"type": "Point", "coordinates": [31.28286326, -51.51538487]}, "properties": {"id": 1443, "tmc_scan": 242168.452, "tmc_pixel": 794.383, "fit_residual_px": 0.7432, "heldout_residual_px": 0.3801}}, {"type": "Feature", "geometry": {"type": "Point", "coordinates": [31.29504813, -51.51536523]}, "properties": {"id": 1444, "tmc_scan": 242167.649, "tmc_pixel": 747.031, "fit_residual_px": 0.7161, "heldout_residual_px": 0.2694}}, {"type": "Feature", "geometry": {"type": "Point", "coordinates": [31.30729028, -51.51538189]}, "properties": {"id": 1445, "tmc_scan": 242166.846, "tmc_pixel": 699.69, "fit_residual_px": 0.8779, "heldout_residual_px": 0.4558}}, {"type": "Feature", "geometry": {"type": "Point", "coordinates": [31.31944915, -51.51536316]}, "properties": {"id": 1446, "tmc_scan": 242166.028, "tmc_pixel": 652.34, "fit_residual_px": 0.7845, "heldout_residual_px": 0.2992}}, {"type": "Feature", "geometry": {"type": "Point", "coordinates": [31.12367777, -51.52302173]}, "properties": {"id": 1447, "tmc_scan": 242133.305, "tmc_pixel": 1410.813, "fit_residual_px": 0.5395, "heldout_residual_px": 0.6884}}, {"type": "Feature", "geometry": {"type": "Point", "coordinates": [31.13587651, -51.52302164]}, "properties": {"id": 1448, "tmc_scan": 242132.597, "tmc_pixel": 1363.457, "fit_residual_px": 0.3514, "heldout_residual_px": 0.3914}}, {"type": "Feature", "geometry": {"type": "Point", "coordinates": [31.14820405, -51.52301316]}, "properties": {"id": 1449, "tmc_scan": 242131.885, "tmc_pixel": 1316.111, "fit_residual_px": 0.4827, "heldout_residual_px": 0.6411}}, {"type": "Feature", "geometry": {"type": "Point", "coordinates": [31.16044977, -51.52299598]}, "properties": {"id": 1450, "tmc_scan": 242131.163, "tmc_pixel": 1268.757, "fit_residual_px": 0.4833, "heldout_residual_px": 0.5834}}, {"type": "Feature", "geometry": {"type": "Point", "coordinates": [31.17273115, -51.52300047]}, "properties": {"id": 1451, "tmc_scan": 242130.436, "tmc_pixel": 1221.412, "fit_residual_px": 0.533, "heldout_residual_px": 0.6908}}, {"type": "Feature", "geometry": {"type": "Point", "coordinates": [31.20945143, -51.52293116]}, "properties": {"id": 1452, "tmc_scan": 242128.21, "tmc_pixel": 1079.367, "fit_residual_px": 0.6722, "heldout_residual_px": 0.6125}}, {"type": "Feature", "geometry": {"type": "Point", "coordinates": [31.22168298, -51.52295754]}, "properties": {"id": 1453, "tmc_scan": 242127.453, "tmc_pixel": 1032.024, "fit_residual_px": 0.5866, "heldout_residual_px": 0.615}}, {"type": "Feature", "geometry": {"type": "Point", "coordinates": [31.2339511, -51.52292494]}, "properties": {"id": 1454, "tmc_scan": 242126.691, "tmc_pixel": 984.678, "fit_residual_px": 0.8091, "heldout_residual_px": 0.7316}}, {"type": "Feature", "geometry": {"type": "Point", "coordinates": [31.2459887, -51.52289206]}, "properties": {"id": 1455, "tmc_scan": 242125.918, "tmc_pixel": 937.335, "fit_residual_px": 0.3524, "heldout_residual_px": 0.0513}}, {"type": "Feature", "geometry": {"type": "Point", "coordinates": [31.2582165, -51.52287208]}, "properties": {"id": 1456, "tmc_scan": 242125.142, "tmc_pixel": 889.993, "fit_residual_px": 0.396, "heldout_residual_px": 0.0587}}, {"type": "Feature", "geometry": {"type": "Point", "coordinates": [31.27046329, -51.52287748]}, "properties": {"id": 1457, "tmc_scan": 242124.354, "tmc_pixel": 842.651, "fit_residual_px": 0.3982, "heldout_residual_px": 0.1215}}, {"type": "Feature", "geometry": {"type": "Point", "coordinates": [31.28254471, -51.52284575]}, "properties": {"id": 1458, "tmc_scan": 242123.565, "tmc_pixel": 795.312, "fit_residual_px": 0.3398, "heldout_residual_px": 0.4535}}, {"type": "Feature", "geometry": {"type": "Point", "coordinates": [31.30708435, -51.52283786]}, "properties": {"id": 1459, "tmc_scan": 242121.959, "tmc_pixel": 700.636, "fit_residual_px": 0.5465, "heldout_residual_px": 0.1619}}, {"type": "Feature", "geometry": {"type": "Point", "coordinates": [31.31915014, -51.52280394]}, "properties": {"id": 1460, "tmc_scan": 242121.141, "tmc_pixel": 653.296, "fit_residual_px": 0.2338, "heldout_residual_px": 0.4988}}, {"type": "Feature", "geometry": {"type": "Point", "coordinates": [31.12360441, -51.53050104]}, "properties": {"id": 1461, "tmc_scan": 242088.377, "tmc_pixel": 1411.661, "fit_residual_px": 0.5013, "heldout_residual_px": 0.7128}}, {"type": "Feature", "geometry": {"type": "Point", "coordinates": [31.13585523, -51.53050114]}, "properties": {"id": 1462, "tmc_scan": 242087.667, "tmc_pixel": 1364.32, "fit_residual_px": 0.4222, "heldout_residual_px": 0.6475}}, {"type": "Feature", "geometry": {"type": "Point", "coordinates": [31.14807855, -51.53048355]}, "properties": {"id": 1463, "tmc_scan": 242086.952, "tmc_pixel": 1316.977, "fit_residual_px": 0.3569, "heldout_residual_px": 0.4883}}, {"type": "Feature", "geometry": {"type": "Point", "coordinates": [31.16027645, -51.53046102]}, "properties": {"id": 1464, "tmc_scan": 242086.229, "tmc_pixel": 1269.64, "fit_residual_px": 0.3518, "heldout_residual_px": 0.2472}}, {"type": "Feature", "geometry": {"type": "Point", "coordinates": [31.17265867, -51.53044014]}, "properties": {"id": 1465, "tmc_scan": 242085.499, "tmc_pixel": 1222.298, "fit_residual_px": 0.6891, "heldout_residual_px": 0.7699}}, {"type": "Feature", "geometry": {"type": "Point", "coordinates": [31.18487976, -51.53044674]}, "properties": {"id": 1466, "tmc_scan": 242084.762, "tmc_pixel": 1174.962, "fit_residual_px": 0.5611, "heldout_residual_px": 0.6581}}, {"type": "Feature", "geometry": {"type": "Point", "coordinates": [31.20940222, -51.5304434]}, "properties": {"id": 1467, "tmc_scan": 242083.267, "tmc_pixel": 1080.288, "fit_residual_px": 0.7554, "heldout_residual_px": 0.8453}}, {"type": "Feature", "geometry": {"type": "Point", "coordinates": [31.23346162, -51.53035874]}, "properties": {"id": 1468, "tmc_scan": 242081.744, "tmc_pixel": 985.617, "fit_residual_px": 0.897, "heldout_residual_px": 0.8373}}, {"type": "Feature", "geometry": {"type": "Point", "coordinates": [31.24578049, -51.5303565]}, "properties": {"id": 1469, "tmc_scan": 242080.968, "tmc_pixel": 938.28, "fit_residual_px": 0.4913, "heldout_residual_px": 0.4547}}, {"type": "Feature", "geometry": {"type": "Point", "coordinates": [31.25804074, -51.53037063]}, "properties": {"id": 1470, "tmc_scan": 242080.191, "tmc_pixel": 890.951, "fit_residual_px": 0.1941, "heldout_residual_px": 0.3437}}, {"type": "Feature", "geometry": {"type": "Point", "coordinates": [31.27022972, -51.53034347]}, "properties": {"id": 1471, "tmc_scan": 242079.4, "tmc_pixel": 843.615, "fit_residual_px": 0.2694, "heldout_residual_px": 0.4217}}, {"type": "Feature", "geometry": {"type": "Point", "coordinates": [31.28242898, -51.53030307]}, "properties": {"id": 1472, "tmc_scan": 242078.609, "tmc_pixel": 796.288, "fit_residual_px": 0.3897, "heldout_residual_px": 0.4637}}, {"type": "Feature", "geometry": {"type": "Point", "coordinates": [31.29453149, -51.53027566]}, "properties": {"id": 1473, "tmc_scan": 242077.804, "tmc_pixel": 748.955, "fit_residual_px": 0.6374, "heldout_residual_px": 0.8938}}, {"type": "Feature", "geometry": {"type": "Point", "coordinates": [31.3068112, -51.5303205]}, "properties": {"id": 1474, "tmc_scan": 242076.998, "tmc_pixel": 701.63, "fit_residual_px": 0.0807, "heldout_residual_px": 0.639}}, {"type": "Feature", "geometry": {"type": "Point", "coordinates": [31.31896057, -51.53030118]}, "properties": {"id": 1475, "tmc_scan": 242076.178, "tmc_pixel": 654.3, "fit_residual_px": 0.1893, "heldout_residual_px": 0.8176}}, {"type": "Feature", "geometry": {"type": "Point", "coordinates": [31.12343059, -51.53796859]}, "properties": {"id": 1476, "tmc_scan": 242043.336, "tmc_pixel": 1412.58, "fit_residual_px": 0.3258, "heldout_residual_px": 0.3501}}, {"type": "Feature", "geometry": {"type": "Point", "coordinates": [31.13572837, -51.53798012]}, "properties": {"id": 1477, "tmc_scan": 242042.626, "tmc_pixel": 1365.241, "fit_residual_px": 0.2426, "heldout_residual_px": 0.505}}, {"type": "Feature", "geometry": {"type": "Point", "coordinates": [31.14790932, -51.53795611]}, "properties": {"id": 1478, "tmc_scan": 242041.913, "tmc_pixel": 1317.914, "fit_residual_px": 0.2759, "heldout_residual_px": 0.1829}}, {"type": "Feature", "geometry": {"type": "Point", "coordinates": [31.1601867, -51.53795577]}, "properties": {"id": 1479, "tmc_scan": 242041.19, "tmc_pixel": 1270.578, "fit_residual_px": 0.1681, "heldout_residual_px": 0.3047}}, {"type": "Feature", "geometry": {"type": "Point", "coordinates": [31.17240117, -51.53791895]}, "properties": {"id": 1480, "tmc_scan": 242040.462, "tmc_pixel": 1223.25, "fit_residual_px": 0.3339, "heldout_residual_px": 0.1085}}, {"type": "Feature", "geometry": {"type": "Point", "coordinates": [31.18465302, -51.53793153]}, "properties": {"id": 1481, "tmc_scan": 242039.725, "tmc_pixel": 1175.918, "fit_residual_px": 0.152, "heldout_residual_px": 0.2393}}, {"type": "Feature", "geometry": {"type": "Point", "coordinates": [31.19698736, -51.53794367]}, "properties": {"id": 1482, "tmc_scan": 242038.981, "tmc_pixel": 1128.589, "fit_residual_px": 0.3901, "heldout_residual_px": 0.6272}}, {"type": "Feature", "geometry": {"type": "Point", "coordinates": [31.20908392, -51.53792838]}, "properties": {"id": 1483, "tmc_scan": 242038.231, "tmc_pixel": 1081.26, "fit_residual_px": 0.1276, "heldout_residual_px": 0.3818}}, {"type": "Feature", "geometry": {"type": "Point", "coordinates": [31.22133471, -51.53790163]}, "properties": {"id": 1484, "tmc_scan": 242037.472, "tmc_pixel": 1033.932, "fit_residual_px": 0.0542, "heldout_residual_px": 0.303}}, {"type": "Feature", "geometry": {"type": "Point", "coordinates": [31.23351835, -51.53787945]}, "properties": {"id": 1485, "tmc_scan": 242036.709, "tmc_pixel": 986.607, "fit_residual_px": 0.1484, "heldout_residual_px": 0.313}}, {"type": "Feature", "geometry": {"type": "Point", "coordinates": [31.24561816, -51.53786143]}, "properties": {"id": 1486, "tmc_scan": 242035.935, "tmc_pixel": 939.279, "fit_residual_px": 0.5589, "heldout_residual_px": 0.717}}, {"type": "Feature", "geometry": {"type": "Point", "coordinates": [31.25773278, -51.53782252]}, "properties": {"id": 1487, "tmc_scan": 242035.158, "tmc_pixel": 891.957, "fit_residual_px": 0.9346, "heldout_residual_px": 1.0995}}, {"type": "Feature", "geometry": {"type": "Point", "coordinates": [31.26997214, -51.53783346]}, "properties": {"id": 1488, "tmc_scan": 242034.368, "tmc_pixel": 844.63, "fit_residual_px": 0.7295, "heldout_residual_px": 1.031}}, {"type": "Feature", "geometry": {"type": "Point", "coordinates": [31.28218361, -51.53779785]}, "properties": {"id": 1489, "tmc_scan": 242033.578, "tmc_pixel": 797.312, "fit_residual_px": 0.6673, "heldout_residual_px": 0.9984}}, {"type": "Feature", "geometry": {"type": "Point", "coordinates": [31.2943903, -51.53782137]}, "properties": {"id": 1490, "tmc_scan": 242032.773, "tmc_pixel": 749.986, "fit_residual_px": 0.5607, "heldout_residual_px": 1.0631}}, {"type": "Feature", "geometry": {"type": "Point", "coordinates": [31.30651626, -51.53781439]}, "properties": {"id": 1491, "tmc_scan": 242031.968, "tmc_pixel": 702.671, "fit_residual_px": 0.7868, "heldout_residual_px": 1.3674}}, {"type": "Feature", "geometry": {"type": "Point", "coordinates": [31.31867783, -51.53779188]}, "properties": {"id": 1492, "tmc_scan": 242031.149, "tmc_pixel": 655.346, "fit_residual_px": 0.8315, "heldout_residual_px": 1.4884}}, {"type": "Feature", "geometry": {"type": "Point", "coordinates": [31.12350063, -51.54552053]}, "properties": {"id": 1493, "tmc_scan": 241998.302, "tmc_pixel": 1413.495, "fit_residual_px": 0.6694, "heldout_residual_px": 1.1243}}, {"type": "Feature", "geometry": {"type": "Point", "coordinates": [31.13553642, -51.54544208]}, "properties": {"id": 1494, "tmc_scan": 241997.595, "tmc_pixel": 1366.169, "fit_residual_px": 0.3253, "heldout_residual_px": 0.1508}}, {"type": "Feature", "geometry": {"type": "Point", "coordinates": [31.14777048, -51.54544601]}, "properties": {"id": 1495, "tmc_scan": 241996.884, "tmc_pixel": 1318.842, "fit_residual_px": 0.3313, "heldout_residual_px": 0.254}}, {"type": "Feature", "geometry": {"type": "Point", "coordinates": [31.15999657, -51.54541173]}, "properties": {"id": 1496, "tmc_scan": 241996.164, "tmc_pixel": 1271.517, "fit_residual_px": 0.4528, "heldout_residual_px": 0.1873}}, {"type": "Feature", "geometry": {"type": "Point", "coordinates": [31.17228207, -51.54543426]}, "properties": {"id": 1497, "tmc_scan": 241995.438, "tmc_pixel": 1224.191, "fit_residual_px": 0.1969, "heldout_residual_px": 0.3617}}, {"type": "Feature", "geometry": {"type": "Point", "coordinates": [31.18446043, -51.54539441]}, "properties": {"id": 1498, "tmc_scan": 241994.705, "tmc_pixel": 1176.867, "fit_residual_px": 0.4487, "heldout_residual_px": 0.3253}}, {"type": "Feature", "geometry": {"type": "Point", "coordinates": [31.19656698, -51.54537849]}, "properties": {"id": 1499, "tmc_scan": 241993.963, "tmc_pixel": 1129.543, "fit_residual_px": 0.9201, "heldout_residual_px": 0.8169}}, {"type": "Feature", "geometry": {"type": "Point", "coordinates": [31.20888158, -51.54539686]}, "properties": {"id": 1500, "tmc_scan": 241993.216, "tmc_pixel": 1082.221, "fit_residual_px": 0.527, "heldout_residual_px": 0.624}}, {"type": "Feature", "geometry": {"type": "Point", "coordinates": [31.22105191, -51.54538039]}, "properties": {"id": 1501, "tmc_scan": 241992.46, "tmc_pixel": 1034.898, "fit_residual_px": 0.7101, "heldout_residual_px": 0.8189}}, {"type": "Feature", "geometry": {"type": "Point", "coordinates": [31.23323464, -51.54537069]}, "properties": {"id": 1502, "tmc_scan": 241991.7, "tmc_pixel": 987.579, "fit_residual_px": 0.8234, "heldout_residual_px": 0.9902}}, {"type": "Feature", "geometry": {"type": "Point", "coordinates": [31.24543461, -51.54537122]}, "properties": {"id": 1503, "tmc_scan": 241990.928, "tmc_pixel": 940.257, "fit_residual_px": 0.8576, "heldout_residual_px": 1.1149}}, {"type": "Feature", "geometry": {"type": "Point", "coordinates": [31.25766079, -51.54534702]}, "properties": {"id": 1504, "tmc_scan": 241990.154, "tmc_pixel": 892.94, "fit_residual_px": 0.7408, "heldout_residual_px": 1.0556}}, {"type": "Feature", "geometry": {"type": "Point", "coordinates": [31.26972828, -51.54532109]}, "properties": {"id": 1505, "tmc_scan": 241989.367, "tmc_pixel": 845.621, "fit_residual_px": 1.2409, "heldout_residual_px": 1.5774}}, {"type": "Feature", "geometry": {"type": "Point", "coordinates": [31.28189378, -51.54529316]}, "properties": {"id": 1506, "tmc_scan": 241988.58, "tmc_pixel": 798.306, "fit_residual_px": 1.3291, "heldout_residual_px": 1.7242}}, {"type": "Feature", "geometry": {"type": "Point", "coordinates": [31.29403601, -51.54527757]}, "properties": {"id": 1507, "tmc_scan": 241987.778, "tmc_pixel": 750.989, "fit_residual_px": 1.4911, "heldout_residual_px": 1.9657}}, {"type": "Feature", "geometry": {"type": "Point", "coordinates": [31.30630129, -51.5452813]}, "properties": {"id": 1508, "tmc_scan": 241986.976, "tmc_pixel": 703.675, "fit_residual_px": 1.1451, "heldout_residual_px": 1.7335}}, {"type": "Feature", "geometry": {"type": "Point", "coordinates": [31.12338861, -51.55297207]}, "properties": {"id": 1510, "tmc_scan": 241953.4, "tmc_pixel": 1414.291, "fit_residual_px": 0.5411, "heldout_residual_px": 1.0004}}, {"type": "Feature", "geometry": {"type": "Point", "coordinates": [31.13544761, -51.55292611]}, "properties": {"id": 1511, "tmc_scan": 241952.694, "tmc_pixel": 1366.969, "fit_residual_px": 0.2702, "heldout_residual_px": 0.2787}}, {"type": "Feature", "geometry": {"type": "Point", "coordinates": [31.14770073, -51.55289416]}, "properties": {"id": 1512, "tmc_scan": 241951.983, "tmc_pixel": 1319.652, "fit_residual_px": 0.3117, "heldout_residual_px": 0.1662}}, {"type": "Feature", "geometry": {"type": "Point", "coordinates": [31.159921, -51.55289213]}, "properties": {"id": 1513, "tmc_scan": 241951.264, "tmc_pixel": 1272.334, "fit_residual_px": 0.3434, "heldout_residual_px": 0.2431}}, {"type": "Feature", "geometry": {"type": "Point", "coordinates": [31.17215323, -51.55288256]}, "properties": {"id": 1514, "tmc_scan": 241950.538, "tmc_pixel": 1225.017, "fit_residual_px": 0.3461, "heldout_residual_px": 0.2923}}, {"type": "Feature", "geometry": {"type": "Point", "coordinates": [31.1843911, -51.55289395]}, "properties": {"id": 1515, "tmc_scan": 241949.804, "tmc_pixel": 1177.701, "fit_residual_px": 0.2977, "heldout_residual_px": 0.4547}}, {"type": "Feature", "geometry": {"type": "Point", "coordinates": [31.19649211, -51.55288013]}, "properties": {"id": 1516, "tmc_scan": 241949.063, "tmc_pixel": 1130.385, "fit_residual_px": 0.7936, "heldout_residual_px": 0.8154}}, {"type": "Feature", "geometry": {"type": "Point", "coordinates": [31.20862461, -51.55284529]}, "properties": {"id": 1517, "tmc_scan": 241948.317, "tmc_pixel": 1083.072, "fit_residual_px": 1.1428, "heldout_residual_px": 1.1344}}, {"type": "Feature", "geometry": {"type": "Point", "coordinates": [31.22088722, -51.55284232]}, "properties": {"id": 1518, "tmc_scan": 241947.56, "tmc_pixel": 1035.756, "fit_residual_px": 0.9399, "heldout_residual_px": 1.0281}}, {"type": "Feature", "geometry": {"type": "Point", "coordinates": [31.2330603, -51.5528529]}, "properties": {"id": 1519, "tmc_scan": 241946.8, "tmc_pixel": 988.447, "fit_residual_px": 1.0927, "heldout_residual_px": 1.2825}}, {"type": "Feature", "geometry": {"type": "Point", "coordinates": [31.24524296, -51.55283979]}, "properties": {"id": 1520, "tmc_scan": 241946.028, "tmc_pixel": 941.131, "fit_residual_px": 1.1727, "heldout_residual_px": 1.422}}, {"type": "Feature", "geometry": {"type": "Point", "coordinates": [31.2574673, -51.55281009]}, "properties": {"id": 1521, "tmc_scan": 241945.255, "tmc_pixel": 893.825, "fit_residual_px": 1.0491, "heldout_residual_px": 1.3501}}, {"type": "Feature", "geometry": {"type": "Point", "coordinates": [31.12313108, -51.56039122]}, "properties": {"id": 1527, "tmc_scan": 241908.499, "tmc_pixel": 1415.09, "fit_residual_px": 0.2347, "heldout_residual_px": 0.2768}}, {"type": "Feature", "geometry": {"type": "Point", "coordinates": [31.13526386, -51.56038522]}, "properties": {"id": 1528, "tmc_scan": 241907.793, "tmc_pixel": 1367.778, "fit_residual_px": 0.6479, "heldout_residual_px": 0.3929}}, {"type": "Feature", "geometry": {"type": "Point", "coordinates": [31.14759536, -51.56037522]}, "properties": {"id": 1529, "tmc_scan": 241907.082, "tmc_pixel": 1320.469, "fit_residual_px": 0.3025, "heldout_residual_px": 0.2714}}, {"type": "Feature", "geometry": {"type": "Point", "coordinates": [31.15975088, -51.56036543]}, "properties": {"id": 1530, "tmc_scan": 241906.363, "tmc_pixel": 1273.158, "fit_residual_px": 0.6218, "heldout_residual_px": 0.4725}}, {"type": "Feature", "geometry": {"type": "Point", "coordinates": [31.17203642, -51.5603765]}, "properties": {"id": 1531, "tmc_scan": 241905.637, "tmc_pixel": 1225.851, "fit_residual_px": 0.4064, "heldout_residual_px": 0.5043}}, {"type": "Feature", "geometry": {"type": "Point", "coordinates": [31.18415724, -51.56036023]}, "properties": {"id": 1532, "tmc_scan": 241904.904, "tmc_pixel": 1178.542, "fit_residual_px": 0.8324, "heldout_residual_px": 0.8137}}, {"type": "Feature", "geometry": {"type": "Point", "coordinates": [31.1964636, -51.56035033]}, "properties": {"id": 1533, "tmc_scan": 241904.163, "tmc_pixel": 1131.236, "fit_residual_px": 0.4942, "heldout_residual_px": 0.6209}}, {"type": "Feature", "geometry": {"type": "Point", "coordinates": [31.20858026, -51.56034732]}, "properties": {"id": 1534, "tmc_scan": 241903.416, "tmc_pixel": 1083.93, "fit_residual_px": 0.9026, "heldout_residual_px": 1.0153}}, {"type": "Feature", "geometry": {"type": "Point", "coordinates": [31.22081917, -51.5603144]}, "properties": {"id": 1535, "tmc_scan": 241902.659, "tmc_pixel": 1036.626, "fit_residual_px": 0.7746, "heldout_residual_px": 0.9097}}, {"type": "Feature", "geometry": {"type": "Point", "coordinates": [31.23291028, -51.56028786]}, "properties": {"id": 1536, "tmc_scan": 241901.898, "tmc_pixel": 989.322, "fit_residual_px": 1.233, "heldout_residual_px": 1.3683}}, {"type": "Feature", "geometry": {"type": "Point", "coordinates": [31.24505823, -51.56028079]}, "properties": {"id": 1537, "tmc_scan": 241901.126, "tmc_pixel": 942.019, "fit_residual_px": 1.4403, "heldout_residual_px": 1.6497}}, {"type": "Feature", "geometry": {"type": "Point", "coordinates": [31.25731992, -51.56031661]}, "properties": {"id": 1538, "tmc_scan": 241900.352, "tmc_pixel": 894.718, "fit_residual_px": 1.2228, "heldout_residual_px": 1.5889}}, {"type": "Feature", "geometry": {"type": "Point", "coordinates": [31.12306869, -51.56788423]}, "properties": {"id": 1544, "tmc_scan": 241863.554, "tmc_pixel": 1415.959, "fit_residual_px": 0.0562, "heldout_residual_px": 0.4958}}, {"type": "Feature", "geometry": {"type": "Point", "coordinates": [31.13520967, -51.56786618]}, "properties": {"id": 1545, "tmc_scan": 241862.848, "tmc_pixel": 1368.657, "fit_residual_px": 0.4845, "heldout_residual_px": 0.3916}}, {"type": "Feature", "geometry": {"type": "Point", "coordinates": [31.14746002, -51.56787892]}, "properties": {"id": 1546, "tmc_scan": 241862.137, "tmc_pixel": 1321.356, "fit_residual_px": 0.4645, "heldout_residual_px": 0.5547}}, {"type": "Feature", "geometry": {"type": "Point", "coordinates": [31.15966419, -51.56786321]}, "properties": {"id": 1547, "tmc_scan": 241861.417, "tmc_pixel": 1274.057, "fit_residual_px": 0.5838, "heldout_residual_px": 0.6152}}, {"type": "Feature", "geometry": {"type": "Point", "coordinates": [31.17195744, -51.56785592]}, "properties": {"id": 1548, "tmc_scan": 241860.69, "tmc_pixel": 1226.756, "fit_residual_px": 0.3518, "heldout_residual_px": 0.5817}}, {"type": "Feature", "geometry": {"type": "Point", "coordinates": [31.18412285, -51.56783634]}, "properties": {"id": 1549, "tmc_scan": 241859.957, "tmc_pixel": 1179.46, "fit_residual_px": 0.5674, "heldout_residual_px": 0.6724}}, {"type": "Feature", "geometry": {"type": "Point", "coordinates": [31.19635033, -51.56781581]}, "properties": {"id": 1550, "tmc_scan": 241859.216, "tmc_pixel": 1132.159, "fit_residual_px": 0.5259, "heldout_residual_px": 0.6563}}, {"type": "Feature", "geometry": {"type": "Point", "coordinates": [31.20848143, -51.56780822]}, "properties": {"id": 1551, "tmc_scan": 241858.469, "tmc_pixel": 1084.866, "fit_residual_px": 0.8611, "heldout_residual_px": 0.9814}}, {"type": "Feature", "geometry": {"type": "Point", "coordinates": [31.22072466, -51.5678113]}, "properties": {"id": 1552, "tmc_scan": 241857.712, "tmc_pixel": 1037.565, "fit_residual_px": 0.7488, "heldout_residual_px": 0.9916}}, {"type": "Feature", "geometry": {"type": "Point", "coordinates": [31.23285137, -51.56778898]}, "properties": {"id": 1553, "tmc_scan": 241856.952, "tmc_pixel": 990.276, "fit_residual_px": 1.0325, "heldout_residual_px": 1.2676}}, {"type": "Feature", "geometry": {"type": "Point", "coordinates": [31.24496878, -51.5677808]}, "properties": {"id": 1554, "tmc_scan": 241856.179, "tmc_pixel": 942.976, "fit_residual_px": 1.3561, "heldout_residual_px": 1.638}}, {"type": "Feature", "geometry": {"type": "Point", "coordinates": [31.1231574, -51.57539349]}, "properties": {"id": 1561, "tmc_scan": 241818.6, "tmc_pixel": 1416.851, "fit_residual_px": 0.7262, "heldout_residual_px": 1.2444}}, {"type": "Feature", "geometry": {"type": "Point", "coordinates": [31.13512851, -51.57535605]}, "properties": {"id": 1562, "tmc_scan": 241817.894, "tmc_pixel": 1369.554, "fit_residual_px": 0.4517, "heldout_residual_px": 0.544}}, {"type": "Feature", "geometry": {"type": "Point", "coordinates": [31.1473138, -51.57533974]}, "properties": {"id": 1563, "tmc_scan": 241817.183, "tmc_pixel": 1322.265, "fit_residual_px": 0.657, "heldout_residual_px": 0.6298}}, {"type": "Feature", "geometry": {"type": "Point", "coordinates": [31.15958846, -51.57534051]}, "properties": {"id": 1564, "tmc_scan": 241816.464, "tmc_pixel": 1274.97, "fit_residual_px": 0.5155, "heldout_residual_px": 0.6585}}, {"type": "Feature", "geometry": {"type": "Point", "coordinates": [31.17179321, -51.57533133]}, "properties": {"id": 1565, "tmc_scan": 241815.738, "tmc_pixel": 1227.682, "fit_residual_px": 0.6104, "heldout_residual_px": 0.7483}}, {"type": "Feature", "geometry": {"type": "Point", "coordinates": [31.18398922, -51.57530711]}, "properties": {"id": 1566, "tmc_scan": 241815.005, "tmc_pixel": 1180.389, "fit_residual_px": 0.6912, "heldout_residual_px": 0.7892}}, {"type": "Feature", "geometry": {"type": "Point", "coordinates": [31.19631193, -51.57530114]}, "properties": {"id": 1567, "tmc_scan": 241814.264, "tmc_pixel": 1133.102, "fit_residual_px": 0.318, "heldout_residual_px": 0.6656}}, {"type": "Feature", "geometry": {"type": "Point", "coordinates": [31.20841556, -51.57527962]}, "properties": {"id": 1568, "tmc_scan": 241813.518, "tmc_pixel": 1085.812, "fit_residual_px": 0.6947, "heldout_residual_px": 0.8826}}, {"type": "Feature", "geometry": {"type": "Point", "coordinates": [31.22060047, -51.57526388]}, "properties": {"id": 1569, "tmc_scan": 241812.761, "tmc_pixel": 1038.525, "fit_residual_px": 0.7731, "heldout_residual_px": 0.9913}}, {"type": "Feature", "geometry": {"type": "Point", "coordinates": [31.23265726, -51.57526433]}, "properties": {"id": 1570, "tmc_scan": 241812.001, "tmc_pixel": 991.238, "fit_residual_px": 1.3586, "heldout_residual_px": 1.5951}}, {"type": "Feature", "geometry": {"type": "Point", "coordinates": [31.2448372, -51.57524827]}, "properties": {"id": 1571, "tmc_scan": 241811.23, "tmc_pixel": 943.953, "fit_residual_px": 1.4136, "heldout_residual_px": 1.7101}}, {"type": "Feature", "geometry": {"type": "Point", "coordinates": [31.12308549, -51.58288124]}, "properties": {"id": 1578, "tmc_scan": 241773.652, "tmc_pixel": 1417.69, "fit_residual_px": 0.8616, "heldout_residual_px": 1.4071}}, {"type": "Feature", "geometry": {"type": "Point", "coordinates": [31.13511532, -51.58283489]}, "properties": {"id": 1579, "tmc_scan": 241772.947, "tmc_pixel": 1370.405, "fit_residual_px": 0.2315, "heldout_residual_px": 0.6793}}, {"type": "Feature", "geometry": {"type": "Point", "coordinates": [31.1473063, -51.58281886]}, "properties": {"id": 1580, "tmc_scan": 241772.236, "tmc_pixel": 1323.117, "fit_residual_px": 0.3404, "heldout_residual_px": 0.6262}}, {"type": "Feature", "geometry": {"type": "Point", "coordinates": [31.15950837, -51.58278534]}, "properties": {"id": 1581, "tmc_scan": 241771.518, "tmc_pixel": 1275.835, "fit_residual_px": 0.4031, "heldout_residual_px": 0.5241}}, {"type": "Feature", "geometry": {"type": "Point", "coordinates": [31.17169645, -51.58280999]}, "properties": {"id": 1582, "tmc_scan": 241770.792, "tmc_pixel": 1228.547, "fit_residual_px": 0.623, "heldout_residual_px": 0.8294}}, {"type": "Feature", "geometry": {"type": "Point", "coordinates": [31.18391267, -51.5827792]}, "properties": {"id": 1583, "tmc_scan": 241770.06, "tmc_pixel": 1181.267, "fit_residual_px": 0.5894, "heldout_residual_px": 0.7689}}, {"type": "Feature", "geometry": {"type": "Point", "coordinates": [31.19618768, -51.58278686]}, "properties": {"id": 1584, "tmc_scan": 241769.319, "tmc_pixel": 1133.98, "fit_residual_px": 0.4542, "heldout_residual_px": 0.8261}}, {"type": "Feature", "geometry": {"type": "Point", "coordinates": [31.20839029, -51.58276527]}, "properties": {"id": 1585, "tmc_scan": 241768.573, "tmc_pixel": 1086.703, "fit_residual_px": 0.4393, "heldout_residual_px": 0.8129}}, {"type": "Feature", "geometry": {"type": "Point", "coordinates": [31.22057335, -51.58274857]}, "properties": {"id": 1586, "tmc_scan": 241767.817, "tmc_pixel": 1039.417, "fit_residual_px": 0.4953, "heldout_residual_px": 0.8683}}, {"type": "Feature", "geometry": {"type": "Point", "coordinates": [31.23261268, -51.58275359]}, "properties": {"id": 1587, "tmc_scan": 241767.058, "tmc_pixel": 992.143, "fit_residual_px": 1.1226, "heldout_residual_px": 1.4455}}, {"type": "Feature", "geometry": {"type": "Point", "coordinates": [31.24477552, -51.58274137]}, "properties": {"id": 1588, "tmc_scan": 241766.286, "tmc_pixel": 944.858, "fit_residual_px": 1.2384, "heldout_residual_px": 1.6112}}, {"type": "Feature", "geometry": {"type": "Point", "coordinates": [31.12302162, -51.59035923]}, "properties": {"id": 1595, "tmc_scan": 241728.709, "tmc_pixel": 1418.502, "fit_residual_px": 1.0045, "heldout_residual_px": 1.5657}}, {"type": "Feature", "geometry": {"type": "Point", "coordinates": [31.13530421, -51.59032859]}, "properties": {"id": 1596, "tmc_scan": 241728.005, "tmc_pixel": 1371.219, "fit_residual_px": 1.1156, "heldout_residual_px": 1.6212}}, {"type": "Feature", "geometry": {"type": "Point", "coordinates": [31.14731271, -51.59030127]}, "properties": {"id": 1597, "tmc_scan": 241727.294, "tmc_pixel": 1323.945, "fit_residual_px": 0.3234, "heldout_residual_px": 0.8716}}, {"type": "Feature", "geometry": {"type": "Point", "coordinates": [31.15947424, -51.5902585]}, "properties": {"id": 1598, "tmc_scan": 241726.576, "tmc_pixel": 1276.665, "fit_residual_px": 0.1625, "heldout_residual_px": 0.5846}}, {"type": "Feature", "geometry": {"type": "Point", "coordinates": [31.1716661, -51.59025262]}, "properties": {"id": 1599, "tmc_scan": 241725.85, "tmc_pixel": 1229.392, "fit_residual_px": 0.2902, "heldout_residual_px": 0.6286}}, {"type": "Feature", "geometry": {"type": "Point", "coordinates": [31.18387003, -51.5902613]}, "properties": {"id": 1600, "tmc_scan": 241725.118, "tmc_pixel": 1182.115, "fit_residual_px": 0.4205, "heldout_residual_px": 0.792}}, {"type": "Feature", "geometry": {"type": "Point", "coordinates": [31.19608428, -51.59023675]}, "properties": {"id": 1601, "tmc_scan": 241724.377, "tmc_pixel": 1134.841, "fit_residual_px": 0.3663, "heldout_residual_px": 0.7421}}, {"type": "Feature", "geometry": {"type": "Point", "coordinates": [31.20833983, -51.59025184]}, "properties": {"id": 1602, "tmc_scan": 241723.632, "tmc_pixel": 1087.567, "fit_residual_px": 0.4338, "heldout_residual_px": 0.9125}}, {"type": "Feature", "geometry": {"type": "Point", "coordinates": [31.22039168, -51.59021272]}, "properties": {"id": 1603, "tmc_scan": 241722.875, "tmc_pixel": 1040.294, "fit_residual_px": 0.7286, "heldout_residual_px": 1.0434}}, {"type": "Feature", "geometry": {"type": "Point", "coordinates": [31.23254696, -51.59024697]}, "properties": {"id": 1604, "tmc_scan": 241722.117, "tmc_pixel": 993.024, "fit_residual_px": 1.0234, "heldout_residual_px": 1.4334}}, {"type": "Feature", "geometry": {"type": "Point", "coordinates": [31.24472594, -51.59022801]}, "properties": {"id": 1605, "tmc_scan": 241721.345, "tmc_pixel": 945.751, "fit_residual_px": 1.045, "heldout_residual_px": 1.4957}}, {"type": "Feature", "geometry": {"type": "Point", "coordinates": [31.13518133, -51.59781966]}, "properties": {"id": 1611, "tmc_scan": 241683.122, "tmc_pixel": 1372.017, "fit_residual_px": 1.093, "heldout_residual_px": 1.6447}}, {"type": "Feature", "geometry": {"type": "Point", "coordinates": [31.14728581, -51.59778006]}, "properties": {"id": 1612, "tmc_scan": 241682.414, "tmc_pixel": 1324.743, "fit_residual_px": 0.5765, "heldout_residual_px": 1.1312}}, {"type": "Feature", "geometry": {"type": "Point", "coordinates": [31.15967695, -51.5978089]}, "properties": {"id": 1613, "tmc_scan": 241681.699, "tmc_pixel": 1277.476, "fit_residual_px": 1.2842, "heldout_residual_px": 1.7735}}, {"type": "Feature", "geometry": {"type": "Point", "coordinates": [31.17167933, -51.59772566]}, "properties": {"id": 1614, "tmc_scan": 241680.975, "tmc_pixel": 1230.204, "fit_residual_px": 0.3072, "heldout_residual_px": 0.8195}}, {"type": "Feature", "geometry": {"type": "Point", "coordinates": [31.18383182, -51.59775235]}, "properties": {"id": 1615, "tmc_scan": 241680.246, "tmc_pixel": 1182.939, "fit_residual_px": 0.4619, "heldout_residual_px": 0.9707}}, {"type": "Feature", "geometry": {"type": "Point", "coordinates": [31.1960509, -51.59771811]}, "properties": {"id": 1616, "tmc_scan": 241679.508, "tmc_pixel": 1135.668, "fit_residual_px": 0.337, "heldout_residual_px": 0.8463}}, {"type": "Feature", "geometry": {"type": "Point", "coordinates": [31.20826701, -51.59769159]}, "properties": {"id": 1617, "tmc_scan": 241678.766, "tmc_pixel": 1088.405, "fit_residual_px": 0.2764, "heldout_residual_px": 0.7733}}, {"type": "Feature", "geometry": {"type": "Point", "coordinates": [31.22032055, -51.59769162]}, "properties": {"id": 1618, "tmc_scan": 241678.012, "tmc_pixel": 1041.135, "fit_residual_px": 0.6094, "heldout_residual_px": 1.0192}}, {"type": "Feature", "geometry": {"type": "Point", "coordinates": [31.23247806, -51.59767318]}, "properties": {"id": 1619, "tmc_scan": 241677.256, "tmc_pixel": 993.874, "fit_residual_px": 0.7155, "heldout_residual_px": 1.1296}}, {"type": "Feature", "geometry": {"type": "Point", "coordinates": [31.24464621, -51.59765212]}, "properties": {"id": 1620, "tmc_scan": 241676.487, "tmc_pixel": 946.606, "fit_residual_px": 0.7651, "heldout_residual_px": 1.2089}}, {"type": "Feature", "geometry": {"type": "Point", "coordinates": [31.25670563, -51.59765594]}, "properties": {"id": 1621, "tmc_scan": 241675.718, "tmc_pixel": 899.348, "fit_residual_px": 1.2664, "heldout_residual_px": 1.7388}}, {"type": "Feature", "geometry": {"type": "Point", "coordinates": [31.13505516, -51.60522703]}, "properties": {"id": 1626, "tmc_scan": 241638.339, "tmc_pixel": 1372.765, "fit_residual_px": 0.8537, "heldout_residual_px": 1.3581}}, {"type": "Feature", "geometry": {"type": "Point", "coordinates": [31.14722887, -51.6052327]}, "properties": {"id": 1627, "tmc_scan": 241637.631, "tmc_pixel": 1325.505, "fit_residual_px": 0.6845, "heldout_residual_px": 1.2164}}, {"type": "Feature", "geometry": {"type": "Point", "coordinates": [31.1593834, -51.60522242]}, "properties": {"id": 1628, "tmc_scan": 241636.915, "tmc_pixel": 1278.242, "fit_residual_px": 0.4663, "heldout_residual_px": 1.0171}}, {"type": "Feature", "geometry": {"type": "Point", "coordinates": [31.17168663, -51.60518275]}, "properties": {"id": 1629, "tmc_scan": 241636.192, "tmc_pixel": 1230.982, "fit_residual_px": 0.7121, "heldout_residual_px": 1.1137}}, {"type": "Feature", "geometry": {"type": "Point", "coordinates": [31.18386773, -51.60520078]}, "properties": {"id": 1630, "tmc_scan": 241635.463, "tmc_pixel": 1183.722, "fit_residual_px": 0.6765, "heldout_residual_px": 1.1306}}, {"type": "Feature", "geometry": {"type": "Point", "coordinates": [31.19603967, -51.60517919]}, "properties": {"id": 1631, "tmc_scan": 241634.724, "tmc_pixel": 1136.461, "fit_residual_px": 0.5395, "heldout_residual_px": 0.9815}}, {"type": "Feature", "geometry": {"type": "Point", "coordinates": [31.20819973, -51.60517088]}, "properties": {"id": 1632, "tmc_scan": 241633.982, "tmc_pixel": 1089.205, "fit_residual_px": 0.4515, "heldout_residual_px": 0.9244}}, {"type": "Feature", "geometry": {"type": "Point", "coordinates": [31.22040261, -51.60514186]}, "properties": {"id": 1633, "tmc_scan": 241633.229, "tmc_pixel": 1041.944, "fit_residual_px": 0.4151, "heldout_residual_px": 0.8312}}, {"type": "Feature", "geometry": {"type": "Point", "coordinates": [31.23245022, -51.60514243]}, "properties": {"id": 1634, "tmc_scan": 241632.473, "tmc_pixel": 994.691, "fit_residual_px": 0.4478, "heldout_residual_px": 0.9697}}, {"type": "Feature", "geometry": {"type": "Point", "coordinates": [31.2446673, -51.60516076]}, "properties": {"id": 1635, "tmc_scan": 241631.704, "tmc_pixel": 947.431, "fit_residual_px": 0.606, "heldout_residual_px": 1.1571}}, {"type": "Feature", "geometry": {"type": "Point", "coordinates": [31.25668777, -51.60512911]}, "properties": {"id": 1636, "tmc_scan": 241630.934, "tmc_pixel": 900.181, "fit_residual_px": 0.8978, "heldout_residual_px": 1.4472}}, {"type": "Feature", "geometry": {"type": "Point", "coordinates": [31.13497688, -51.6126957]}, "properties": {"id": 1641, "tmc_scan": 241593.536, "tmc_pixel": 1373.536, "fit_residual_px": 0.9464, "heldout_residual_px": 1.4594}}, {"type": "Feature", "geometry": {"type": "Point", "coordinates": [31.14721181, -51.61270689]}, "properties": {"id": 1642, "tmc_scan": 241592.826, "tmc_pixel": 1326.281, "fit_residual_px": 1.0285, "heldout_residual_px": 1.5409}}, {"type": "Feature", "geometry": {"type": "Point", "coordinates": [31.15937832, -51.6126872]}, "properties": {"id": 1643, "tmc_scan": 241592.109, "tmc_pixel": 1279.031, "fit_residual_px": 0.8149, "heldout_residual_px": 1.3102}}, {"type": "Feature", "geometry": {"type": "Point", "coordinates": [31.17158143, -51.61265729]}, "properties": {"id": 1644, "tmc_scan": 241591.384, "tmc_pixel": 1231.778, "fit_residual_px": 0.7406, "heldout_residual_px": 1.1727}}, {"type": "Feature", "geometry": {"type": "Point", "coordinates": [31.18386541, -51.61266292]}, "properties": {"id": 1645, "tmc_scan": 241590.653, "tmc_pixel": 1184.528, "fit_residual_px": 1.0717, "heldout_residual_px": 1.4493}}, {"type": "Feature", "geometry": {"type": "Point", "coordinates": [31.19599035, -51.61265168]}, "properties": {"id": 1646, "tmc_scan": 241589.912, "tmc_pixel": 1137.277, "fit_residual_px": 0.7896, "heldout_residual_px": 1.1895}}, {"type": "Feature", "geometry": {"type": "Point", "coordinates": [31.20814268, -51.61264902]}, "properties": {"id": 1647, "tmc_scan": 241589.168, "tmc_pixel": 1090.029, "fit_residual_px": 0.6819, "heldout_residual_px": 1.1144}}, {"type": "Feature", "geometry": {"type": "Point", "coordinates": [31.22033152, -51.61262108]}, "properties": {"id": 1648, "tmc_scan": 241588.412, "tmc_pixel": 1042.779, "fit_residual_px": 0.6264, "heldout_residual_px": 1.0059}}, {"type": "Feature", "geometry": {"type": "Point", "coordinates": [31.23244055, -51.61261213]}, "properties": {"id": 1649, "tmc_scan": 241587.655, "tmc_pixel": 995.534, "fit_residual_px": 0.4507, "heldout_residual_px": 0.9439}}, {"type": "Feature", "geometry": {"type": "Point", "coordinates": [31.24455042, -51.612613]}, "properties": {"id": 1650, "tmc_scan": 241586.883, "tmc_pixel": 948.285, "fit_residual_px": 0.5184, "heldout_residual_px": 1.0898}}, {"type": "Feature", "geometry": {"type": "Point", "coordinates": [31.25637719, -51.61254837]}, "properties": {"id": 1651, "tmc_scan": 241586.112, "tmc_pixel": 901.041, "fit_residual_px": 1.4974, "heldout_residual_px": 1.9304}}, {"type": "Feature", "geometry": {"type": "Point", "coordinates": [31.13493546, -51.62016019]}, "properties": {"id": 1656, "tmc_scan": 241548.625, "tmc_pixel": 1374.372, "fit_residual_px": 1.1867, "heldout_residual_px": 1.6867}}, {"type": "Feature", "geometry": {"type": "Point", "coordinates": [31.14703317, -51.6201546]}, "properties": {"id": 1657, "tmc_scan": 241547.914, "tmc_pixel": 1327.127, "fit_residual_px": 0.7096, "heldout_residual_px": 1.2472}}, {"type": "Feature", "geometry": {"type": "Point", "coordinates": [31.15927193, -51.620129]}, "properties": {"id": 1658, "tmc_scan": 241547.197, "tmc_pixel": 1279.884, "fit_residual_px": 0.7752, "heldout_residual_px": 1.2344}}, {"type": "Feature", "geometry": {"type": "Point", "coordinates": [31.17152635, -51.62013526]}, "properties": {"id": 1659, "tmc_scan": 241546.472, "tmc_pixel": 1232.638, "fit_residual_px": 0.978, "heldout_residual_px": 1.4103}}, {"type": "Feature", "geometry": {"type": "Point", "coordinates": [31.18372426, -51.62011634]}, "properties": {"id": 1660, "tmc_scan": 241545.741, "tmc_pixel": 1185.398, "fit_residual_px": 0.9409, "heldout_residual_px": 1.3229}}, {"type": "Feature", "geometry": {"type": "Point", "coordinates": [31.19580972, -51.6201071]}, "properties": {"id": 1661, "tmc_scan": 241545.001, "tmc_pixel": 1138.153, "fit_residual_px": 0.5306, "heldout_residual_px": 0.9975}}, {"type": "Feature", "geometry": {"type": "Point", "coordinates": [31.20802364, -51.6200938]}, "properties": {"id": 1662, "tmc_scan": 241544.257, "tmc_pixel": 1090.916, "fit_residual_px": 0.6051, "heldout_residual_px": 1.0144}}, {"type": "Feature", "geometry": {"type": "Point", "coordinates": [31.22010882, -51.62008141]}, "properties": {"id": 1663, "tmc_scan": 241543.501, "tmc_pixel": 1043.671, "fit_residual_px": 0.3407, "heldout_residual_px": 0.8881}}, {"type": "Feature", "geometry": {"type": "Point", "coordinates": [31.2323479, -51.62010245]}, "properties": {"id": 1664, "tmc_scan": 241542.743, "tmc_pixel": 996.438, "fit_residual_px": 0.6537, "heldout_residual_px": 1.1388}}, {"type": "Feature", "geometry": {"type": "Point", "coordinates": [31.24444087, -51.62009639]}, "properties": {"id": 1665, "tmc_scan": 241541.972, "tmc_pixel": 949.193, "fit_residual_px": 0.6301, "heldout_residual_px": 1.2101}}, {"type": "Feature", "geometry": {"type": "Point", "coordinates": [31.25627884, -51.61999384]}, "properties": {"id": 1666, "tmc_scan": 241541.2, "tmc_pixel": 901.963, "fit_residual_px": 1.3598, "heldout_residual_px": 1.7856}}, {"type": "Feature", "geometry": {"type": "Point", "coordinates": [31.13485287, -51.62764525]}, "properties": {"id": 1671, "tmc_scan": 241503.713, "tmc_pixel": 1375.215, "fit_residual_px": 1.2961, "heldout_residual_px": 1.832}}, {"type": "Feature", "geometry": {"type": "Point", "coordinates": [31.1470362, -51.62762291]}, "properties": {"id": 1672, "tmc_scan": 241503.002, "tmc_pixel": 1327.979, "fit_residual_px": 1.1403, "heldout_residual_px": 1.6365}}, {"type": "Feature", "geometry": {"type": "Point", "coordinates": [31.15920218, -51.62760457]}, "properties": {"id": 1673, "tmc_scan": 241502.286, "tmc_pixel": 1280.742, "fit_residual_px": 0.945, "heldout_residual_px": 1.4145}}, {"type": "Feature", "geometry": {"type": "Point", "coordinates": [31.17140998, -51.62760293]}, "properties": {"id": 1674, "tmc_scan": 241501.56, "tmc_pixel": 1233.507, "fit_residual_px": 0.9652, "heldout_residual_px": 1.4166}}, {"type": "Feature", "geometry": {"type": "Point", "coordinates": [31.18357957, -51.62762098]}, "properties": {"id": 1675, "tmc_scan": 241500.83, "tmc_pixel": 1186.272, "fit_residual_px": 0.9347, "heldout_residual_px": 1.4246}}, {"type": "Feature", "geometry": {"type": "Point", "coordinates": [31.19570609, -51.62759383]}, "properties": {"id": 1676, "tmc_scan": 241500.089, "tmc_pixel": 1139.039, "fit_residual_px": 0.6584, "heldout_residual_px": 1.1609}}, {"type": "Feature", "geometry": {"type": "Point", "coordinates": [31.20793415, -51.62757614]}, "properties": {"id": 1677, "tmc_scan": 241499.346, "tmc_pixel": 1091.806, "fit_residual_px": 0.768, "heldout_residual_px": 1.1879}}, {"type": "Feature", "geometry": {"type": "Point", "coordinates": [31.22004092, -51.62757158]}, "properties": {"id": 1678, "tmc_scan": 241498.59, "tmc_pixel": 1044.573, "fit_residual_px": 0.5853, "heldout_residual_px": 1.098}}, {"type": "Feature", "geometry": {"type": "Point", "coordinates": [31.23218001, -51.6275573]}, "properties": {"id": 1679, "tmc_scan": 241497.834, "tmc_pixel": 997.341, "fit_residual_px": 0.5225, "heldout_residual_px": 1.0786}}, {"type": "Feature", "geometry": {"type": "Point", "coordinates": [31.24421043, -51.62755886]}, "properties": {"id": 1680, "tmc_scan": 241497.063, "tmc_pixel": 950.11, "fit_residual_px": 0.7444, "heldout_residual_px": 1.3616}}, {"type": "Feature", "geometry": {"type": "Point", "coordinates": [31.14689559, -51.63508]}, "properties": {"id": 1686, "tmc_scan": 241458.121, "tmc_pixel": 1328.785, "fit_residual_px": 0.9999, "heldout_residual_px": 1.5078}}, {"type": "Feature", "geometry": {"type": "Point", "coordinates": [31.15916211, -51.63508464]}, "properties": {"id": 1687, "tmc_scan": 241457.405, "tmc_pixel": 1281.559, "fit_residual_px": 1.2451, "heldout_residual_px": 1.7166}}, {"type": "Feature", "geometry": {"type": "Point", "coordinates": [31.17129573, -51.63508327]}, "properties": {"id": 1688, "tmc_scan": 241456.68, "tmc_pixel": 1234.327, "fit_residual_px": 0.9968, "heldout_residual_px": 1.4892}}, {"type": "Feature", "geometry": {"type": "Point", "coordinates": [31.18337861, -51.63506665]}, "properties": {"id": 1689, "tmc_scan": 241455.951, "tmc_pixel": 1187.105, "fit_residual_px": 0.5849, "heldout_residual_px": 1.1402}}, {"type": "Feature", "geometry": {"type": "Point", "coordinates": [31.19558247, -51.63504665]}, "properties": {"id": 1690, "tmc_scan": 241455.211, "tmc_pixel": 1139.873, "fit_residual_px": 0.5941, "heldout_residual_px": 1.0988}}, {"type": "Feature", "geometry": {"type": "Point", "coordinates": [31.20774403, -51.63503135]}, "properties": {"id": 1691, "tmc_scan": 241454.468, "tmc_pixel": 1092.654, "fit_residual_px": 0.5095, "heldout_residual_px": 1.0221}}, {"type": "Feature", "geometry": {"type": "Point", "coordinates": [31.21990435, -51.63502443]}, "properties": {"id": 1692, "tmc_scan": 241453.713, "tmc_pixel": 1045.422, "fit_residual_px": 0.4927, "heldout_residual_px": 1.0303}}, {"type": "Feature", "geometry": {"type": "Point", "coordinates": [31.23196034, -51.63502336]}, "properties": {"id": 1693, "tmc_scan": 241452.956, "tmc_pixel": 998.206, "fit_residual_px": 0.5471, "heldout_residual_px": 1.1696}}, {"type": "Feature", "geometry": {"type": "Point", "coordinates": [31.24406463, -51.63500587]}, "properties": {"id": 1694, "tmc_scan": 241452.186, "tmc_pixel": 950.976, "fit_residual_px": 0.6964, "heldout_residual_px": 1.3205}}, {"type": "Feature", "geometry": {"type": "Point", "coordinates": [31.14686773, -51.64256044]}, "properties": {"id": 1700, "tmc_scan": 241413.242, "tmc_pixel": 1329.598, "fit_residual_px": 1.3429, "heldout_residual_px": 1.8531}}, {"type": "Feature", "geometry": {"type": "Point", "coordinates": [31.15902533, -51.64254075]}, "properties": {"id": 1701, "tmc_scan": 241412.527, "tmc_pixel": 1282.375, "fit_residual_px": 1.1342, "heldout_residual_px": 1.6124}}, {"type": "Feature", "geometry": {"type": "Point", "coordinates": [31.17121243, -51.6425538]}, "properties": {"id": 1702, "tmc_scan": 241411.802, "tmc_pixel": 1235.157, "fit_residual_px": 1.1279, "heldout_residual_px": 1.6206}}, {"type": "Feature", "geometry": {"type": "Point", "coordinates": [31.18336387, -51.64254227]}, "properties": {"id": 1703, "tmc_scan": 241411.073, "tmc_pixel": 1187.937, "fit_residual_px": 0.9685, "heldout_residual_px": 1.4569}}, {"type": "Feature", "geometry": {"type": "Point", "coordinates": [31.19548131, -51.64253818]}, "properties": {"id": 1704, "tmc_scan": 241410.333, "tmc_pixel": 1140.72, "fit_residual_px": 0.7628, "heldout_residual_px": 1.3018}}, {"type": "Feature", "geometry": {"type": "Point", "coordinates": [31.2076452, -51.64252277]}, "properties": {"id": 1705, "tmc_scan": 241409.591, "tmc_pixel": 1093.503, "fit_residual_px": 0.6997, "heldout_residual_px": 1.2335}}, {"type": "Feature", "geometry": {"type": "Point", "coordinates": [31.2197755, -51.64250759]}, "properties": {"id": 1706, "tmc_scan": 241408.835, "tmc_pixel": 1046.286, "fit_residual_px": 0.5873, "heldout_residual_px": 1.1634}}, {"type": "Feature", "geometry": {"type": "Point", "coordinates": [31.23163795, -51.64244734]}, "properties": {"id": 1707, "tmc_scan": 241408.079, "tmc_pixel": 999.071, "fit_residual_px": 1.026, "heldout_residual_px": 1.4571}}]}