# Stage O tie points: Chandrayaan-2 TMC-2 (source) to LROC NAC DTM orthophoto (reference), Pitiscus.
# tmc_scan/tmc_pixel: 0-based line/sample in ch2_tmc_ncn_20230130T1900132182_d_img_d32.img (via ISRO geometry CSV).
# nac_col/nac_row: 0-based pixel-centre index in NAC_DTM_PITISCUS_M1149280834_2M.TIF.
# map_x/map_y: metres, equirectangular Moon sphere R=1737400, std parallel -51, CM 180 (NAC CRS). lon/lat in degrees.
# Residuals in common-grid px (1 px = 4.72 m). heldout_residual_px: spatial-block 5-fold, model never saw the node.
# Reference error: lola_rms 0.92 m. These are relative residuals, not ground-truth errors.
id,tmc_scan,tmc_pixel,grid_src_x,grid_src_y,grid_ref_x,grid_ref_y,map_x,map_y,lon,lat,nac_col,nac_row,ncc_peak,ncc_second,fit_residual_px,is_inlier,spatial_fold,heldout_residual_px
0,245989.143,1101.420,320,32,399.4132,832.1431,-2839794.770,-1542871.046,31.18799562,-50.88062579,942.115,2767.023,0.5751,0.1545,2.3782,0,0,4.5802
1,245988.386,1053.379,368,32,449.1023,832.1190,-2839560.237,-1542870.932,31.20028568,-50.88062204,1059.381,2766.966,0.6506,0.2502,1.6497,0,0,3.6888
2,245987.628,1005.340,416,32,499.1610,832.0107,-2839323.960,-1542870.421,31.21266715,-50.88060518,1177.520,2766.710,0.7672,0.4627,1.3185,1,0,3.1967
3,245986.857,957.302,464,32,549.5985,832.1268,-2839085.895,-1542870.968,31.22514233,-50.88062325,1296.552,2766.984,0.7358,0.5218,1.3813,1,0,3.1147
4,245986.083,909.264,512,32,599.8811,831.9352,-2838848.561,-1542870.064,31.23757918,-50.88059343,1415.219,2766.532,0.7449,0.4224,1.3145,1,0,2.9007
5,245985.298,861.228,560,32,649.2534,831.8159,-2838615.524,-1542869.501,31.24979089,-50.88057485,1531.738,2766.250,0.7433,0.4758,0.3665,1,0,1.8080
6,245984.510,813.192,608,32,699.8418,831.8797,-2838376.747,-1542869.802,31.26230339,-50.88058478,1651.127,2766.401,0.6983,0.4350,0.6536,1,0,1.9678
7,245983.711,765.160,656,32,750.0767,831.3315,-2838139.638,-1542867.215,31.27472845,-50.88049945,1769.681,2765.107,0.8189,0.6263,0.7004,1,0,1.8096
8,245982.907,717.125,704,32,799.1853,831.1859,-2837907.845,-1542866.528,31.28687494,-50.88047679,1885.577,2764.764,0.8336,0.6385,0.6811,1,0,0.6106
9,245982.095,669.096,752,32,851.0003,831.6270,-2837663.279,-1542868.609,31.29969081,-50.88054545,2007.861,2765.805,0.7072,0.5992,1.0419,1,0,1.9959
10,245981.276,621.064,800,32,900.6696,831.1407,-2837428.839,-1542866.314,31.31197599,-50.88046975,2125.080,2764.657,0.6170,0.5088,0.5473,1,0,1.3409
11,245980.449,573.038,848,32,950.8985,831.1102,-2837191.759,-1542866.170,31.32439956,-50.88046501,2243.620,2764.585,0.5572,0.3699,0.5545,1,0,1.2707
12,245979.616,525.008,896,32,1000.8845,831.0707,-2836955.825,-1542865.984,31.33676307,-50.88045886,2361.588,2764.492,0.6965,0.4080,0.3606,1,0,0.9911
13,245978.776,476.986,944,32,1050.8653,831.0628,-2836719.916,-1542865.947,31.34912527,-50.88045764,2479.542,2764.473,0.6851,0.4329,0.1843,1,0,0.7455
14,245977.927,428.958,992,32,1101.3355,830.9160,-2836481.696,-1542865.253,31.36160854,-50.88043478,2598.652,2764.127,0.6742,0.3492,0.5326,1,0,1.0052
15,245977.073,380.939,1040,32,1151.1576,830.8968,-2836246.536,-1542865.163,31.37393151,-50.88043179,2716.232,2764.081,0.6779,0.3473,0.2680,1,0,0.6740
16,245976.210,332.914,1088,32,1201.3439,830.7113,-2836009.657,-1542864.287,31.38634454,-50.88040291,2834.672,2763.644,0.6756,0.4156,0.3650,1,0,0.6972
17,245944.953,1150.301,272,80,349.4051,880.2702,-2840030.808,-1543098.205,31.17562665,-50.88811704,824.096,2880.603,0.6150,0.2631,2.6567,0,0,4.9597
18,245944.209,1102.275,320,80,399.1229,880.2295,-2839796.140,-1543098.013,31.18792381,-50.88811071,941.430,2880.507,0.6530,0.2675,1.9465,0,0,4.0821
19,245943.453,1054.236,368,80,449.2370,880.0831,-2839559.601,-1543097.322,31.20031899,-50.88808791,1059.699,2880.161,0.6314,0.2167,1.6607,0,0,3.6306
20,245942.695,1006.212,416,80,499.1930,879.9739,-2839323.809,-1543096.807,31.21267508,-50.88807091,1177.596,2879.903,0.6564,0.3538,1.2405,1,0,3.0500
21,245941.924,958.175,464,80,549.5318,880.1596,-2839086.210,-1543097.683,31.22512584,-50.88809982,1296.395,2880.342,0.5563,0.2431,1.2120,1,0,2.8829
22,245941.151,910.152,512,80,599.4958,879.8852,-2838850.380,-1543096.388,31.23748389,-50.88805711,1414.310,2879.694,0.6524,0.3387,0.8399,1,0,2.3620
23,245940.366,862.118,560,80,649.8491,879.9810,-2838612.712,-1543096.841,31.24993824,-50.88807203,1533.144,2879.920,0.6355,0.3241,0.8794,1,0,2.2702
24,245939.578,814.097,608,80,699.6398,879.8223,-2838377.700,-1543096.091,31.26225343,-50.88804731,1650.650,2879.546,0.6907,0.4134,0.3744,1,0,1.6354
25,245938.779,766.066,656,80,750.1142,879.6676,-2838139.461,-1543095.361,31.27473772,-50.88802324,1769.769,2879.181,0.6715,0.4063,0.5792,1,0,1.7133
26,245937.976,718.046,704,80,800.0541,879.6543,-2837903.745,-1543095.298,31.28708983,-50.88802117,1887.628,2879.149,0.7598,0.5868,0.2778,1,0,1.2947
27,245937.164,670.019,752,80,850.2686,879.5409,-2837666.732,-1543094.763,31.29950984,-50.88800352,2006.134,2878.881,0.8231,0.6724,0.2664,1,0,1.1727
28,245936.345,622.001,800,80,900.5370,879.3422,-2837429.465,-1543093.825,31.31194319,-50.88797259,2124.767,2878.413,0.5824,0.4346,0.3332,1,0,1.1272
29,245935.519,573.977,848,80,950.0349,878.9991,-2837195.835,-1543092.206,31.32418597,-50.88791918,2241.582,2877.603,0.6751,0.5492,0.4514,1,0,0.3964
30,245934.686,525.961,896,80,1000.3938,879.0214,-2836958.141,-1543092.311,31.33664169,-50.88792266,2360.429,2877.656,0.6157,0.3063,0.2111,1,0,0.4582
31,245933.846,477.942,944,80,1050.7901,879.0929,-2836720.271,-1543092.648,31.34910668,-50.88793378,2479.365,2877.824,0.7297,0.4993,0.1198,1,0,0.6435
32,245932.997,429.927,992,80,1101.0442,878.9348,-2836483.071,-1543091.902,31.36153648,-50.88790918,2597.964,2877.451,0.6993,0.3791,0.2575,1,0,0.6980
33,245932.143,381.912,1040,80,1151.4121,878.7939,-2836245.335,-1543091.237,31.37399444,-50.88788724,2716.833,2877.119,0.6914,0.3528,0.5376,1,0,0.8991
34,245931.280,333.900,1088,80,1200.9929,878.8449,-2836011.314,-1543091.478,31.38625771,-50.88789519,2833.843,2877.239,0.6542,0.3168,0.1577,1,0,0.4284
35,245900.021,1151.157,272,128,350.0394,928.5594,-2840027.814,-1543326.130,31.17578353,-50.89563353,825.593,2994.565,0.6525,0.2688,3.1508,0,0,5.3856
36,245899.278,1103.132,320,128,399.0307,928.2028,-2839796.575,-1543324.447,31.18790101,-50.89557802,941.212,2993.724,0.7071,0.3454,1.7245,0,0,3.7903
37,245898.522,1055.109,368,128,449.2179,928.0406,-2839559.691,-1543323.682,31.20031428,-50.89555277,1059.654,2993.341,0.6515,0.3717,1.5269,0,0,3.4267
38,245897.764,1007.086,416,128,499.0503,928.0612,-2839324.482,-1543323.779,31.21263979,-50.89555597,1177.259,2993.389,0.6741,0.3305,0.9804,1,0,2.7326
39,245896.994,959.064,464,128,549.8298,928.1422,-2839084.804,-1543324.161,31.22519953,-50.89556859,1297.098,2993.581,0.8078,0.5934,1.4092,1,0,3.0197
40,245896.222,911.043,512,128,599.1877,927.9040,-2838851.834,-1543323.037,31.23740768,-50.89553151,1413.583,2993.019,0.7759,0.4603,0.4461,1,0,1.9077
41,245895.438,863.025,560,128,649.6053,928.1333,-2838613.863,-1543324.119,31.24987793,-50.89556720,1532.568,2993.560,0.7136,0.6256,0.6042,1,0,1.9130
42,245894.651,815.006,608,128,699.7477,927.8048,-2838377.191,-1543322.569,31.26228011,-50.89551606,1650.905,2992.784,0.6912,0.5958,0.4155,1,0,1.6225
43,245893.854,766.990,656,128,750.0906,927.7420,-2838139.573,-1543322.272,31.27473188,-50.89550630,1769.714,2992.636,0.6538,0.3016,0.5019,1,0,1.5872
44,245893.051,718.972,704,128,800.2216,927.5771,-2837902.954,-1543321.494,31.28713127,-50.89548062,1888.023,2992.247,0.5963,0.3209,0.3968,1,0,1.3635
45,245892.240,670.959,752,128,849.7276,927.4717,-2837669.286,-1543320.997,31.29937603,-50.89546422,2004.857,2991.998,0.5756,0.3648,0.3124,1,0,0.5480
46,245891.422,622.945,800,128,900.2603,927.1627,-2837430.772,-1543319.538,31.31187474,-50.89541611,2124.114,2991.269,0.7146,0.6264,0.2358,1,0,0.7984
47,245890.597,574.934,848,128,949.8847,926.9694,-2837196.544,-1543318.625,31.32414880,-50.89538603,2241.228,2990.813,0.7129,0.5962,0.6030,1,0,0.2722
48,245889.765,526.922,896,128,1000.6978,927.3153,-2836956.706,-1543320.258,31.33671689,-50.89543988,2361.147,2991.629,0.7555,0.5878,0.2089,1,0,0.7556
49,245888.926,478.915,944,128,1050.6893,927.0801,-2836720.747,-1543319.148,31.34908174,-50.89540327,2479.127,2991.074,0.8005,0.6347,0.0309,1,0,0.5160
50,245888.079,430.906,992,128,1100.6395,927.1124,-2836484.982,-1543319.300,31.36143638,-50.89540828,2597.009,2991.150,0.7247,0.4485,0.2088,1,0,0.3825
51,245887.226,382.902,1040,128,1150.7661,927.0006,-2836248.384,-1543318.773,31.37383465,-50.89539088,2715.308,2990.886,0.7665,0.4756,0.1918,1,0,0.3755
52,245886.363,334.896,1088,128,1201.1568,926.8898,-2836010.540,-1543318.250,31.38629826,-50.89537364,2834.230,2990.625,0.6959,0.4463,0.3221,1,0,0.5989
53,245855.128,1152.036,272,176,349.1155,976.2793,-2840032.175,-1543551.368,31.17555503,-50.90306139,823.413,3107.184,0.6830,0.3463,2.0884,0,0,4.2507
54,245854.385,1104.026,320,176,399.0633,976.2305,-2839796.421,-1543551.138,31.18790907,-50.90305380,941.289,3107.069,0.6891,0.3597,1.6303,0,0,3.6299
55,245853.630,1056.005,368,176,448.9486,976.2431,-2839560.963,-1543551.197,31.20024765,-50.90305576,1059.019,3107.099,0.6676,0.3686,1.1307,1,0,2.9763
56,245852.873,1007.996,416,176,499.3849,976.0525,-2839322.903,-1543550.298,31.21272255,-50.90302610,1178.048,3106.649,0.7033,0.3526,1.2118,1,0,2.9014
57,245852.103,959.978,464,176,549.6448,976.1661,-2839085.677,-1543550.834,31.22515377,-50.90304377,1296.662,3106.917,0.7191,0.5261,1.1333,1,0,2.6835
58,245851.332,911.970,512,176,599.3705,975.8832,-2838850.971,-1543549.499,31.23745289,-50.90299975,1414.014,3106.249,0.6979,0.3991,0.5505,1,0,1.9517
59,245850.548,863.955,560,176,649.2600,975.9512,-2838615.493,-1543549.820,31.24979252,-50.90301033,1531.753,3106.410,0.7186,0.4937,0.1479,1,0,1.4216
60,245849.761,815.948,608,176,700.1507,975.7330,-2838375.289,-1543548.790,31.26237981,-50.90297635,1651.856,3105.895,0.7664,0.6245,0.7624,1,0,1.9114
61,245848.964,767.936,656,176,749.9852,975.8566,-2838140.070,-1543549.373,31.27470583,-50.90299559,1769.465,3106.187,0.7102,0.4864,0.3769,1,0,1.3966
62,245848.162,719.931,704,176,800.6766,975.7576,-2837900.807,-1543548.906,31.28724378,-50.90298019,1889.097,3105.953,0.7403,0.6293,0.8268,1,0,1.7465
63,245847.351,671.923,752,176,850.4474,975.5139,-2837665.888,-1543547.755,31.29955406,-50.90294225,2006.556,3105.378,0.6129,0.3962,0.3824,1,0,1.1966
64,245846.534,623.919,800,176,899.8504,975.2679,-2837432.706,-1543546.595,31.31177336,-50.90290397,2123.147,3104.797,0.6352,0.4098,0.4159,1,0,0.3201
65,245844.877,527.913,896,176,1000.5954,975.2015,-2836957.190,-1543546.281,31.33669157,-50.90289363,2360.905,3104.641,0.7444,0.4976,0.0637,1,0,0.5959
66,245844.039,479.912,944,176,1050.1237,975.0348,-2836723.416,-1543545.494,31.34894186,-50.90286768,2477.792,3104.247,0.7126,0.3345,0.5237,1,0,0.1002
67,245843.191,431.912,992,176,1100.7009,974.9687,-2836484.692,-1543545.182,31.36145157,-50.90285739,2597.154,3104.091,0.7755,0.5591,0.0396,1,0,0.3510
68,245842.339,383.916,1040,176,1150.2337,974.8317,-2836250.897,-1543544.536,31.37370299,-50.90283607,2714.052,3103.768,0.8260,0.5836,0.5679,1,0,0.2916
69,245841.476,335.918,1088,176,1200.8241,974.8753,-2836012.110,-1543544.741,31.38621598,-50.90284285,2833.445,3103.871,0.7687,0.5470,0.1721,1,0,0.3462
70,245810.236,1152.930,272,224,348.8288,1024.4002,-2840033.528,-1543778.499,31.17548411,-50.91055168,822.736,3220.749,0.7316,0.3328,1.6680,0,0,3.7649
71,245809.494,1104.923,320,224,398.6355,1024.4131,-2839798.440,-1543778.560,31.18780327,-50.91055369,940.280,3220.780,0.6599,0.3486,1.0843,1,0,3.0200
72,245808.739,1056.915,368,224,448.9450,1024.2355,-2839560.980,-1543777.722,31.20024677,-50.91052605,1059.010,3220.361,0.6765,0.3836,1.0186,1,0,2.8001
73,245807.982,1008.910,416,224,499.1026,1024.1078,-2839324.236,-1543777.119,31.21265271,-50.91050618,1177.382,3220.060,0.6758,0.2815,0.8292,1,0,2.4599
74,245807.213,960.903,464,224,549.0524,1024.0575,-2839088.473,-1543776.882,31.22500726,-50.91049835,1295.264,3219.941,0.6137,0.3085,0.4513,1,0,1.9415
75,245806.441,912.900,512,224,599.3025,1023.9044,-2838851.292,-1543776.159,31.23743609,-50.91047451,1413.854,3219.579,0.7002,0.3549,0.4069,1,0,1.7516
76,245805.658,864.896,560,224,649.3074,1023.8152,-2838615.269,-1543775.738,31.24980424,-50.91046062,1531.865,3219.369,0.7677,0.3282,0.1493,1,0,1.3454
77,245804.871,816.895,608,224,699.4376,1023.7783,-2838378.655,-1543775.564,31.26220342,-50.91045488,1650.173,3219.282,0.7172,0.4396,0.0323,1,0,1.0938
78,245804.075,768.893,656,224,749.6198,1023.8794,-2838141.795,-1543776.041,31.27461545,-50.91047061,1768.603,3219.520,0.6281,0.2303,0.1769,1,0,0.9517
79,245803.274,720.892,704,224,800.2986,1023.5221,-2837902.591,-1543774.354,31.28715029,-50.91041499,1888.205,3218.677,0.7181,0.4598,0.4143,1,0,1.2759
80,245802.464,672.892,752,224,850.2619,1023.5537,-2837666.764,-1543774.504,31.29950819,-50.91041992,2006.118,3218.752,0.6426,0.4078,0.1815,1,0,0.9506
81,245801.648,624.894,800,224,899.8938,1023.1871,-2837432.501,-1543772.773,31.31178409,-50.91036286,2123.249,3217.887,0.5637,0.4083,0.4211,1,0,0.3380
82,245799.993,528.901,896,224,1000.3747,1023.0469,-2836958.231,-1543772.111,31.33663697,-50.91034103,2360.384,3217.556,0.6401,0.3787,0.2025,1,0,0.3446
83,245799.156,480.907,944,224,1050.2655,1022.9470,-2836722.747,-1543771.640,31.34897692,-50.91032548,2478.127,3217.320,0.7723,0.5059,0.3781,1,0,0.0609
84,245798.309,432.915,992,224,1099.8594,1023.0322,-2836488.664,-1543772.042,31.36124343,-50.91033874,2595.168,3217.521,0.5772,0.3026,0.8449,1,0,0.5364
85,245797.458,384.924,1040,224,1149.9762,1022.8837,-2836252.112,-1543771.341,31.37363929,-50.91031563,2713.444,3217.170,0.7282,0.5509,0.7814,1,0,0.5357
86,245796.596,336.934,1088,224,1200.4271,1022.6007,-2836013.984,-1543770.005,31.38611777,-50.91027158,2832.508,3216.503,0.8188,0.6756,0.3771,1,0,0.1582
87,245765.394,1153.736,272,272,348.9963,1072.2539,-2840032.738,-1544004.368,31.17552553,-50.91800038,823.131,3333.684,0.6880,0.3476,1.7174,0,0,3.7410
88,245764.653,1105.728,320,272,398.7651,1072.3682,-2839797.829,-1544004.908,31.18783530,-50.91801817,940.586,3333.954,0.6006,0.3434,1.0973,1,0,2.9687
89,245763.899,1057.734,368,272,449.1985,1072.0881,-2839559.783,-1544003.586,31.20030946,-50.91797457,1059.608,3333.293,0.6631,0.3372,1.1808,1,0,2.8898
90,245763.143,1009.727,416,272,499.0183,1072.0625,-2839324.634,-1544003.465,31.21263185,-50.91797059,1177.183,3333.233,0.7241,0.3589,0.6601,1,0,2.2243
91,245762.375,961.734,464,272,548.9736,1071.9902,-2839088.845,-1544003.124,31.22498777,-50.91795934,1295.078,3333.062,0.6554,0.3920,0.3066,1,0,1.7243
92,245761.605,913.730,512,272,599.4216,1071.8643,-2838850.730,-1544002.529,31.23746554,-50.91793973,1414.135,3332.765,0.6730,0.4466,0.4664,1,0,1.7470
93,245760.823,865.739,560,272,648.8071,1071.8948,-2838617.630,-1544002.674,31.24968051,-50.91794449,1530.685,3332.837,0.7072,0.3438,0.4381,1,0,0.7352
94,245760.037,817.737,608,272,699.2058,1071.6758,-2838379.749,-1544001.640,31.26214609,-50.91791040,1649.626,3332.320,0.6502,0.2957,0.3185,1,0,0.7667
95,245759.241,769.746,656,272,748.9624,1071.4118,-2838144.898,-1544000.394,31.27445284,-50.91786931,1767.051,3331.697,0.7793,0.5368,0.8149,1,0,0.2980
96,245758.440,721.749,704,272,799.9856,1071.6060,-2837904.068,-1544001.310,31.28707287,-50.91789953,1887.466,3332.155,0.7900,0.5497,0.0668,1,0,0.8935
97,245757.630,673.759,752,272,850.1423,1071.6756,-2837667.328,-1544001.639,31.29947861,-50.91791036,2005.836,3332.319,0.6491,0.4965,0.1654,1,0,0.8007
98,245755.991,577.777,848,272,950.3393,1071.0831,-2837194.399,-1543998.842,31.32426125,-50.91781813,2242.301,3330.921,0.6274,0.3213,0.2243,1,0,0.5032
99,245755.160,529.789,896,272,1000.6271,1071.1294,-2836957.040,-1543999.061,31.33669940,-50.91782534,2360.980,3331.030,0.6222,0.3380,0.1374,1,0,0.5760
100,245754.323,481.801,944,272,1049.9375,1070.9776,-2836724.295,-1543998.344,31.34889579,-50.91780172,2477.352,3330.672,0.6269,0.4850,0.6625,1,0,0.2818
101,245753.476,433.817,992,272,1099.7472,1070.9179,-2836489.193,-1543998.062,31.36121569,-50.91779242,2594.903,3330.531,0.7124,0.6338,0.9133,1,0,0.6129
102,245752.626,385.830,1040,272,1150.3269,1070.6202,-2836250.457,-1543996.657,31.37372603,-50.91774608,2714.271,3329.829,0.6613,0.5728,0.4342,1,0,0.1849
103,245751.764,337.852,1088,272,1200.1330,1070.7352,-2836015.372,-1543997.200,31.38604503,-50.91776399,2831.814,3330.100,0.6416,0.3448,0.5932,1,0,0.4341
104,245720.568,1154.504,272,320,349.1774,1120.2370,-2840031.883,-1544230.848,31.17557032,-50.92546921,823.559,3446.924,0.6101,0.3075,1.7818,0,0,3.7378
105,245719.827,1106.508,320,320,399.0298,1120.2430,-2839796.579,-1544230.877,31.18790079,-50.92547015,941.210,3446.939,0.6798,0.3737,1.2571,1,0,3.0605
106,245719.072,1058.516,368,320,449.4126,1120.0144,-2839558.773,-1544229.798,31.20036242,-50.92543457,1060.114,3446.399,0.6335,0.2650,1.3096,1,0,2.9497
107,245718.316,1010.523,416,320,499.0898,1120.0597,-2839324.296,-1544230.012,31.21264954,-50.92544162,1177.352,3446.506,0.6400,0.2369,0.6478,1,0,2.1513
108,245717.548,962.532,464,320,549.4463,1119.8762,-2839086.614,-1544229.146,31.22510468,-50.92541307,1296.193,3446.073,0.6537,0.2495,0.7221,1,0,2.0711
109,245716.777,914.542,512,320,599.1593,1119.8979,-2838851.968,-1544229.248,31.23740066,-50.92541643,1413.516,3446.124,0.6942,0.4937,0.1602,1,0,1.3661
110,245715.995,866.552,560,320,648.9124,1119.8224,-2838617.134,-1544228.892,31.24970655,-50.92540469,1530.933,3445.946,0.7964,0.5665,0.3954,1,0,0.7348
111,245715.209,818.566,608,320,699.6146,1119.8185,-2838377.819,-1544228.873,31.26224720,-50.92540408,1650.590,3445.937,0.6311,0.3523,0.0807,1,0,1.0829
112,245714.413,770.576,656,320,748.7495,1119.4921,-2838145.903,-1544227.333,31.27440018,-50.92535328,1766.549,3445.166,0.7014,0.4773,1.0245,1,0,0.1976
113,245713.611,722.593,704,320,799.2593,1119.2324,-2837907.496,-1544226.107,31.28689325,-50.92531285,1885.752,3444.553,0.6456,0.3021,0.7837,1,0,0.3366
114,245712.802,674.605,752,320,849.1757,1118.9543,-2837671.891,-1544224.794,31.29923953,-50.92526955,2003.555,3443.897,0.6626,0.5225,1.0902,1,0,0.5540
115,245711.162,578.640,848,320,950.3352,1119.0095,-2837194.418,-1544225.055,31.32426023,-50.92527815,2242.291,3444.027,0.7555,0.5431,0.2982,1,0,0.5051
116,245710.330,530.662,896,320,1000.6025,1119.0980,-2836957.156,-1544225.473,31.33669332,-50.92529193,2360.922,3444.236,0.7759,0.5886,0.1559,1,0,0.5406
117,245709.492,482.681,944,320,1050.3928,1118.9779,-2836722.146,-1544224.906,31.34900840,-50.92527323,2478.427,3443.953,0.7103,0.5957,0.1921,1,0,0.1772
118,245708.644,434.706,992,320,1100.2774,1118.7381,-2836486.691,-1544223.774,31.36134682,-50.92523590,2596.155,3443.387,0.7236,0.5705,0.4018,1,0,0.1470
119,245707.792,386.729,1040,320,1150.2736,1118.6777,-2836250.709,-1544223.489,31.37371284,-50.92522650,2714.146,3443.244,0.5645,0.3763,0.4055,1,0,0.1777
120,245706.930,338.757,1088,320,1200.6743,1118.8432,-2836012.817,-1544224.270,31.38617893,-50.92525226,2833.091,3443.635,0.6565,0.4398,0.1306,1,0,0.2825
121,245675.591,1155.364,272,368,349.0031,1168.3771,-2840032.705,-1544458.070,31.17552723,-50.93296250,823.147,3560.535,0.6291,0.2802,1.4872,1,0,3.3837
122,245674.846,1107.383,320,368,399.0150,1168.2750,-2839796.649,-1544457.588,31.18789712,-50.93294660,941.175,3560.294,0.6464,0.3219,1.1394,1,0,2.8810
123,245674.087,1059.399,368,368,449.3856,1168.0475,-2839558.900,-1544456.514,31.20035574,-50.93291119,1060.050,3559.757,0.6656,0.2387,1.1890,1,0,2.7703
124,245673.326,1011.418,416,368,499.1481,1168.0077,-2839324.021,-1544456.327,31.21266397,-50.93290500,1177.490,3559.663,0.6224,0.1409,0.6398,1,0,2.0744
125,245672.554,963.438,464,368,549.2521,1167.9890,-2839087.530,-1544456.238,31.22505665,-50.93290208,1295.735,3559.619,0.6682,0.2327,0.4400,1,0,1.7475
126,245671.779,915.458,512,368,598.7087,1168.0144,-2838854.095,-1544456.358,31.23728921,-50.93290604,1412.452,3559.679,0.7007,0.3998,0.3870,1,0,0.8065
127,245670.993,867.480,560,368,649.1615,1167.9170,-2838615.958,-1544455.898,31.24976816,-50.93289088,1531.521,3559.449,0.6338,0.4095,0.1822,1,0,0.8880
128,245670.202,819.502,608,368,699.3822,1167.7667,-2838378.916,-1544455.189,31.26218972,-50.93286748,1650.042,3559.094,0.6079,0.2784,0.1951,1,0,0.7647
129,245669.402,771.528,656,368,750.0032,1167.8827,-2838139.985,-1544455.736,31.27471028,-50.93288554,1769.508,3559.368,0.6519,0.4062,0.2794,1,0,1.0950
130,245668.595,723.551,704,368,799.9639,1167.6298,-2837904.170,-1544454.542,31.28706752,-50.93284617,1887.415,3558.771,0.7596,0.4729,0.0122,1,0,0.7520
131,245667.782,675.581,752,368,848.7271,1167.1449,-2837674.008,-1544452.254,31.29912857,-50.93277070,2002.496,3557.627,0.5633,0.4545,1.4337,1,0,0.8052
132,245666.961,627.605,800,368,900.7916,1167.6669,-2837428.264,-1544454.718,31.31200615,-50.93285195,2125.368,3558.859,0.5947,0.3452,0.6009,1,0,1.1403
133,245666.134,579.639,848,368,950.8284,1167.2267,-2837192.090,-1544452.640,31.32438223,-50.93278343,2243.455,3557.820,0.6701,0.5355,0.4776,1,0,0.9324
134,245665.297,531.665,896,368,1000.4224,1167.0463,-2836958.006,-1544451.788,31.33664877,-50.93275534,2360.497,3557.394,0.6296,0.3162,0.1512,1,0,0.3638
135,245664.456,483.702,944,368,1049.8702,1167.0026,-2836724.612,-1544451.582,31.34887916,-50.93274855,2477.194,3557.291,0.5612,0.4090,0.6495,1,0,0.3359
136,245663.605,435.731,992,368,1100.2600,1166.8611,-2836486.773,-1544450.914,31.36134253,-50.93272652,2596.114,3556.957,0.7298,0.4880,0.3162,1,0,0.0596
137,245662.750,387.772,1040,368,1150.5186,1167.0101,-2836249.552,-1544451.618,31.37377346,-50.93274971,2714.724,3557.309,0.6907,0.3653,0.1812,1,0,0.2857
138,245661.884,339.804,1088,368,1200.3725,1166.7428,-2836014.242,-1544450.356,31.38610426,-50.93270811,2832.379,3556.678,0.6762,0.3726,0.2109,1,0,0.1474
139,245630.488,1156.312,272,416,349.1278,1216.7327,-2840032.117,-1544686.309,31.17555806,-50.94048932,823.442,3674.654,0.6889,0.4085,1.5373,0,0,3.3572
140,245629.743,1108.342,320,416,399.5344,1216.8727,-2839794.198,-1544686.969,31.18802559,-50.94051111,942.401,3674.985,0.5544,0.2490,1.6488,0,0,3.2943
141,245628.985,1060.363,368,416,448.8934,1216.4416,-2839561.223,-1544684.934,31.20023400,-50.94044401,1058.888,3673.967,0.5828,0.2254,0.6189,1,0,2.1416
142,245628.225,1012.395,416,416,499.2761,1216.2730,-2839323.417,-1544684.139,31.21269563,-50.94041776,1177.792,3673.569,0.6973,0.4358,0.6771,1,0,2.0735
143,245627.454,964.418,464,416,548.7287,1216.2591,-2839090.000,-1544684.073,31.22492720,-50.94041559,1294.500,3673.536,0.7697,0.5060,0.2256,1,0,1.1269
144,245626.679,916.451,512,416,598.9544,1216.1764,-2838852.935,-1544683.683,31.23734998,-50.94040273,1413.032,3673.341,0.7152,0.4113,0.2539,1,0,0.9715
145,245625.894,868.476,560,416,649.0047,1216.0795,-2838616.698,-1544683.225,31.24972939,-50.94038765,1531.151,3673.113,0.7269,0.4510,0.4114,1,0,0.6748
146,245625.103,820.512,608,416,699.2394,1215.9066,-2838379.590,-1544682.409,31.26215440,-50.94036073,1649.705,3672.705,0.6928,0.4551,0.3679,1,0,0.5628
147,245624.304,772.540,656,416,749.3989,1215.8326,-2838142.837,-1544682.060,31.27456082,-50.94034921,1768.082,3672.530,0.6702,0.4415,0.4048,1,0,0.4373
148,245623.499,724.577,704,416,799.8915,1215.9098,-2837904.512,-1544682.424,31.28704960,-50.94036122,1887.244,3672.712,0.7067,0.5138,0.2891,1,0,0.7152
149,245621.866,628.648,800,416,901.1901,1215.7572,-2837426.383,-1544681.704,31.31210472,-50.94033748,2126.309,3672.352,0.7261,0.4860,1.0175,1,0,1.5247
150,245621.039,580.683,848,416,951.0057,1215.6280,-2837191.253,-1544681.094,31.32442607,-50.94031736,2243.873,3672.047,0.5602,0.3201,0.7451,1,0,1.1674
151,245620.204,532.724,896,416,1000.2353,1215.1615,-2836958.890,-1544678.892,31.33660248,-50.94024474,2360.055,3670.946,0.5227,0.2598,0.1791,1,0,0.1782
152,245619.363,484.763,944,416,1049.8706,1215.3927,-2836724.611,-1544679.983,31.34887925,-50.94028073,2477.195,3671.492,0.5977,0.4024,0.6724,1,0,0.5041
153,245618.513,436.807,992,416,1100.0159,1215.1466,-2836487.925,-1544678.822,31.36128215,-50.94024243,2595.538,3670.911,0.7302,0.4971,0.5182,1,0,0.3808
154,245617.658,388.849,1040,416,1149.8354,1215.1039,-2836252.777,-1544678.620,31.37360447,-50.94023579,2713.112,3670.810,0.7273,0.5040,0.7254,1,0,0.6282
155,245585.486,1157.216,272,464,349.1339,1264.7737,-2840032.088,-1544913.062,31.17555957,-50.94796716,823.456,3788.031,0.7562,0.4729,1.4537,1,0,3.2046
156,245584.747,1109.243,320,464,399.3825,1264.7166,-2839794.914,-1544912.793,31.18798803,-50.94795829,942.043,3787.896,0.6235,0.2991,1.3711,1,0,2.9702
157,245583.995,1061.277,368,464,449.3054,1264.6656,-2839559.279,-1544912.551,31.20033591,-50.94795034,1059.861,3787.776,0.6288,0.2579,1.0083,1,0,2.4456
158,245583.240,1013.306,416,464,499.4368,1264.6227,-2839322.658,-1544912.349,31.21273537,-50.94794366,1178.171,3787.675,0.5675,0.1461,0.8801,1,0,2.1612
159,245582.475,965.343,464,464,548.9288,1264.3571,-2839089.056,-1544911.095,31.22497668,-50.94790232,1294.972,3787.048,0.6542,0.3156,0.2557,1,0,1.2351
160,245581.705,917.373,512,464,598.9708,1264.2396,-2838852.858,-1544910.541,31.23735403,-50.94788403,1413.071,3786.770,0.6955,0.3249,0.3160,1,0,0.9096
161,245580.926,869.412,560,464,649.0020,1264.1418,-2838616.711,-1544910.079,31.24972872,-50.94786881,1531.145,3786.540,0.6739,0.4216,0.4701,1,0,0.6173
162,245580.141,821.445,608,464,699.4805,1263.9731,-2838378.452,-1544909.283,31.26221402,-50.94784255,1650.274,3786.142,0.7056,0.4813,0.2018,1,0,0.7442
163,245579.348,773.486,656,464,749.0942,1263.8995,-2838144.275,-1544908.936,31.27448544,-50.94783110,1767.362,3785.968,0.6505,0.3443,0.7278,1,0,0.2321
164,245578.548,725.521,704,464,799.3463,1263.7509,-2837907.085,-1544908.234,31.28691477,-50.94780796,1885.957,3785.617,0.5176,0.2944,0.6258,1,0,0.1860
165,245577.741,677.564,752,464,850.2080,1263.7930,-2837667.018,-1544908.433,31.29949484,-50.94781452,2005.991,3785.717,0.6273,0.5345,0.2877,1,0,0.7478
166,245576.927,629.602,800,464,900.9493,1263.7840,-2837427.519,-1544908.390,31.31204517,-50.94781312,2125.740,3785.695,0.7499,0.5695,0.8241,1,0,1.2864
167,245576.106,581.647,848,464,951.0884,1263.7177,-2837190.863,-1544908.077,31.32444654,-50.94780279,2244.069,3785.539,0.7283,0.5431,0.8869,1,0,1.2727
168,245575.276,533.689,896,464,999.9541,1263.1852,-2836960.217,-1544905.564,31.33653293,-50.94771991,2359.392,3784.282,0.5652,0.3178,0.4138,1,0,0.1141
169,245574.442,485.735,944,464,1049.9679,1263.2686,-2836724.152,-1544905.958,31.34890331,-50.94773290,2477.424,3784.479,0.6727,0.5055,0.4819,1,0,0.3284
170,245573.597,437.782,992,464,1099.8602,1263.1638,-2836488.660,-1544905.463,31.36124363,-50.94771658,2595.170,3784.232,0.7344,0.4872,0.6088,1,0,0.4801
171,245572.749,389.829,1040,464,1149.8690,1263.1618,-2836252.618,-1544905.453,31.37361277,-50.94771626,2713.191,3784.227,0.7816,0.5048,0.6501,1,0,0.5953
172,245540.696,1157.996,272,512,349.3443,1312.5832,-2840031.095,-1545138.723,31.17561161,-50.95540899,823.953,3900.861,0.7026,0.4669,1.5349,0,0,3.2397
173,245539.956,1110.030,320,512,399.3399,1312.6283,-2839795.116,-1545138.935,31.18797748,-50.95541600,941.942,3900.968,0.6001,0.2941,1.2264,1,0,2.7737
174,245539.204,1062.073,368,512,449.8629,1312.7530,-2839556.647,-1545139.524,31.20047381,-50.95543542,1061.177,3901.262,0.5699,0.3143,1.4920,1,0,2.8811
175,245538.449,1014.110,416,512,498.9018,1312.4122,-2839325.183,-1545137.916,31.21260305,-50.95538237,1176.908,3900.458,0.5570,0.2513,0.2790,1,0,1.4793
176,245537.684,966.153,464,512,548.9863,1312.2283,-2839088.785,-1545137.048,31.22499091,-50.95535374,1295.108,3900.024,0.6282,0.2252,0.1238,1,0,1.1638
177,245536.914,918.194,512,512,599.1793,1312.0899,-2838851.874,-1545136.394,31.23740561,-50.95533220,1413.563,3899.697,0.6607,0.2501,0.0898,1,0,0.9924
178,245536.134,870.237,560,512,648.8504,1312.0853,-2838617.426,-1545136.373,31.24969122,-50.95533148,1530.787,3899.686,0.6552,0.3497,0.6168,1,0,0.3890
179,245535.349,822.282,608,512,699.8095,1312.0496,-2838376.899,-1545136.204,31.26229540,-50.95532592,1651.050,3899.602,0.7079,0.3619,0.2775,1,0,1.0200
180,245534.556,774.325,656,512,749.3213,1311.7749,-2838143.203,-1545134.908,31.27454162,-50.95528317,1767.898,3898.954,0.5834,0.2366,0.4887,1,0,0.2425
181,245533.756,726.375,704,512,799.4282,1311.7287,-2837906.699,-1545134.689,31.28693502,-50.95527597,1886.151,3898.845,0.6021,0.3348,0.5359,1,0,0.1770
182,245532.949,678.419,752,512,850.4444,1311.7338,-2837665.903,-1545134.713,31.29955332,-50.95527677,2006.549,3898.857,0.6996,0.4880,0.4175,1,0,0.9243
183,245532.134,630.472,800,512,899.7941,1311.7174,-2837432.972,-1545134.636,31.31175945,-50.95527421,2123.014,3898.818,0.6865,0.5568,0.4870,1,0,0.3633
184,245531.314,582.518,848,512,950.5990,1311.4947,-2837193.173,-1545133.585,31.32432549,-50.95523956,2242.914,3898.293,0.7105,0.5833,0.3830,1,0,0.7387
185,245530.483,534.574,896,512,1000.0685,1311.1433,-2836959.676,-1545131.926,31.33656124,-50.95518486,2359.662,3897.463,0.7331,0.5682,0.2565,1,0,0.0384
186,245529.649,486.622,944,512,1050.0333,1311.2394,-2836723.843,-1545132.380,31.34891950,-50.95519982,2477.579,3897.690,0.6767,0.4424,0.3548,1,0,0.2511
187,245528.804,438.682,992,512,1099.8553,1311.1166,-2836488.683,-1545131.800,31.36124242,-50.95518070,2595.158,3897.400,0.6493,0.3950,0.5309,1,0,0.4187
188,245527.956,390.732,1040,512,1150.3210,1310.8968,-2836250.485,-1545130.763,31.37372458,-50.95514649,2714.258,3896.881,0.7851,0.5658,0.0619,1,0,0.1546
189,245495.895,1158.774,272,560,349.2943,1360.6188,-2840031.331,-1545365.451,31.17559924,-50.96288600,823.835,4014.225,0.6329,0.2127,1.4016,1,0,3.0426
190,245495.154,1110.820,320,560,399.6690,1360.8019,-2839793.562,-1545366.315,31.18805889,-50.96291449,942.719,4014.657,0.6121,0.2409,1.5144,0,0,2.9885
191,245494.401,1062.868,368,560,449.1388,1360.3336,-2839560.065,-1545364.105,31.20029472,-50.96284160,1059.468,4013.552,0.6954,0.4925,0.6249,1,0,1.9880
192,245493.645,1014.915,416,560,499.4411,1360.1114,-2839322.638,-1545363.056,31.21273643,-50.96280701,1178.181,4013.028,0.6423,0.3837,0.6576,1,0,1.8844
193,245492.879,966.966,464,560,548.8840,1360.2049,-2839089.267,-1545363.497,31.22496561,-50.96282157,1294.866,4013.248,0.7145,0.4001,0.1821,1,0,0.9636
194,245492.107,919.015,512,560,599.3877,1360.0341,-2838850.890,-1545362.691,31.23745715,-50.96279498,1414.055,4012.845,0.5810,0.1481,0.1245,1,0,1.1122
195,245491.327,871.068,560,560,649.5408,1360.1075,-2838614.168,-1545363.038,31.24986197,-50.96280642,1532.416,4013.019,0.6228,0.2719,0.1943,1,0,0.9743
196,245490.540,823.120,608,560,699.6430,1360.0227,-2838377.685,-1545362.637,31.26225421,-50.96279321,1650.657,4012.819,0.6776,0.3468,0.1899,1,0,0.7983
197,245489.745,775.176,656,560,749.9056,1359.9171,-2838140.445,-1545362.138,31.27468614,-50.96277677,1769.277,4012.569,0.6379,0.3571,0.2062,1,0,0.7995
198,245488.944,727.229,704,560,799.7326,1359.8870,-2837905.262,-1545361.996,31.28701032,-50.96277208,1886.869,4012.498,0.7155,0.5143,0.3294,1,0,0.4752
199,245488.135,679.288,752,560,850.4033,1359.6340,-2837666.096,-1545360.803,31.29954316,-50.96273271,2006.452,4011.901,0.6281,0.3172,0.3603,1,0,0.8444
200,245487.319,631.344,800,560,899.6840,1359.4712,-2837433.492,-1545360.034,31.31173220,-50.96270737,2122.754,4011.517,0.7567,0.6175,0.4674,1,0,0.1279
201,245486.497,583.405,848,560,949.6058,1359.3361,-2837197.861,-1545359.396,31.32407982,-50.96268633,2240.570,4011.198,0.7284,0.5891,0.6121,1,0,0.3001
202,245485.665,535.464,896,560,1000.0068,1359.2256,-2836959.968,-1545358.875,31.33654598,-50.96266913,2359.516,4010.937,0.6429,0.4294,0.2576,1,0,0.0941
203,245484.829,487.529,944,560,1050.1800,1359.0372,-2836723.150,-1545357.986,31.34895577,-50.96263981,2477.925,4010.493,0.6650,0.2981,0.1170,1,0,0.0885
204,245483.982,439.590,992,560,1100.0972,1359.0533,-2836487.541,-1545358.062,31.36130224,-50.96264233,2595.729,4010.531,0.7014,0.4450,0.2089,1,0,0.1734
205,245483.133,391.658,1040,560,1149.8588,1358.9849,-2836252.666,-1545357.739,31.37361025,-50.96263167,2713.167,4010.369,0.7586,0.5626,0.4300,1,0,0.3925
206,245451.020,1159.601,272,608,349.5158,1408.8397,-2840030.285,-1545593.053,31.17565404,-50.97039185,824.357,4128.027,0.5790,0.3055,1.5816,0,0,3.1449
207,245450.279,1111.661,320,608,398.9428,1408.3873,-2839796.990,-1545590.918,31.18787926,-50.97032143,941.005,4126.959,0.6551,0.3576,0.6500,1,0,2.0934
208,245449.526,1063.712,368,608,449.1872,1408.1922,-2839559.836,-1545589.997,31.20030667,-50.97029107,1059.582,4126.499,0.5888,0.2106,0.6162,1,0,1.9182
209,245448.769,1015.773,416,608,499.1766,1408.2479,-2839323.887,-1545590.260,31.21267100,-50.97029973,1177.557,4126.630,0.5907,0.2799,0.3432,1,0,1.5204
210,245448.003,967.828,464,608,549.5961,1408.2211,-2839085.906,-1545590.133,31.22514174,-50.97029556,1296.547,4126.567,0.7455,0.5146,0.5324,1,0,1.5836
211,245447.231,919.889,512,608,599.3668,1407.9164,-2838850.989,-1545588.695,31.23745198,-50.97024814,1414.006,4125.848,0.7666,0.5420,0.1287,1,0,1.0155
212,245446.451,871.947,560,608,649.9138,1408.0328,-2838612.407,-1545589.245,31.24995423,-50.97026626,1533.297,4126.122,0.7091,0.3099,0.4421,1,0,1.2667
213,245445.664,824.010,608,608,699.2909,1407.9571,-2838379.347,-1545588.887,31.26216713,-50.97025447,1649.827,4125.944,0.6474,0.4069,0.3837,1,0,0.3997
214,245444.870,776.071,656,608,749.4390,1407.7374,-2838142.648,-1545587.850,31.27457072,-50.97022027,1768.176,4125.425,0.5937,0.2719,0.3631,1,0,0.2673
215,245444.069,728.135,704,608,800.2003,1407.7008,-2837903.054,-1545587.678,31.28712599,-50.97021458,1887.973,4125.339,0.6643,0.3463,0.2807,1,0,0.8147
216,245443.261,680.200,752,608,849.8497,1407.7309,-2837668.709,-1545587.820,31.29940624,-50.97021926,2005.145,4125.410,0.7173,0.5242,0.2684,1,0,0.3708
217,245442.444,632.266,800,608,900.2867,1407.5843,-2837430.647,-1545587.128,31.31188127,-50.97019644,2124.177,4125.064,0.6150,0.4271,0.2380,1,0,0.5868
218,245441.623,584.335,848,608,949.8499,1407.3332,-2837196.709,-1545585.942,31.32414020,-50.97015735,2241.146,4124.471,0.6852,0.4622,0.3178,1,0,0.0863
219,245440.791,536.402,896,608,999.7335,1407.2092,-2836961.258,-1545585.357,31.33647838,-50.97013805,2358.871,4124.179,0.7338,0.5795,0.4685,1,0,0.2541
220,245439.956,488.474,944,608,1049.8721,1407.1185,-2836724.604,-1545584.930,31.34887962,-50.97012394,2477.198,4123.965,0.5612,0.3062,0.3437,1,0,0.2059
221,245439.109,440.543,992,608,1100.1670,1407.0348,-2836487.212,-1545584.534,31.36131951,-50.97011091,2595.894,4123.767,0.6759,0.4646,0.0776,1,0,0.1606
222,245438.260,392.620,1040,608,1149.9837,1406.9437,-2836252.077,-1545584.104,31.37364113,-50.97009672,2713.461,4123.552,0.7778,0.6252,0.2120,1,0,0.2189
223,245406.143,1160.442,272,656,349.2017,1456.7797,-2840031.768,-1545819.330,31.17557634,-50.97785399,823.616,4241.165,0.6583,0.4270,1.1892,1,0,2.6907
224,245405.401,1112.506,320,656,399.7789,1456.6808,-2839793.044,-1545818.863,31.18808605,-50.97783858,942.978,4240.932,0.6043,0.3083,1.4565,1,0,2.8295
225,245404.649,1064.569,368,656,449.2804,1456.1951,-2839559.397,-1545816.571,31.20032972,-50.97776298,1059.802,4239.785,0.6301,0.2384,0.6549,1,0,1.9027
226,245403.893,1016.635,416,656,498.9615,1456.2782,-2839324.902,-1545816.963,31.21261781,-50.97777593,1177.049,4239.982,0.6352,0.4144,0.1155,1,0,1.2134
227,245403.127,968.700,464,656,549.1363,1456.0550,-2839088.077,-1545815.910,31.22502800,-50.97774118,1295.462,4239.455,0.7372,0.4092,0.0623,1,0,1.0340
228,245402.355,920.768,512,656,599.3177,1455.9645,-2838851.221,-1545815.482,31.23743983,-50.97772709,1413.890,4239.241,0.6757,0.3273,0.0574,1,0,0.8965
229,245401.576,872.836,560,656,649.8905,1456.0410,-2838612.517,-1545815.843,31.24994849,-50.97773900,1533.242,4239.422,0.7309,0.4937,0.4119,1,0,1.1898
230,245400.789,824.905,608,656,698.9223,1455.8161,-2838381.087,-1545814.782,31.26207596,-50.97770399,1648.957,4238.891,0.7491,0.5910,0.7312,1,0,0.0591
231,245399.995,776.975,656,656,749.5240,1455.9350,-2838142.247,-1545815.343,31.27459174,-50.97772250,1768.377,4239.172,0.6380,0.3809,0.3314,1,0,0.4046
232,245399.194,729.047,704,656,799.7027,1455.8527,-2837905.403,-1545814.955,31.28700290,-50.97770969,1886.798,4238.977,0.6556,0.3645,0.2956,1,0,0.3990
233,245398.387,681.120,752,656,849.0997,1455.2826,-2837672.250,-1545812.264,31.29922072,-50.97762094,2003.375,4237.632,0.6604,0.4416,0.9300,1,0,0.5218
234,245397.570,633.193,800,656,900.7902,1455.7138,-2837428.270,-1545814.299,31.31200582,-50.97768806,2125.365,4238.649,0.6012,0.4397,0.7810,1,0,1.1151
235,245396.749,585.269,848,656,950.1017,1455.2273,-2837195.520,-1545812.003,31.32420250,-50.97761234,2241.740,4237.501,0.7494,0.5298,0.0882,1,0,0.2546
236,245395.918,537.345,896,656,999.8195,1455.2613,-2836960.852,-1545812.164,31.33649964,-50.97761764,2359.074,4237.582,0.7630,0.5837,0.3208,1,0,0.1720
237,245395.083,489.424,944,656,1049.6027,1455.1651,-2836725.875,-1545811.709,31.34881297,-50.97760266,2476.562,4237.355,0.5410,0.3579,0.5391,1,0,0.4218
238,245394.237,441.503,992,656,1099.5511,1455.0483,-2836490.119,-1545811.158,31.36116719,-50.97758447,2594.441,4237.079,0.5514,0.3942,0.5692,1,0,0.5020
239,245393.388,393.585,1040,656,1150.1137,1454.8711,-2836251.463,-1545810.322,31.37367331,-50.97755690,2713.768,4236.661,0.7703,0.5180,0.0514,1,0,0.1331
240,245361.278,1161.269,272,704,349.3802,1504.6384,-2840030.925,-1546045.223,31.17562050,-50.98530346,824.037,4354.112,0.7229,0.4655,1.2629,1,0,2.7236
241,245360.537,1113.343,320,704,398.6525,1504.4660,-2839798.360,-1546044.410,31.18780745,-50.98527662,940.320,4353.705,0.7454,0.5352,0.2580,1,0,1.5713
242,245359.785,1065.413,368,704,449.0995,1504.2995,-2839560.250,-1546043.623,31.20028499,-50.98525070,1059.375,4353.312,0.6002,0.2208,0.4213,1,0,1.6209
243,245359.029,1017.487,416,704,499.0954,1504.1223,-2839324.270,-1546042.787,31.21265094,-50.98522312,1177.365,4352.894,0.6539,0.1718,0.1931,1,0,1.2531
244,245358.263,969.560,464,704,549.0535,1504.0713,-2839088.467,-1546042.547,31.22500754,-50.98521519,1295.266,4352.773,0.7453,0.5256,0.0893,1,0,0.8764
245,245357.492,921.635,512,704,598.8074,1503.9950,-2838853.629,-1546042.186,31.23731363,-50.98520331,1412.686,4352.593,0.7284,0.5762,0.5201,1,0,0.3253
246,245356.712,873.712,560,704,649.8532,1503.9767,-2838612.693,-1546042.100,31.24993925,-50.98520046,1533.154,4352.550,0.6895,0.3333,0.3585,1,0,1.0977
247,245355.926,825.787,608,704,699.1198,1503.7944,-2838380.155,-1546041.239,31.26212481,-50.98517208,1649.423,4352.120,0.7109,0.4353,0.5278,1,0,0.1127
248,245355.133,777.867,656,704,749.3348,1503.7204,-2838143.140,-1546040.890,31.27454496,-50.98516057,1767.930,4351.945,0.6861,0.3541,0.4371,1,0,0.1131
249,245354.331,729.945,704,704,799.6702,1503.8433,-2837905.557,-1546041.471,31.28699487,-50.98517970,1886.722,4352.235,0.6662,0.4015,0.2910,1,0,0.3623
250,245353.524,682.028,752,704,849.0355,1503.3470,-2837672.552,-1546039.128,31.29920485,-50.98510244,2003.224,4351.064,0.6069,0.3407,0.9382,1,0,0.5586
251,245352.707,634.107,800,704,900.1813,1503.5124,-2837431.144,-1546039.909,31.31185522,-50.98512820,2123.928,4351.454,0.5357,0.2883,0.1896,1,0,0.4916
252,245351.886,586.194,848,704,950.1867,1503.2480,-2837195.119,-1546038.661,31.32422350,-50.98508703,2241.941,4350.830,0.8115,0.6474,0.1534,1,0,0.3710
253,245351.055,538.275,896,704,999.9764,1503.1351,-2836960.111,-1546038.128,31.33653846,-50.98506946,2359.444,4350.564,0.7554,0.5071,0.1075,1,0,0.0853
254,245350.220,490.366,944,704,1049.9582,1503.1054,-2836724.197,-1546037.987,31.34890091,-50.98506484,2477.401,4350.494,0.6415,0.3841,0.0955,1,0,0.0902
255,245349.373,442.448,992,704,1099.8638,1503.1247,-2836488.643,-1546038.078,31.36124453,-50.98506784,2595.179,4350.539,0.6997,0.5756,0.2226,1,0,0.2479
256,245348.525,394.543,1040,704,1149.9866,1502.9398,-2836252.063,-1546037.206,31.37364186,-50.98503906,2713.468,4350.103,0.7844,0.6263,0.1000,1,0,0.1769
257,245316.416,1162.102,272,752,348.6369,1552.4918,-2840034.434,-1546271.091,31.17543664,-50.99275211,822.283,4467.046,0.5357,0.2805,0.4427,1,0,1.8504
258,245315.675,1114.184,320,752,398.7928,1552.3247,-2839797.698,-1546270.303,31.18784216,-50.99272610,940.651,4466.651,0.6576,0.2904,0.3244,1,0,1.5969
259,245314.923,1066.261,368,752,448.7021,1552.2596,-2839562.126,-1546269.995,31.20018669,-50.99271596,1058.437,4466.498,0.6783,0.3842,0.0279,1,0,1.1279
260,245314.166,1018.345,416,752,499.2827,1552.0601,-2839323.386,-1546269.054,31.21269726,-50.99268492,1177.807,4466.027,0.6810,0.3343,0.3617,1,0,1.3623
261,245313.401,970.424,464,752,548.9731,1552.0542,-2839088.847,-1546269.026,31.22498765,-50.99268399,1295.077,4466.013,0.7028,0.4038,0.1890,1,0,0.7285
262,245312.629,922.510,512,752,598.9722,1551.9439,-2838852.851,-1546268.505,31.23735438,-50.99266682,1413.074,4465.753,0.7983,0.4290,0.3718,1,0,0.4369
263,245311.850,874.592,560,752,649.2077,1551.9097,-2838615.740,-1546268.344,31.24977960,-50.99266150,1531.630,4465.672,0.6318,0.4050,0.2884,1,0,0.4082
264,245311.063,826.679,608,752,699.3135,1551.8282,-2838379.240,-1546267.959,31.26217272,-50.99264881,1649.880,4465.480,0.6704,0.3912,0.3192,1,0,0.2814
265,245310.270,778.763,656,752,749.7319,1551.8140,-2838141.265,-1546267.892,31.27464317,-50.99264661,1768.867,4465.446,0.7327,0.5014,0.0784,1,0,0.5069
266,245309.468,730.853,704,752,799.6263,1551.8549,-2837905.764,-1546268.085,31.28698402,-50.99265298,1886.618,4465.543,0.6892,0.4235,0.3056,1,0,0.3407
267,245308.661,682.940,752,752,849.6877,1551.8324,-2837669.474,-1546267.979,31.29936615,-50.99264948,2004.763,4465.490,0.6248,0.4254,0.3735,1,0,0.3740
268,245307.844,635.031,800,752,899.8826,1551.3905,-2837432.554,-1546265.893,31.31178133,-50.99258068,2123.223,4464.447,0.5873,0.3644,0.0804,1,0,0.1985
269,245307.023,587.122,848,752,949.8235,1551.3266,-2837196.833,-1546265.591,31.32413367,-50.99257073,2241.083,4464.296,0.5898,0.2372,0.1571,1,0,0.0857
270,245306.191,539.216,896,752,999.7921,1551.1211,-2836960.981,-1546264.622,31.33649287,-50.99253876,2359.009,4463.811,0.6848,0.4104,0.2054,1,0,0.0490
271,245305.357,491.310,944,752,1049.9479,1551.0716,-2836724.246,-1546264.388,31.34889835,-50.99253105,2477.377,4463.694,0.6366,0.3486,0.0175,1,0,0.0934
272,245304.510,443.406,992,752,1100.3514,1550.9115,-2836486.341,-1546263.632,31.36136513,-50.99250613,2596.329,4463.316,0.7229,0.5852,0.4372,1,0,0.4761
273,245303.662,395.503,1040,752,1150.0645,1550.8898,-2836251.696,-1546263.530,31.37366113,-50.99250275,2713.652,4463.265,0.7319,0.4825,0.2188,1,0,0.2454
274,245271.563,1162.934,272,800,349.0062,1600.5732,-2840032.691,-1546498.035,31.17552798,-51.00023625,823.155,4580.518,0.5992,0.2221,0.7629,1,0,2.1100
275,245270.822,1115.021,320,800,398.4561,1600.2202,-2839799.287,-1546496.370,31.18775888,-51.00018131,939.856,4579.685,0.6084,0.3447,0.1532,1,0,1.1639
276,245270.070,1067.109,368,800,448.9612,1600.2444,-2839560.903,-1546496.484,31.20025079,-51.00018507,1059.049,4579.742,0.6521,0.2367,0.2081,1,0,1.2994
277,245269.314,1019.197,416,800,499.3572,1600.0680,-2839323.034,-1546495.651,31.21271568,-51.00015761,1177.983,4579.325,0.6213,0.2853,0.4056,1,0,1.3623
278,245268.549,971.289,464,800,548.9415,1600.0756,-2839088.996,-1546495.687,31.22497983,-51.00015879,1295.002,4579.343,0.6834,0.3160,0.2282,1,0,0.6361
279,245267.778,923.377,512,800,599.0244,1599.9269,-2838852.605,-1546494.985,31.23736728,-51.00013564,1413.197,4578.992,0.7440,0.3568,0.3281,1,0,0.4437
280,245266.999,875.472,560,800,648.8884,1599.9811,-2838617.247,-1546495.241,31.24970062,-51.00014409,1530.877,4579.120,0.6718,0.3020,0.6008,1,0,0.1079
281,245266.212,827.562,608,800,699.6016,1599.9184,-2838377.881,-1546494.945,31.26224397,-51.00013432,1650.560,4578.972,0.6377,0.3133,0.0844,1,0,0.5611
282,245265.420,779.660,656,800,749.6329,1599.8675,-2838141.733,-1546494.705,31.27461869,-51.00012641,1768.634,4578.852,0.7192,0.4656,0.1557,1,0,0.4242
283,245264.618,731.751,704,800,799.7807,1599.7585,-2837905.035,-1546494.190,31.28702221,-51.00010944,1886.983,4578.595,0.6362,0.3585,0.1248,1,0,0.4077
284,245263.812,683.853,752,800,850.0130,1599.3932,-2837667.939,-1546492.466,31.29944661,-51.00005258,2005.531,4577.733,0.6802,0.5281,0.2082,1,0,0.4751
285,245262.995,635.946,800,800,899.6190,1599.3922,-2837433.798,-1546492.461,31.31171613,-51.00005242,2122.601,4577.731,0.7228,0.5519,0.2749,1,0,0.0400
286,245262.175,588.051,848,800,949.9370,1599.1834,-2837196.297,-1546491.476,31.32416176,-51.00001992,2241.351,4577.238,0.6827,0.3749,0.1325,1,0,0.2201
287,245261.343,540.146,896,800,999.8172,1599.1541,-2836960.863,-1546491.338,31.33649907,-51.00001536,2359.068,4577.169,0.6858,0.3149,0.0905,1,0,0.0423
288,245260.510,492.254,944,800,1050.1299,1599.0522,-2836723.387,-1546490.857,31.34894337,-50.99999950,2477.806,4576.928,0.6429,0.3260,0.2672,1,0,0.3341
289,245259.663,444.352,992,800,1099.7404,1598.9678,-2836489.225,-1546490.458,31.36121400,-50.99998635,2594.887,4576.729,0.6676,0.4428,0.0696,1,0,0.0870
290,245258.816,396.464,1040,800,1149.5264,1598.9217,-2836254.235,-1546490.241,31.37352803,-50.99997919,2712.382,4576.620,0.6982,0.5795,0.2224,1,0,0.2717
291,245226.715,1163.764,272,848,348.3440,1648.2142,-2840035.816,-1546722.901,31.17536419,-51.00765184,821.592,4692.951,0.6422,0.3563,0.2265,1,0,1.3469
292,245225.974,1115.864,320,848,398.3122,1648.1834,-2839799.966,-1546722.756,31.18772329,-51.00764705,939.517,4692.878,0.6518,0.3837,0.3029,1,0,0.9324
293,245225.223,1067.956,368,848,449.0540,1648.1857,-2839560.465,-1546722.767,31.20027373,-51.00764741,1059.267,4692.883,0.6985,0.4005,0.2842,1,0,1.3131
294,245224.467,1020.057,416,848,498.9714,1648.1449,-2839324.855,-1546722.574,31.21262026,-51.00764106,1177.072,4692.787,0.6403,0.3382,0.0561,1,0,0.9065
295,245223.702,972.151,464,848,549.1428,1647.9565,-2839088.046,-1546721.685,31.22502961,-51.00761172,1295.477,4692.342,0.6871,0.3173,0.1578,1,0,0.7925
296,245222.931,924.254,512,848,598.9335,1647.9623,-2838853.034,-1546721.712,31.23734482,-51.00761263,1412.983,4692.356,0.6582,0.2359,0.4057,1,0,0.3100
297,245222.152,876.350,560,848,648.9443,1647.9226,-2838616.983,-1546721.525,31.24971445,-51.00760645,1531.009,4692.262,0.6138,0.2856,0.5283,1,0,0.0902
298,245221.366,828.455,608,848,699.6524,1647.8871,-2838377.641,-1546721.357,31.26225655,-51.00760093,1650.680,4692.179,0.5925,0.3522,0.0838,1,0,0.5918
299,245220.573,780.555,656,848,749.3203,1647.7062,-2838143.208,-1546720.503,31.27454137,-51.00757277,1767.896,4691.752,0.6711,0.3120,0.3612,1,0,0.0746
300,245219.772,732.661,704,848,799.6421,1647.7101,-2837905.689,-1546720.522,31.28698792,-51.00757338,1886.655,4691.761,0.5535,0.3404,0.1327,1,0,0.2738
301,245218.966,684.764,752,848,849.7527,1647.3120,-2837669.167,-1546718.643,31.29938224,-51.00751141,2004.916,4690.821,0.6031,0.4814,0.2214,1,0,0.2880
302,245218.149,636.871,800,848,899.6621,1647.3920,-2837433.595,-1546719.020,31.31172679,-51.00752386,2122.703,4691.010,0.7501,0.5431,0.1632,1,0,0.0554
303,245217.329,588.978,848,848,949.8016,1647.1992,-2837196.936,-1546718.110,31.32412826,-51.00749384,2241.032,4690.555,0.6342,0.2165,0.1134,1,0,0.1385
304,245216.498,541.088,896,848,999.6724,1647.1640,-2836961.546,-1546717.944,31.33646327,-51.00748836,2358.727,4690.472,0.6858,0.4752,0.1360,1,0,0.0455
305,245215.665,493.198,944,848,1050.1527,1647.0505,-2836723.279,-1546717.408,31.34894903,-51.00747070,2477.860,4690.204,0.6767,0.3604,0.3922,1,0,0.4372
306,245214.818,445.310,992,848,1099.7524,1646.9853,-2836489.169,-1546717.101,31.36121697,-51.00746056,2594.916,4690.050,0.7750,0.4678,0.0621,1,0,0.1075
307,245213.971,397.424,1040,848,1149.5201,1646.8738,-2836254.265,-1546716.574,31.37352649,-51.00744320,2712.368,4689.787,0.7590,0.6691,0.0956,1,0,0.1622
308,245181.813,1164.615,272,896,348.6647,1696.3781,-2840034.303,-1546950.235,31.17544351,-51.01514882,822.349,4806.617,0.6576,0.4056,0.3174,1,0,1.5542
309,245181.070,1116.717,320,896,398.5289,1696.3047,-2839798.943,-1546949.888,31.18777690,-51.01513740,940.028,4806.444,0.6792,0.4100,0.0843,1,0,1.0517
310,245180.317,1068.824,368,896,448.7093,1696.2422,-2839562.092,-1546949.593,31.20018848,-51.01512766,1058.454,4806.297,0.6703,0.3805,0.1071,1,0,0.8937
311,245179.559,1020.927,416,896,499.3001,1696.0724,-2839323.303,-1546948.792,31.21270157,-51.01510123,1177.848,4805.896,0.6729,0.4135,0.3209,1,0,1.1786
312,245178.792,973.036,464,896,548.7817,1696.0630,-2839089.750,-1546948.747,31.22494031,-51.01509977,1294.625,4805.874,0.7453,0.4346,0.3971,1,0,0.3764
313,245178.019,925.140,512,896,599.0280,1695.8895,-2838852.588,-1546947.929,31.23736819,-51.01507277,1413.206,4805.464,0.5433,0.3406,0.3249,1,0,0.3825
314,245177.238,877.253,560,896,648.7780,1695.9855,-2838617.768,-1546948.381,31.24967332,-51.01508770,1530.616,4805.691,0.6932,0.3470,0.6765,1,0,0.1403
315,245176.449,829.359,608,896,699.5847,1695.9216,-2838377.960,-1546948.080,31.26223980,-51.01507777,1650.520,4805.540,0.5980,0.4740,0.0939,1,0,0.5264
316,245175.655,781.474,656,896,749.4441,1695.6458,-2838142.624,-1546946.778,31.27457200,-51.01503484,1768.188,4804.889,0.6241,0.3867,0.2126,1,0,0.2091
317,245174.851,733.581,704,896,799.9020,1695.6967,-2837904.462,-1546947.018,31.28705221,-51.01504276,1887.269,4805.009,0.7460,0.6218,0.2153,1,0,0.5365
318,245174.043,685.700,752,896,850.3156,1695.5021,-2837666.510,-1546946.100,31.29952147,-51.01501247,2006.245,4804.550,0.7906,0.6284,0.5829,1,0,0.8312
319,245173.224,637.810,800,896,899.2410,1695.1974,-2837435.582,-1546944.662,31.31162264,-51.01496503,2121.709,4803.831,0.8376,0.6511,0.5523,1,0,0.3658
320,245172.402,589.931,848,896,949.8221,1695.2721,-2837196.840,-1546945.014,31.32413332,-51.01497667,2241.080,4804.007,0.6808,0.3831,0.0911,1,0,0.2084
321,245171.568,542.043,896,896,999.3472,1695.0064,-2836963.081,-1546943.760,31.33638283,-51.01493531,2357.959,4803.380,0.7078,0.5526,0.4054,1,0,0.3175
322,245170.732,494.167,944,896,1049.8661,1695.0388,-2836724.632,-1546943.913,31.34887814,-51.01494035,2477.184,4803.457,0.6724,0.2429,0.2166,1,0,0.2381
323,245169.883,446.283,992,896,1099.7329,1695.1376,-2836489.261,-1546944.379,31.36121215,-51.01495572,2594.870,4803.690,0.7068,0.4288,0.2396,1,0,0.2809
324,245169.034,398.410,1040,896,1149.9745,1694.8002,-2836252.120,-1546942.787,31.37363887,-51.01490322,2713.440,4802.894,0.7237,0.6287,0.4984,1,0,0.4473
325,245136.833,1165.478,272,944,349.3247,1744.5843,-2840031.188,-1547177.768,31.17560675,-51.02265239,823.906,4920.384,0.6360,0.3348,0.9438,1,0,2.1284
326,245136.089,1117.595,320,944,398.5954,1744.4835,-2839798.630,-1547177.292,31.18779333,-51.02263669,940.185,4920.146,0.6068,0.2637,0.1270,1,0,1.0497
327,245135.337,1069.703,368,944,448.6312,1744.3251,-2839562.461,-1547176.545,31.20016916,-51.02261205,1058.270,4919.772,0.5923,0.2401,0.2014,1,0,0.7534
328,245134.578,1021.821,416,944,498.6118,1744.2475,-2839326.552,-1547176.178,31.21253131,-51.02259996,1176.224,4919.589,0.6377,0.3020,0.4023,1,0,0.4423
329,245133.812,973.932,464,944,548.6419,1744.1090,-2839090.410,-1547175.525,31.22490572,-51.02257841,1294.295,4919.262,0.6770,0.5171,0.5297,1,0,0.1999
330,245133.038,926.051,512,944,598.7111,1744.0427,-2838854.084,-1547175.212,31.23728979,-51.02256809,1412.458,4919.106,0.5699,0.3500,0.5993,1,0,0.0653
331,245132.258,878.165,560,944,649.0374,1743.9424,-2838616.543,-1547174.738,31.24973747,-51.02255247,1531.228,4918.869,0.7267,0.3706,0.3885,1,0,0.1540
332,245131.469,830.285,608,944,698.8252,1744.0095,-2838381.545,-1547175.055,31.26205195,-51.02256291,1648.727,4919.027,0.6506,0.3606,0.7163,1,0,0.3304
333,245130.675,782.403,656,944,749.2733,1743.7973,-2838143.430,-1547174.053,31.27452973,-51.02252989,1767.785,4918.527,0.6907,0.4348,0.3228,1,0,0.1166
334,245129.871,734.524,704,944,799.4047,1743.6673,-2837906.810,-1547173.440,31.28692920,-51.02250965,1886.095,4918.220,0.7434,0.6313,0.2356,1,0,0.0980
335,245129.063,686.646,752,944,850.0460,1743.6384,-2837667.783,-1547173.303,31.29945477,-51.02250516,2005.608,4918.152,0.7350,0.5276,0.4001,1,0,0.6231
336,245128.244,638.768,800,944,899.1756,1743.1728,-2837435.891,-1547171.106,31.31160647,-51.02243268,2121.554,4917.053,0.8317,0.6353,0.5467,1,0,0.3868
337,245127.423,590.894,848,944,948.9878,1743.2353,-2837200.778,-1547171.401,31.32392697,-51.02244240,2239.111,4917.200,0.6928,0.4067,0.6613,1,0,0.5589
338,245126.589,543.018,896,944,999.6124,1743.2658,-2836961.829,-1547171.545,31.33644843,-51.02244716,2358.585,4917.272,0.5975,0.3149,0.0759,1,0,0.1411
339,245125.753,495.147,944,944,1049.5595,1743.2021,-2836726.079,-1547171.244,31.34880230,-51.02243724,2476.460,4917.122,0.6574,0.4369,0.1307,1,0,0.1873
340,245124.904,447.273,992,944,1099.6561,1743.1825,-2836489.623,-1547171.152,31.36119317,-51.02243419,2594.689,4917.076,0.6954,0.4899,0.3084,1,0,0.3368
341,245124.055,399.407,1040,944,1149.8861,1742.9214,-2836252.538,-1547169.919,31.37361700,-51.02239355,2713.231,4916.460,0.8073,0.7123,0.5535,1,0,0.5042
342,245091.903,1166.339,272,992,349.1313,1792.6784,-2840032.100,-1547404.772,31.17555892,-51.03013851,823.450,5033.886,0.7167,0.3512,0.7460,1,0,1.8614
343,245091.164,1118.456,320,992,398.3003,1792.2015,-2839800.022,-1547402.521,31.18772036,-51.03006428,939.489,5032.761,0.7653,0.5041,0.3771,1,1,0.7712
344,245090.415,1070.578,368,992,448.6838,1792.3702,-2839562.212,-1547403.317,31.20018217,-51.03009052,1058.394,5033.159,0.5600,0.2484,0.1808,1,1,0.5346
345,245089.660,1022.696,416,992,498.5638,1792.2910,-2839326.779,-1547402.943,31.21251944,-51.03007820,1176.111,5032.972,0.6034,0.3224,0.4579,1,1,0.8122
346,245088.898,974.820,464,992,548.7731,1792.1581,-2839089.791,-1547402.316,31.22493818,-51.03005752,1294.605,5032.658,0.7006,0.4985,0.3913,1,1,0.7355
347,245088.129,926.941,512,992,598.8005,1792.0562,-2838853.662,-1547401.835,31.23731191,-51.03004166,1412.669,5032.418,0.6419,0.3626,0.4894,1,1,0.8162
348,245087.353,879.066,560,992,648.8986,1792.0259,-2838617.199,-1547401.692,31.24970313,-51.03003693,1530.901,5032.346,0.6888,0.2872,0.5048,1,1,0.8007
349,245086.569,831.189,608,992,698.8560,1792.0095,-2838381.400,-1547401.615,31.26205957,-51.03003439,1648.800,5032.307,0.6829,0.3470,0.6452,1,1,0.9074
350,245085.780,783.317,656,992,749.3577,1791.7086,-2838143.032,-1547400.195,31.27455062,-51.02998755,1767.984,5031.597,0.6917,0.3806,0.1779,1,1,0.4411
351,245084.981,735.441,704,992,799.5616,1791.9020,-2837906.069,-1547401.108,31.28696802,-51.03001766,1886.465,5032.054,0.7289,0.5840,0.2759,1,1,0.3151
352,245084.178,687.572,752,992,849.6406,1791.7860,-2837669.696,-1547400.560,31.29935452,-51.02999960,2004.652,5031.780,0.6430,0.3289,0.2705,1,1,0.2447
353,245083.364,639.699,800,992,900.0567,1791.6082,-2837431.732,-1547399.721,31.31182440,-51.02997192,2123.634,5031.360,0.6384,0.3406,0.5176,1,1,0.3447
354,245082.547,591.833,848,992,949.5828,1791.3645,-2837197.969,-1547398.571,31.32407414,-51.02993400,2240.515,5030.785,0.6297,0.3751,0.0728,1,1,0.0899
355,245081.718,543.962,896,992,999.5246,1791.2748,-2836962.244,-1547398.147,31.33642670,-51.02992002,2358.378,5030.574,0.6556,0.3059,0.0933,1,1,0.0658
356,245080.887,496.099,944,992,1049.0770,1791.0985,-2836728.357,-1547397.315,31.34868296,-51.02989258,2475.322,5030.157,0.6775,0.3437,0.3414,1,1,0.3881
357,245080.043,448.231,992,992,1099.2327,1790.9789,-2836491.622,-1547396.750,31.36108843,-51.02987397,2593.689,5029.875,0.6826,0.4216,0.0910,1,1,0.0918
358,245079.199,400.371,1040,992,1149.0669,1790.9001,-2836256.404,-1547396.379,31.37341439,-51.02986171,2711.298,5029.689,0.6010,0.4003,0.1504,1,1,0.0964
359,245047.921,1215.011,224,1040,298.8383,1840.6458,-2840269.483,-1547631.178,31.16311950,-51.03760490,704.758,5147.089,0.6777,0.4806,0.6293,1,1,0.2132
360,245047.187,1167.133,272,1040,348.7134,1840.4444,-2840034.073,-1547630.228,31.17545555,-51.03757355,822.464,5146.614,0.7889,0.6123,0.2601,1,1,0.1566
361,245046.448,1119.263,320,1040,398.3496,1840.1378,-2839799.790,-1547628.781,31.18773255,-51.03752583,939.605,5145.890,0.7829,0.5812,0.3792,1,1,0.7616
362,245045.699,1071.388,368,1040,449.0545,1840.1555,-2839560.463,-1547628.864,31.20027386,-51.03752858,1059.269,5145.932,0.6000,0.3195,0.2419,1,1,0.2590
363,245044.945,1023.518,416,1040,498.6305,1840.2151,-2839326.464,-1547629.145,31.21253594,-51.03753786,1176.268,5146.073,0.7116,0.4790,0.3758,1,1,0.7412
364,245044.183,975.647,464,1040,549.2005,1839.9809,-2839087.774,-1547628.040,31.22504388,-51.03750141,1295.613,5145.520,0.6102,0.2677,0.1352,1,1,0.3526
365,245043.414,927.778,512,1040,598.7638,1839.9911,-2838853.835,-1547628.088,31.23730282,-51.03750299,1412.582,5145.544,0.6403,0.3432,0.4973,1,1,0.8301
366,245042.639,879.910,560,1040,649.0830,1839.8394,-2838616.328,-1547627.372,31.24974875,-51.03747938,1531.336,5145.186,0.6531,0.3986,0.2831,1,1,0.5974
367,245041.855,832.042,608,1040,699.0253,1839.7844,-2838380.601,-1547627.112,31.26210143,-51.03747082,1649.200,5145.056,0.6890,0.4138,0.4020,1,1,0.6906
368,245041.066,784.177,656,1040,748.2882,1839.1681,-2838148.080,-1547624.203,31.27428609,-51.03737488,1765.460,5143.602,0.6477,0.3602,1.3099,1,1,1.5712
369,245040.266,736.310,704,1040,798.5305,1839.4895,-2837910.936,-1547625.720,31.28671299,-51.03742491,1884.032,5144.360,0.6481,0.4152,0.9782,1,1,1.2120
370,245039.464,688.449,752,1040,848.9316,1839.3134,-2837673.043,-1547624.889,31.29917914,-51.03739751,2002.978,5143.945,0.6310,0.2068,0.6067,1,1,0.8122
371,245038.649,640.584,800,1040,899.2791,1839.1324,-2837435.403,-1547624.035,31.31163205,-51.03736934,2121.799,5143.518,0.5832,0.2468,0.3440,1,1,0.4987
372,245037.832,592.726,848,1040,949.3698,1839.1463,-2837198.974,-1547624.101,31.32402147,-51.03737149,2240.013,5143.550,0.5920,0.2456,0.1674,1,1,0.2883
373,245037.003,544.863,896,1040,999.5763,1839.1318,-2836962.000,-1547624.032,31.33643948,-51.03736924,2358.500,5143.516,0.6406,0.2477,0.2054,1,1,0.1537
374,245036.173,497.009,944,1040,1049.4506,1838.8787,-2836726.593,-1547622.837,31.34877537,-51.03732984,2476.203,5142.919,0.6319,0.3429,0.2460,1,1,0.2628
375,245035.329,449.147,992,1040,1099.5166,1839.0679,-2836490.282,-1547623.730,31.36115865,-51.03735929,2594.359,5143.365,0.6082,0.2379,0.3580,1,1,0.3404
376,245034.484,401.297,1040,1040,1149.5439,1838.9561,-2836254.153,-1547623.203,31.37353236,-51.03734189,2712.424,5143.101,0.6826,0.4303,0.5137,1,1,0.5443
377,245003.192,1215.806,224,1088,298.7824,1888.3095,-2840269.747,-1547856.151,31.16310567,-51.04502403,704.626,5259.576,0.6410,0.2319,0.5611,1,1,0.2967
378,245002.455,1167.941,272,1088,348.1040,1888.1403,-2840036.949,-1547855.352,31.17530483,-51.04499769,821.025,5259.176,0.6766,0.2484,0.4713,1,1,0.8557
379,245001.714,1120.076,320,1088,398.7831,1888.2120,-2839797.744,-1547855.691,31.18783976,-51.04500884,940.628,5259.345,0.6639,0.3419,0.1805,1,1,0.3545
380,245000.963,1072.212,368,1088,448.9859,1888.0977,-2839560.786,-1547855.151,31.20025690,-51.04499106,1059.107,5259.076,0.7085,0.4478,0.2252,1,1,0.3457
381,245000.207,1024.350,416,1088,498.9898,1888.0290,-2839324.768,-1547854.827,31.21262482,-51.04498036,1177.116,5258.913,0.7804,0.5760,0.1591,1,1,0.4374
382,244999.443,976.488,464,1088,548.9151,1887.9535,-2839089.121,-1547854.470,31.22497330,-51.04496860,1294.940,5258.735,0.8336,0.6592,0.2537,1,1,0.5969
383,244998.671,928.627,512,1088,599.5664,1888.0939,-2838850.047,-1547855.133,31.23750135,-51.04499046,1414.477,5259.067,0.7090,0.5576,0.3496,1,1,0.0144
384,244997.893,880.768,560,1088,649.4136,1887.7249,-2838614.768,-1547853.391,31.24983053,-51.04493302,1532.116,5258.196,0.6919,0.3978,0.2189,1,1,0.3345
385,244997.106,832.909,608,1088,698.7655,1887.8613,-2838381.827,-1547854.035,31.26203718,-51.04495425,1648.587,5258.518,0.6536,0.2822,0.6053,1,1,0.8855
386,244996.315,785.052,656,1088,749.2594,1887.5189,-2838143.495,-1547852.419,31.27452631,-51.04490096,1767.752,5257.710,0.6504,0.4101,0.2507,1,1,0.4864
387,244995.513,737.195,704,1088,798.5366,1887.4657,-2837910.907,-1547852.168,31.28671450,-51.04489269,1884.046,5257.584,0.6244,0.2367,0.8983,1,1,1.1327
388,244994.708,689.341,752,1088,849.0817,1887.1713,-2837672.334,-1547850.779,31.29921629,-51.04484685,2003.333,5256.889,0.7165,0.3639,0.4770,1,1,0.6664
389,244993.890,641.487,800,1088,899.0875,1887.0727,-2837436.307,-1547850.313,31.31158468,-51.04483150,2121.347,5256.656,0.7612,0.5145,0.4450,1,1,0.6043
390,244993.067,593.636,848,1088,949.3819,1887.0069,-2837198.917,-1547850.003,31.32402446,-51.04482127,2240.041,5256.501,0.7081,0.4179,0.2907,1,1,0.3535
391,244992.232,545.785,896,1088,999.3291,1886.8906,-2836963.167,-1547849.454,31.33637836,-51.04480316,2357.917,5256.227,0.6681,0.3206,0.2971,1,1,0.3436
392,244991.396,497.937,944,1088,1049.9755,1886.9660,-2836724.116,-1547849.810,31.34890518,-51.04481490,2477.442,5256.405,0.6349,0.3221,0.8237,1,1,0.7851
393,244990.545,450.089,992,1088,1099.2789,1886.7951,-2836491.404,-1547849.003,31.36109985,-51.04478830,2593.798,5256.002,0.6585,0.3635,0.2821,1,1,0.3056
394,244989.694,402.243,1040,1088,1149.4159,1886.6623,-2836254.757,-1547848.376,31.37350071,-51.04476763,2712.122,5255.688,0.5964,0.2962,0.5447,1,1,0.5965
395,244958.183,1216.670,224,1136,298.5776,1936.4356,-2840270.714,-1548083.306,31.16305502,-51.05251513,704.143,5373.153,0.6228,0.2594,0.3022,1,1,0.1847
396,244957.444,1168.812,272,1136,348.1634,1936.1777,-2840036.669,-1548082.089,31.17531952,-51.05247498,821.166,5372.544,0.6158,0.2498,0.4118,1,1,0.7986
397,244956.699,1120.957,320,1136,398.7103,1936.3109,-2839798.087,-1548082.717,31.18782176,-51.05249570,940.456,5372.859,0.5972,0.1627,0.0530,1,1,0.3742
398,244955.946,1073.102,368,1136,448.7340,1936.2557,-2839561.975,-1548082.457,31.20019459,-51.05248711,1058.512,5372.728,0.7328,0.5218,0.1035,1,1,0.4894
399,244954.419,977.396,464,1136,548.9544,1935.9759,-2839088.935,-1548081.136,31.22498302,-51.05244357,1295.032,5372.068,0.7100,0.4654,0.1842,1,1,0.5238
400,244953.644,929.542,512,1136,598.6860,1936.0210,-2838854.202,-1548081.349,31.23728360,-51.05245059,1412.399,5372.175,0.7402,0.5404,0.5012,1,1,0.8297
401,244952.863,881.694,560,1136,649.1281,1935.7706,-2838616.115,-1548080.167,31.24975990,-51.05241161,1531.442,5371.584,0.7662,0.5488,0.1936,1,1,0.4868
402,244952.073,833.841,608,1136,698.8324,1935.7977,-2838381.511,-1548080.295,31.26205372,-51.05241583,1648.744,5371.648,0.6610,0.3586,0.4756,1,1,0.7613
403,244951.279,785.996,656,1136,748.9153,1935.7248,-2838145.120,-1548079.951,31.27444119,-51.05240449,1766.940,5371.476,0.6040,0.4096,0.4188,1,1,0.6756
404,244950.473,738.144,704,1136,799.2165,1935.6327,-2837907.698,-1548079.516,31.28688267,-51.05239014,1885.651,5371.258,0.6764,0.3924,0.1226,1,1,0.3501
405,244949.665,690.303,752,1136,849.0024,1935.2562,-2837672.709,-1548077.739,31.29919665,-51.05233154,2003.146,5370.370,0.6829,0.3334,0.4052,1,1,0.6023
406,244948.845,642.453,800,1136,898.9404,1935.1572,-2837437.001,-1548077.272,31.31154830,-51.05231613,2120.999,5370.136,0.7464,0.4836,0.4157,1,1,0.5846
407,244948.023,594.616,848,1136,949.2176,1935.0953,-2837199.693,-1548076.980,31.32398381,-51.05230650,2239.654,5369.990,0.6498,0.3917,0.1930,1,1,0.2804
408,244947.187,546.767,896,1136,998.9595,1935.0979,-2836964.911,-1548076.992,31.33628695,-51.05230690,2357.045,5369.996,0.6228,0.3014,0.1839,1,1,0.2864
409,244946.351,498.933,944,1136,1049.2766,1934.9583,-2836727.414,-1548076.333,31.34873233,-51.05228517,2475.793,5369.667,0.5388,0.1714,0.2761,1,1,0.2594
410,244945.501,451.088,992,1136,1099.3297,1934.8186,-2836491.164,-1548075.674,31.36111242,-51.05226342,2593.918,5369.337,0.6891,0.4784,0.4581,1,1,0.4691
411,244944.650,403.257,1040,1136,1149.1871,1934.8272,-2836255.837,-1548075.714,31.37344411,-51.05226477,2711.582,5369.357,0.6523,0.4821,0.4553,1,1,0.4972
412,244913.135,1217.549,224,1184,298.9517,1984.7418,-2840268.948,-1548311.311,31.16314755,-51.06003426,705.026,5487.156,0.6938,0.2745,0.6919,1,1,0.2907
413,244912.396,1169.698,272,1184,348.4178,1984.5823,-2840035.468,-1548310.558,31.17538245,-51.06000942,821.766,5486.779,0.6408,0.2744,0.1773,1,1,0.4880
414,244911.652,1121.853,320,1184,399.0972,1984.5413,-2839796.261,-1548310.365,31.18791746,-51.06000304,941.369,5486.682,0.5986,0.2872,0.4668,1,1,0.1202
415,244910.899,1074.004,368,1184,448.2829,1984.1971,-2839564.105,-1548308.740,31.20008300,-51.05994947,1057.448,5485.870,0.6865,0.4441,0.5453,1,1,0.9300
416,244910.139,1026.160,416,1184,498.8260,1984.2112,-2839325.541,-1548308.807,31.21258431,-51.05995166,1176.729,5485.903,0.6154,0.4166,0.1298,1,1,0.4909
417,244909.372,978.314,464,1184,548.9575,1984.1058,-2839088.921,-1548308.309,31.22498377,-51.05993525,1295.040,5485.655,0.6266,0.2093,0.1013,1,1,0.4505
418,244908.598,930.471,512,1184,598.4368,1983.9709,-2838855.378,-1548307.673,31.23722196,-51.05991426,1411.811,5485.336,0.6754,0.4451,0.7050,1,1,1.0356
419,244907.027,834.787,608,1184,699.0737,1983.8335,-2838380.372,-1548307.024,31.26211341,-51.05989287,1649.314,5485.012,0.6350,0.4864,0.1673,1,1,0.4487
420,244906.233,786.945,656,1184,749.1100,1983.7783,-2838144.201,-1548306.764,31.27448936,-51.05988428,1767.400,5484.882,0.6714,0.3691,0.1591,1,1,0.3981
421,244905.428,739.107,704,1184,798.7883,1983.8786,-2837909.719,-1548307.237,31.28677675,-51.05989989,1884.640,5485.118,0.6906,0.4310,0.5323,1,1,0.7119
422,244904.620,691.268,752,1184,849.1668,1983.5788,-2837671.932,-1548305.822,31.29923733,-51.05985323,2003.534,5484.411,0.6421,0.4145,0.0906,1,1,0.2444
423,244903.800,643.433,800,1184,899.2038,1983.5073,-2837435.758,-1548305.485,31.31161345,-51.05984210,2121.621,5484.242,0.5646,0.1722,0.1186,1,1,0.1306
424,244902.978,595.597,848,1184,948.8649,1983.3391,-2837201.357,-1548304.691,31.32389658,-51.05981592,2238.821,5483.845,0.6478,0.2593,0.2326,1,1,0.3497
425,244902.142,547.763,896,1184,998.8627,1983.2598,-2836965.368,-1548304.316,31.33626299,-51.05980358,2356.816,5483.658,0.5776,0.2615,0.1596,1,1,0.2191
426,244901.306,499.930,944,1184,1048.6213,1983.1795,-2836730.507,-1548303.937,31.34857025,-51.05979106,2474.246,5483.469,0.5903,0.2567,0.2832,1,1,0.3069
427,244900.457,452.100,992,1184,1099.6792,1983.1530,-2836489.514,-1548303.812,31.36119887,-51.05978695,2594.743,5483.406,0.7406,0.5506,0.9753,1,1,0.9626
428,244899.612,404.268,1040,1184,1148.9676,1982.9051,-2836256.873,-1548302.642,31.37338982,-51.05974836,2711.064,5482.821,0.7904,0.6802,0.4152,1,1,0.4487
429,244868.296,1218.359,224,1232,298.9868,2032.7507,-2840268.782,-1548537.913,31.16315622,-51.06750711,705.109,5600.457,0.6928,0.3343,0.7158,1,1,0.3154
430,244867.562,1170.519,272,1232,348.4012,2032.5589,-2840035.546,-1548537.008,31.17537835,-51.06747725,821.727,5600.004,0.7092,0.3696,0.1711,1,1,0.5037
431,244866.822,1122.675,320,1232,398.2670,2032.1278,-2839800.180,-1548534.973,31.18771212,-51.06741014,939.410,5598.987,0.6908,0.3931,0.4524,1,1,0.8403
432,244866.075,1074.838,368,1232,448.1140,2032.2287,-2839564.902,-1548535.449,31.20004124,-51.06742585,1057.049,5599.225,0.7091,0.4178,0.6918,1,1,1.0731
433,244865.320,1026.995,416,1232,498.5166,2032.2098,-2839327.002,-1548535.360,31.21250776,-51.06742291,1175.999,5599.180,0.6989,0.4547,0.4071,1,1,0.7684
434,244864.558,979.160,464,1232,548.8471,2032.0498,-2839089.442,-1548534.605,31.22495647,-51.06739800,1294.779,5598.802,0.6158,0.3752,0.1744,1,1,0.5275
435,244863.789,931.319,512,1232,598.6907,2032.0434,-2838854.180,-1548534.575,31.23728476,-51.06739701,1412.410,5598.787,0.6727,0.4962,0.4010,1,1,0.7237
436,244863.013,883.487,560,1232,648.9762,2031.9338,-2838616.832,-1548534.057,31.24972234,-51.06737995,1531.084,5598.529,0.5128,0.3866,0.1651,1,1,0.4675
437,244862.228,835.647,608,1232,699.0601,2031.7959,-2838380.436,-1548533.407,31.26211006,-51.06735848,1649.282,5598.203,0.5216,0.3186,0.1061,1,1,0.3937
438,244861.439,787.818,656,1232,749.0082,2031.8270,-2838144.681,-1548533.553,31.27446418,-51.06736332,1767.159,5598.277,0.7257,0.4627,0.2010,1,1,0.4163
439,244860.639,739.979,704,1232,798.9416,2031.7554,-2837908.996,-1548533.216,31.28681467,-51.06735219,1885.002,5598.108,0.6127,0.3005,0.2587,1,1,0.4407
440,244859.837,692.154,752,1232,849.2087,2031.5464,-2837671.735,-1548532.229,31.29924769,-51.06731966,2003.633,5597.615,0.6412,0.3430,0.1089,1,1,0.0964
441,244859.022,644.318,800,1232,898.6822,2031.4131,-2837438.220,-1548531.600,31.31148442,-51.06729891,2120.390,5597.300,0.5781,0.2245,0.3661,1,1,0.5256
442,244858.206,596.495,848,1232,948.6781,2031.3364,-2837202.239,-1548531.238,31.32385037,-51.06728696,2238.380,5597.119,0.6825,0.3346,0.2895,1,1,0.4064
443,244857.376,548.661,896,1232,998.7910,2031.1389,-2836965.706,-1548530.306,31.33624526,-51.06725622,2356.647,5596.653,0.6833,0.4159,0.0660,1,1,0.1674
444,244856.545,500.841,944,1232,1048.7977,2031.0957,-2836729.675,-1548530.102,31.34861387,-51.06724950,2474.663,5596.551,0.7418,0.4143,0.0922,1,1,0.0315
445,244855.701,453.010,992,1232,1098.8832,2031.0002,-2836493.271,-1548529.651,31.36100199,-51.06723463,2592.864,5596.325,0.5386,0.2742,0.3248,1,1,0.3148
446,244823.543,1219.151,224,1280,298.8056,2080.7889,-2840269.638,-1548764.653,31.16311139,-51.07498452,704.681,5713.827,0.7398,0.5677,0.5640,1,1,0.2292
447,244822.809,1171.313,272,1280,348.2012,2080.2080,-2840036.490,-1548761.912,31.17532889,-51.07489410,821.255,5712.456,0.6895,0.4439,0.3644,1,1,0.7540
448,244822.069,1123.483,320,1280,398.3140,2080.0723,-2839799.958,-1548761.271,31.18772373,-51.07487298,939.521,5712.136,0.7136,0.4384,0.4296,1,1,0.8035
449,244821.322,1075.648,368,1280,448.2162,2080.1115,-2839564.419,-1548761.456,31.20006651,-51.07487909,1057.290,5712.228,0.6511,0.3573,0.5822,1,1,0.9656
450,244820.567,1027.820,416,1280,498.5936,2080.0508,-2839326.638,-1548761.170,31.21252681,-51.07486963,1176.181,5712.085,0.7276,0.4770,0.3168,1,1,0.6833
451,244818.260,884.330,560,1280,648.8314,2079.9250,-2838617.516,-1548760.576,31.24968651,-51.07485005,1530.742,5711.788,0.6171,0.4368,0.2396,1,1,0.5422
452,244816.686,788.678,656,1280,749.0704,2079.6953,-2838144.388,-1548759.492,31.27447956,-51.07481430,1767.306,5711.246,0.6438,0.3563,0.0108,1,1,0.2715
453,244815.886,740.853,704,1280,798.0682,2079.3620,-2837913.118,-1548757.918,31.28659863,-51.07476241,1882.941,5710.459,0.6761,0.3768,1.0096,1,1,1.2423
454,244815.084,693.030,752,1280,848.2970,2079.1405,-2837676.038,-1548756.873,31.29902219,-51.07472794,2001.481,5709.937,0.6844,0.4034,0.7842,1,1,0.9859
455,244814.269,645.207,800,1280,898.4300,2079.0448,-2837439.411,-1548756.421,31.31142203,-51.07471304,2119.795,5709.711,0.6366,0.3192,0.5982,1,1,0.7660
456,244813.453,597.388,848,1280,948.7715,2079.1929,-2837201.799,-1548757.120,31.32387346,-51.07473609,2238.601,5710.060,0.6761,0.2931,0.0952,1,1,0.2253
457,244812.623,549.567,896,1280,998.8238,2079.0618,-2836965.552,-1548756.502,31.33625336,-51.07471569,2356.724,5709.751,0.7079,0.3865,0.1499,1,1,0.1552
458,244811.792,501.750,944,1280,1048.5633,2079.0659,-2836730.781,-1548756.521,31.34855591,-51.07471633,2474.109,5709.761,0.6847,0.3354,0.0292,1,1,0.0508
459,244810.948,453.932,992,1280,1098.7846,2078.9599,-2836493.736,-1548756.021,31.36097761,-51.07469984,2592.632,5709.510,0.7021,0.4608,0.3876,1,1,0.3843
460,244778.734,1219.956,224,1328,298.0735,2128.2799,-2840273.093,-1548988.811,31.16293033,-51.08237677,702.953,5825.906,0.7427,0.5488,0.3285,1,1,0.7189
461,244777.998,1172.133,272,1328,348.3174,2128.1745,-2840035.942,-1548988.314,31.17535761,-51.08236036,821.529,5825.657,0.6238,0.4025,0.2942,1,1,0.6528
462,244777.256,1124.305,320,1328,398.3081,2128.0562,-2839799.986,-1548987.755,31.18772228,-51.08234195,939.507,5825.378,0.7544,0.5102,0.4257,1,1,0.7947
463,244776.507,1076.485,368,1328,448.5002,2128.1932,-2839563.079,-1548988.402,31.20013675,-51.08236326,1057.960,5825.701,0.6559,0.4087,0.2556,1,1,0.6379
464,244775.750,1028.659,416,1328,499.0201,2128.0049,-2839324.625,-1548987.513,31.21263232,-51.08233396,1177.188,5825.257,0.6386,0.3417,0.2388,1,1,0.3039
465,244774.986,980.841,464,1328,548.1962,2127.9307,-2839092.514,-1548987.163,31.22479549,-51.08232241,1293.243,5825.081,0.5614,0.2899,0.7357,1,1,1.0864
466,244774.214,933.017,512,1328,598.9205,2127.8496,-2838853.095,-1548986.780,31.23734160,-51.08230979,1412.952,5824.890,0.5713,0.2626,0.1455,1,1,0.4277
467,244773.437,885.201,560,1328,649.0373,2127.8569,-2838616.544,-1548986.815,31.24973745,-51.08231093,1531.228,5824.907,0.7380,0.4351,0.0562,1,1,0.2816
468,244772.649,837.378,608,1328,698.9107,2127.7413,-2838381.141,-1548986.269,31.26207310,-51.08229293,1648.929,5824.634,0.6896,0.3987,0.1042,1,1,0.3875
469,244771.859,789.566,656,1328,748.2128,2127.3797,-2838148.436,-1548984.562,31.27426744,-51.08223665,1765.282,5823.781,0.6588,0.4029,0.8313,1,1,1.0906
470,244771.057,741.745,704,1328,798.0686,2127.3222,-2837913.116,-1548984.291,31.28659874,-51.08222769,1882.942,5823.645,0.5969,0.2513,0.9136,1,1,1.1457
471,244770.252,693.935,752,1328,848.1355,2127.1877,-2837676.800,-1548983.656,31.29898225,-51.08220676,2001.100,5823.328,0.6596,0.3257,0.8006,1,1,1.0023
472,244769.435,646.117,800,1328,898.3894,2127.0781,-2837439.602,-1548983.139,31.31141201,-51.08218970,2119.699,5823.069,0.7049,0.3315,0.5019,1,1,0.6679
473,244768.616,598.309,848,1328,948.5203,2127.2018,-2837202.984,-1548983.722,31.32381135,-51.08220895,2238.008,5823.361,0.6676,0.2978,0.1760,1,1,0.3111
474,244767.784,550.494,896,1328,998.3689,2126.9699,-2836967.699,-1548982.628,31.33614087,-51.08217286,2355.651,5822.814,0.5625,0.2378,0.2572,1,1,0.3575
475,244766.951,502.689,944,1328,1048.4541,2126.9162,-2836731.296,-1548982.375,31.34852890,-51.08216450,2473.852,5822.687,0.6349,0.2448,0.1252,1,1,0.1680
476,244766.104,454.876,992,1328,1098.3132,2126.8127,-2836495.962,-1548981.886,31.36086101,-51.08214838,2591.519,5822.443,0.7411,0.4304,0.1296,1,1,0.1698
477,244733.862,1220.787,224,1376,297.9203,2176.2698,-2840273.816,-1549215.323,31.16289244,-51.08984666,702.592,5939.162,0.6616,0.3824,0.4563,1,1,0.8580
478,244733.127,1172.966,272,1376,348.3489,2176.2747,-2840035.793,-1549215.347,31.17536540,-51.08984743,821.603,5939.173,0.7190,0.6255,0.1833,1,1,0.5637
479,244732.384,1125.153,320,1376,397.8989,2176.0509,-2839801.917,-1549214.290,31.18762105,-51.08981259,938.541,5938.645,0.7370,0.6608,0.7587,1,1,1.1484
480,244731.635,1077.335,368,1376,448.5156,2176.1679,-2839563.006,-1549214.842,31.20014057,-51.08983080,1057.997,5938.921,0.6908,0.3786,0.2113,1,1,0.5904
481,244730.877,1029.523,416,1376,498.7552,2176.0768,-2839325.875,-1549214.413,31.21256680,-51.08981662,1176.562,5938.706,0.7358,0.5025,0.0935,1,1,0.4311
482,244730.114,981.708,464,1376,547.8755,2176.0028,-2839094.028,-1549214.063,31.22471616,-51.08980511,1292.486,5938.532,0.5979,0.4598,0.9848,1,1,1.3308
483,244729.342,933.897,512,1376,599.0661,2175.8819,-2838852.408,-1549213.493,31.23737761,-51.08978628,1413.296,5938.246,0.6224,0.2270,0.1963,1,1,0.2346
484,244728.565,886.085,560,1376,648.9304,2175.8040,-2838617.049,-1549213.125,31.24971100,-51.08977417,1530.976,5938.063,0.5945,0.3215,0.0848,1,1,0.3246
485,244727.777,838.274,608,1376,698.4133,2175.7265,-2838383.489,-1549212.759,31.26195006,-51.08976209,1647.755,5937.879,0.6052,0.3245,0.4979,1,1,0.7809
486,244726.987,790.466,656,1376,748.1576,2175.3925,-2838148.696,-1549211.183,31.27425379,-51.08971011,1765.152,5937.091,0.6350,0.3553,0.7795,1,1,1.0375
487,244726.184,742.657,704,1376,797.7766,2175.4353,-2837914.494,-1549211.385,31.28652652,-51.08971677,1882.253,5937.192,0.5820,0.3048,1.0611,1,1,1.2890
488,244725.380,694.852,752,1376,847.9786,2175.2029,-2837677.541,-1549210.288,31.29894343,-51.08968059,2000.729,5936.644,0.7760,0.3818,0.8223,1,1,1.0229
489,244724.562,647.044,800,1376,898.1155,2175.1062,-2837440.895,-1549209.831,31.31134425,-51.08966555,2119.052,5936.416,0.7563,0.3856,0.6018,1,1,0.7700
490,244723.743,599.243,848,1376,948.1864,2174.9997,-2837204.560,-1549209.329,31.32372875,-51.08964896,2237.220,5936.164,0.7341,0.3479,0.4351,1,1,0.5686
491,244722.911,551.437,896,1376,998.2675,2174.9589,-2836968.178,-1549209.136,31.33611577,-51.08964262,2355.411,5936.068,0.6699,0.3614,0.2227,1,1,0.3191
492,244722.078,503.639,944,1376,1047.9889,2174.9176,-2836733.493,-1549208.941,31.34841382,-51.08963619,2472.754,5935.971,0.7476,0.5129,0.2642,1,1,0.3249
493,244721.231,455.836,992,1376,1098.0914,2174.8637,-2836497.009,-1549208.687,31.36080613,-51.08962779,2590.996,5935.843,0.7036,0.3484,0.0591,1,1,0.0992
494,244688.991,1221.611,224,1424,297.8311,2224.2419,-2840274.237,-1549441.752,31.16287038,-51.09731380,702.381,6052.376,0.6855,0.3660,0.5370,1,1,0.9385
495,244688.256,1173.803,272,1424,349.0095,2224.6323,-2840032.675,-1549443.594,31.17552881,-51.09737455,823.163,6053.297,0.8356,0.7423,0.6010,1,1,0.2201
496,244687.513,1125.992,320,1424,398.4137,2223.9740,-2839799.487,-1549440.487,31.18774841,-51.09727209,939.756,6051.744,0.7830,0.6495,0.3828,1,1,0.6921
497,244686.764,1078.187,368,1424,447.9626,2224.0839,-2839565.617,-1549441.006,31.20000377,-51.09728920,1056.692,6052.003,0.7084,0.3504,0.7233,1,1,1.1025
498,244686.006,1030.377,416,1424,498.8581,2224.0653,-2839325.390,-1549440.918,31.21259225,-51.09728630,1176.805,6051.959,0.7728,0.4427,0.1465,1,1,0.2942
499,244685.243,982.574,464,1424,548.0848,2223.9010,-2839093.040,-1549440.143,31.22476792,-51.09726073,1292.980,6051.571,0.5971,0.4258,0.7269,1,1,1.0747
500,244684.471,934.766,512,1424,598.8056,2223.8999,-2838853.638,-1549440.137,31.23731317,-51.09726055,1412.681,6051.569,0.7429,0.4992,0.0765,1,1,0.3680
501,244683.694,886.965,560,1424,648.5732,2223.8467,-2838618.735,-1549439.886,31.24962265,-51.09725227,1530.133,6051.443,0.6481,0.4406,0.2551,1,1,0.5611
502,244682.907,839.160,608,1424,698.4460,2223.6432,-2838383.335,-1549438.926,31.26195816,-51.09722059,1647.833,6050.963,0.6205,0.2675,0.3887,1,1,0.6715
503,244682.116,791.361,656,1424,747.7431,2223.4596,-2838150.652,-1549438.059,31.27415127,-51.09719202,1764.174,6050.530,0.6582,0.3400,1.0498,1,1,1.3065
504,244681.313,743.557,704,1424,797.7111,2223.3359,-2837914.804,-1549437.475,31.28651030,-51.09717277,1882.098,6050.238,0.6038,0.3991,1.0247,1,1,1.2534
505,244680.509,695.761,752,1424,847.8269,2223.2548,-2837678.257,-1549437.093,31.29890592,-51.09716014,2000.372,6050.046,0.7548,0.3844,0.8239,1,1,1.0223
506,244679.692,647.960,800,1424,897.9236,2223.1658,-2837441.801,-1549436.673,31.31129679,-51.09714629,2118.600,6049.836,0.6529,0.2388,0.6223,1,1,0.7887
507,244678.873,600.166,848,1424,947.7544,2223.0557,-2837206.599,-1549436.153,31.32362191,-51.09712915,2236.200,6049.576,0.5632,0.2938,0.6586,1,1,0.7898
508,244678.041,552.368,896,1424,997.7761,2223.0386,-2836970.497,-1549436.072,31.33599423,-51.09712649,2354.252,6049.536,0.7483,0.3976,0.4650,1,1,0.5562
509,244677.207,504.576,944,1424,1047.6983,2222.9429,-2836734.864,-1549435.620,31.34834196,-51.09711159,2472.068,6049.310,0.7362,0.4576,0.3647,1,1,0.4162
510,244676.361,456.782,992,1424,1097.6028,2222.8963,-2836499.315,-1549435.400,31.36068529,-51.09710433,2589.843,6049.200,0.6615,0.2693,0.2554,1,1,0.2558
511,244644.122,1222.416,224,1472,297.6956,2272.2513,-2840274.877,-1549668.356,31.16283686,-51.10478672,702.062,6165.678,0.6739,0.4371,0.6410,1,1,1.0454
512,244643.386,1174.613,272,1472,348.2028,2272.1316,-2840036.483,-1549667.791,31.17532928,-51.10476809,821.259,6165.396,0.7290,0.4232,0.3462,1,1,0.7061
513,244642.644,1126.814,320,1472,397.7226,2272.1514,-2839802.749,-1549667.885,31.18757745,-51.10477118,938.125,6165.442,0.6649,0.3715,0.8288,1,1,1.2184
514,244641.137,1031.215,416,1472,498.2732,2271.8532,-2839328.150,-1549666.477,31.21244757,-51.10472476,1175.425,6164.739,0.6251,0.5101,0.5037,1,1,0.8501
515,244639.602,935.620,512,1472,598.7044,2271.9214,-2838854.115,-1549666.799,31.23728816,-51.10473537,1412.442,6164.900,0.6619,0.3553,0.0574,1,1,0.3729
516,244638.826,887.826,560,1472,648.2797,2271.7878,-2838620.120,-1549666.168,31.24955006,-51.10471457,1529.440,6164.584,0.6386,0.3545,0.4609,1,1,0.7658
517,244638.038,840.029,608,1472,698.2040,2271.6828,-2838384.477,-1549665.673,31.26189831,-51.10469823,1647.262,6164.336,0.6409,0.3052,0.5089,1,1,0.7898
518,244637.248,792.239,656,1472,747.8857,2271.4806,-2838149.979,-1549664.718,31.27418654,-51.10466675,1764.510,6163.859,0.5331,0.2966,0.7920,1,1,1.0475
519,244636.445,744.442,704,1472,797.2648,2271.2282,-2837916.910,-1549663.527,31.28639992,-51.10462747,1881.045,6163.264,0.6643,0.3804,1.3593,1,1,1.5865
520,244635.641,696.655,752,1472,847.7521,2271.1979,-2837678.610,-1549663.384,31.29888740,-51.10462275,2000.195,6163.192,0.7175,0.4171,0.7790,1,1,0.9764
521,244634.824,648.861,800,1472,897.6441,2271.2145,-2837443.120,-1549663.463,31.31122765,-51.10462534,2117.940,6163.231,0.6235,0.3013,0.7349,1,1,0.8968
522,244633.173,553.285,896,1472,997.7648,2270.9900,-2836970.550,-1549662.403,31.33599144,-51.10459040,2354.225,6162.701,0.6633,0.3030,0.3251,1,1,0.4208
523,244632.340,505.504,944,1472,1047.3230,2270.8399,-2836736.635,-1549661.694,31.34824913,-51.10456702,2471.182,6162.347,0.6983,0.3402,0.5757,1,1,0.6286
524,244631.494,457.715,992,1472,1097.2985,2270.7509,-2836500.751,-1549661.274,31.36061003,-51.10455317,2589.124,6162.137,0.6794,0.3217,0.3901,1,1,0.4051
525,244599.251,1223.226,224,1520,297.4145,2320.0708,-2840276.203,-1549894.064,31.16276734,-51.11223010,701.398,6278.532,0.6854,0.4557,0.9467,1,1,1.3446
526,244598.515,1175.433,272,1520,347.9027,2320.1364,-2840037.899,-1549894.374,31.17525503,-51.11224031,820.550,6278.687,0.7480,0.4230,0.5525,1,1,0.9419
527,244597.023,1079.849,368,1520,448.1121,2319.9831,-2839564.911,-1549893.650,31.20004076,-51.11221645,1057.045,6278.325,0.5444,0.3385,0.5134,1,1,0.8809
528,244595.503,984.269,464,1520,548.3770,2319.8401,-2839091.660,-1549892.975,31.22484021,-51.11219419,1293.670,6277.988,0.6904,0.4287,0.3408,1,1,0.6690
529,244594.730,936.480,512,1520,597.9822,2319.7658,-2838857.524,-1549892.625,31.23710951,-51.11218262,1410.738,6277.812,0.6254,0.4328,0.6955,1,1,1.0202
530,244593.954,888.693,560,1520,648.4590,2319.6041,-2838619.273,-1549891.861,31.24959442,-51.11215745,1529.863,6277.431,0.5785,0.2735,0.3140,1,1,0.5782
531,244593.166,840.905,608,1520,698.7257,2319.7279,-2838382.015,-1549892.446,31.26202733,-51.11217672,1648.493,6277.723,0.6750,0.4382,0.1375,1,1,0.1805
532,244592.376,793.121,656,1520,747.2520,2319.0730,-2838152.971,-1549889.354,31.27402979,-51.11207478,1763.015,6276.177,0.6876,0.5325,1.4111,1,1,1.6631
533,244591.573,745.335,704,1520,797.7382,2319.3306,-2837914.676,-1549890.570,31.28651702,-51.11211488,1882.162,6276.785,0.6509,0.4471,0.7465,1,1,0.9722
534,244590.768,697.553,752,1520,847.4127,2319.0167,-2837680.212,-1549889.089,31.29880346,-51.11206602,1999.394,6276.044,0.7194,0.5445,1.0265,1,1,1.2217
535,244589.951,649.771,800,1520,897.6730,2319.0970,-2837442.983,-1549889.468,31.31123481,-51.11207852,2118.008,6276.234,0.6765,0.5038,0.5926,1,1,0.7562
536,244589.132,601.991,848,1520,947.5562,2319.1238,-2837207.535,-1549889.595,31.32357289,-51.11208270,2235.733,6276.297,0.6636,0.3710,0.5142,1,1,0.6396
537,244588.300,554.211,896,1520,997.5917,2319.0282,-2836971.367,-1549889.143,31.33594863,-51.11206781,2353.816,6276.072,0.7468,0.3849,0.3052,1,1,0.3962
538,244587.466,506.433,944,1520,1047.1384,2318.8573,-2836737.507,-1549888.337,31.34820347,-51.11204122,2470.747,6275.668,0.7074,0.3503,0.5657,1,1,0.6150
539,244586.620,458.658,992,1520,1097.3660,2318.7809,-2836500.433,-1549887.976,31.36062672,-51.11202932,2589.284,6275.488,0.6799,0.3728,0.1370,1,1,0.1713
540,244554.360,1224.041,224,1568,297.5954,2368.2699,-2840275.350,-1550121.564,31.16281208,-51.11973255,701.825,6392.282,0.6113,0.3889,0.6783,1,1,1.0805
541,244553.624,1176.257,272,1568,347.5814,2368.1845,-2840039.416,-1550121.161,31.17517559,-51.11971926,819.792,6392.080,0.5571,0.2759,0.7982,1,1,1.1933
542,244550.613,985.126,464,1568,548.1851,2367.8872,-2839092.566,-1550119.758,31.22479275,-51.11967300,1293.217,6391.379,0.6774,0.3759,0.4069,1,1,0.7466
543,244549.840,937.341,512,1568,598.1680,2367.7537,-2838856.647,-1550119.127,31.23715546,-51.11965220,1411.176,6391.064,0.5777,0.3085,0.4354,1,1,0.7537
544,244549.063,889.567,560,1568,648.1482,2367.7376,-2838620.741,-1550119.052,31.24951753,-51.11964971,1529.130,6391.026,0.5581,0.1849,0.3980,1,1,0.6992
545,244548.275,841.783,608,1568,698.3396,2367.6182,-2838383.837,-1550118.488,31.26193183,-51.11963111,1647.581,6390.744,0.6262,0.3378,0.1972,1,1,0.4599
546,244547.485,794.011,656,1568,748.1435,2367.5479,-2838148.762,-1550118.156,31.27425031,-51.11962017,1765.119,6390.578,0.7118,0.5126,0.2833,1,1,0.5345
547,244546.682,746.229,704,1568,797.7513,2367.4181,-2837914.614,-1550117.543,31.28652026,-51.11959996,1882.193,6390.272,0.6897,0.5523,0.5741,1,1,0.7971
548,244545.878,698.460,752,1568,847.8165,2367.2170,-2837678.306,-1550116.594,31.29890334,-51.11956867,2000.347,6389.797,0.6775,0.4818,0.4393,1,1,0.6308
549,244545.061,650.680,800,1568,897.3977,2366.9885,-2837444.283,-1550115.516,31.31116672,-51.11953310,2117.359,6389.258,0.6131,0.3107,0.7395,1,1,0.9009
550,244544.242,602.914,848,1568,947.6293,2367.1164,-2837207.190,-1550116.119,31.32359096,-51.11955300,2235.905,6389.560,0.5853,0.2488,0.2790,1,1,0.4065
551,244543.410,555.137,896,1568,997.6004,2367.1186,-2836971.326,-1550116.130,31.33595078,-51.11955336,2353.837,6389.565,0.6586,0.2202,0.1019,1,1,0.1806
552,244542.576,507.374,944,1568,1047.3641,2366.8419,-2836736.441,-1550114.824,31.34825930,-51.11951027,2471.279,6388.912,0.6073,0.2222,0.1938,1,1,0.2575
553,244541.730,459.600,992,1568,1097.3071,2366.8598,-2836500.710,-1550114.908,31.36061217,-51.11951307,2589.145,6388.954,0.6188,0.3377,0.0452,1,1,0.0777
554,244509.468,1224.864,224,1616,297.3257,2416.1713,-2840276.623,-1550347.659,31.16274537,-51.12718868,701.189,6505.329,0.5907,0.3821,0.9299,1,1,1.3291
555,244505.720,985.988,464,1616,548.0849,2415.8877,-2839093.039,-1550346.320,31.22476796,-51.12714454,1292.980,6504.660,0.7186,0.4554,0.4136,1,1,0.7517
556,244504.946,938.217,512,1616,597.7770,2415.7479,-2838858.493,-1550345.660,31.23705876,-51.12712278,1410.254,6504.330,0.7477,0.4569,0.7056,1,1,1.0260
557,244504.170,890.446,560,1616,647.3785,2415.5909,-2838624.373,-1550344.919,31.24932717,-51.12709834,1527.313,6503.960,0.6940,0.2870,1.0691,1,1,1.3681
558,244503.381,842.676,608,1616,697.9519,2415.6970,-2838385.667,-1550345.420,31.26183595,-51.12711485,1646.667,6504.210,0.6803,0.3533,0.4065,1,1,0.6798
559,244502.591,794.907,656,1616,748.0213,2415.6775,-2838149.339,-1550345.328,31.27422007,-51.12711182,1764.830,6504.164,0.7933,0.6375,0.2513,1,1,0.4896
560,244501.788,747.140,704,1616,798.0925,2415.2550,-2837913.003,-1550343.333,31.28660464,-51.12704605,1882.998,6503.167,0.6877,0.3949,0.2983,1,1,0.4591
561,244500.983,699.373,752,1616,847.5870,2415.2924,-2837679.389,-1550343.510,31.29884658,-51.12705188,1999.805,6503.255,0.8110,0.6182,0.4712,1,1,0.6623
562,244500.165,651.608,800,1616,898.0485,2415.1100,-2837441.211,-1550342.649,31.31132768,-51.12702348,2118.894,6502.825,0.7094,0.3775,0.2720,1,1,0.2847
563,244499.346,603.845,848,1616,947.4995,2414.9411,-2837207.802,-1550341.852,31.32355886,-51.12699719,2235.599,6502.426,0.6433,0.2650,0.3435,1,1,0.4630
564,244498.514,556.083,896,1616,997.4034,2414.9021,-2836972.256,-1550341.668,31.33590205,-51.12699111,2353.372,6502.334,0.6905,0.3708,0.2228,1,1,0.3115
565,244497.680,508.321,944,1616,1047.3134,2414.8119,-2836736.681,-1550341.242,31.34824676,-51.12697708,2471.160,6502.121,0.7078,0.3271,0.1657,1,1,0.2205
566,244496.834,460.562,992,1616,1097.1116,2414.8864,-2836501.633,-1550341.594,31.36056381,-51.12698867,2588.683,6502.297,0.6599,0.4070,0.0687,1,1,0.0748
567,244464.519,1225.750,224,1664,296.8003,2464.3458,-2840279.103,-1550575.042,31.16261542,-51.13468731,699.949,6619.021,0.6859,0.6011,1.3755,1,1,1.7704
568,244463.783,1177.985,272,1664,347.4765,2464.2598,-2840039.911,-1550574.636,31.17514964,-51.13467392,819.545,6618.818,0.5840,0.5135,0.7888,1,1,1.1783
569,244463.040,1130.215,320,1664,398.0059,2464.2232,-2839801.412,-1550574.463,31.18764753,-51.13466822,938.794,6618.732,0.6355,0.5004,0.3216,1,1,0.7020
570,244462.291,1082.453,368,1664,447.4306,2464.0226,-2839568.128,-1550573.516,31.19987219,-51.13463700,1055.436,6618.258,0.5982,0.2964,0.9486,1,1,1.3167
571,244461.531,1034.684,416,1664,497.8615,2464.0495,-2839330.094,-1550573.644,31.21234575,-51.13464119,1174.453,6618.322,0.6417,0.3997,0.5228,1,1,0.8753
572,244460.768,986.925,464,1664,547.6303,2464.0176,-2839095.185,-1550573.493,31.22465551,-51.13463623,1291.907,6618.247,0.5981,0.3331,0.7453,1,1,1.0758
573,244459.994,939.157,512,1664,597.7881,2463.8661,-2838858.440,-1550572.778,31.23706152,-51.13461264,1410.280,6617.889,0.7919,0.5788,0.5644,1,1,0.8803
574,244459.218,891.401,560,1664,647.0202,2463.7527,-2838626.065,-1550572.243,31.24923854,-51.13459500,1526.468,6617.621,0.8047,0.5305,1.2813,1,1,1.5727
575,244458.429,843.633,608,1664,697.6697,2463.8128,-2838386.999,-1550572.527,31.26176615,-51.13460435,1646.001,6617.763,0.6712,0.3504,0.5612,1,1,0.8180
576,244457.638,795.880,656,1664,747.0710,2463.4383,-2838153.825,-1550570.759,31.27398502,-51.13454605,1762.588,6616.879,0.7504,0.4388,1.0792,1,1,1.3247
577,244456.835,748.115,704,1664,798.1152,2463.5586,-2837912.896,-1550571.327,31.28661026,-51.13456478,1883.052,6617.163,0.6596,0.3825,0.1041,1,1,0.1161
578,244456.029,700.365,752,1664,847.4831,2463.0943,-2837679.880,-1550569.135,31.29882087,-51.13449251,1999.560,6616.068,0.6694,0.3766,0.5132,1,1,0.6951
579,244455.211,652.602,800,1664,897.2853,2463.0759,-2837444.813,-1550569.048,31.31113892,-51.13448965,2117.093,6616.024,0.5825,0.3577,0.4889,1,1,0.6458
580,244454.391,604.854,848,1664,947.4322,2462.9399,-2837208.120,-1550568.406,31.32354220,-51.13446848,2235.440,6615.703,0.5961,0.2831,0.2789,1,1,0.3830
581,244453.559,557.095,896,1664,997.1207,2462.9654,-2836973.590,-1550568.526,31.33583214,-51.13447244,2352.705,6615.763,0.5971,0.2172,0.2310,1,1,0.3209
582,244452.725,509.349,944,1664,1047.0889,2462.9321,-2836737.740,-1550568.370,31.34819123,-51.13446726,2470.630,6615.685,0.6220,0.2757,0.0338,1,1,0.0934
583,244451.878,461.594,992,1664,1096.9078,2462.8973,-2836502.595,-1550568.205,31.36051339,-51.13446185,2588.202,6615.603,0.6043,0.2644,0.0914,1,1,0.0881
584,244419.555,1226.664,224,1712,296.8731,2512.3047,-2840278.759,-1550801.408,31.16263342,-51.14215238,700.120,6732.204,0.6904,0.5692,1.2595,1,1,1.6528
585,244418.820,1178.902,272,1712,347.0615,2512.2204,-2840041.870,-1550801.010,31.17504697,-51.14213926,818.565,6732.005,0.5888,0.2829,1.1474,1,1,1.5335
586,244418.076,1131.146,320,1712,397.7431,2512.2934,-2839802.652,-1550801.355,31.18758254,-51.14215063,938.174,6732.178,0.6451,0.4446,0.5100,1,1,0.8806
587,244417.328,1083.386,368,1712,447.3291,2512.0777,-2839568.607,-1550800.337,31.19984710,-51.14211706,1055.197,6731.668,0.7343,0.4556,0.9603,1,1,1.3242
588,244416.569,1035.631,416,1712,497.4597,2511.9880,-2839331.990,-1550799.913,31.21224635,-51.14210309,1173.505,6731.457,0.7427,0.5282,0.8383,1,1,1.1881
589,244415.806,987.874,464,1712,547.0655,2512.0224,-2839097.851,-1550800.076,31.22451581,-51.14210844,1290.575,6731.538,0.7360,0.4436,1.2084,1,1,1.5342
590,244415.033,940.120,512,1712,597.0709,2511.9964,-2838861.825,-1550799.953,31.23688413,-51.14210440,1408.587,6731.477,0.7373,0.4051,1.1669,1,1,1.4692
591,244414.257,892.366,560,1712,647.4123,2511.8337,-2838624.214,-1550799.185,31.24933552,-51.14207907,1527.393,6731.093,0.7741,0.5907,0.7626,1,1,1.0480
592,244413.468,844.614,608,1712,697.4258,2511.7166,-2838388.150,-1550798.632,31.26170581,-51.14206084,1645.425,6730.816,0.7527,0.4255,0.6659,1,1,0.9290
593,244412.678,796.862,656,1712,747.4704,2511.7059,-2838151.940,-1550798.582,31.27408381,-51.14205918,1763.530,6730.791,0.7599,0.4778,0.5208,1,1,0.7474
594,244411.875,749.112,704,1712,796.6541,2511.4889,-2837919.793,-1550797.558,31.28624888,-51.14202540,1879.604,6730.279,0.7458,0.4604,1.2034,1,1,1.4106
595,244411.070,701.364,752,1712,847.2607,2511.2823,-2837680.929,-1550796.583,31.29876588,-51.14199325,1999.035,6729.791,0.5603,0.2446,0.4650,1,1,0.6508
596,244410.252,653.615,800,1712,897.0908,2511.1894,-2837445.731,-1550796.144,31.31109080,-51.14197878,2116.634,6729.572,0.5094,0.4015,0.4565,1,1,0.6090
597,244409.433,605.870,848,1712,947.2829,2510.9604,-2837208.825,-1550795.063,31.32350529,-51.14194314,2235.088,6729.032,0.5419,0.2566,0.2375,1,1,0.3343
598,244408.601,558.124,896,1712,996.7281,2511.2132,-2836975.444,-1550796.256,31.33573501,-51.14198249,2351.778,6729.628,0.6206,0.2447,0.4128,1,1,0.4611
599,244407.767,510.381,944,1712,1047.1731,2511.0068,-2836737.343,-1550795.282,31.34821206,-51.14195035,2470.829,6729.141,0.7747,0.5069,0.3021,1,1,0.2725
600,244406.921,462.638,992,1712,1096.5107,2511.0734,-2836504.470,-1550795.596,31.36041516,-51.14196072,2587.265,6729.298,0.7796,0.4852,0.2619,1,1,0.2080
601,244374.731,1227.476,224,1760,297.9913,2560.6481,-2840273.481,-1551029.589,31.16291001,-51.14967731,702.760,6846.295,0.6362,0.4420,0.2379,1,1,0.4862
602,244374.000,1179.725,272,1760,347.2119,2560.1327,-2840041.160,-1551027.156,31.17508418,-51.14959708,818.920,6845.078,0.6807,0.3475,0.9498,1,1,1.3344
603,244373.261,1131.969,320,1760,397.5065,2560.3147,-2839803.769,-1551028.015,31.18752401,-51.14962541,937.615,6845.508,0.5913,0.2514,0.6734,1,1,1.0377
604,244372.516,1084.217,368,1760,447.5390,2560.2011,-2839567.616,-1551027.479,31.19989900,-51.14960772,1055.692,6845.239,0.6181,0.3484,0.6581,1,1,1.0128
605,244371.761,1036.465,416,1760,497.3251,2559.9454,-2839332.626,-1551026.272,31.21221306,-51.14956793,1173.187,6844.636,0.5969,0.2783,0.8809,1,1,1.2284
606,244371.003,988.713,464,1760,547.4573,2559.9077,-2839096.002,-1551026.094,31.22461272,-51.14956206,1291.499,6844.547,0.6750,0.3156,0.7159,1,1,1.0458
607,244370.234,940.965,512,1760,597.2189,2559.8758,-2838861.127,-1551025.944,31.23692071,-51.14955710,1408.936,6844.472,0.7127,0.4080,0.8989,1,1,1.2056
608,244369.462,893.213,560,1760,647.4299,2559.7911,-2838624.131,-1551025.544,31.24933987,-51.14954391,1527.435,6844.272,0.7778,0.6111,0.6159,1,1,0.9015
609,244368.677,845.469,608,1760,697.5670,2559.8326,-2838387.484,-1551025.740,31.26174075,-51.14955037,1645.758,6844.370,0.7824,0.5408,0.3997,1,1,0.6402
610,244367.891,797.718,656,1760,747.1309,2559.6879,-2838153.542,-1551025.057,31.27399984,-51.14952785,1762.729,6844.029,0.7458,0.5483,0.7062,1,1,0.9321
611,244367.092,749.977,704,1760,797.5891,2559.4524,-2837915.380,-1551023.945,31.28648012,-51.14949119,1881.810,6843.473,0.7368,0.5163,0.1218,1,1,0.3342
612,244366.291,702.228,752,1760,846.8444,2559.4226,-2837682.894,-1551023.805,31.29866291,-51.14948656,1998.053,6843.402,0.6445,0.3425,0.6878,1,1,0.8588
613,244365.477,654.491,800,1760,897.1672,2559.1935,-2837445.371,-1551022.723,31.31110971,-51.14945088,2116.815,6842.862,0.5760,0.2795,0.2066,1,1,0.3585
614,244364.663,606.743,848,1760,947.2085,2559.0432,-2837209.176,-1551022.014,31.32348689,-51.14942749,2234.912,6842.507,0.6186,0.2416,0.1537,1,1,0.2040
615,244363.835,559.009,896,1760,996.9000,2559.0463,-2836974.632,-1551022.028,31.33577754,-51.14942797,2352.184,6842.514,0.6539,0.2859,0.0199,1,1,0.1060
616,244363.005,511.264,944,1760,1046.8718,2558.9908,-2836738.765,-1551021.766,31.34813753,-51.14941933,2470.118,6842.383,0.6525,0.3278,0.2196,1,1,0.1923
617,244362.163,463.532,992,1760,1096.8079,2558.9285,-2836503.067,-1551021.472,31.36048869,-51.14940963,2587.967,6842.236,0.7195,0.3989,0.4392,1,1,0.4496
618,244330.740,1275.952,176,1808,246.9743,2608.2528,-2840514.281,-1551254.283,31.15029149,-51.15708725,582.359,6958.642,0.7968,0.6427,0.9938,1,1,1.3878
619,244330.015,1228.208,224,1808,297.1129,2608.1635,-2840277.627,-1551253.862,31.16269272,-51.15707335,700.686,6958.431,0.6129,0.3712,0.9364,1,1,1.3249
620,244329.285,1180.458,272,1808,347.6073,2608.1865,-2840039.294,-1551253.970,31.17518197,-51.15707693,819.853,6958.485,0.7955,0.4677,0.4845,1,1,0.8649
621,244328.544,1132.716,320,1808,397.0500,2607.9843,-2839805.924,-1551253.016,31.18741110,-51.15704544,936.538,6958.008,0.6922,0.3849,1.0826,1,1,1.4541
622,244327.800,1084.967,368,1808,447.6632,2608.0346,-2839567.030,-1551253.253,31.19992973,-51.15705328,1055.985,6958.127,0.5952,0.2167,0.4633,1,1,0.8222
623,244327.044,1037.227,416,1808,497.7677,2607.9050,-2839330.536,-1551252.641,31.21232254,-51.15703310,1174.232,6957.821,0.7295,0.3942,0.3702,1,1,0.7087
624,244326.286,989.479,464,1808,547.6170,2607.9671,-2839095.248,-1551252.935,31.22465224,-51.15704278,1291.876,6957.967,0.7531,0.5310,0.4364,1,1,0.7614
625,244325.516,941.742,512,1808,597.7193,2607.8992,-2838858.765,-1551252.614,31.23704448,-51.15703220,1410.117,6957.807,0.6401,0.3383,0.2729,1,1,0.5777
626,244324.744,893.996,560,1808,647.8236,2607.7764,-2838622.273,-1551252.035,31.24943724,-51.15701310,1528.364,6957.517,0.6618,0.3764,0.0916,1,1,0.3792
627,244323.959,846.261,608,1808,697.7538,2607.6942,-2838386.602,-1551251.646,31.26178695,-51.15700029,1646.199,6957.323,0.5399,0.2853,0.0525,1,1,0.3167
628,244323.172,798.518,656,1808,748.2182,2607.6176,-2838148.410,-1551251.285,31.27426878,-51.15698838,1765.295,6957.143,0.6472,0.4623,0.5425,1,1,0.3232
629,244322.373,750.784,704,1808,796.8077,2607.1515,-2837919.068,-1551249.085,31.28628687,-51.15691582,1879.966,6956.042,0.7297,0.5606,0.7989,1,1,1.0087
630,244321.572,703.044,752,1808,846.7872,2607.0313,-2837683.165,-1551248.518,31.29864875,-51.15689712,1997.918,6955.759,0.6164,0.4706,0.6716,1,1,0.8503
631,244320.758,655.312,800,1808,897.0794,2607.0290,-2837445.785,-1551248.507,31.31108800,-51.15689675,2116.607,6955.753,0.7307,0.2883,0.2657,1,1,0.3842
632,244319.942,607.576,848,1808,947.1174,2607.0363,-2837209.606,-1551248.541,31.32346434,-51.15689789,2234.697,6955.771,0.6968,0.3457,0.2232,1,1,0.2130
633,244319.115,559.845,896,1808,996.8214,2606.9462,-2836975.003,-1551248.116,31.33575810,-51.15688387,2351.998,6955.558,0.6559,0.3787,0.1631,1,1,0.1776
634,244318.284,512.114,944,1808,1046.8266,2606.8268,-2836738.978,-1551247.553,31.34812635,-51.15686528,2470.011,6955.276,0.6472,0.4545,0.4068,1,1,0.4068
635,244317.442,464.383,992,1808,1095.7719,2606.4421,-2836507.957,-1551245.737,31.36023243,-51.15680541,2585.522,6954.368,0.7572,0.5995,0.5240,1,1,0.5453
636,244285.228,1228.972,224,1856,297.1462,2656.0527,-2840277.470,-1551479.899,31.16270096,-51.16452756,700.765,7071.449,0.6807,0.4094,0.8779,1,1,1.2583
637,244284.493,1181.239,272,1856,347.4578,2655.9085,-2840039.999,-1551479.218,31.17514500,-51.16450512,819.500,7071.109,0.6469,0.3342,0.6789,1,1,1.0332
638,244283.749,1133.501,320,1856,397.4368,2655.8846,-2839804.098,-1551479.105,31.18750677,-51.16450140,937.451,7071.053,0.6897,0.3338,0.6789,1,1,1.0339
639,244283.001,1085.769,368,1856,447.5105,2656.0446,-2839567.750,-1551479.860,31.19989197,-51.16452631,1055.625,7071.430,0.6663,0.4251,0.5108,1,1,0.8669
640,244282.242,1038.033,416,1856,497.6670,2655.8996,-2839331.012,-1551479.176,31.21229762,-51.16450374,1173.994,7071.088,0.5977,0.3481,0.3606,1,1,0.6961
641,244281.479,990.303,464,1856,547.8558,2655.8419,-2839094.121,-1551478.904,31.22471129,-51.16449476,1292.440,7070.952,0.6175,0.2576,0.1638,1,1,0.4522
642,244280.706,942.569,512,1856,597.7481,2655.7452,-2838858.629,-1551478.447,31.23705162,-51.16447970,1410.186,7070.724,0.7160,0.5178,0.1867,1,1,0.4683
643,244279.930,894.841,560,1856,648.0807,2655.5931,-2838621.059,-1551477.729,31.24950084,-51.16445602,1528.970,7070.365,0.7796,0.6683,0.3742,1,1,0.2873
644,244279.141,847.109,608,1856,697.0329,2655.2967,-2838390.005,-1551476.331,31.26160864,-51.16440990,1644.498,7069.665,0.8279,0.6811,0.7371,1,1,0.9910
645,244278.350,799.383,656,1856,747.0966,2655.1610,-2838153.704,-1551475.690,31.27399135,-51.16438877,1762.648,7069.345,0.7309,0.4441,0.6017,1,1,0.8176
646,244277.547,751.653,704,1856,797.0495,2655.0659,-2837917.926,-1551475.241,31.28634668,-51.16437397,1880.537,7069.121,0.7290,0.5749,0.5207,1,1,0.7023
647,244276.742,703.929,752,1856,847.1775,2654.9848,-2837681.322,-1551474.858,31.29874530,-51.16436134,1998.839,7068.929,0.6558,0.4702,0.3981,1,1,0.4923
648,244275.925,656.203,800,1856,896.8284,2654.9653,-2837446.970,-1551474.766,31.31102591,-51.16435831,2116.015,7068.883,0.6584,0.3253,0.3328,1,1,0.4552
649,244275.105,608.481,848,1856,946.9203,2654.9925,-2837210.536,-1551474.895,31.32341561,-51.16436255,2234.232,7068.947,0.7132,0.3418,0.2516,1,1,0.2475
650,244274.273,560.758,896,1856,996.7664,2654.9269,-2836975.263,-1551474.585,31.33574449,-51.16435233,2351.869,7068.793,0.5827,0.3649,0.3097,1,1,0.2892
651,244273.439,513.038,944,1856,1047.0532,2654.7892,-2836737.909,-1551473.935,31.34818238,-51.16433089,2470.545,7068.467,0.7346,0.6121,0.8597,1,1,0.8543
652,244272.593,465.319,992,1856,1096.2590,2654.5220,-2836505.658,-1551472.674,31.36035291,-51.16428931,2586.671,7067.837,0.6292,0.4816,0.4461,1,1,0.4989
653,244241.020,1277.567,176,1904,246.9434,2704.1448,-2840514.427,-1551706.893,31.15028386,-51.17201337,582.287,7184.947,0.7526,0.6210,0.9405,1,1,1.3250
654,244240.292,1229.839,224,1904,297.3242,2704.0489,-2840276.630,-1551706.441,31.16274500,-51.17199845,701.185,7184.720,0.5812,0.2405,0.6541,1,1,1.0223
655,244239.557,1182.111,272,1904,347.0454,2704.1151,-2840041.946,-1551706.753,31.17504300,-51.17200876,818.527,7184.877,0.7014,0.3615,0.8878,1,1,1.2624
656,244238.814,1134.383,320,1904,397.6098,2704.0597,-2839803.282,-1551706.492,31.18754956,-51.17200013,937.859,7184.746,0.6752,0.3581,0.3552,1,1,0.7124
657,244238.066,1086.658,368,1904,447.3616,2703.8233,-2839568.453,-1551705.376,31.19985512,-51.17196333,1055.273,7184.188,0.6030,0.3208,0.6340,1,1,0.9760
658,244237.307,1038.931,416,1904,497.5009,2704.0147,-2839331.796,-1551706.279,31.21225655,-51.17199313,1173.602,7184.640,0.6335,0.3434,0.3689,1,1,0.7060
659,244236.545,991.209,464,1904,548.0338,2703.7796,-2839093.280,-1551705.170,31.22475532,-51.17195652,1292.860,7184.085,0.6358,0.1531,0.2999,1,1,0.2903
660,244235.771,943.482,512,1904,597.3799,2703.6698,-2838860.367,-1551704.651,31.23696055,-51.17193943,1409.317,7183.826,0.6015,0.2036,0.4046,1,1,0.7002
661,244234.996,895.764,560,1904,647.1925,2703.3023,-2838625.251,-1551702.917,31.24928115,-51.17188223,1526.874,7182.958,0.6963,0.4265,0.6452,1,1,0.8958
662,244234.207,848.038,608,1904,696.6438,2703.4002,-2838391.841,-1551703.379,31.26151239,-51.17189748,1643.579,7183.190,0.6703,0.3366,0.8952,1,1,1.1528
663,244233.417,800.323,656,1904,746.7506,2703.3723,-2838155.337,-1551703.247,31.27390577,-51.17189313,1761.831,7183.124,0.7662,0.6303,0.6281,1,1,0.8600
664,244232.614,752.599,704,1904,796.8092,2703.2253,-2837919.061,-1551702.553,31.28628724,-51.17187025,1879.970,7182.777,0.6868,0.5313,0.4403,1,1,0.6402
665,244231.810,704.886,752,1904,846.8250,2703.1580,-2837682.986,-1551702.236,31.29865812,-51.17185978,1998.007,7182.618,0.6213,0.2773,0.2594,1,1,0.4183
666,244230.992,657.164,800,1904,896.3087,2702.9177,-2837449.423,-1551701.101,31.31089737,-51.17182237,2114.789,7182.051,0.6822,0.4087,0.5626,1,1,0.7040
667,244230.173,609.454,848,1904,946.2719,2702.8932,-2837213.596,-1551700.986,31.32325524,-51.17181855,2232.702,7181.993,0.7468,0.5536,0.3499,1,1,0.4589
668,244229.342,561.735,896,1904,996.9043,2702.8584,-2836974.612,-1551700.822,31.33577861,-51.17181314,2352.194,7181.911,0.7441,0.4033,0.6730,1,1,0.6408
669,244228.507,514.028,944,1904,1045.7514,2702.8395,-2836744.053,-1551700.732,31.34786041,-51.17181019,2467.473,7181.866,0.7544,0.4863,0.2256,1,1,0.2583
670,244227.662,466.312,992,1904,1095.8517,2702.7165,-2836507.580,-1551700.152,31.36025217,-51.17179105,2585.710,7181.576,0.5624,0.4215,0.2036,1,1,0.2513
671,244196.091,1278.424,176,1952,246.7586,2752.1033,-2840515.299,-1551933.258,31.15023814,-51.17947839,581.850,7298.129,0.7656,0.5580,1.0629,1,1,1.4441
672,244195.364,1230.701,224,1952,297.4108,2752.0362,-2840276.221,-1551932.941,31.16276641,-51.17946795,701.389,7297.971,0.6985,0.3559,0.5238,1,1,0.8741
673,244194.632,1182.980,272,1952,347.0077,2752.0728,-2840042.124,-1551933.114,31.17503367,-51.17947364,818.438,7298.057,0.8523,0.5669,0.8471,1,1,1.2176
674,244193.890,1135.259,320,1952,397.3657,2751.9018,-2839804.434,-1551932.306,31.18748919,-51.17944702,937.283,7297.653,0.7357,0.3530,0.5568,1,1,0.9016
675,244193.144,1087.540,368,1952,447.2426,2751.9491,-2839569.015,-1551932.530,31.19982570,-51.17945438,1054.993,7297.765,0.6350,0.3497,0.5834,1,1,0.9313
676,244192.386,1039.820,416,1952,497.2628,2751.8278,-2839332.920,-1551931.957,31.21219765,-51.17943550,1173.040,7297.479,0.6645,0.2907,0.5329,1,1,0.8638
677,244191.626,992.104,464,1952,547.9657,2751.8097,-2839093.602,-1551931.872,31.22473848,-51.17943269,1292.699,7297.436,0.6429,0.3338,0.3293,1,1,0.2364
678,244190.854,944.386,512,1952,597.1780,2751.6626,-2838861.320,-1551931.178,31.23691061,-51.17940979,1408.840,7297.089,0.5977,0.2578,0.4536,1,1,0.7487
679,244190.081,896.671,560,1952,648.1080,2751.6070,-2838620.930,-1551930.915,31.24950760,-51.17940114,1529.035,7296.958,0.7240,0.5770,0.6640,1,1,0.4501
680,244189.294,848.955,608,1952,696.4959,2751.1824,-2838392.539,-1551928.911,31.26147583,-51.17933503,1643.230,7295.955,0.6635,0.3535,0.9657,1,1,1.2146
681,244188.506,801.242,656,1952,746.7773,2751.4027,-2838155.211,-1551929.951,31.27391237,-51.17936933,1761.894,7296.475,0.7593,0.5798,0.4237,1,1,0.6516
682,244187.704,753.529,704,1952,796.5535,2751.2500,-2837920.267,-1551929.230,31.28622400,-51.17934556,1879.366,7296.115,0.6973,0.4504,0.4800,1,1,0.6799
683,244186.901,705.818,752,1952,846.4307,2751.0453,-2837684.847,-1551928.264,31.29856057,-51.17931369,1997.076,7295.632,0.6638,0.3586,0.4655,1,1,0.6301
684,244186.086,658.108,800,1952,896.3767,2750.9087,-2837449.102,-1551927.619,31.31091419,-51.17929244,2114.949,7295.310,0.7707,0.6118,0.3777,1,1,0.4988
685,244185.268,610.399,848,1952,946.3037,2750.7871,-2837213.446,-1551927.045,31.32326310,-51.17927351,2232.777,7295.022,0.7367,0.6010,0.3441,1,1,0.4146
686,244184.439,562.692,896,1952,996.7769,2750.9173,-2836975.213,-1551927.660,31.33574709,-51.17929378,2351.893,7295.330,0.7840,0.5379,0.7616,1,2,1.1584
687,244183.606,514.984,944,1952,1045.7155,2750.8339,-2836744.223,-1551927.266,31.34785153,-51.17928080,2467.389,7295.133,0.7445,0.5966,0.0590,1,2,0.4091
688,244182.763,467.282,992,1952,1095.7527,2750.7506,-2836508.047,-1551926.873,31.36022768,-51.17926784,2585.476,7294.937,0.5886,0.5121,0.3476,1,2,0.7645
689,244150.514,1231.485,224,2000,297.5662,2800.2378,-2840275.488,-1552160.452,31.16280485,-51.18697079,701.756,7411.726,0.7749,0.5240,0.2042,1,2,0.1471
690,244149.782,1183.774,272,2000,346.9106,2800.1243,-2840042.582,-1552159.916,31.17500965,-51.18695312,818.209,7411.458,0.8189,0.5111,0.8351,1,2,0.7487
691,244149.040,1136.058,320,2000,397.5037,2800.1143,-2839803.782,-1552159.870,31.18752333,-51.18695157,937.609,7411.435,0.7875,0.4878,0.2325,1,2,0.1317
692,244148.294,1088.351,368,2000,447.2494,2799.9121,-2839568.983,-1552158.915,31.19982739,-51.18692009,1055.009,7410.957,0.6796,0.3538,0.4799,1,2,0.2716
693,244147.536,1040.636,416,2000,497.1924,2799.8255,-2839333.252,-1552158.506,31.21218024,-51.18690661,1172.874,7410.753,0.6624,0.3036,0.4777,1,2,0.2305
694,244146.777,992.931,464,2000,547.6929,2799.9310,-2839094.889,-1552159.004,31.22467101,-51.18692303,1292.055,7411.002,0.6648,0.3875,0.1577,1,2,0.4224
695,244146.005,945.217,512,2000,597.4967,2799.6107,-2838859.815,-1552157.493,31.23698944,-51.18687318,1409.592,7410.246,0.6703,0.3425,0.2554,1,2,0.3374
696,244145.231,897.515,560,2000,647.6436,2799.7240,-2838623.122,-1552158.027,31.24939273,-51.18689081,1527.939,7410.514,0.6585,0.4016,0.3404,1,2,0.6494
697,244144.444,849.802,608,2000,696.6625,2799.4820,-2838391.753,-1552156.885,31.26151704,-51.18685314,1643.624,7409.942,0.6402,0.3112,0.5248,1,2,0.1719
698,244143.656,802.103,656,2000,746.6065,2799.3604,-2838156.017,-1552156.311,31.27387013,-51.18683422,1761.491,7409.656,0.6342,0.2970,0.4262,1,2,0.0405
699,244142.854,754.392,704,2000,796.4891,2799.0326,-2837920.572,-1552154.764,31.28620806,-51.18678320,1879.214,7408.882,0.6317,0.3357,0.5164,1,2,0.2542
700,244142.051,706.695,752,2000,846.2518,2798.9985,-2837685.691,-1552154.603,31.29851634,-51.18677788,1996.654,7408.801,0.6238,0.2712,0.4710,1,2,0.1824
701,244141.236,658.987,800,2000,896.5697,2799.1293,-2837448.191,-1552155.221,31.31096193,-51.18679825,2115.405,7409.110,0.6430,0.3277,0.2595,1,2,0.6328
702,244140.418,611.293,848,2000,946.8050,2798.9841,-2837211.081,-1552154.535,31.32338707,-51.18677564,2233.960,7408.767,0.6276,0.4200,0.7478,1,2,1.1363
703,244139.589,563.588,896,2000,996.2649,2798.8363,-2836977.630,-1552153.838,31.33562045,-51.18675264,2350.685,7408.419,0.6884,0.4474,0.5078,1,2,0.8863
704,244138.756,515.895,944,2000,1046.1092,2798.7216,-2836742.365,-1552153.296,31.34794891,-51.18673478,2468.318,7408.148,0.5792,0.4616,0.6519,1,2,1.0405
705,244137.913,468.194,992,2000,1095.9816,2798.7482,-2836506.967,-1552153.421,31.36028430,-51.18673892,2586.017,7408.211,0.6165,0.5186,0.8355,1,2,1.2527
706,244106.391,1279.983,176,2048,247.2754,2848.1300,-2840512.860,-1552386.504,31.15036597,-51.19442548,583.070,7524.752,0.6878,0.5877,0.4537,1,2,0.3733
707,244105.664,1232.278,224,2048,297.7636,2848.1386,-2840274.556,-1552386.544,31.16285367,-51.19442681,702.222,7524.772,0.8052,0.5248,0.2590,1,2,0.1637
708,244104.931,1184.572,272,2048,346.6861,2848.0667,-2840043.642,-1552386.205,31.17495413,-51.19441563,817.679,7524.603,0.7803,0.5233,0.9664,1,2,0.8640
709,244104.189,1136.869,320,2048,397.8787,2848.0791,-2839802.013,-1552386.263,31.18761607,-51.19441756,938.494,7524.632,0.5874,0.1768,0.3014,1,2,0.4059
710,244103.443,1089.166,368,2048,447.3604,2847.9062,-2839568.459,-1552385.447,31.19985483,-51.19439064,1055.270,7524.224,0.6530,0.3605,0.2870,1,2,0.0352
711,244102.684,1041.465,416,2048,497.1957,2847.8381,-2839333.236,-1552385.126,31.21218106,-51.19438004,1172.882,7524.063,0.6853,0.4287,0.3469,1,2,0.0841
712,244101.923,993.765,464,2048,547.4199,2847.6513,-2839096.178,-1552384.244,31.22460346,-51.19435097,1291.411,7523.622,0.6839,0.4199,0.2886,1,2,0.2874
713,244101.149,946.066,512,2048,597.3915,2847.5415,-2838860.312,-1552383.726,31.23696341,-51.19433388,1409.344,7523.363,0.6737,0.3335,0.3243,1,2,0.4062
714,244100.374,898.368,560,2048,647.6932,2847.7757,-2838622.888,-1552384.831,31.24940499,-51.19437033,1528.056,7523.916,0.6508,0.3495,0.5548,1,2,0.8815
715,244099.585,850.671,608,2048,696.6498,2847.4836,-2838391.813,-1552383.453,31.26151388,-51.19432487,1643.593,7523.226,0.6317,0.3251,0.3676,1,2,0.0146
716,244098.795,802.975,656,2048,746.7119,2847.3046,-2838155.520,-1552382.608,31.27389620,-51.19429700,1761.740,7522.804,0.7010,0.4625,0.2550,1,2,0.2739
717,244097.993,755.281,704,2048,796.5000,2847.0205,-2837920.520,-1552381.267,31.28621075,-51.19425279,1879.240,7522.133,0.6688,0.4318,0.4285,1,2,0.3698
718,244097.188,707.587,752,2048,846.4489,2846.9582,-2837684.761,-1552380.973,31.29856509,-51.19424308,1997.119,7521.986,0.6891,0.3189,0.3826,1,2,0.5112
719,244096.371,659.895,800,2048,896.2527,2846.9862,-2837449.687,-1552381.105,31.31088350,-51.19424744,2114.656,7522.052,0.6967,0.3489,0.2724,1,2,0.5414
720,244095.551,612.204,848,2048,946.1703,2846.8978,-2837214.076,-1552380.688,31.32323010,-51.19423369,2232.462,7521.844,0.6589,0.4798,0.3918,1,2,0.7388
721,244094.721,564.515,896,2048,996.4081,2846.8219,-2836976.954,-1552380.330,31.33565587,-51.19422187,2351.023,7521.665,0.6517,0.3633,0.8827,1,2,1.2772
722,244093.886,516.826,944,2048,1046.2253,2846.7197,-2836741.816,-1552379.847,31.34797763,-51.19420596,2468.592,7521.423,0.7865,0.4691,1.0137,1,2,1.4152
723,244093.042,469.141,992,2048,1095.0794,2846.6231,-2836511.225,-1552379.391,31.36006116,-51.19419092,2583.887,7521.195,0.7028,0.4106,0.2303,1,2,0.6113
724,244061.429,1280.881,176,2096,247.0420,2896.2398,-2840513.962,-1552613.582,31.15030825,-51.20191404,582.519,7638.291,0.6477,0.4345,0.5181,1,2,0.4989
725,244060.699,1233.181,224,2096,297.3193,2896.1387,-2840276.653,-1552613.105,31.16274379,-51.20189831,701.174,7638.052,0.6752,0.5680,0.3011,1,2,0.1784
726,244059.966,1185.491,272,2096,346.6765,2896.0754,-2840043.687,-1552612.806,31.17495176,-51.20188846,817.657,7637.903,0.7187,0.5071,0.8676,1,2,0.7586
727,244059.222,1137.792,320,2096,397.3398,2895.9896,-2839804.556,-1552612.401,31.18748278,-51.20187509,937.222,7637.700,0.6447,0.3344,0.2468,1,2,0.0144
728,244058.475,1090.105,368,2096,446.9617,2896.0580,-2839570.341,-1552612.724,31.19975622,-51.20188574,1054.330,7637.862,0.6673,0.3268,0.4678,1,2,0.3259
729,244057.715,1042.406,416,2096,497.2406,2895.8882,-2839333.024,-1552611.922,31.21219217,-51.20185932,1172.988,7637.461,0.7279,0.4916,0.1657,1,2,0.1240
730,244056.954,994.721,464,2096,546.9769,2895.8897,-2839098.269,-1552611.929,31.22449391,-51.20185955,1290.366,7637.465,0.7729,0.6226,0.2677,1,2,0.1525
731,244056.180,947.024,512,2096,597.0908,2895.7366,-2838861.732,-1552611.207,31.23688903,-51.20183572,1408.634,7637.103,0.6713,0.4232,0.0982,1,2,0.2706
732,244055.405,899.342,560,2096,647.2261,2895.7183,-2838625.093,-1552611.120,31.24928947,-51.20183286,1526.954,7637.060,0.6861,0.3525,0.2599,1,2,0.5920
733,244054.616,851.647,608,2096,696.9330,2895.7046,-2838390.476,-1552611.056,31.26158394,-51.20183074,1644.262,7637.028,0.6912,0.4061,0.1546,1,2,0.5345
734,244053.826,803.967,656,2096,746.9101,2895.4040,-2838154.585,-1552609.637,31.27394522,-51.20178395,1762.208,7636.319,0.7789,0.6081,0.3344,1,2,0.6667
735,244053.023,756.275,704,2096,796.1199,2895.1601,-2837922.314,-1552608.485,31.28611675,-51.20174597,1878.343,7635.743,0.7922,0.6030,0.3745,1,2,0.1400
736,244052.218,708.596,752,2096,846.7023,2895.2106,-2837683.565,-1552608.724,31.29862776,-51.20175384,1997.717,7635.862,0.7282,0.4119,0.5674,1,2,0.9491
737,244051.401,660.908,800,2096,896.0253,2895.0170,-2837450.761,-1552607.810,31.31082727,-51.20172370,2114.120,7635.405,0.7787,0.4444,0.2351,1,2,0.5431
738,244050.581,613.230,848,2096,946.3741,2894.9338,-2837213.114,-1552607.417,31.32328051,-51.20171075,2232.943,7635.209,0.7389,0.4785,0.7911,1,2,1.1847
739,244049.750,565.546,896,2096,995.6118,2895.0205,-2836980.712,-1552607.827,31.33545891,-51.20172424,2349.144,7635.413,0.8577,0.6289,0.3245,1,2,0.7680
740,244048.915,517.870,944,2096,1045.9028,2894.8781,-2836743.339,-1552607.155,31.34789785,-51.20170209,2467.831,7635.077,0.5649,0.3137,0.9418,1,2,1.3716
741,244016.448,1281.798,176,2144,246.8839,2944.4097,-2840514.708,-1552840.944,31.15026912,-51.20941195,582.146,7751.972,0.6737,0.3825,0.5525,1,2,0.5942
742,244015.719,1234.113,224,2144,297.1858,2944.2632,-2840277.283,-1552840.252,31.16271077,-51.20938915,700.859,7751.626,0.6405,0.5441,0.2589,1,2,0.2406
743,244014.986,1186.424,272,2144,346.6990,2944.1301,-2840043.581,-1552839.624,31.17495732,-51.20936843,817.710,7751.312,0.6784,0.4561,0.7221,1,2,0.6201
744,244014.243,1138.740,320,2144,397.0935,2944.1386,-2839805.719,-1552839.664,31.18742185,-51.20936977,936.641,7751.332,0.6697,0.3401,0.2718,1,2,0.2059
745,244013.496,1091.054,368,2144,446.8737,2944.0849,-2839570.756,-1552839.411,31.19973446,-51.20936139,1054.122,7751.205,0.7234,0.4845,0.4194,1,2,0.3033
746,244012.737,1043.371,416,2144,496.9759,2944.0061,-2839334.274,-1552839.039,31.21212671,-51.20934913,1172.363,7751.019,0.6241,0.4184,0.2249,1,2,0.1950
747,244011.976,995.688,464,2144,546.5898,2944.0118,-2839100.096,-1552839.066,31.22439816,-51.20935002,1289.452,7751.033,0.6459,0.5355,0.5061,1,2,0.3765
748,244011.202,948.006,512,2144,597.2235,2943.7310,-2838861.105,-1552837.740,31.23692185,-51.20930631,1408.947,7750.370,0.6349,0.5272,0.2883,1,2,0.5704
749,244010.427,900.325,560,2144,646.9269,2943.9093,-2838626.505,-1552838.582,31.24921546,-51.20933407,1526.247,7750.791,0.6838,0.4038,0.2341,1,2,0.5873
750,244009.639,852.645,608,2144,696.8206,2943.7688,-2838391.007,-1552837.919,31.26155613,-51.20931220,1643.997,7750.459,0.7251,0.5153,0.2611,1,2,0.6458
751,244008.849,804.967,656,2144,747.5034,2943.8710,-2838151.784,-1552838.401,31.27409198,-51.20932810,1763.608,7750.701,0.6740,0.3184,1.1582,1,2,1.5585
752,244008.046,757.288,704,2144,796.1524,2943.2665,-2837922.161,-1552835.548,31.28612479,-51.20923402,1878.420,7749.274,0.7395,0.4472,0.1458,1,2,0.3603
753,244007.242,709.612,752,2144,846.0962,2943.2708,-2837686.426,-1552835.568,31.29847784,-51.20923467,1996.287,7749.284,0.6095,0.3168,0.1765,1,2,0.5863
754,244006.425,661.936,800,2144,895.9043,2943.2131,-2837451.332,-1552835.296,31.31079734,-51.20922569,2113.834,7749.148,0.6310,0.2773,0.2561,1,2,0.6898
755,244005.605,614.263,848,2144,946.2110,2943.0152,-2837213.884,-1552834.362,31.32324015,-51.20919489,2232.558,7748.681,0.7454,0.4293,0.8592,1,2,1.2752
756,244004.775,566.590,896,2144,995.5306,2943.1090,-2836981.095,-1552834.804,31.33543884,-51.20920949,2348.952,7748.902,0.6981,0.4159,0.5184,1,2,0.9700
757,243971.441,1282.717,176,2192,247.1552,2992.6932,-2840513.427,-1553068.842,31.15033625,-51.21692755,582.786,7865.921,0.6817,0.2090,0.3484,1,2,0.5354
758,243970.711,1235.033,224,2192,296.2294,2992.3266,-2840281.797,-1553067.112,31.16247421,-51.21687049,698.601,7865.056,0.7057,0.4180,1.0978,1,2,1.0639
759,243969.979,1187.359,272,2192,347.0911,2992.2765,-2840041.730,-1553066.875,31.17505430,-51.21686269,818.635,7864.937,0.5633,0.2702,0.2033,1,2,0.2543
760,243969.234,1139.676,320,2192,396.5748,2992.3682,-2839808.167,-1553067.308,31.18729357,-51.21687697,935.417,7865.154,0.6580,0.3668,0.6904,1,2,0.6524
761,243968.487,1092.004,368,2192,446.6834,2992.1558,-2839571.654,-1553066.306,31.19968738,-51.21684391,1053.673,7864.653,0.6952,0.4582,0.4761,1,2,0.3929
762,243967.728,1044.323,416,2192,496.5511,2992.2086,-2839336.279,-1553066.555,31.21202162,-51.21685212,1171.361,7864.777,0.6427,0.4408,0.5448,1,2,0.4945
763,243966.967,996.653,464,2192,546.5487,2992.0844,-2839100.290,-1553065.968,31.22438801,-51.21683279,1289.355,7864.484,0.5689,0.4241,0.4189,1,2,0.3943
764,243966.193,948.974,512,2192,596.9048,2991.9804,-2838862.609,-1553065.477,31.23684304,-51.21681660,1408.195,7864.239,0.5463,0.4124,0.2196,1,2,0.5584
765,243965.418,901.305,560,2192,646.7067,2991.9882,-2838627.544,-1553065.515,31.24916101,-51.21681783,1525.728,7864.257,0.6458,0.3235,0.3004,1,2,0.6313
766,243964.629,853.629,608,2192,696.6896,2991.8910,-2838391.625,-1553065.055,31.26152373,-51.21680268,1643.687,7864.028,0.7053,0.5090,0.3992,1,2,0.7810
767,243963.839,805.962,656,2192,746.7475,2991.8389,-2838155.352,-1553064.810,31.27390502,-51.21679458,1761.824,7863.905,0.7269,0.4065,0.6478,1,2,1.0558
768,243963.036,758.289,704,2192,796.2687,2991.6037,-2837921.612,-1553063.700,31.28615355,-51.21675797,1878.694,7863.350,0.7144,0.4735,0.3761,1,2,0.7982
769,243962.231,710.623,752,2192,845.8001,2991.4715,-2837687.824,-1553063.076,31.29840460,-51.21673740,1995.588,7863.038,0.6320,0.4137,0.2136,1,2,0.6224
770,243961.415,662.953,800,2192,895.9759,2991.3156,-2837450.994,-1553062.340,31.31081505,-51.21671313,2114.003,7862.670,0.6495,0.2308,0.5836,1,2,1.0260
771,243960.595,615.289,848,2192,945.7092,2991.2306,-2837216.253,-1553061.938,31.32311604,-51.21669989,2231.374,7862.469,0.6571,0.2962,0.6301,1,2,1.0804
772,243959.764,567.624,896,2192,995.4495,2991.0076,-2836981.478,-1553060.886,31.33541877,-51.21666519,2348.761,7861.943,0.6435,0.3430,0.6790,1,2,1.1228
773,243958.929,519.961,944,2192,1045.0907,2990.9852,-2836747.172,-1553060.780,31.34769698,-51.21666170,2465.914,7861.890,0.6050,0.3655,0.6892,1,2,1.1425
774,243926.418,1283.630,176,2240,247.0222,3040.8136,-2840514.055,-1553295.970,31.15030333,-51.22441777,582.472,7979.485,0.7647,0.3647,0.4805,1,2,0.6712
775,243925.689,1235.959,224,2240,296.7086,3040.8393,-2840279.535,-1553296.092,31.16259273,-51.22442177,699.732,7979.546,0.7180,0.4428,0.7330,1,2,0.8602
776,243924.957,1188.288,272,2240,347.1260,3040.6575,-2840041.566,-1553295.234,31.17506292,-51.22439347,818.717,7979.117,0.7587,0.5506,0.4302,1,2,0.6350
777,243924.213,1140.618,320,2240,397.0446,3040.6113,-2839805.950,-1553295.015,31.18740976,-51.22438628,936.525,7979.008,0.7176,0.5453,0.4671,1,2,0.6716
778,243923.466,1092.950,368,2240,446.5169,3040.3121,-2839572.440,-1553293.603,31.19964619,-51.22433970,1053.280,7978.302,0.7392,0.6473,0.5497,1,2,0.5352
779,243922.707,1045.281,416,2240,496.1902,3040.0825,-2839337.982,-1553292.519,31.21193237,-51.22430396,1170.509,7977.760,0.7503,0.6262,0.7102,1,2,0.5583
780,243921.947,997.616,464,2240,546.1940,3040.0513,-2839101.964,-1553292.372,31.22430027,-51.22429910,1288.518,7977.686,0.6817,0.5396,0.5859,1,2,0.4652
781,243921.173,949.948,512,2240,596.4694,3039.9157,-2838864.664,-1553291.732,31.23673534,-51.22427800,1407.168,7977.366,0.7027,0.4562,0.1793,1,2,0.3605
782,243920.398,902.285,560,2240,646.2148,3039.9448,-2838629.866,-1553291.869,31.24903934,-51.22428253,1524.567,7977.435,0.6927,0.4453,0.3223,1,2,0.4592
783,243919.610,854.619,608,2240,696.4674,3039.7780,-2838392.674,-1553291.082,31.26146876,-51.22425657,1643.163,7977.041,0.7042,0.4337,0.3194,1,2,0.7133
784,243918.821,806.959,656,2240,746.0033,3039.8594,-2838158.864,-1553291.466,31.27372094,-51.22426924,1760.068,7977.233,0.6782,0.3570,0.3731,1,2,0.6806
785,243918.018,759.294,704,2240,796.2241,3039.7191,-2837921.822,-1553290.804,31.28614252,-51.22424740,1878.589,7976.902,0.7065,0.4893,0.5977,1,2,1.0226
786,243917.214,711.637,752,2240,846.2554,3039.5523,-2837685.675,-1553290.017,31.29851721,-51.22422144,1996.663,7976.508,0.6874,0.3415,0.8445,1,2,1.2837
787,243916.398,663.975,800,2240,894.8360,3039.4596,-2837456.374,-1553289.579,31.31053311,-51.22420701,2111.313,7976.290,0.6888,0.4481,0.4459,1,2,0.4894
788,243915.578,616.320,848,2240,945.5818,3039.3535,-2837216.854,-1553289.078,31.32308453,-51.22419049,2231.073,7976.039,0.6173,0.2452,0.7985,1,2,1.2541
789,243914.749,568.661,896,2240,995.5288,3039.2551,-2836981.104,-1553288.614,31.33543839,-51.22417518,2348.948,7975.807,0.6079,0.2669,1.0751,1,2,1.5326
790,243913.914,521.008,944,2240,1044.7424,3039.1454,-2836748.816,-1553288.096,31.34761084,-51.22415810,2465.092,7975.548,0.5821,0.3028,0.6909,1,2,1.1477
791,243881.480,1284.472,176,2288,246.5595,3088.9653,-2840516.239,-1553523.246,31.15018890,-51.23191285,581.380,8093.123,0.6356,0.1824,0.8242,1,2,0.9769
792,243880.755,1236.803,224,2288,296.9226,3088.8133,-2840278.525,-1553522.529,31.16264566,-51.23188919,700.237,8092.764,0.5772,0.1818,0.5470,1,2,0.7342
793,243880.026,1189.138,272,2288,347.2196,3088.7217,-2840041.124,-1553522.096,31.17508608,-51.23187493,818.938,8092.548,0.7339,0.5085,0.5387,1,2,0.7716
794,243879.285,1141.473,320,2288,397.2238,3088.6219,-2839805.103,-1553521.625,31.18745410,-51.23185940,936.948,8092.313,0.7155,0.5701,0.5574,1,2,0.8123
795,243878.542,1093.807,368,2288,446.7092,3088.4242,-2839571.532,-1553520.692,31.19969377,-51.23182862,1053.734,8091.846,0.5985,0.3542,0.4037,1,2,0.5779
796,243877.787,1046.146,416,2288,496.3077,3088.1289,-2839337.428,-1553519.298,31.21196143,-51.23178266,1170.786,8091.149,0.6132,0.3701,0.4539,1,2,0.4084
797,243877.030,998.481,464,2288,546.1411,3088.0227,-2839102.214,-1553518.797,31.22428718,-51.23176613,1288.393,8090.899,0.6376,0.3660,0.4662,1,2,0.3863
798,243876.260,950.823,512,2288,596.6923,3088.0995,-2838863.612,-1553519.160,31.23679047,-51.23177808,1407.694,8091.080,0.7277,0.4001,0.4315,1,2,0.7809
799,243875.489,903.158,560,2288,645.9664,3087.9837,-2838631.039,-1553518.613,31.24897789,-51.23176006,1523.981,8090.807,0.7186,0.4564,0.3973,1,2,0.5032
800,243874.704,855.504,608,2288,696.5365,3088.0557,-2838392.348,-1553518.953,31.26148586,-51.23177126,1643.326,8090.976,0.6864,0.3344,0.7195,1,2,1.1116
801,243873.919,807.841,656,2288,745.8748,3087.9284,-2838159.471,-1553518.352,31.27368917,-51.23175145,1759.765,8090.676,0.6767,0.3056,0.4709,1,2,0.8054
802,243873.120,760.190,704,2288,796.1790,3087.7317,-2837922.035,-1553517.423,31.28613135,-51.23172083,1878.482,8090.212,0.6861,0.3868,0.7702,1,2,1.2015
803,243872.319,712.529,752,2288,845.5565,3087.8136,-2837688.973,-1553517.810,31.29834435,-51.23173358,1995.013,8090.405,0.6631,0.4180,0.6534,1,2,1.0492
804,243871.507,664.879,800,2288,896.0674,3087.6223,-2837450.562,-1553516.907,31.31083767,-51.23170381,2114.219,8089.954,0.5774,0.1972,1.2510,1,2,1.7032
805,243870.691,617.221,848,2288,945.2997,3087.1398,-2837218.185,-1553514.630,31.32301476,-51.23162870,2230.407,8088.815,0.5555,0.1981,0.7250,1,2,1.1746
806,243869.865,569.574,896,2288,995.2674,3087.1276,-2836982.338,-1553514.572,31.33537373,-51.23162680,2348.331,8088.786,0.6475,0.3283,1.0582,1,2,1.5134
807,243869.034,521.919,944,2288,1044.8410,3087.1416,-2836748.350,-1553514.638,31.34763523,-51.23162898,2465.325,8088.819,0.5019,0.2123,1.0453,1,2,1.5057
808,243836.662,1285.187,176,2336,246.7986,3136.7723,-2840515.111,-1553748.895,31.15024803,-51.23935428,581.945,8205.948,0.7165,0.3848,0.4698,1,2,0.6574
809,243835.937,1237.534,224,2336,296.9470,3136.7388,-2840278.410,-1553748.737,31.16265170,-51.23934906,700.295,8205.869,0.6712,0.3108,0.4601,1,2,0.6704
810,243835.208,1189.870,272,2336,346.9893,3136.7124,-2840042.210,-1553748.612,31.17502913,-51.23934495,818.395,8205.806,0.6388,0.3654,0.5201,1,2,0.7484
811,243833.724,1094.556,368,2336,446.6525,3136.3648,-2839571.800,-1553746.972,31.19967975,-51.23929084,1053.600,8204.986,0.5908,0.3917,0.3355,1,2,0.5567
812,243832.212,999.246,464,2336,546.2481,3136.0772,-2839101.709,-1553745.614,31.22431365,-51.23924607,1288.646,8204.307,0.6724,0.4164,0.2718,1,2,0.4375
813,243831.442,951.598,512,2336,596.5003,3136.1191,-2838864.519,-1553745.812,31.23674298,-51.23925260,1407.241,8204.406,0.7081,0.3635,0.4586,1,2,0.8083
814,243830.671,903.941,560,2336,646.7365,3136.0032,-2838627.404,-1553745.265,31.24916837,-51.23923456,1525.798,8204.132,0.7525,0.4442,0.7998,1,2,1.1832
815,243829.886,856.294,608,2336,696.4758,3135.7640,-2838392.634,-1553744.136,31.26147084,-51.23919733,1643.183,8203.568,0.6928,0.4290,0.7182,1,2,1.1169
816,243829.100,808.641,656,2336,746.2686,3135.7401,-2838157.612,-1553744.023,31.27378655,-51.23919362,1760.694,8203.512,0.6635,0.2614,0.7841,1,2,1.2037
817,243828.301,760.994,704,2336,796.4571,3135.6180,-2837920.722,-1553743.447,31.28620015,-51.23917460,1879.139,8203.223,0.6357,0.2645,1.2210,1,2,1.6485
818,243827.500,713.345,752,2336,845.8325,3135.7447,-2837687.670,-1553744.045,31.29841263,-51.23919433,1995.665,8203.523,0.6682,0.4050,0.9990,1,2,1.4433
819,243826.688,665.698,800,2336,895.5139,3135.4811,-2837453.174,-1553742.801,31.31070079,-51.23915329,2112.913,8202.900,0.6023,0.2133,0.9303,1,2,1.3849
820,243825.871,618.054,848,2336,945.2137,3135.1750,-2837218.591,-1553741.356,31.32299348,-51.23910565,2230.204,8202.178,0.5833,0.2115,0.9140,1,2,1.3667
821,243825.046,570.408,896,2336,995.0910,3135.1299,-2836983.170,-1553741.143,31.33533011,-51.23909863,2347.915,8202.072,0.6858,0.3065,1.1635,1,2,1.6201
822,243824.214,522.768,944,2336,1044.8377,3135.0869,-2836748.366,-1553740.940,31.34763441,-51.23909193,2465.317,8201.970,0.5169,0.2392,1.3096,1,2,1.7677
823,243791.817,1285.940,176,2384,246.7218,3184.8088,-2840515.473,-1553975.628,31.15022905,-51.24683143,581.764,8319.314,0.7150,0.5038,0.4994,1,2,0.6958
824,243791.089,1238.292,224,2384,296.6720,3184.7714,-2840279.708,-1553975.451,31.16258368,-51.24682561,699.646,8319.226,0.6491,0.4503,0.5339,1,2,0.7218
825,243790.358,1190.647,272,2384,346.7814,3184.7072,-2840043.192,-1553975.148,31.17497770,-51.24681561,817.904,8319.074,0.7441,0.5376,0.5233,1,2,0.7446
826,243789.614,1143.000,320,2384,397.1262,3184.5367,-2839805.565,-1553974.343,31.18742994,-51.24678907,936.718,8318.672,0.6686,0.4561,0.6406,1,2,0.9054
827,243788.869,1095.357,368,2384,446.3887,3184.1276,-2839573.045,-1553972.412,31.19961450,-51.24672540,1052.977,8317.706,0.7102,0.4898,0.1807,1,2,0.3190
828,243788.111,1047.712,416,2384,496.2807,3184.1034,-2839337.555,-1553972.298,31.21195475,-51.24672163,1170.722,8317.649,0.6007,0.2936,0.2038,1,2,0.4005
829,243787.352,1000.070,464,2384,546.3660,3183.9728,-2839101.152,-1553971.682,31.22434281,-51.24670131,1288.924,8317.341,0.6789,0.3758,0.2051,1,2,0.5464
830,243786.579,952.427,512,2384,596.1459,3183.9583,-2838866.191,-1553971.613,31.23665532,-51.24669905,1406.404,8317.307,0.7341,0.3283,0.2508,1,2,0.5986
831,243785.806,904.787,560,2384,646.7235,3183.9558,-2838627.465,-1553971.601,31.24916515,-51.24669865,1525.767,8317.301,0.6580,0.3653,0.9696,1,2,1.3525
832,243785.018,857.147,608,2384,696.2802,3183.8160,-2838393.558,-1553970.942,31.26142246,-51.24667690,1642.721,8316.971,0.6866,0.3652,0.7632,1,2,1.1683
833,243784.230,809.508,656,2384,746.0926,3183.8565,-2838158.443,-1553971.133,31.27374303,-51.24668320,1760.279,8317.066,0.5565,0.2043,0.8897,1,2,1.3130
834,243783.429,761.871,704,2384,796.3621,3183.6579,-2837921.171,-1553970.195,31.28617665,-51.24665229,1878.915,8316.598,0.5422,0.1462,1.3770,1,2,1.8080
835,243782.625,714.234,752,2384,845.7717,3183.7962,-2837687.957,-1553970.848,31.29839759,-51.24667381,1995.521,8316.924,0.6363,0.2771,1.1999,1,2,1.6472
836,243781.810,666.600,800,2384,895.5962,3183.4028,-2837452.786,-1553968.991,31.31072113,-51.24661257,2113.107,8315.996,0.6871,0.5045,1.2410,1,2,1.6927
837,243780.991,618.964,848,2384,944.8120,3183.2843,-2837220.487,-1553968.432,31.32289414,-51.24659413,2229.256,8315.716,0.7054,0.5106,0.8258,1,2,1.2872
838,243780.163,571.335,896,2384,995.1697,3183.1604,-2836982.799,-1553967.847,31.33534956,-51.24657484,2348.100,8315.423,0.6787,0.3456,1.5304,0,2,1.9864
839,243779.329,523.701,944,2384,1044.6002,3183.1579,-2836749.487,-1553967.835,31.34757566,-51.24657446,2464.756,8315.418,0.6743,0.3329,1.3908,1,2,1.8519
840,243746.847,1286.867,176,2432,246.4451,3232.6021,-2840516.779,-1554201.212,31.15016060,-51.25427072,581.110,8432.106,0.7351,0.5726,0.4259,1,2,0.5674
841,243746.119,1239.224,224,2432,296.6256,3232.8360,-2840279.927,-1554202.316,31.16257221,-51.25430713,699.536,8432.658,0.7221,0.4684,0.5926,1,2,0.7979
842,243745.389,1191.590,272,2432,346.3178,3232.5913,-2840045.380,-1554201.161,31.17486304,-51.25426904,816.810,8432.080,0.7956,0.5424,0.5137,1,2,0.6486
843,243744.645,1143.948,320,2432,395.8915,3232.2988,-2839811.392,-1554199.781,31.18712455,-51.25422352,933.804,8431.390,0.6820,0.5207,0.6412,1,2,0.5966
844,243743.901,1096.317,368,2432,447.1248,3232.5152,-2839569.571,-1554200.802,31.19979657,-51.25425720,1054.715,8431.901,0.6025,0.3353,0.9220,1,2,1.2146
845,243743.143,1048.675,416,2432,495.9768,3232.1561,-2839338.990,-1554199.107,31.21187957,-51.25420130,1170.005,8431.053,0.6558,0.3018,0.3327,1,2,0.4433
846,243742.385,1001.047,464,2432,545.8865,3232.1029,-2839103.416,-1554198.856,31.22422421,-51.25419303,1287.792,8430.928,0.6395,0.3585,0.3140,1,2,0.5021
847,243741.612,953.407,512,2432,596.2916,3232.0154,-2838865.504,-1554198.443,31.23669137,-51.25417940,1406.748,8430.721,0.6170,0.1976,0.5568,1,2,0.9260
848,243740.839,905.781,560,2432,646.0697,3232.0169,-2838630.551,-1554198.450,31.24900345,-51.25417963,1524.225,8430.725,0.6416,0.3015,0.6181,1,2,1.0049
849,243740.052,858.142,608,2432,696.1453,3231.9243,-2838394.194,-1554198.013,31.26138909,-51.25416523,1642.403,8430.506,0.5958,0.2517,0.8970,1,2,1.3064
850,243739.265,810.518,656,2432,746.1523,3231.8577,-2838158.161,-1554197.698,31.27375780,-51.25415486,1760.419,8430.349,0.6436,0.2191,1.1666,1,2,1.5916
851,243738.464,762.883,704,2432,796.0558,3231.8415,-2837922.617,-1554197.622,31.28610088,-51.25415233,1878.192,8430.311,0.6645,0.3429,1.3838,1,2,1.8229
852,243737.661,715.261,752,2432,845.4365,3231.6117,-2837689.540,-1554196.537,31.29831467,-51.25411656,1994.730,8429.769,0.6508,0.2991,1.0585,1,2,1.5085
853,243736.847,667.628,800,2432,896.4399,3231.5857,-2837448.804,-1554196.414,31.31092982,-51.25411251,2115.098,8429.707,0.6807,0.5777,2.3715,0,2,2.8218
854,243736.028,620.008,848,2432,944.9972,3231.3927,-2837219.613,-1554195.503,31.32293995,-51.25408247,2229.693,8429.252,0.7036,0.5031,1.3073,1,2,1.7690
855,243735.201,572.380,896,2432,994.4834,3231.1987,-2836986.038,-1554194.588,31.33517982,-51.25405228,2346.481,8428.794,0.6445,0.4551,1.1612,1,2,1.6240
856,243734.367,524.761,944,2432,1043.8684,3231.1872,-2836752.941,-1554194.534,31.34739466,-51.25405048,2463.029,8428.767,0.6911,0.4712,1.0096,1,2,1.4720
857,243701.880,1287.794,176,2480,246.1943,3280.7621,-2840517.963,-1554428.527,31.15009856,-51.26176710,580.519,8545.763,0.5798,0.4785,0.6328,1,2,0.7764
858,243701.152,1240.163,224,2480,296.5529,3280.9762,-2840280.270,-1554429.538,31.16255422,-51.26180043,699.365,8546.269,0.6568,0.2854,0.7444,1,2,0.9588
859,243700.423,1192.533,272,2480,346.1682,3280.6860,-2840046.086,-1554428.168,31.17482603,-51.26175525,816.457,8545.584,0.6967,0.5146,0.6060,1,2,0.7551
860,243699.680,1144.904,320,2480,396.6952,3280.7462,-2839807.599,-1554428.452,31.18732333,-51.26176463,935.701,8545.726,0.6375,0.4602,0.7691,1,2,1.0365
861,243698.936,1097.275,368,2480,446.0641,3280.3440,-2839574.577,-1554426.554,31.19953421,-51.26170202,1052.211,8544.777,0.5773,0.2562,0.3801,1,2,0.5703
862,243698.180,1049.646,416,2480,495.9169,3280.2995,-2839339.272,-1554426.344,31.21186476,-51.26169510,1169.864,8544.672,0.6212,0.2455,0.4170,1,2,0.6238
863,243697.424,1002.017,464,2480,545.9550,3280.2254,-2839103.093,-1554425.994,31.22424114,-51.26168357,1287.954,8544.497,0.6407,0.2001,0.4439,1,2,0.7488
864,243696.654,954.389,512,2480,596.1312,3280.0930,-2838866.261,-1554425.369,31.23665169,-51.26166295,1406.370,8544.185,0.5866,0.2760,0.6509,1,2,1.0218
865,243695.883,906.762,560,2480,645.9804,3280.0047,-2838630.972,-1554424.952,31.24898136,-51.26164921,1524.014,8543.976,0.7168,0.3958,0.7277,1,2,1.1200
866,243695.099,859.136,608,2480,695.9849,3280.0116,-2838394.951,-1554424.985,31.26134943,-51.26165028,1642.024,8543.992,0.6535,0.4428,1.0097,1,2,1.4209
867,243694.313,811.511,656,2480,745.3990,3279.7529,-2838161.717,-1554423.764,31.27357147,-51.26161002,1758.642,8543.382,0.6955,0.5839,0.6700,1,2,1.0963
868,243693.516,763.888,704,2480,795.8652,3279.9126,-2837923.516,-1554424.518,31.28605374,-51.26163488,1877.742,8543.759,0.6229,0.3113,1.4776,1,2,1.9184
869,243692.714,716.264,752,2480,845.3269,3279.6651,-2837690.057,-1554423.349,31.29828757,-51.26159634,1994.472,8543.175,0.6970,0.2927,1.2295,1,2,1.6807
870,243691.903,668.645,800,2480,894.9961,3279.7082,-2837455.618,-1554423.553,31.31057271,-51.26160306,2111.691,8543.276,0.7332,0.4307,1.3158,1,2,1.7728
871,243691.087,621.023,848,2480,945.0304,3279.5446,-2837219.457,-1554422.780,31.32294815,-51.26157759,2229.772,8542.890,0.6231,0.4158,1.6663,0,2,2.1291
872,243690.262,573.407,896,2480,994.3590,3279.1347,-2836986.626,-1554420.846,31.33514904,-51.26151379,2346.187,8541.923,0.5755,0.3200,1.3169,1,2,1.7765
873,243689.430,525.788,944,2480,1043.5527,3279.2517,-2836754.431,-1554421.398,31.34731659,-51.26153200,2462.284,8542.199,0.5674,0.2999,1.0444,1,2,1.5039
874,243657.016,1288.598,176,2528,246.4282,3328.8709,-2840516.859,-1554655.601,31.15015641,-51.26925551,581.070,8659.300,0.6862,0.5177,0.5830,1,2,0.7930
875,243656.290,1240.967,224,2528,296.2312,3328.7945,-2840281.789,-1554655.240,31.16247466,-51.26924362,698.606,8659.120,0.7321,0.5847,0.6055,1,2,0.7933
876,243655.562,1193.349,272,2528,346.3703,3328.6896,-2840045.132,-1554654.745,31.17487603,-51.26922728,816.934,8658.872,0.6672,0.4077,0.5597,1,2,0.7923
877,243654.821,1145.720,320,2528,396.3118,3328.5966,-2839809.408,-1554654.306,31.18722852,-51.26921281,934.796,8658.653,0.6391,0.4116,0.5657,1,2,0.8213
878,243654.080,1098.104,368,2528,446.0507,3328.4564,-2839574.641,-1554653.644,31.19953090,-51.26919098,1052.180,8658.322,0.6183,0.3330,0.4930,1,2,0.7434
879,243653.324,1050.475,416,2528,495.4702,3328.1412,-2839341.380,-1554652.156,31.21175429,-51.26914192,1168.810,8657.578,0.6437,0.4365,0.4388,1,2,0.4705
880,243652.568,1002.861,464,2528,545.9646,3328.1829,-2839103.047,-1554652.353,31.22424353,-51.26914842,1287.977,8657.677,0.5799,0.2428,0.5288,1,2,0.8726
881,243651.798,955.235,512,2528,595.9230,3328.1140,-2838867.244,-1554652.028,31.23660019,-51.26913769,1405.878,8657.514,0.8260,0.5741,0.6805,1,2,1.0525
882,243651.027,907.622,560,2528,645.9255,3328.0232,-2838631.231,-1554651.600,31.24896778,-51.26912356,1523.884,8657.300,0.6990,0.4774,0.8940,1,2,1.2889
883,243650.243,859.999,608,2528,695.5191,3328.0362,-2838397.150,-1554651.661,31.26123422,-51.26912558,1640.925,8657.330,0.6526,0.3712,0.8472,1,2,1.2531
884,243649.457,812.387,656,2528,745.9850,3327.8623,-2838158.951,-1554650.840,31.27371642,-51.26909851,1760.025,8656.920,0.7104,0.4172,1.4852,1,2,1.9116
885,243648.660,764.767,704,2528,795.0240,3327.8417,-2837927.487,-1554650.743,31.28584569,-51.26909531,1875.757,8656.871,0.7057,0.2199,0.9480,1,2,1.3833
886,243647.858,717.157,752,2528,845.4619,3327.5430,-2837689.420,-1554649.333,31.29832095,-51.26904882,1994.790,8656.167,0.7337,0.3959,1.5833,0,2,2.0297
887,243647.047,669.541,800,2528,894.8315,3327.7493,-2837456.395,-1554650.307,31.31053200,-51.26908092,2111.302,8656.653,0.7349,0.4688,1.4475,1,2,1.9049
888,243646.230,621.931,848,2528,944.1760,3327.2383,-2837223.489,-1554647.895,31.32273682,-51.26900138,2227.755,8655.447,0.5685,0.3706,1.0419,1,2,1.5032
889,243645.406,574.320,896,2528,993.7862,3327.3034,-2836989.329,-1554648.202,31.33500737,-51.26901152,2344.835,8655.601,0.6257,0.3442,1.1249,1,2,1.5886
890,243644.574,526.712,944,2528,1043.2966,3327.0558,-2836755.640,-1554647.033,31.34725324,-51.26897297,2461.680,8655.017,0.5528,0.2610,1.0199,1,2,1.4819
891,243612.160,1289.393,176,2576,246.1330,3376.8908,-2840518.252,-1554882.254,31.15008342,-51.27673007,580.374,8772.627,0.5698,0.2945,0.6537,1,2,0.8456
892,243611.434,1241.778,224,2576,296.6062,3376.8828,-2840280.019,-1554882.217,31.16256741,-51.27672883,699.491,8772.608,0.6362,0.4314,0.7715,1,2,1.0053
893,243610.706,1194.161,272,2576,346.4316,3376.5751,-2840044.843,-1554880.765,31.17489119,-51.27668094,817.079,8771.882,0.6122,0.3181,0.5494,1,2,0.8034
894,243609.224,1098.932,368,2576,446.1512,3376.3491,-2839574.167,-1554879.698,31.19955574,-51.27664575,1052.417,8771.349,0.6597,0.4670,0.5252,1,2,0.8266
895,243608.468,1051.318,416,2576,495.5065,3376.3463,-2839341.209,-1554879.685,31.21176326,-51.27664532,1168.895,8771.342,0.6415,0.3302,0.5007,1,2,0.7007
896,243607.712,1003.706,464,2576,545.6644,3376.2328,-2839104.464,-1554879.149,31.22416926,-51.27662765,1287.268,8771.074,0.6226,0.3524,0.5332,1,2,0.8617
897,243606.942,956.094,512,2576,595.8605,3376.0259,-2838867.538,-1554878.172,31.23658474,-51.27659545,1405.731,8770.586,0.8255,0.5319,0.7769,1,2,1.1523
898,243606.171,908.484,560,2576,644.8241,3375.9137,-2838636.430,-1554877.642,31.24869536,-51.27657797,1521.285,8770.321,0.7738,0.5365,0.3523,1,2,0.5921
899,243605.387,860.873,608,2576,695.4084,3375.8274,-2838397.672,-1554877.235,31.26120683,-51.27656455,1640.664,8770.118,0.7190,0.3720,0.8579,1,2,1.2720
900,243604.601,813.266,656,2576,745.5266,3375.9837,-2838161.114,-1554877.973,31.27360305,-51.27658888,1758.943,8770.487,0.6672,0.3236,1.3523,1,2,1.7819
901,243603.804,765.657,704,2576,795.1589,3375.7793,-2837926.850,-1554877.008,31.28587905,-51.27655706,1876.075,8770.004,0.6813,0.3487,1.2738,1,2,1.7161
902,243603.002,718.051,752,2576,845.2723,3375.6302,-2837690.315,-1554876.305,31.29827405,-51.27653386,1994.343,8769.652,0.6489,0.2657,1.6956,0,2,2.1448
903,243602.192,670.446,800,2576,894.2910,3375.2833,-2837458.946,-1554874.667,31.31039832,-51.27647986,2110.027,8768.834,0.7068,0.3694,1.0467,1,2,1.5012
904,243601.375,622.843,848,2576,943.8820,3375.2002,-2837224.877,-1554874.275,31.32266411,-51.27646693,2227.062,8768.638,0.5114,0.3017,1.0417,1,2,1.5018
905,243600.551,575.240,896,2576,993.1459,3375.1636,-2836992.351,-1554874.102,31.33484901,-51.27646122,2343.324,8768.551,0.5708,0.2967,0.7762,1,2,1.2380
906,243599.720,527.639,944,2576,1042.7800,3375.1359,-2836758.079,-1554873.971,31.34712545,-51.27645690,2460.461,8768.486,0.6745,0.4487,0.8880,1,2,1.3454
907,243567.319,1290.184,176,2624,246.3590,3424.7673,-2840517.186,-1555108.232,31.15013929,-51.28418232,580.907,8885.616,0.6847,0.3849,0.5337,1,2,0.7547
908,243566.593,1242.569,224,2624,296.5337,3424.8555,-2840280.361,-1555108.648,31.16254947,-51.28419605,699.319,8885.824,0.6439,0.4540,0.8085,1,2,1.0425
909,243565.866,1194.967,272,2624,346.4669,3424.6087,-2840044.676,-1555107.483,31.17489991,-51.28415763,817.162,8885.242,0.6117,0.3374,0.7222,1,2,0.9758
910,243565.126,1147.354,320,2624,396.0387,3424.3870,-2839810.697,-1555106.437,31.18716096,-51.28412313,934.151,8884.718,0.6806,0.3293,0.4425,1,2,0.7194
911,243564.385,1099.753,368,2624,445.0910,3424.2043,-2839579.170,-1555105.574,31.19929354,-51.28409468,1049.915,8884.287,0.6008,0.2492,0.5933,1,2,0.5577
912,243563.629,1052.142,416,2624,495.5583,3424.3125,-2839340.965,-1555106.085,31.21177607,-51.28411153,1169.018,8884.543,0.6593,0.2556,0.4937,1,2,0.7841
913,243562.874,1004.542,464,2624,545.5469,3424.2179,-2839105.019,-1555105.639,31.22414022,-51.28409681,1286.991,8884.319,0.6726,0.3226,0.5908,1,2,0.9324
914,243562.104,956.933,512,2624,595.9020,3423.9793,-2838867.343,-1555104.512,31.23659499,-51.28405966,1405.829,8883.756,0.8365,0.5320,1.0147,1,2,1.3861
915,243561.333,909.334,560,2624,644.7614,3423.8689,-2838636.726,-1555103.991,31.24867986,-51.28404247,1521.137,8883.495,0.7689,0.5162,0.3284,1,2,0.6691
916,243560.550,861.729,608,2624,695.3006,3423.8408,-2838398.181,-1555103.858,31.26118018,-51.28403810,1640.409,8883.429,0.6760,0.3301,1.0013,1,2,1.4155
917,243559.764,814.131,656,2624,745.2392,3423.8190,-2838162.471,-1555103.756,31.27353196,-51.28403471,1758.265,8883.378,0.7465,0.3942,1.2679,1,2,1.6973
918,243558.968,766.530,704,2624,795.1023,3423.7314,-2837927.117,-1555103.342,31.28586504,-51.28402107,1875.941,8883.171,0.7120,0.4815,1.4632,1,2,1.9043
919,243558.166,718.932,752,2624,844.9298,3423.7059,-2837691.931,-1555103.222,31.29818935,-51.28401710,1993.534,8883.111,0.6236,0.2985,1.6694,0,2,2.1204
920,243557.356,671.335,800,2624,894.5159,3423.4397,-2837457.885,-1555101.965,31.31045394,-51.28397566,2110.558,8882.483,0.5998,0.2812,1.5935,0,2,2.0484
921,243556.540,623.739,848,2624,943.6596,3423.3256,-2837225.927,-1555101.427,31.32260909,-51.28395791,2226.537,8882.213,0.5727,0.3589,1.1669,1,2,1.6282
922,243555.716,576.145,896,2624,992.7504,3423.2663,-2836994.218,-1555101.147,31.33475119,-51.28394868,2342.391,8882.073,0.6192,0.2138,0.7784,1,2,1.2283
923,243554.885,528.550,944,2624,1042.2367,3423.0364,-2836760.643,-1555100.062,31.34699108,-51.28391289,2459.179,8881.531,0.6696,0.3864,0.6640,1,2,1.1165
924,243522.484,1290.969,176,2672,245.9319,3472.7618,-2840519.201,-1555334.766,31.15003368,-51.29165293,579.899,8998.883,0.5570,0.3927,0.5344,1,2,0.7364
925,243521.759,1243.367,224,2672,296.4493,3472.6100,-2840280.759,-1555334.049,31.16252859,-51.29162930,699.120,8998.525,0.5034,0.2094,0.6925,1,2,0.9160
926,243521.032,1195.769,272,2672,346.2616,3472.6150,-2840045.645,-1555334.073,31.17484914,-51.29163009,816.677,8998.536,0.5843,0.2395,0.7219,1,2,0.9781
927,243520.291,1148.168,320,2672,396.5718,3472.8363,-2839808.181,-1555335.117,31.18729282,-51.29166453,935.409,8999.059,0.6269,0.3220,1.2782,1,2,1.5586
928,243519.550,1100.572,368,2672,445.6567,3472.3244,-2839576.500,-1555332.701,31.19943345,-51.29158485,1051.250,8997.851,0.7946,0.5115,0.4783,1,2,0.7741
929,243518.795,1052.971,416,2672,495.4242,3472.1027,-2839341.598,-1555331.655,31.21174289,-51.29155034,1168.701,8997.327,0.7028,0.4504,0.3582,1,2,0.6834
930,243518.039,1005.378,464,2672,545.4864,3471.9985,-2839105.304,-1555331.163,31.22412524,-51.29153412,1286.848,8997.081,0.6148,0.3052,0.5860,1,2,0.9407
931,243517.270,957.779,512,2672,595.3618,3471.9602,-2838869.892,-1555330.982,31.23646139,-51.29152816,1404.554,8996.991,0.6416,0.2825,0.7318,1,2,1.1090
932,243516.499,910.187,560,2672,645.5152,3472.0286,-2838633.168,-1555331.305,31.24886629,-51.29153881,1522.916,8997.153,0.6753,0.3497,1.1963,1,2,1.5933
933,243515.716,862.590,608,2672,695.2491,3471.8154,-2838398.424,-1555330.299,31.26116743,-51.29150562,1640.288,8996.649,0.6198,0.4167,1.1905,1,2,1.6027
934,243514.134,767.406,704,2672,794.2826,3471.2480,-2837930.986,-1555327.621,31.28566232,-51.29141731,1874.007,8995.310,0.6695,0.5874,0.8368,1,2,1.2568
935,243513.333,719.818,752,2672,844.1328,3471.3134,-2837695.693,-1555327.929,31.29799221,-51.29142748,1991.653,8995.465,0.6276,0.3147,1.0780,1,2,1.5212
936,243511.706,624.642,848,2672,943.0837,3471.1669,-2837228.645,-1555327.238,31.32246667,-51.29140468,2225.178,8995.119,0.6146,0.3173,0.8706,1,2,1.3300
937,243510.883,577.053,896,2672,992.2725,3471.0048,-2836996.474,-1555326.473,31.33463298,-51.29137945,2341.263,8994.736,0.5977,0.3279,0.5135,1,2,0.9718
938,243510.051,529.471,944,2672,1041.3047,3470.9208,-2836765.042,-1555326.076,31.34676058,-51.29136637,2456.979,8994.538,0.7813,0.5339,0.2950,1,2,0.5910
939,243478.350,1339.360,128,2720,196.2445,3520.7140,-2840753.726,-1555561.100,31.13774403,-51.29911696,462.637,9112.050,0.7033,0.4126,0.4882,1,2,0.6878
940,243477.637,1291.771,176,2720,246.1973,3520.7078,-2840517.949,-1555561.071,31.15009931,-51.29911600,580.526,9112.035,0.6212,0.4973,0.5803,1,2,0.7960
941,243476.911,1244.174,224,2720,296.6761,3520.7297,-2840279.689,-1555561.174,31.16258471,-51.29911941,699.656,9112.087,0.5521,0.2092,1.0984,1,2,1.3105
942,243476.184,1196.587,272,2720,346.0775,3520.5905,-2840046.514,-1555560.517,31.17480360,-51.29909773,816.243,9111.759,0.6670,0.2808,0.7183,1,2,0.9753
943,243475.443,1148.992,320,2720,395.6801,3520.4565,-2839812.390,-1555559.885,31.18707227,-51.29907688,933.305,9111.442,0.6535,0.3651,0.5483,1,2,0.8237
944,243474.702,1101.406,368,2720,445.6392,3520.2389,-2839576.583,-1555558.858,31.19942912,-51.29904302,1051.209,9110.929,0.7892,0.4774,0.5528,1,2,0.8601
945,243473.946,1053.813,416,2720,495.3090,3520.1162,-2839342.142,-1555558.279,31.21171440,-51.29902391,1168.429,9110.639,0.7071,0.5110,0.4518,1,2,0.7821
946,243473.190,1006.227,464,2720,545.5090,3520.1141,-2839105.197,-1555558.269,31.22413085,-51.29902359,1286.901,9110.634,0.5954,0.3692,0.8718,1,2,1.2269
947,243472.420,958.638,512,2720,595.6461,3520.0339,-2838868.550,-1555557.890,31.23653171,-51.29901110,1405.225,9110.445,0.5652,0.3082,1.2517,1,2,1.6249
948,243471.649,911.052,560,2720,645.0459,3519.8821,-2838635.383,-1555557.174,31.24875022,-51.29898747,1521.808,9110.087,0.7026,0.3700,0.9457,1,2,1.3421
949,243470.866,863.466,608,2720,695.4300,3519.8717,-2838397.570,-1555557.125,31.26121218,-51.29898586,1640.715,9110.062,0.6928,0.5756,1.6362,0,2,2.0457
950,243470.080,815.882,656,2720,745.0207,3519.5845,-2838163.502,-1555555.769,31.27347791,-51.29894115,1757.749,9109.384,0.6413,0.5317,1.5240,0,2,1.9422
951,243469.283,768.300,704,2720,793.7486,3519.2890,-2837933.507,-1555554.374,31.28553022,-51.29889515,1872.747,9108.687,0.7287,0.6025,0.5935,1,2,1.0251
952,243468.481,720.716,752,2720,843.6663,3519.4844,-2837697.895,-1555555.297,31.29787684,-51.29892557,1990.553,9109.148,0.6945,0.5060,0.9721,1,2,1.4214
953,243467.671,673.138,800,2720,893.3269,3519.1944,-2837463.497,-1555553.927,31.31015984,-51.29888042,2107.751,9108.464,0.6892,0.4451,0.9784,1,2,1.4289
954,243466.854,625.556,848,2720,942.7957,3519.1549,-2837230.004,-1555553.741,31.32239543,-51.29887428,2224.498,9108.371,0.6331,0.2832,0.9012,1,2,1.3585
955,243466.030,577.981,896,2720,991.7674,3519.0918,-2836998.858,-1555553.443,31.33450805,-51.29886446,2340.071,9108.222,0.6168,0.3834,0.4496,1,2,0.8754
956,243465.198,530.401,944,2720,1040.9750,3518.9898,-2836766.598,-1555552.962,31.34667901,-51.29884858,2456.201,9107.981,0.7331,0.4720,0.3826,1,2,0.6670
957,243433.491,1340.165,128,2768,195.8596,3568.8107,-2840755.543,-1555788.117,31.13764882,-51.30660349,461.729,9225.558,0.7219,0.4639,0.5348,1,2,0.7495
958,243432.778,1292.583,176,2768,246.0726,3568.6622,-2840518.538,-1555787.415,31.15006845,-51.30658037,580.231,9225.208,0.7598,0.4235,0.5844,1,2,0.7961
959,243432.052,1244.995,224,2768,296.1487,3568.5970,-2840282.178,-1555787.108,31.16245424,-51.30657023,698.411,9225.054,0.7102,0.5107,0.7495,1,2,0.9738
960,243431.325,1197.416,272,2768,345.9196,3568.6184,-2840047.260,-1555787.209,31.17476454,-51.30657355,815.870,9225.104,0.6268,0.3227,0.7756,1,2,1.0333
961,243430.584,1149.829,320,2768,395.5231,3568.3600,-2839813.131,-1555785.989,31.18703343,-51.30653333,932.934,9224.495,0.7688,0.5673,0.5092,1,2,0.7903
962,243429.842,1102.252,368,2768,445.3405,3568.1603,-2839577.993,-1555785.047,31.19935523,-51.30650225,1050.504,9224.023,0.7581,0.5315,0.4492,1,2,0.7569
963,243429.087,1054.665,416,2768,495.1484,3568.0239,-2839342.900,-1555784.403,31.21167468,-51.30648102,1168.050,9223.701,0.6866,0.2341,0.4574,1,2,0.7894
964,243428.330,1007.090,464,2768,545.4041,3567.9791,-2839105.693,-1555784.191,31.22410488,-51.30647404,1286.654,9223.596,0.6034,0.3433,0.9477,1,2,1.2954
965,243427.561,959.505,512,2768,595.1459,3567.9848,-2838870.911,-1555784.218,31.23640798,-51.30647492,1404.044,9223.609,0.6039,0.3085,1.0045,1,2,1.3801
966,243426.790,911.932,560,2768,645.0865,3567.8820,-2838635.192,-1555783.733,31.24876026,-51.30645893,1521.904,9223.367,0.7091,0.3862,1.2318,1,2,1.6246
967,243426.007,864.350,608,2768,694.7151,3567.7817,-2838400.945,-1555783.260,31.26103535,-51.30644331,1639.028,9223.130,0.7605,0.4959,1.1895,1,2,1.6008
968,243422.812,674.054,800,2768,892.8699,3567.2579,-2837465.654,-1555780.787,31.31004682,-51.30636178,2106.673,9221.894,0.6807,0.3722,0.8647,1,2,1.3173
969,243421.995,626.486,848,2768,942.4196,3567.0027,-2837231.780,-1555779.583,31.32230240,-51.30632206,2223.610,9221.291,0.5075,0.2374,0.8148,1,2,1.2650
970,243421.171,578.913,896,2768,991.4601,3566.9103,-2837000.308,-1555779.146,31.33443203,-51.30630767,2339.346,9221.073,0.5886,0.3937,0.3587,1,2,0.8093
971,243420.339,531.347,944,2768,1040.6036,3567.0813,-2836768.351,-1555779.954,31.34658716,-51.30633430,2455.325,9221.477,0.7382,0.5186,0.4985,1,2,0.7485
972,243388.644,1340.966,128,2816,196.0612,3616.7567,-2840754.591,-1556014.421,31.13769868,-51.31406654,462.204,9338.711,0.7011,0.4263,0.6336,1,2,0.8225
973,243387.932,1293.391,176,2816,245.5855,3616.7821,-2840520.836,-1556014.541,31.14994799,-51.31407050,579.082,9338.771,0.7863,0.6223,0.6017,1,2,0.8171
974,243387.207,1245.812,224,2816,295.9565,3616.6526,-2840283.085,-1556013.930,31.16240671,-51.31405034,697.957,9338.465,0.7140,0.5665,0.7946,1,2,1.0238
975,243386.481,1198.238,272,2816,345.4935,3616.1899,-2840049.271,-1556011.746,31.17465915,-51.31397833,814.865,9337.373,0.5103,0.2899,0.3355,1,2,0.5835
976,243385.740,1150.661,320,2816,395.5430,3616.2741,-2839813.037,-1556012.144,31.18703837,-51.31399143,932.982,9337.572,0.7422,0.5433,0.6374,1,2,0.9150
977,243384.999,1103.088,368,2816,444.9876,3616.1492,-2839579.658,-1556011.554,31.19926796,-51.31397199,1049.671,9337.277,0.6074,0.2946,0.3645,1,2,0.6658
978,243384.245,1055.513,416,2816,495.1753,3615.9546,-2839342.773,-1556010.636,31.21168134,-51.31394170,1168.114,9336.818,0.7459,0.3123,0.6736,1,2,0.9941
979,243383.489,1007.940,464,2816,545.0383,3615.9610,-2839107.419,-1556010.666,31.22401442,-51.31394269,1285.790,9336.833,0.6567,0.2474,0.8309,1,2,1.1813
980,243382.721,960.369,512,2816,594.9078,3615.9305,-2838872.035,-1556010.522,31.23634910,-51.31393795,1403.482,9336.761,0.6715,0.3178,1.0052,1,2,1.3787
981,243381.951,912.797,560,2816,644.6234,3615.9491,-2838637.378,-1556010.610,31.24864571,-51.31394083,1520.811,9336.805,0.6728,0.2978,1.0799,1,2,1.4755
982,243381.169,865.229,608,2816,695.1506,3615.6851,-2838398.889,-1556009.364,31.26114307,-51.31389975,1640.055,9336.182,0.7981,0.6799,1.8602,0,2,2.2589
983,243380.383,817.658,656,2816,744.4359,3615.5800,-2838166.262,-1556008.868,31.27333327,-51.31388339,1756.369,9335.934,0.7183,0.6305,1.5117,0,2,1.9294
984,243379.588,770.093,704,2816,793.9291,3615.6216,-2837932.654,-1556009.064,31.28557488,-51.31388986,1873.173,9336.032,0.8359,0.7357,1.4317,1,2,1.8674
985,243378.787,722.524,752,2816,842.9632,3615.3017,-2837701.214,-1556007.554,31.29770292,-51.31384007,1988.893,9335.277,0.7713,0.6661,0.8335,1,2,1.2773
986,243377.978,674.962,800,2816,892.3243,3615.0944,-2837468.229,-1556006.575,31.30991187,-51.31380780,2105.385,9334.788,0.7175,0.4491,0.6043,1,2,1.0524
987,243377.162,627.395,848,2816,941.9189,3615.0951,-2837234.143,-1556006.579,31.32217855,-51.31380791,2222.429,9334.789,0.5661,0.2981,0.6872,1,2,1.1390
988,243376.339,579.837,896,2816,991.3166,3614.9133,-2837000.986,-1556005.721,31.33439655,-51.31377962,2339.007,9334.360,0.5990,0.3098,0.5440,1,2,0.9948
989,243375.508,532.272,944,2816,1040.4140,3614.7857,-2836769.246,-1556005.118,31.34654027,-51.31375975,2454.877,9334.059,0.5261,0.1756,0.2368,1,2,0.6354
990,243343.834,1341.741,128,2864,196.1089,3664.6151,-2840754.366,-1556240.313,31.13771049,-51.32151597,462.317,9451.657,0.6489,0.3522,0.7155,1,2,0.8637
991,243343.122,1294.178,176,2864,244.9335,3664.4384,-2840523.914,-1556239.479,31.14978673,-51.32148848,577.543,9451.240,0.7487,0.4295,0.5050,1,2,0.5955
992,243342.396,1246.603,224,2864,295.2586,3664.2198,-2840286.380,-1556238.447,31.16223409,-51.32145444,696.310,9450.724,0.6066,0.2668,0.1524,1,2,0.3880
993,243341.671,1199.042,272,2864,345.1969,3664.1623,-2840050.671,-1556238.176,31.17458578,-51.32144549,814.165,9450.588,0.6228,0.4527,0.2540,1,2,0.5087
994,243340.930,1151.467,320,2864,395.4677,3664.0759,-2839813.393,-1556237.768,31.18701973,-51.32143205,932.804,9450.384,0.5686,0.2845,0.6991,1,2,0.9519
995,243340.190,1103.908,368,2864,445.0327,3664.0635,-2839579.446,-1556237.710,31.19927911,-51.32143012,1049.777,9450.355,0.6520,0.3851,0.5344,1,2,0.8362
996,243339.435,1056.336,416,2864,495.0117,3663.9986,-2839343.545,-1556237.403,31.21164087,-51.32142001,1167.728,9450.202,0.7278,0.4405,0.7629,1,2,1.0861
997,243338.680,1008.777,464,2864,544.6898,3663.9393,-2839109.064,-1556237.123,31.22392820,-51.32141078,1284.968,9450.062,0.6702,0.2951,0.7367,1,2,1.0884
998,243337.912,961.208,512,2864,594.7193,3663.9389,-2838872.925,-1556237.122,31.23630248,-51.32141072,1403.038,9450.061,0.6889,0.3281,1.0810,1,2,1.4534
999,243337.141,913.651,560,2864,643.9403,3663.8116,-2838640.602,-1556236.521,31.24847676,-51.32139091,1519.199,9449.760,0.7201,0.4525,0.6621,1,2,1.0549
1000,243336.360,866.084,608,2864,694.2709,3663.6509,-2838403.042,-1556235.762,31.26092548,-51.32136589,1637.979,9449.381,0.6564,0.4771,1.2706,1,2,1.6740
1001,243335.574,818.528,656,2864,743.3095,3663.2530,-2838171.579,-1556233.884,31.27305465,-51.32130397,1753.710,9448.442,0.6278,0.3292,0.6434,1,2,1.0454
1002,243334.779,770.965,704,2864,792.9209,3663.2776,-2837937.413,-1556234.000,31.28532550,-51.32130778,1870.793,9448.500,0.6879,0.4627,0.6638,1,2,1.0931
1003,243333.978,723.410,752,2864,842.0026,3663.1500,-2837705.748,-1556233.398,31.29746535,-51.32128792,1986.626,9448.199,0.6129,0.4353,0.1940,1,2,0.6290
1004,243333.169,675.851,800,2864,891.9217,3663.1028,-2837470.130,-1556233.175,31.30981228,-51.32128058,2104.435,9448.088,0.8038,0.5326,0.5399,1,2,0.9865
1005,243332.353,628.298,848,2864,941.4361,3662.9407,-2837236.422,-1556232.410,31.32205914,-51.32125534,2221.289,9447.705,0.6537,0.3288,0.5021,1,2,0.9496
1006,243331.531,580.742,896,2864,991.1011,3662.9118,-2837002.003,-1556232.273,31.33434323,-51.32125084,2338.498,9447.637,0.7669,0.4879,0.6730,1,2,1.1199
1007,243330.700,533.190,944,2864,1040.2124,3662.8236,-2836770.198,-1556231.857,31.34649039,-51.32123712,2454.401,9447.429,0.6708,0.3093,0.3720,1,2,0.7928
1008,243299.023,1342.525,128,2912,195.6299,3712.7111,-2840756.627,-1556467.326,31.13759201,-51.32900239,461.187,9565.163,0.6204,0.3941,0.5806,1,2,0.7770
1009,243298.311,1294.964,176,2912,245.0427,3712.2835,-2840523.399,-1556465.308,31.14981372,-51.32893583,577.801,9564.154,0.5854,0.3550,0.1900,1,2,0.3499
1010,243297.586,1247.403,224,2912,295.2214,3712.2030,-2840286.555,-1556464.928,31.16222489,-51.32892330,696.223,9563.964,0.5881,0.2320,0.2695,1,2,0.4897
1011,243296.860,1199.844,272,2912,345.1994,3712.1376,-2840050.659,-1556464.620,31.17458641,-51.32891312,814.171,9563.810,0.5894,0.2939,0.4381,1,2,0.6735
1012,243296.120,1152.283,320,2912,394.7665,3712.0982,-2839816.702,-1556464.434,31.18684631,-51.32890699,931.149,9563.717,0.6151,0.2864,0.2835,1,2,0.5641
1013,243295.379,1104.725,368,2912,444.8113,3712.0280,-2839580.491,-1556464.102,31.19922435,-51.32889607,1049.255,9563.551,0.6990,0.4035,0.5375,1,2,0.8368
1014,243294.625,1057.168,416,2912,494.7211,3711.9492,-2839344.917,-1556463.730,31.21156899,-51.32888379,1167.042,9563.365,0.7949,0.5595,0.7081,1,2,1.0296
1015,243293.870,1009.611,464,2912,544.1689,3711.8718,-2839111.523,-1556463.365,31.22379938,-51.32887174,1283.739,9563.182,0.7547,0.5557,0.4772,1,2,0.8297
1016,243293.102,962.055,512,2912,594.5590,3711.8656,-2838873.681,-1556463.335,31.23626284,-51.32887078,1402.659,9563.168,0.7480,0.4981,1.1628,1,2,1.5298
1017,243292.331,914.500,560,2912,642.8954,3711.3901,-2838645.534,-1556461.091,31.24821832,-51.32879677,1516.733,9562.046,0.6729,0.4668,0.2176,1,2,0.1937
1018,243291.550,866.947,608,2912,693.1710,3711.3358,-2838408.233,-1556460.835,31.26065344,-51.32878831,1635.384,9561.917,0.6427,0.4262,0.4208,1,2,0.8099
1019,243290.764,819.393,656,2912,742.9624,3711.3144,-2838173.218,-1556460.734,31.27296880,-51.32878499,1752.891,9561.867,0.5302,0.2377,0.6011,1,2,1.0130
1020,243289.969,771.843,704,2912,792.1499,3711.0666,-2837941.053,-1556459.564,31.28513480,-51.32874641,1868.974,9561.282,0.5038,0.2579,0.1909,1,2,0.5947
1021,243289.168,724.290,752,2912,841.6784,3711.1699,-2837707.278,-1556460.052,31.29738514,-51.32876249,1985.861,9561.526,0.6403,0.3737,0.2213,1,2,0.6428
1022,243288.359,676.743,800,2912,891.3475,3710.9323,-2837472.840,-1556458.931,31.30967028,-51.32872551,2103.080,9560.965,0.6357,0.3259,0.2640,1,2,0.7033
1023,243287.543,629.193,848,2912,941.0687,3710.8615,-2837238.156,-1556458.596,31.32196826,-51.32871449,2220.422,9560.798,0.7405,0.4202,0.4628,1,2,0.9033
1024,243286.721,581.649,896,2912,990.2082,3710.7619,-2837006.218,-1556458.126,31.33412238,-51.32869898,2336.391,9560.563,0.7164,0.4437,0.1461,1,2,0.5721
1025,243254.211,1343.282,128,2960,194.9618,3760.3430,-2840759.780,-1556692.149,31.13742677,-51.33641657,459.610,9677.575,0.6082,0.2983,0.2330,1,2,0.3849
1026,243253.498,1295.736,176,2960,244.8833,3760.2020,-2840524.151,-1556691.484,31.14977431,-51.33639462,577.425,9677.242,0.6849,0.4040,0.1232,1,2,0.2838
1027,243252.773,1248.176,224,2960,294.9226,3760.1741,-2840287.965,-1556691.352,31.16215099,-51.33639028,695.517,9677.176,0.6765,0.2704,0.1895,1,2,0.4194
1028,243252.047,1200.631,272,2960,344.9828,3760.1232,-2840051.681,-1556691.111,31.17453283,-51.33638235,813.659,9677.056,0.7065,0.4317,0.4395,1,3,0.3952
1029,243251.307,1153.073,320,2960,394.6991,3760.0846,-2839817.020,-1556690.929,31.18682962,-51.33637634,930.990,9676.965,0.6728,0.4092,0.4153,1,3,0.3855
1030,243250.566,1105.529,368,2960,444.3777,3759.8619,-2839582.537,-1556689.878,31.19911710,-51.33634167,1048.231,9676.439,0.6281,0.4229,0.3041,1,3,0.3157
1031,243249.812,1057.973,416,2960,494.3605,3759.8169,-2839346.618,-1556689.666,31.21147982,-51.33633468,1166.191,9676.333,0.6413,0.4509,0.5703,1,3,0.5897
1032,243247.516,915.334,560,2960,643.8081,3759.6049,-2838641.226,-1556688.665,31.24844406,-51.33630167,1518.887,9675.832,0.7943,0.6447,1.0000,1,3,1.0002
1033,243246.735,867.785,608,2960,692.6187,3759.3454,-2838410.840,-1556687.440,31.26051683,-51.33626128,1634.080,9675.220,0.6816,0.5404,0.1662,1,3,0.1550
1034,243245.949,820.243,656,2960,742.3866,3759.1458,-2838175.935,-1556686.498,31.27282639,-51.33623020,1751.532,9674.749,0.6532,0.3698,0.3257,1,3,0.3098
1035,243245.154,772.698,704,2960,792.1136,3759.0617,-2837941.224,-1556686.101,31.28512584,-51.33621712,1868.888,9674.551,0.7141,0.3795,0.4647,1,3,0.4011
1036,243244.352,725.157,752,2960,841.4624,3758.9511,-2837708.298,-1556685.579,31.29733171,-51.33619990,1985.351,9674.289,0.7068,0.3114,0.2518,1,3,0.1650
1037,243243.544,677.616,800,2960,890.8439,3758.9514,-2837475.217,-1556685.581,31.30954570,-51.33619996,2101.892,9674.290,0.7173,0.4000,0.1296,1,3,0.0824
1038,243242.727,630.076,848,2960,940.5859,3758.9021,-2837240.435,-1556685.348,31.32184884,-51.33619228,2219.283,9674.174,0.7769,0.5252,0.3555,1,3,0.1140
1039,243241.905,582.538,896,2960,989.7472,3758.8423,-2837008.393,-1556685.066,31.33400838,-51.33618297,2335.303,9674.033,0.6928,0.4264,0.2219,1,3,0.3473
1040,243209.398,1344.052,128,3008,194.3976,3807.8631,-2840762.443,-1556916.444,31.13728720,-51.34381333,458.278,9789.722,0.7838,0.5320,0.6382,1,3,0.8029
1041,243208.686,1296.507,176,3008,245.0485,3808.1259,-2840523.371,-1556917.684,31.14981518,-51.34385424,577.815,9790.342,0.6060,0.2732,0.2733,1,3,0.1888
1042,243207.960,1248.962,224,3008,294.8287,3808.2057,-2840288.408,-1556918.061,31.16212776,-51.34386665,695.296,9790.530,0.7013,0.3012,0.3131,1,3,0.2255
1043,243207.233,1201.419,272,3008,344.9090,3808.0859,-2840052.030,-1556917.495,31.17451458,-51.34384801,813.485,9790.248,0.7629,0.4846,0.5750,1,3,0.5402
1044,243206.493,1153.874,320,3008,394.7870,3807.9364,-2839816.605,-1556916.790,31.18685137,-51.34382474,931.197,9789.895,0.6960,0.4876,0.6846,1,3,0.6841
1045,243205.752,1106.333,368,3008,443.8980,3807.9622,-2839584.801,-1556916.912,31.19899846,-51.34382877,1047.099,9789.956,0.5804,0.3962,0.2046,1,3,0.1435
1046,243204.241,1011.251,464,3008,543.7499,3807.7293,-2839113.500,-1556915.812,31.22369575,-51.34379250,1282.750,9789.406,0.8706,0.7518,0.5359,1,3,0.5507
1047,243203.473,963.711,512,3008,592.6223,3807.4127,-2838882.823,-1556914.318,31.23578381,-51.34374322,1398.089,9788.659,0.7891,0.7050,0.2857,1,3,0.2920
1048,243202.702,916.173,560,3008,643.2551,3807.3165,-2838643.836,-1556913.864,31.24830728,-51.34372825,1517.582,9788.432,0.7727,0.5556,0.7180,1,3,0.7380
1049,243201.920,868.635,608,3008,692.5239,3807.2700,-2838411.287,-1556913.645,31.26049340,-51.34372102,1633.856,9788.322,0.7434,0.5229,0.3650,1,3,0.3621
1050,243201.134,821.098,656,3008,741.8615,3807.1375,-2838178.414,-1556913.019,31.27269651,-51.34370040,1750.293,9788.010,0.6310,0.4076,0.1124,1,3,0.1294
1051,243200.339,773.563,704,3008,791.5920,3807.0457,-2837943.686,-1556912.586,31.28499682,-51.34368610,1867.657,9787.793,0.6586,0.4914,0.2637,1,3,0.2056
1052,243199.537,726.029,752,3008,840.8448,3806.9767,-2837711.213,-1556912.260,31.29717896,-51.34367537,1983.894,9787.630,0.6185,0.3402,0.0427,1,3,0.1718
1053,243198.727,678.497,800,3008,890.4525,3806.8622,-2837477.064,-1556911.719,31.30944890,-51.34365753,2100.968,9787.360,0.7281,0.4087,0.0506,1,3,0.1482
1054,243197.910,630.966,848,3008,940.0102,3806.7865,-2837243.152,-1556911.362,31.32170646,-51.34364576,2217.924,9787.181,0.7282,0.4902,0.1174,1,3,0.1478
1055,243197.087,583.437,896,3008,988.9762,3806.6869,-2837012.032,-1556910.892,31.33381768,-51.34363026,2333.484,9786.946,0.7276,0.3770,0.4310,1,3,0.7338
1056,243164.548,1344.851,128,3056,194.8231,3856.2147,-2840760.435,-1557144.664,31.13739245,-51.35133954,459.283,9903.832,0.6782,0.4354,0.0881,1,3,0.0770
1057,243163.836,1297.321,176,3056,244.8535,3856.0484,-2840524.292,-1557143.878,31.14976693,-51.35131364,577.354,9903.439,0.6126,0.2482,0.2839,1,3,0.2250
1058,243163.109,1249.779,224,3056,294.2990,3855.9820,-2840290.909,-1557143.565,31.16199675,-51.35130332,694.046,9903.283,0.6597,0.3117,0.0628,1,3,0.1481
1059,243162.383,1202.250,272,3056,344.7234,3856.0121,-2840052.906,-1557143.707,31.17446868,-51.35130800,813.047,9903.354,0.6482,0.4787,0.6055,1,3,0.5802
1060,243161.642,1154.710,320,3056,394.4656,3855.8398,-2839818.123,-1557142.894,31.18677187,-51.35128118,930.439,9902.947,0.6772,0.3601,0.5968,1,3,0.6067
1061,243160.145,1059.644,416,3056,494.0645,3855.6652,-2839348.016,-1557142.070,31.21140659,-51.35125400,1165.492,9902.535,0.5570,0.3131,0.7769,1,3,0.8088
1062,243159.389,1012.116,464,3056,542.9415,3855.3709,-2839117.316,-1557140.681,31.22349579,-51.35120819,1280.842,9901.840,0.7242,0.5884,0.1887,1,3,0.2641
1063,243158.620,964.583,512,3056,592.8347,3855.3798,-2838881.820,-1557140.723,31.23583633,-51.35120958,1398.590,9901.861,0.6406,0.4843,0.2331,1,3,0.2873
1064,243157.848,917.055,560,3056,642.5352,3855.3736,-2838647.234,-1557140.693,31.24812923,-51.35120861,1515.883,9901.847,0.5445,0.2548,0.2889,1,3,0.3017
1065,243157.067,869.525,608,3056,692.5027,3855.3328,-2838411.387,-1557140.501,31.26048814,-51.35120226,1633.806,9901.750,0.6151,0.3106,0.6526,1,3,0.6313
1066,243156.279,821.998,656,3056,741.8517,3855.1192,-2838178.460,-1557139.493,31.27269409,-51.35116901,1750.270,9901.246,0.6275,0.2873,0.4133,1,3,0.3800
1067,243155.484,774.472,704,3056,791.0370,3854.9406,-2837946.305,-1557138.650,31.28485954,-51.35114121,1866.347,9900.825,0.6931,0.3753,0.1065,1,3,0.1870
1068,243154.682,726.945,752,3056,840.6228,3854.9970,-2837712.260,-1557138.916,31.29712406,-51.35114999,1983.370,9900.958,0.6324,0.3611,0.1056,1,3,0.0546
1069,243153.873,679.423,800,3056,890.0275,3854.8368,-2837479.070,-1557138.160,31.30934377,-51.35112505,2099.965,9900.580,0.6810,0.3527,0.0401,1,3,0.2283
1070,243153.056,631.898,848,3056,939.2998,3854.6656,-2837246.505,-1557137.352,31.32153075,-51.35109840,2216.247,9900.176,0.7633,0.5673,0.2564,1,3,0.5181
1071,243152.234,584.380,896,3056,988.6123,3854.7562,-2837013.750,-1557137.779,31.33372766,-51.35111251,2332.625,9900.390,0.7555,0.6291,0.4535,1,3,0.7421
1072,243119.690,1345.671,128,3104,194.8515,3904.2006,-2840760.301,-1557371.157,31.13739948,-51.35880881,459.350,10017.079,0.6947,0.5127,0.3002,1,3,0.1621
1073,243118.978,1298.145,176,3104,244.7041,3904.1007,-2840524.997,-1557370.685,31.14972998,-51.35879326,577.002,10016.843,0.6683,0.3898,0.3475,1,3,0.2628
1074,243118.251,1250.615,224,3104,294.6309,3904.1385,-2840289.342,-1557370.864,31.16207884,-51.35879914,694.829,10016.932,0.5866,0.3118,0.5199,1,3,0.4543
1075,243117.525,1203.091,272,3104,344.7994,3904.0812,-2840052.547,-1557370.593,31.17448747,-51.35879022,813.227,10016.797,0.6290,0.4729,0.9266,1,3,0.8978
1076,243116.784,1155.561,320,3104,394.4426,3903.8207,-2839818.231,-1557369.364,31.18676619,-51.35874968,930.385,10016.182,0.6952,0.3773,0.8184,1,3,0.8281
1077,243116.043,1108.039,368,3104,444.0479,3903.8125,-2839584.094,-1557369.325,31.19903552,-51.35874840,1047.453,10016.163,0.6343,0.4481,0.7199,1,3,0.7359
1078,243115.289,1060.512,416,3104,493.7757,3903.7702,-2839349.379,-1557369.125,31.21133515,-51.35874181,1164.811,10016.063,0.7247,0.5587,0.7676,1,3,0.7860
1079,243114.532,1012.991,464,3104,542.9318,3903.4135,-2839117.362,-1557367.442,31.22349340,-51.35868628,1280.819,10015.221,0.7306,0.5748,0.2746,1,3,0.3391
1080,243113.764,965.466,512,3104,592.7900,3903.3695,-2838882.031,-1557367.234,31.23582529,-51.35867944,1398.484,10015.117,0.7125,0.4288,0.4675,1,3,0.5036
1081,243112.993,917.946,560,3104,642.1945,3903.1109,-2838648.842,-1557366.013,31.24804496,-51.35863919,1515.079,10014.507,0.7095,0.3350,0.3353,1,3,0.3940
1082,243112.211,870.423,608,3104,691.7913,3903.1650,-2838414.745,-1557366.269,31.26031219,-51.35864762,1632.127,10014.634,0.6376,0.2825,0.2569,1,3,0.2700
1083,243111.424,822.906,656,3104,741.6382,3903.1477,-2838179.468,-1557366.187,31.27264128,-51.35864492,1749.766,10014.594,0.6626,0.4396,0.5208,1,3,0.4711
1084,243110.629,775.386,704,3104,791.1522,3902.9777,-2837945.762,-1557365.385,31.28488804,-51.35861845,1866.619,10014.192,0.7708,0.5720,0.4844,1,3,0.4080
1085,243109.828,727.871,752,3104,840.4124,3902.7701,-2837713.254,-1557364.405,31.29707200,-51.35858614,1982.873,10013.702,0.7944,0.6116,0.2525,1,3,0.2281
1086,243109.019,680.353,800,3104,889.6372,3902.9009,-2837480.912,-1557365.022,31.30924725,-51.35860651,2099.044,10014.011,0.7535,0.4493,0.1313,1,3,0.2649
1087,243108.202,632.840,848,3104,938.8750,3902.7810,-2837248.510,-1557364.456,31.32142567,-51.35858783,2215.245,10013.728,0.6614,0.3830,0.3329,1,3,0.5733
1088,243107.380,585.326,896,3104,988.0622,3902.5719,-2837016.346,-1557363.469,31.33359161,-51.35855528,2331.327,10013.235,0.5516,0.2678,0.5881,1,3,0.9199
1089,243074.087,1298.991,176,3152,244.5763,3952.1633,-2840525.600,-1557597.541,31.14969838,-51.36627448,576.700,10130.270,0.6175,0.3896,0.4537,1,3,0.3559
1090,243073.360,1251.468,224,3152,294.0964,3951.9784,-2840291.865,-1557596.668,31.16194664,-51.36624568,693.568,10129.834,0.7455,0.3885,0.1897,1,3,0.1561
1091,243072.633,1203.953,272,3152,344.4689,3951.7701,-2840054.107,-1557595.685,31.17440573,-51.36621326,812.447,10129.342,0.6033,0.3808,0.8227,1,3,0.8234
1092,243071.892,1156.432,320,3152,393.7817,3951.9355,-2839821.350,-1557596.466,31.18660273,-51.36623902,928.825,10129.733,0.5444,0.2600,0.4349,1,3,0.4217
1093,243071.150,1108.917,368,3152,443.7025,3951.9039,-2839585.724,-1557596.316,31.19895008,-51.36623409,1046.638,10129.658,0.6218,0.3592,0.6633,1,3,0.6644
1094,243070.395,1061.400,416,3152,493.6784,3951.7332,-2839349.838,-1557595.511,31.21131109,-51.36620752,1164.581,10129.255,0.5694,0.3547,0.9388,1,3,0.9595
1095,243069.638,1013.886,464,3152,542.9909,3951.6455,-2839117.083,-1557595.097,31.22350800,-51.36619387,1280.958,10129.048,0.6028,0.2665,0.6042,1,3,0.6183
1096,243068.870,966.371,512,3152,592.2359,3951.3430,-2838884.647,-1557593.669,31.23568823,-51.36614679,1397.177,10128.335,0.5885,0.3079,0.2150,1,3,0.2662
1097,243068.097,918.858,560,3152,641.9192,3951.2302,-2838650.141,-1557593.136,31.24797687,-51.36612923,1514.429,10128.068,0.7037,0.4479,0.2901,1,3,0.3217
1098,243067.316,871.347,608,3152,691.3262,3951.0393,-2838416.940,-1557592.235,31.26019716,-51.36609951,1631.030,10127.618,0.6691,0.3994,0.1966,1,3,0.2600
1099,243066.528,823.834,656,3152,741.0409,3951.0484,-2838182.287,-1557592.278,31.27249355,-51.36610093,1748.357,10127.639,0.6868,0.3895,0.2567,1,3,0.2352
1100,243065.732,776.327,704,3152,790.4448,3950.9929,-2837949.101,-1557592.017,31.28471306,-51.36609229,1864.950,10127.508,0.7041,0.4391,0.1143,1,3,0.0824
1101,243064.930,728.815,752,3152,840.2120,3950.8532,-2837714.200,-1557591.357,31.29702244,-51.36607055,1982.400,10127.179,0.7581,0.4458,0.3644,1,3,0.2426
1102,243064.121,681.312,800,3152,889.2763,3950.7399,-2837482.616,-1557590.822,31.30915798,-51.36605291,2098.192,10126.911,0.6879,0.3146,0.0714,1,3,0.2915
1103,243063.303,633.801,848,3152,938.4314,3950.5770,-2837250.604,-1557590.053,31.32131597,-51.36602755,2214.198,10126.527,0.6179,0.3760,0.3910,1,3,0.6704
1104,243062.480,586.302,896,3152,987.0954,3950.3105,-2837020.910,-1557588.796,31.33335247,-51.36598607,2329.045,10125.898,0.6240,0.2753,1.1903,1,3,1.5403
1105,243029.886,1347.359,128,3200,194.2058,4000.1500,-2840763.349,-1557824.038,31.13723977,-51.37374388,457.826,10243.519,0.7703,0.6430,0.0923,1,3,0.0622
1106,243029.174,1299.852,176,3200,244.1135,4000.0574,-2840527.784,-1557823.601,31.14958389,-51.37372946,575.608,10243.301,0.6038,0.3879,0.2011,1,3,0.1238
1107,243028.447,1252.336,224,3200,294.0356,3999.9444,-2840292.152,-1557823.068,31.16193161,-51.37371187,693.424,10243.034,0.7241,0.4251,0.3622,1,3,0.3286
1108,243027.721,1204.831,272,3200,343.9998,3999.9543,-2840056.321,-1557823.114,31.17428971,-51.37371341,811.340,10243.057,0.6083,0.3540,0.6029,1,3,0.5816
1109,243026.980,1157.316,320,3200,393.4721,3999.8578,-2839822.812,-1557822.659,31.18652613,-51.37369838,928.094,10242.829,0.6506,0.4076,0.3681,1,3,0.3644
1110,243026.238,1109.812,368,3200,443.1651,3999.7331,-2839588.261,-1557822.070,31.19881718,-51.37367898,1045.370,10242.535,0.6809,0.3783,0.3656,1,3,0.3834
1111,243025.483,1062.300,416,3200,492.9171,3999.7609,-2839353.431,-1557822.201,31.21112278,-51.37368331,1162.784,10242.601,0.6861,0.4626,0.4823,1,3,0.4853
1112,243024.726,1014.797,464,3200,542.5669,3999.7158,-2839119.084,-1557821.989,31.22340313,-51.37367629,1279.958,10242.494,0.6498,0.4124,0.5094,1,3,0.5027
1113,243023.959,967.287,512,3200,591.8095,3999.4232,-2838886.659,-1557820.607,31.23558276,-51.37363073,1396.170,10241.804,0.6032,0.2936,0.0849,1,3,0.1031
1114,243023.186,919.786,560,3200,641.3981,3999.1746,-2838652.601,-1557819.434,31.24784798,-51.37359204,1513.200,10241.217,0.6558,0.3494,0.1326,1,3,0.2044
1115,243022.405,872.278,608,3200,690.8881,3999.1846,-2838419.008,-1557819.481,31.26008879,-51.37359360,1629.996,10241.241,0.7255,0.3389,0.0158,1,3,0.0918
1116,243021.617,824.780,656,3200,740.3649,3998.9488,-2838185.477,-1557818.368,31.27232636,-51.37355689,1746.761,10240.684,0.7405,0.3687,0.1572,1,3,0.2601
1117,243020.822,777.274,704,3200,789.4515,3998.8961,-2837953.789,-1557818.119,31.28446738,-51.37354869,1862.605,10240.560,0.7654,0.4925,0.5387,1,3,0.6564
1118,243020.020,729.778,752,3200,839.5717,3999.0141,-2837717.222,-1557818.677,31.29686408,-51.37356706,1980.889,10240.838,0.6897,0.3440,0.1789,1,3,0.1061
1119,243019.211,682.276,800,3200,888.8594,3998.8693,-2837484.584,-1557817.993,31.30905485,-51.37354453,2097.208,10240.497,0.6579,0.3045,0.1765,1,3,0.3311
1120,243017.571,587.283,896,3200,986.7132,3998.4767,-2837022.714,-1557816.140,31.33325794,-51.37348341,2328.143,10239.570,0.5513,0.2113,1.1647,1,3,1.5169
1121,242985.021,1348.186,128,3248,194.0934,4048.1133,-2840763.879,-1558050.425,31.13721198,-51.38120963,457.560,10356.712,0.7052,0.4720,0.1795,1,3,0.0667
1122,242984.311,1300.679,176,3248,243.8786,4048.0932,-2840528.893,-1558050.330,31.14952580,-51.38120650,575.053,10356.665,0.6207,0.3434,0.2187,1,3,0.1173
1123,242983.587,1253.177,224,3248,293.8994,4048.0367,-2840292.795,-1558050.063,31.16189791,-51.38119771,693.103,10356.532,0.5835,0.3444,0.4846,1,3,0.4303
1124,242982.863,1205.670,272,3248,343.5752,4048.0024,-2840058.325,-1558049.901,31.17418468,-51.38119237,810.337,10356.451,0.5813,0.3701,0.4572,1,3,0.4208
1125,242982.125,1158.164,320,3248,393.3524,4047.7933,-2839823.377,-1558048.914,31.18649653,-51.38115981,927.812,10355.957,0.7104,0.3926,0.5015,1,3,0.5089
1126,242981.385,1110.661,368,3248,442.6796,4047.7613,-2839590.552,-1558048.763,31.19869710,-51.38115484,1044.224,10355.882,0.6425,0.4523,0.1870,1,3,0.1739
1127,242980.634,1063.160,416,3248,492.0231,4047.4413,-2839357.651,-1558047.253,31.21090167,-51.38110503,1160.674,10355.126,0.6799,0.4044,0.1984,1,3,0.2386
1128,242979.879,1015.658,464,3248,542.1005,4047.5503,-2839121.286,-1558047.767,31.22328778,-51.38112199,1278.857,10355.384,0.6634,0.3545,0.2979,1,3,0.3080
1129,242979.114,968.161,512,3248,591.1141,4047.3092,-2838889.941,-1558046.629,31.23541078,-51.38108446,1394.529,10354.815,0.6699,0.4061,0.3155,1,3,0.3277
1130,242978.344,920.659,560,3248,640.9457,4047.2351,-2838654.736,-1558046.280,31.24773607,-51.38107294,1512.132,10354.640,0.7372,0.3723,0.0710,1,3,0.1306
1131,242977.565,873.165,608,3248,690.6180,4047.2596,-2838420.283,-1558046.395,31.26002197,-51.38107674,1629.358,10354.698,0.6910,0.4170,0.1099,1,3,0.0214
1132,242976.780,825.665,656,3248,739.9365,4047.0361,-2838187.500,-1558045.340,31.27222038,-51.38104195,1745.750,10354.170,0.7102,0.5133,0.1801,1,3,0.2659
1133,242975.988,778.173,704,3248,789.2294,4046.8645,-2837954.837,-1558044.530,31.28441245,-51.38101524,1862.081,10353.765,0.6951,0.4496,0.4122,1,3,0.5396
1134,242975.188,730.675,752,3248,839.0915,4046.8472,-2837719.488,-1558044.449,31.29674530,-51.38101255,1979.756,10353.724,0.7018,0.3904,0.0435,1,3,0.2099
1135,242974.382,683.187,800,3248,888.5054,4046.9548,-2837486.254,-1558044.957,31.30896730,-51.38102930,2096.373,10353.978,0.7600,0.5428,0.2625,1,3,0.3525
1136,242973.567,635.691,848,3248,937.8226,4046.7376,-2837253.477,-1558043.931,31.32116538,-51.38099549,2212.761,10353.466,0.6842,0.5286,0.2738,1,3,0.5187
1137,242972.748,588.205,896,3248,987.0956,4046.5994,-2837020.909,-1558043.279,31.33335253,-51.38097398,2329.046,10353.140,0.5771,0.1583,0.4082,1,3,0.7454
1138,242940.252,1348.942,128,3296,193.9217,4095.9842,-2840764.690,-1558276.375,31.13716950,-51.38866100,457.155,10469.688,0.7178,0.5309,0.2309,1,3,0.1828
1139,242939.542,1301.438,176,3296,244.2611,4095.9254,-2840527.087,-1558276.098,31.14962042,-51.38865185,575.956,10469.549,0.6233,0.3899,0.8090,1,3,0.7479
1140,242938.818,1253.948,224,3296,293.7318,4095.9002,-2840293.586,-1558275.979,31.16185646,-51.38864793,692.707,10469.489,0.6391,0.2450,0.5460,1,3,0.5143
1141,242938.093,1206.446,272,3296,343.6590,4095.8713,-2840057.929,-1558275.843,31.17420542,-51.38864343,810.535,10469.421,0.5675,0.2534,0.7656,1,3,0.7534
1142,242937.356,1158.943,320,3296,393.1690,4095.6924,-2839824.242,-1558274.998,31.18645117,-51.38861558,927.379,10468.999,0.6793,0.3668,0.5842,1,3,0.6035
1143,242936.616,1111.454,368,3296,442.1364,4095.3632,-2839593.116,-1558273.444,31.19856274,-51.38856434,1042.942,10468.222,0.8292,0.6313,0.2840,1,3,0.3557
1144,242935.865,1063.955,416,3296,491.9871,4095.3148,-2839357.821,-1558273.216,31.21089276,-51.38855681,1160.590,10468.108,0.6384,0.3968,0.2357,1,3,0.3222
1145,242935.110,1016.468,464,3296,541.3019,4095.1952,-2839125.055,-1558272.651,31.22309025,-51.38853820,1276.972,10467.826,0.7043,0.4104,0.3211,1,3,0.3753
1146,242934.345,968.972,512,3296,590.9355,4095.2144,-2838890.785,-1558272.742,31.23536659,-51.38854118,1394.108,10467.871,0.6820,0.4050,0.2154,1,3,0.2650
1147,242933.575,921.485,560,3296,640.7448,4095.1152,-2838655.685,-1558272.274,31.24768639,-51.38852574,1511.658,10467.637,0.7104,0.4031,0.1346,1,3,0.2099
1148,242932.797,873.993,608,3296,690.3194,4094.9319,-2838421.693,-1558271.409,31.25994812,-51.38849721,1628.654,10467.204,0.6831,0.3481,0.2158,1,3,0.2871
1149,242932.012,826.507,656,3296,739.5508,4095.0817,-2838189.320,-1558272.116,31.27212498,-51.38852053,1744.840,10467.558,0.6683,0.4157,0.2262,1,3,0.2931
1150,242931.220,779.018,704,3296,789.2414,4094.7808,-2837954.781,-1558270.696,31.28441542,-51.38847369,1862.110,10466.848,0.5462,0.2159,0.1387,1,3,0.2670
1151,242930.420,731.534,752,3296,838.7223,4094.8292,-2837721.231,-1558270.924,31.29665398,-51.38848122,1978.885,10466.962,0.6929,0.3956,0.0487,1,3,0.2152
1152,242929.614,684.048,800,3296,888.0248,4094.6775,-2837488.523,-1558270.208,31.30884842,-51.38845761,2095.238,10466.604,0.7822,0.5260,0.1998,1,3,0.4363
1153,242928.799,636.565,848,3296,936.8455,4094.4149,-2837258.089,-1558268.969,31.32092371,-51.38841674,2210.455,10465.984,0.7100,0.4030,0.8323,1,3,1.1371
1154,242927.980,589.083,896,3296,986.1004,4094.2198,-2837025.606,-1558268.048,31.33310637,-51.38838637,2326.697,10465.524,0.5879,0.2777,1.0059,1,3,1.3845
1155,242895.451,1349.698,128,3344,193.8914,4143.9814,-2840764.832,-1558502.922,31.13716201,-51.39613204,457.084,10582.961,0.6680,0.4213,0.4265,1,3,0.3393
1156,242894.738,1302.210,176,3344,243.8174,4143.9467,-2840529.182,-1558502.759,31.14951068,-51.39612664,574.909,10582.879,0.7960,0.6509,0.6066,1,3,0.5446
1157,242894.011,1254.723,224,3344,293.8787,4143.9046,-2840292.893,-1558502.560,31.16189278,-51.39612008,693.054,10582.780,0.7570,0.6013,0.9466,1,3,0.9127
1158,242893.283,1207.236,272,3344,343.1566,4143.7923,-2840060.301,-1558502.030,31.17408115,-51.39610260,809.350,10582.515,0.5823,0.3712,0.5239,1,3,0.5208
1159,242892.542,1159.752,320,3344,392.7745,4143.6733,-2839826.104,-1558501.468,31.18635361,-51.39608409,926.448,10582.234,0.5785,0.3564,0.4645,1,3,0.4859
1160,242891.799,1112.265,368,3344,441.8686,4143.2718,-2839594.380,-1558499.573,31.19849650,-51.39602158,1042.310,10581.286,0.5756,0.3586,0.3397,1,3,0.4172
1161,242891.044,1064.783,416,3344,491.5299,4143.3605,-2839359.979,-1558499.991,31.21077969,-51.39603539,1159.511,10581.496,0.6650,0.4230,0.1596,1,3,0.2328
1162,242890.286,1017.298,464,3344,541.0938,4143.1159,-2839126.037,-1558498.837,31.22303877,-51.39599732,1276.481,10580.919,0.7797,0.4634,0.3150,1,3,0.3891
1163,242889.518,969.819,512,3344,590.6208,4143.1874,-2838892.270,-1558499.175,31.23528875,-51.39600845,1393.365,10581.087,0.7676,0.4886,0.2124,1,3,0.2655
1164,242888.744,922.336,560,3344,640.3684,4143.0013,-2838657.461,-1558498.296,31.24759328,-51.39597947,1510.769,10580.648,0.8430,0.7512,0.2096,1,3,0.2933
1165,242887.962,874.858,608,3344,689.6780,4143.1636,-2838424.720,-1558499.062,31.25978947,-51.39600475,1627.140,10581.031,0.8877,0.7678,0.2281,1,3,0.2638
1166,242887.173,827.378,656,3344,739.1928,4142.8433,-2838191.010,-1558497.550,31.27203643,-51.39595489,1743.995,10580.275,0.7242,0.4268,0.2733,1,3,0.3870
1167,242886.377,779.903,704,3344,788.6522,4142.9277,-2837957.562,-1558497.949,31.28426969,-51.39596803,1860.719,10580.474,0.7281,0.5244,0.2649,1,3,0.3868
1168,242885.572,732.424,752,3344,838.1455,4142.6792,-2837723.953,-1558496.776,31.29651131,-51.39592934,1977.523,10579.888,0.6515,0.4106,0.2605,1,3,0.4551
1169,242884.763,684.952,800,3344,887.0022,4142.3699,-2837493.350,-1558495.316,31.30859550,-51.39588120,2092.825,10579.158,0.7183,0.3450,0.8851,1,3,1.1354
1170,242883.943,637.476,848,3344,936.4033,4142.2452,-2837260.177,-1558494.728,31.32081432,-51.39586179,2209.412,10578.864,0.6664,0.2861,0.9128,1,3,1.2277
1171,242883.120,590.006,896,3344,985.5177,4142.3895,-2837028.357,-1558495.409,31.33296224,-51.39588426,2325.322,10579.204,0.7073,0.4628,1.1566,1,3,1.5373
1172,242851.150,1398.035,80,3392,143.7847,4192.0861,-2841001.336,-1558729.977,31.12476866,-51.40361981,338.832,10696.488,0.6328,0.4372,0.3130,1,3,0.1730
1173,242850.437,1350.548,128,3392,193.2756,4192.0014,-2840767.739,-1558729.576,31.13700969,-51.40360661,455.630,10696.288,0.7629,0.6153,0.0485,1,3,0.0995
1174,242849.724,1303.076,176,3392,243.2889,4191.9236,-2840531.677,-1558729.209,31.14937994,-51.40359451,573.662,10696.105,0.6202,0.3611,0.3261,1,3,0.2728
1175,242848.996,1255.590,224,3392,293.3319,4191.8771,-2840295.473,-1558728.990,31.16175755,-51.40358728,691.763,10695.995,0.6388,0.3905,0.6592,1,3,0.6278
1176,242848.268,1208.119,272,3392,343.0760,4191.8045,-2840060.681,-1558728.647,31.17406122,-51.40357597,809.159,10695.824,0.6319,0.3911,0.7153,1,3,0.7079
1177,242847.527,1160.636,320,3392,392.0686,4191.7426,-2839829.436,-1558728.355,31.18617901,-51.40356634,924.782,10695.678,0.6702,0.3768,0.0908,1,3,0.0517
1178,242846.784,1113.165,368,3392,441.6480,4191.4977,-2839595.421,-1558727.199,31.19844194,-51.40352822,1041.789,10695.100,0.7152,0.4729,0.0779,1,3,0.1596
1179,242846.029,1065.685,416,3392,490.8604,4191.3957,-2839363.139,-1558726.718,31.21061408,-51.40351234,1157.930,10694.859,0.6929,0.4414,0.4413,1,3,0.4428
1180,242845.270,1018.214,464,3392,540.5151,4191.3622,-2839128.769,-1558726.560,31.22289565,-51.40350713,1275.116,10694.780,0.7056,0.4050,0.3775,1,3,0.3742
1181,242844.502,970.738,512,3392,590.0842,4191.0122,-2838894.803,-1558724.908,31.23515602,-51.40345265,1392.099,10693.954,0.8261,0.5763,0.4709,1,3,0.5213
1182,242843.728,923.268,560,3392,639.5212,4191.1841,-2838661.460,-1558725.719,31.24738375,-51.40347940,1508.770,10694.359,0.8582,0.7477,0.4997,1,3,0.5235
1183,242842.947,875.795,608,3392,688.6729,4190.7973,-2838429.464,-1558723.893,31.25954089,-51.40341920,1624.768,10693.447,0.7765,0.6801,0.9227,1,3,0.9951
1184,242842.157,828.325,656,3392,738.8922,4190.8683,-2838192.429,-1558724.229,31.27196210,-51.40343025,1743.286,10693.614,0.9144,0.8202,0.1965,1,3,0.3144
1185,242841.362,780.856,704,3392,788.0596,4190.8044,-2837960.359,-1558723.927,31.28412312,-51.40342030,1859.321,10693.463,0.7676,0.5796,0.4885,1,3,0.6301
1186,242840.558,733.388,752,3392,837.9484,4190.8205,-2837724.883,-1558724.003,31.29646258,-51.40342280,1977.058,10693.501,0.6518,0.3318,0.0944,1,3,0.2405
1187,242839.749,685.923,800,3392,886.8493,4190.4173,-2837494.071,-1558722.100,31.30855769,-51.40336005,2092.464,10692.550,0.7368,0.4444,0.6353,1,3,0.8934
1188,242838.929,638.455,848,3392,936.2014,4190.5545,-2837261.129,-1558722.747,31.32076439,-51.40338140,2208.935,10692.874,0.7152,0.3554,0.6656,1,3,0.9750
1189,242838.107,590.994,896,3392,985.0128,4190.2728,-2837030.740,-1558721.418,31.33283737,-51.40333756,2324.130,10692.209,0.5965,0.2656,1.2530,1,3,1.6471
1190,242806.135,1398.885,80,3440,143.4500,4240.1074,-2841002.916,-1558956.637,31.12468586,-51.41109459,338.042,10809.818,0.5268,0.2576,0.2212,1,3,0.0647
1191,242805.424,1351.412,128,3440,193.2703,4239.9982,-2840767.764,-1558956.122,31.13700840,-51.41107760,455.618,10809.561,0.6049,0.3859,0.2865,1,3,0.1915
1192,242804.712,1303.941,176,3440,242.8448,4240.0572,-2840533.772,-1558956.400,31.14927011,-51.41108678,572.614,10809.700,0.7099,0.4344,0.2198,1,3,0.1093
1193,242803.987,1256.470,224,3440,292.9229,4239.9827,-2840297.404,-1558956.048,31.16165639,-51.41107518,690.798,10809.524,0.6242,0.2243,0.5438,1,3,0.4925
1194,242803.261,1209.000,272,3440,342.3934,4239.8511,-2840063.903,-1558955.427,31.17389238,-51.41105470,807.548,10809.214,0.6661,0.3591,0.3330,1,3,0.3049
1195,242802.522,1161.530,320,3440,392.1191,4239.8139,-2839829.198,-1558955.252,31.18619151,-51.41104890,924.901,10809.126,0.7623,0.5458,0.4176,1,3,0.4002
1196,242801.780,1114.061,368,3440,441.4892,4239.6125,-2839596.171,-1558954.301,31.19840265,-51.41101756,1041.414,10808.651,0.7180,0.4991,0.1330,1,3,0.1375
1197,242801.028,1066.594,416,3440,490.7324,4239.3745,-2839363.743,-1558953.178,31.21058244,-51.41098051,1157.629,10808.089,0.7291,0.4961,0.2638,1,3,0.2820
1198,242800.271,1019.127,464,3440,539.9876,4239.2697,-2839131.258,-1558952.683,31.22276518,-51.41096419,1273.871,10807.841,0.6542,0.3075,0.5907,1,3,0.5939
1199,242799.505,971.661,512,3440,589.7120,4239.1050,-2838896.559,-1558951.906,31.23506397,-51.41093856,1391.220,10807.453,0.8427,0.6585,0.4513,1,3,0.4858
1200,242798.733,924.196,560,3440,639.2451,4238.9589,-2838662.763,-1558951.216,31.24731544,-51.41091581,1508.118,10807.108,0.8453,0.6564,0.4765,1,3,0.5357
1201,242797.166,829.270,656,3440,738.3781,4238.8239,-2838194.855,-1558950.579,31.27183493,-51.41089481,1742.072,10806.789,0.9074,0.7887,0.3390,1,3,0.4559
1202,242796.373,781.809,704,3440,787.8901,4238.8593,-2837961.159,-1558950.746,31.28408120,-51.41090032,1858.921,10806.873,0.6616,0.5089,0.2806,1,3,0.4185
1203,242795.571,734.348,752,3440,837.7723,4238.9526,-2837725.715,-1558951.186,31.29641901,-51.41091484,1976.643,10807.093,0.6572,0.2774,0.2781,1,3,0.1469
1204,242794.764,686.889,800,3440,886.7644,4238.8345,-2837494.472,-1558950.629,31.30853668,-51.41089645,2092.264,10806.814,0.6404,0.2873,0.3687,1,3,0.5530
1205,242793.949,639.430,848,3440,935.9910,4238.6903,-2837262.122,-1558949.948,31.32071236,-51.41087401,2208.439,10806.474,0.5949,0.2095,0.5106,1,3,0.7924
1206,242793.131,591.973,896,3440,984.5762,4238.4412,-2837032.800,-1558948.773,31.33272937,-51.41083524,2323.100,10805.886,0.6263,0.3270,1.2676,1,3,1.6603
1207,242761.328,1399.673,80,3488,142.7944,4288.0969,-2841006.010,-1559183.147,31.12452372,-51.41856442,336.495,10923.074,0.6947,0.3684,0.2259,1,3,0.3537
1208,242760.619,1352.202,128,3488,192.7942,4288.1004,-2840770.012,-1559183.164,31.13689062,-51.41856497,454.494,10923.082,0.6438,0.3319,0.1747,1,3,0.0804
1209,242759.910,1304.743,176,3488,242.5442,4288.0165,-2840535.191,-1559182.768,31.14919576,-51.41855192,571.904,10922.884,0.7175,0.5067,0.1850,1,3,0.0746
1210,242759.187,1257.274,224,3488,292.1273,4287.9033,-2840301.159,-1559182.234,31.16145959,-51.41853430,688.920,10922.617,0.8389,0.6863,0.1262,1,3,0.0509
1211,242758.463,1209.815,272,3488,342.0738,4287.7996,-2840065.412,-1559181.744,31.17381332,-51.41851815,806.794,10922.372,0.8472,0.7312,0.2889,1,3,0.2664
1212,242757.727,1162.350,320,3488,391.3631,4287.6608,-2839832.766,-1559181.089,31.18600450,-51.41849655,923.117,10922.045,0.7315,0.5315,0.1010,1,3,0.0811
1213,242756.987,1114.891,368,3488,441.2721,4287.5662,-2839597.196,-1559180.643,31.19834896,-51.41848182,1040.902,10921.821,0.7497,0.5626,0.2074,1,3,0.2264
1214,242756.238,1067.429,416,3488,490.3987,4287.1999,-2839365.318,-1559178.914,31.21049988,-51.41842480,1156.841,10920.957,0.7127,0.4353,0.3522,1,3,0.3997
1215,242755.483,1019.970,464,3488,539.9097,4287.1883,-2839131.626,-1559178.859,31.22274590,-51.41842300,1273.687,10920.929,0.7517,0.4213,0.3644,1,3,0.3945
1216,242754.720,972.511,512,3488,589.4249,4286.9608,-2838897.915,-1559177.785,31.23499296,-51.41838759,1390.543,10920.393,0.6830,0.3927,0.4615,1,3,0.5182
1217,242753.950,925.053,560,3488,639.3048,4286.9761,-2838662.481,-1559177.857,31.24733022,-51.41838997,1508.259,10920.429,0.7746,0.5946,0.1549,1,3,0.2454
1218,242753.174,877.598,608,3488,688.8322,4287.0017,-2838428.712,-1559177.978,31.25958028,-51.41839396,1625.144,10920.489,0.7139,0.4290,0.0232,1,3,0.1267
1219,242752.389,830.140,656,3488,738.6205,4287.0104,-2838193.711,-1559178.019,31.27189488,-51.41839530,1742.644,10920.509,0.6444,0.3685,0.3104,1,3,0.2018
1220,242751.598,782.689,704,3488,788.0199,4286.8660,-2837960.546,-1559177.337,31.28411329,-51.41837282,1859.227,10920.169,0.5610,0.2632,0.2397,1,3,0.0960
1221,242750.798,735.232,752,3488,837.3270,4286.7492,-2837727.817,-1559176.786,31.29630887,-51.41835465,1975.592,10919.893,0.6260,0.2649,0.1143,1,3,0.1026
1222,242749.994,687.784,800,3488,886.2592,4286.6146,-2837496.857,-1559176.151,31.30841172,-51.41833370,2091.072,10919.575,0.6598,0.3893,0.3901,1,3,0.6471
1223,242749.179,640.329,848,3488,934.9461,4286.3544,-2837267.054,-1559174.923,31.32045391,-51.41829320,2205.973,10918.962,0.6691,0.3458,1.1009,1,3,1.4370
1224,242748.362,592.885,896,3488,983.8210,4286.2844,-2837036.365,-1559174.592,31.33254259,-51.41828230,2321.318,10918.796,0.6542,0.4133,1.5952,0,3,2.0048
1225,242716.560,1400.448,80,3536,142.3765,4335.8618,-2841007.983,-1559408.598,31.12442035,-51.42599931,335.509,11035.799,0.6714,0.4063,0.4009,1,3,0.5674
1226,242715.851,1352.989,128,3536,192.2860,4335.8045,-2840772.410,-1559408.327,31.13676493,-51.42599038,453.295,11035.664,0.6961,0.4636,0.2220,1,3,0.3529
1227,242715.141,1305.536,176,3536,241.8897,4335.8149,-2840538.280,-1559408.376,31.14903388,-51.42599200,570.360,11035.688,0.7902,0.5971,0.2935,1,3,0.3658
1228,242714.419,1258.078,224,3536,291.9098,4335.7955,-2840302.186,-1559408.285,31.16140580,-51.42598898,688.407,11035.642,0.8029,0.6519,0.0663,1,3,0.0534
1229,242713.694,1210.625,272,3536,340.7261,4335.3926,-2840071.773,-1559406.383,31.17348000,-51.42592626,803.614,11034.691,0.7836,0.5820,0.8368,1,3,0.8725
1230,242712.958,1163.169,320,3536,391.2612,4335.5193,-2839833.247,-1559406.981,31.18597930,-51.42594598,922.876,11034.990,0.8012,0.6444,0.1271,1,3,0.1957
1231,242712.219,1115.718,368,3536,440.7035,4335.3167,-2839599.879,-1559406.025,31.19820833,-51.42591445,1039.560,11034.512,0.7396,0.5681,0.1828,1,3,0.2651
1232,242711.469,1068.263,416,3536,489.5431,4335.2503,-2839369.356,-1559405.712,31.21028828,-51.42590412,1154.822,11034.356,0.7673,0.5662,0.8182,1,3,0.8192
1233,242710.714,1020.814,464,3536,539.5319,4335.2878,-2839133.409,-1559405.889,31.22265247,-51.42590996,1272.795,11034.444,0.6690,0.4826,0.3816,1,3,0.3832
1234,242709.951,973.361,512,3536,589.4301,4334.8746,-2838897.890,-1559403.938,31.23499424,-51.42584564,1390.555,11033.469,0.7206,0.4624,0.3292,1,3,0.4174
1235,242709.181,925.914,560,3536,638.9634,4334.9435,-2838664.093,-1559404.263,31.24724576,-51.42585637,1507.454,11033.632,0.6996,0.3284,0.1577,1,3,0.2492
1236,242708.404,878.463,608,3536,688.5498,4335.0835,-2838430.045,-1559404.924,31.25951044,-51.42587815,1624.478,11033.962,0.6017,0.3844,0.1165,1,3,0.0166
1237,242707.619,831.018,656,3536,738.3154,4334.8042,-2838195.151,-1559403.606,31.27181942,-51.42583468,1741.924,11033.303,0.6542,0.4141,0.3764,1,3,0.3191
1238,242706.829,783.570,704,3536,787.7829,4334.8428,-2837961.665,-1559403.788,31.28405467,-51.42584068,1858.668,11033.394,0.6078,0.3677,0.3880,1,3,0.2367
1239,242706.029,736.127,752,3536,837.0184,4334.6035,-2837729.273,-1559402.659,31.29623255,-51.42580344,1974.863,11032.829,0.7155,0.4930,0.1968,1,3,0.1529
1240,242705.225,688.682,800,3536,885.0718,4334.1925,-2837502.461,-1559400.718,31.30811803,-51.42573946,2088.269,11031.859,0.7298,0.4985,1.2177,1,3,1.4993
1241,242704.409,641.240,848,3536,934.4390,4334.1144,-2837269.448,-1559400.350,31.32032848,-51.42572731,2204.776,11031.675,0.6801,0.3625,1.2229,1,3,1.5729
1242,242703.592,593.798,896,3536,983.2043,4334.0856,-2837039.276,-1559400.214,31.33239005,-51.42572283,2319.862,11031.607,0.6952,0.3656,1.7926,0,3,2.2170
1243,242671.763,1401.205,80,3584,142.2406,4383.8277,-2841008.624,-1559634.997,31.12438675,-51.43346547,335.188,11148.998,0.7316,0.5225,0.2970,1,3,0.4641
1244,242671.054,1353.751,128,3584,192.0922,4383.7587,-2840773.325,-1559634.671,31.13671698,-51.43345472,452.837,11148.835,0.6308,0.3922,0.1779,1,3,0.3108
1245,242670.343,1306.305,176,3584,241.1843,4383.6109,-2840541.610,-1559633.973,31.14885939,-51.43343171,568.695,11148.487,0.8112,0.7133,0.7516,1,3,0.8307
1246,242669.620,1258.854,224,3584,290.8477,4383.3642,-2840307.199,-1559632.809,31.16114311,-51.43339331,685.901,11147.904,0.7727,0.6130,0.8135,1,3,0.8783
1247,242668.895,1211.409,272,3584,340.3327,4383.1869,-2840073.630,-1559631.972,31.17338269,-51.43336572,802.685,11147.486,0.7491,0.5395,0.9981,1,3,1.0435
1248,242668.158,1163.961,320,3584,390.1726,4383.2068,-2839838.386,-1559632.066,31.18571004,-51.43336882,920.307,11147.533,0.7244,0.4784,0.7555,1,3,0.7896
1249,242667.417,1116.515,368,3584,440.1137,4383.0865,-2839602.663,-1559631.498,31.19806244,-51.43335009,1038.168,11147.249,0.7104,0.4160,0.5003,1,3,0.5595
1250,242666.667,1069.071,416,3584,489.6758,4383.0855,-2839368.730,-1559631.494,31.21032109,-51.43334994,1155.135,11147.247,0.7609,0.4533,0.4467,1,3,0.4955
1251,242665.911,1021.625,464,3584,539.6073,4383.1927,-2839133.053,-1559631.999,31.22267113,-51.43336661,1272.973,11147.500,0.7250,0.5193,0.0871,1,3,0.1750
1252,242665.147,974.184,512,3584,589.3523,4382.7990,-2838898.257,-1559630.141,31.23497501,-51.43330535,1390.372,11146.571,0.6449,0.4031,0.4486,1,3,0.5222
1253,242664.376,926.739,560,3584,638.6862,4382.9273,-2838665.401,-1559630.747,31.24717720,-51.43332530,1506.799,11146.873,0.6041,0.3675,0.1611,1,3,0.2377
1254,242663.599,879.302,608,3584,688.6293,4382.9029,-2838429.670,-1559630.632,31.25953011,-51.43332151,1624.665,11146.816,0.6619,0.5576,0.5312,1,3,0.4878
1255,242662.022,784.424,704,3584,787.2425,4382.6093,-2837964.216,-1559629.246,31.28392100,-51.43327581,1857.392,11146.123,0.5912,0.3429,0.2726,1,3,0.2452
1256,242661.221,736.981,752,3584,835.7797,4382.3188,-2837735.120,-1559627.875,31.29592618,-51.43323059,1971.940,11145.437,0.6871,0.4614,0.7182,1,3,0.9481
1257,242660.416,689.550,800,3584,884.8894,4382.1759,-2837503.322,-1559627.200,31.30807292,-51.43320834,2087.839,11145.100,0.6960,0.4660,0.9922,1,3,1.2823
1258,242659.600,642.109,848,3584,933.8256,4382.1564,-2837272.343,-1559627.108,31.32017676,-51.43320531,2203.328,11145.054,0.6885,0.2734,1.3903,1,3,1.7477
1259,242658.781,594.681,896,3584,982.8321,4382.0511,-2837041.032,-1559626.611,31.33229800,-51.43318892,2318.984,11144.806,0.7163,0.4752,1.7282,0,3,2.1628
1260,242626.950,1401.949,80,3632,141.7940,4431.7671,-2841010.732,-1559861.271,31.12427627,-51.44092750,334.134,11262.135,0.7469,0.6237,0.4860,1,3,0.6457
1261,242626.241,1354.502,128,3632,191.5691,4431.7718,-2840775.794,-1559861.293,31.13658761,-51.44092823,451.603,11262.146,0.6444,0.3784,0.3932,1,3,0.5047
1262,242625.530,1307.066,176,3632,240.6660,4431.4710,-2840544.057,-1559859.873,31.14873120,-51.44088141,567.472,11261.437,0.7790,0.6308,1.0134,1,3,1.0927
1263,242624.807,1259.621,224,3632,290.3689,4431.1889,-2840309.459,-1559858.542,31.16102468,-51.44083750,684.771,11260.771,0.7693,0.5825,1.0497,1,3,1.1158
1264,242624.082,1212.187,272,3632,339.8819,4431.1428,-2840075.757,-1559858.324,31.17327118,-51.44083033,801.621,11260.662,0.6548,0.4211,1.1407,1,3,1.1815
1265,242623.345,1164.744,320,3632,389.8962,4431.1383,-2839839.690,-1559858.303,31.18564168,-51.44082962,919.655,11260.651,0.7714,0.6055,0.7446,1,3,0.7848
1266,242622.604,1117.310,368,3632,439.6023,4431.1650,-2839605.077,-1559858.429,31.19793595,-51.44083378,1036.961,11260.714,0.7615,0.4651,0.5846,1,3,0.6156
1267,242621.853,1069.870,416,3632,489.5306,4431.1881,-2839369.416,-1559858.538,31.21028518,-51.44083737,1154.792,11260.769,0.7296,0.4221,0.2187,1,3,0.2801
1268,242621.097,1022.437,464,3632,539.6192,4431.1087,-2839132.997,-1559858.163,31.22267407,-51.44082501,1273.001,11260.581,0.6897,0.3746,0.4120,1,3,0.4562
1269,242620.333,974.999,512,3632,588.9494,4430.9061,-2838900.159,-1559857.207,31.23487536,-51.44079348,1389.421,11260.103,0.7149,0.4890,0.3108,1,3,0.3794
1270,242619.562,927.568,560,3632,638.6626,4430.9361,-2838665.513,-1559857.348,31.24717138,-51.44079815,1506.744,11260.174,0.6387,0.3701,0.4272,1,3,0.4262
1271,242617.999,832.703,656,3632,737.5410,4430.8932,-2838198.807,-1559857.146,31.27162788,-51.44079147,1740.097,11260.073,0.6351,0.5155,0.3694,1,3,0.2546
1272,242617.208,785.271,704,3632,786.1121,4430.3436,-2837969.551,-1559854.552,31.28364142,-51.44070592,1854.725,11258.776,0.6035,0.3518,0.6205,1,3,0.8053
1273,242616.406,737.843,752,3632,835.1314,4430.1660,-2837738.180,-1559853.714,31.29576581,-51.44067828,1970.410,11258.357,0.6790,0.3690,0.9857,1,3,1.2228
1274,242615.602,690.414,800,3632,884.2592,4430.0161,-2837506.297,-1559853.006,31.30791705,-51.44065495,2086.352,11258.003,0.6472,0.4365,1.2335,1,3,1.5315
1275,242614.785,642.987,848,3632,933.1627,4429.9798,-2837275.472,-1559852.835,31.32001281,-51.44064930,2201.764,11257.917,0.6455,0.3184,1.6454,0,3,2.0133
1276,242613.966,595.562,896,3632,981.9793,4429.9126,-2837045.058,-1559852.518,31.33208707,-51.44063884,2316.971,11257.759,0.5961,0.3059,2.1484,0,3,2.5938
1277,242582.122,1402.718,80,3680,141.0340,4479.3348,-2841014.320,-1560085.790,31.12408829,-51.44833169,332.340,11374.395,0.7958,0.6024,1.1109,1,3,1.2724
1278,242581.412,1355.285,128,3680,190.2972,4479.1803,-2840781.797,-1560085.061,31.13627302,-51.44830763,448.601,11374.030,0.7414,0.5130,1.5263,0,3,1.6447
1279,242580.701,1307.854,176,3680,239.9453,4479.2898,-2840547.458,-1560085.578,31.14855295,-51.44832468,565.771,11374.289,0.8100,0.6884,1.4755,1,3,1.5525
1280,242579.977,1260.423,224,3680,290.0668,4479.2002,-2840310.885,-1560085.155,31.16094997,-51.44831073,684.058,11374.077,0.6850,0.4274,1.0371,1,3,1.0996
1281,242579.251,1212.992,272,3680,339.5332,4479.1667,-2840077.403,-1560084.997,31.17318493,-51.44830551,800.798,11373.998,0.7666,0.5317,1.1596,1,3,1.1951
1282,242578.513,1165.564,320,3680,389.3264,4478.9993,-2839842.379,-1560084.207,31.18550075,-51.44827946,918.310,11373.603,0.7926,0.6005,1.0181,1,3,1.0546
1283,242577.771,1118.133,368,3680,439.4084,4478.9144,-2839605.992,-1560083.806,31.19788800,-51.44826625,1036.504,11373.403,0.7144,0.4125,0.6233,1,3,0.6876
1284,242577.021,1070.708,416,3680,489.1736,4478.8922,-2839371.101,-1560083.701,31.21019687,-51.44826279,1153.950,11373.351,0.7113,0.3982,0.4542,1,3,0.5347
1285,242576.264,1023.279,464,3680,539.0436,4478.9240,-2839135.714,-1560083.851,31.22253168,-51.44826773,1271.643,11373.426,0.6721,0.4170,0.3342,1,3,0.4180
1286,242575.499,975.856,512,3680,589.0381,4478.8650,-2838899.740,-1560083.573,31.23489729,-51.44825855,1389.630,11373.286,0.6604,0.3426,0.6955,1,3,0.7214
1287,242574.728,928.428,560,3680,638.3971,4478.6696,-2838666.765,-1560082.650,31.24710572,-51.44822813,1506.117,11372.825,0.6542,0.2965,0.6239,1,3,0.6487
1288,242573.163,833.581,656,3680,736.9829,4478.5842,-2838201.441,-1560082.247,31.27148984,-51.44821484,1738.780,11372.624,0.6301,0.4123,0.2936,1,3,0.3200
1289,242572.371,786.164,704,3680,785.7478,4478.3543,-2837971.270,-1560081.162,31.28355132,-51.44817906,1853.865,11372.081,0.6437,0.4020,0.5628,1,3,0.7540
1290,242571.569,738.739,752,3680,834.7159,4478.2272,-2837740.141,-1560080.562,31.29566306,-51.44815927,1969.430,11371.781,0.7098,0.3456,0.9475,1,3,1.1919
1291,242570.764,691.325,800,3680,883.7411,4478.1141,-2837508.742,-1560080.029,31.30778889,-51.44814167,2085.129,11371.514,0.7689,0.4401,1.2775,1,3,1.5835
1292,242569.946,643.902,848,3680,932.5665,4478.1161,-2837278.286,-1560080.038,31.31986534,-51.44814199,2200.357,11371.519,0.7975,0.5003,1.7708,0,3,2.1445
1293,242569.127,596.491,896,3680,981.8797,4477.9428,-2837045.528,-1560079.220,31.33206243,-51.44811500,2316.736,11371.110,0.7806,0.5147,1.7930,0,3,2.2484
1294,242537.270,1403.531,80,3728,140.6100,4527.4055,-2841016.321,-1560312.684,31.12398344,-51.45581415,331.340,11487.842,0.7983,0.6642,1.2056,1,3,1.3595
1295,242536.560,1356.101,128,3728,189.9900,4527.2227,-2840783.247,-1560311.821,31.13619704,-51.45578570,447.876,11487.411,0.8323,0.7292,1.5233,0,3,1.6363
1296,242535.849,1308.684,176,3728,239.7464,4527.1825,-2840548.397,-1560311.632,31.14850375,-51.45577945,565.301,11487.316,0.7870,0.6395,1.4167,1,3,1.4969
1297,242535.125,1261.255,224,3728,289.5806,4527.1955,-2840313.180,-1560311.693,31.16082970,-51.45578146,682.910,11487.346,0.7390,0.5077,1.1959,1,3,1.2502
1298,242534.399,1213.839,272,3728,339.2941,4526.9766,-2840078.532,-1560310.660,31.17312579,-51.45574740,800.234,11486.830,0.8264,0.6612,1.1623,1,3,1.2101
1299,242533.662,1166.412,320,3728,389.0188,4527.0141,-2839843.831,-1560310.836,31.18542466,-51.45575323,917.584,11486.918,0.8329,0.6297,0.9833,1,3,1.0177
1300,242532.920,1118.997,368,3728,438.9999,4526.9771,-2839607.920,-1560310.662,31.19778697,-51.45574747,1035.540,11486.831,0.7405,0.4621,0.6074,1,3,0.6597
1301,242532.170,1071.573,416,3728,488.8049,4526.9832,-2839372.841,-1560310.691,31.21010569,-51.45574841,1153.080,11486.845,0.7140,0.4701,0.3581,1,3,0.4318
1302,242531.413,1024.158,464,3728,538.6432,4526.8820,-2839137.604,-1560310.213,31.22243266,-51.45573267,1270.698,11486.607,0.7272,0.5347,0.3263,1,3,0.4141
1303,242530.649,976.737,512,3728,588.4003,4526.6799,-2838902.751,-1560309.259,31.23473954,-51.45570121,1388.125,11486.130,0.7209,0.5186,0.5551,1,3,0.6157
1304,242529.877,929.323,560,3728,637.8204,4526.7373,-2838669.488,-1560309.530,31.24696307,-51.45571014,1504.756,11486.265,0.6292,0.4042,0.4056,1,3,0.4385
1305,242529.100,881.906,608,3728,686.8767,4526.3589,-2838437.942,-1560307.744,31.25909660,-51.45565125,1620.529,11485.372,0.6356,0.3737,0.5236,1,3,0.6314
1306,242528.312,834.493,656,3728,735.8703,4526.2138,-2838206.692,-1560307.059,31.27121465,-51.45562865,1736.154,11485.029,0.5705,0.3636,0.7545,1,3,0.9079
1307,242527.521,787.079,704,3728,784.9945,4526.1501,-2837974.826,-1560306.758,31.28336501,-51.45561874,1852.087,11484.879,0.6208,0.4883,0.9430,1,3,1.1411
1308,242526.719,739.667,752,3728,834.2270,4526.0161,-2837742.449,-1560306.126,31.29554213,-51.45559789,1968.276,11484.563,0.7553,0.5696,1.0843,1,3,1.3352
1309,242525.914,692.257,800,3728,883.3147,4525.8856,-2837510.755,-1560305.510,31.30768344,-51.45557757,2084.123,11484.255,0.8059,0.5264,1.3368,1,3,1.6507
1310,242525.097,644.846,848,3728,932.2124,4525.9492,-2837279.957,-1560305.810,31.31977776,-51.45558747,2199.521,11484.405,0.7391,0.4109,1.7036,0,3,2.0895
1311,242524.278,597.440,896,3728,981.2367,4525.8881,-2837048.563,-1560305.522,31.33190339,-51.45557796,2315.219,11484.261,0.6065,0.2548,1.9815,0,3,2.4469
1312,242492.418,1404.332,80,3776,140.0912,4575.2351,-2841018.769,-1560538.440,31.12385512,-51.46325909,330.115,11600.720,0.6849,0.4526,1.4861,1,3,1.6374
1313,242491.709,1356.917,128,3776,189.9378,4575.1841,-2840783.493,-1560538.199,31.13618413,-51.46325117,447.753,11600.600,0.7627,0.4579,1.3144,1,3,1.4289
1314,242490.998,1309.499,176,3776,239.5554,4575.1795,-2840549.298,-1560538.177,31.14845651,-51.46325045,564.851,11600.589,0.6924,0.4319,1.3092,1,3,1.3884
1315,242490.275,1262.085,224,3776,289.2284,4575.0150,-2840314.842,-1560537.401,31.16074260,-51.46322485,682.079,11600.200,0.6561,0.3156,1.2991,1,3,1.3595
1316,242489.548,1214.668,272,3776,338.7849,4575.0399,-2840080.935,-1560537.518,31.17299986,-51.46322872,799.032,11600.259,0.6604,0.4072,1.2936,1,3,1.3294
1317,242488.812,1167.256,320,3776,388.7588,4575.0144,-2839845.059,-1560537.398,31.18536035,-51.46322475,916.971,11600.199,0.6779,0.3615,0.9077,1,3,0.9434
1318,242488.070,1119.840,368,3776,438.7175,4574.9759,-2839609.253,-1560537.216,31.19771711,-51.46321876,1034.873,11600.108,0.7463,0.5183,0.5448,1,3,0.6011
1319,242487.320,1072.430,416,3776,488.4819,4574.8008,-2839374.365,-1560536.390,31.21002580,-51.46319149,1152.317,11599.695,0.7793,0.5623,0.4816,1,3,0.5663
1320,242486.563,1025.016,464,3776,538.1531,4574.7907,-2839139.918,-1560536.342,31.22231142,-51.46318992,1269.541,11599.671,0.7461,0.5167,0.3646,1,3,0.4577
1321,242485.799,977.608,512,3776,588.1247,4574.7241,-2838904.051,-1560536.028,31.23467137,-51.46317956,1387.474,11599.514,0.6725,0.3700,0.5805,1,3,0.6233
1322,242485.027,930.196,560,3776,637.7634,4574.8136,-2838669.757,-1560536.450,31.24694896,-51.46319349,1504.622,11599.725,0.5733,0.3378,0.6651,1,3,0.6454
1323,242484.250,882.790,608,3776,686.0256,4574.1275,-2838441.959,-1560533.212,31.25888611,-51.46308670,1618.520,11598.106,0.6506,0.5174,0.8930,1,3,1.0197
1324,242483.463,835.380,656,3776,735.8722,4574.2742,-2838206.683,-1560533.904,31.27121513,-51.46310954,1736.158,11598.452,0.5619,0.2190,0.4744,1,3,0.6054
1325,242482.671,787.975,704,3776,784.8459,4574.1200,-2837975.527,-1560533.176,31.28332824,-51.46308552,1851.736,11598.088,0.7166,0.5952,0.7296,1,3,0.9289
1326,242481.869,740.568,752,3776,834.0244,4573.9722,-2837743.405,-1560532.479,31.29549200,-51.46306252,1967.797,11597.739,0.6826,0.5044,0.9006,1,3,1.1541
1327,242481.065,693.161,800,3776,883.0597,4573.9512,-2837511.958,-1560532.380,31.30762036,-51.46305926,2083.521,11597.690,0.5991,0.2659,1.1286,1,3,1.4511
1328,242480.248,645.754,848,3776,932.1625,4573.9097,-2837280.193,-1560532.184,31.31976540,-51.46305280,2199.403,11597.592,0.7097,0.3669,1.3161,1,3,1.7119
1329,242479.429,598.355,896,3776,980.9684,4573.8613,-2837049.829,-1560531.956,31.33183702,-51.46304527,2314.585,11597.478,0.6811,0.3130,1.7894,0,3,2.2654
1330,242447.571,1405.070,80,3824,140.6225,4623.3126,-2841016.262,-1560765.366,31.12398653,-51.47074264,331.369,11714.183,0.6905,0.3275,0.7399,1,3,0.8946
1331,242446.862,1357.667,128,3824,189.9689,4623.1142,-2840783.347,-1560764.429,31.13619183,-51.47071176,447.827,11713.715,0.8002,0.5148,1.0586,1,3,1.1783
1332,242446.150,1310.253,176,3824,239.2477,4622.9799,-2840550.751,-1560763.795,31.14838041,-51.47069084,564.125,11713.398,0.7260,0.5058,1.3887,1,3,1.4736
1333,242445.427,1262.850,224,3824,289.1681,4622.9980,-2840315.127,-1560763.880,31.16072766,-51.47069366,681.937,11713.440,0.6900,0.3317,1.0730,1,3,1.1401
1334,242444.700,1215.440,272,3824,338.9449,4622.9589,-2840080.180,-1560763.696,31.17303944,-51.47068758,799.410,11713.348,0.6527,0.3492,0.8929,1,3,0.9508
1335,242443.964,1168.035,320,3824,388.8115,4622.9726,-2839844.810,-1560763.761,31.18537339,-51.47068971,917.095,11713.380,0.7200,0.4519,0.6003,1,3,0.6637
1336,242443.222,1120.629,368,3824,438.2895,4622.8563,-2839611.273,-1560763.212,31.19761126,-51.47067161,1033.863,11713.106,0.7420,0.4709,0.6652,1,3,0.7230
1337,242442.472,1073.224,416,3824,488.4691,4622.6877,-2839374.426,-1560762.416,31.21002263,-51.47064536,1152.287,11712.708,0.7459,0.4717,0.5621,1,3,0.6550
1338,242441.715,1025.822,464,3824,537.9311,4622.7893,-2839140.965,-1560762.896,31.22225652,-51.47066118,1269.017,11712.948,0.7223,0.5019,0.3629,1,3,0.4504
1339,242440.951,978.417,512,3824,588.0375,4622.6185,-2838904.463,-1560762.090,31.23464981,-51.47063460,1387.269,11712.545,0.7655,0.5445,0.8698,1,3,0.8977
1340,242440.179,931.018,560,3824,636.6632,4622.3836,-2838674.950,-1560760.981,31.24667684,-51.47059803,1502.025,11711.990,0.8124,0.6547,0.5409,1,3,0.6426
1341,242438.614,836.219,656,3824,735.9416,4622.2944,-2838206.356,-1560760.560,31.27123230,-51.47058415,1736.322,11711.780,0.7141,0.5439,0.5598,1,3,0.5650
1342,242437.823,788.814,704,3824,784.7614,4622.2130,-2837975.926,-1560760.175,31.28330733,-51.47057148,1851.537,11711.588,0.7499,0.5625,0.4240,1,3,0.6082
1343,242437.020,741.423,752,3824,833.8336,4622.0986,-2837744.305,-1560759.635,31.29544482,-51.47055367,1967.347,11711.318,0.6652,0.3273,0.6106,1,3,0.8703
1344,242436.216,694.017,800,3824,882.9584,4621.9863,-2837512.436,-1560759.105,31.30759532,-51.47053619,2083.282,11711.053,0.6722,0.3084,0.7884,1,3,1.1166
1345,242435.398,646.618,848,3824,932.0995,4621.8967,-2837280.490,-1560758.683,31.31974984,-51.47052224,2199.255,11710.841,0.7096,0.3937,0.9361,1,3,1.3398
1346,242402.723,1405.807,80,3872,140.3938,4671.0469,-2841017.341,-1560990.672,31.12392994,-51.47817275,330.829,11826.836,0.5766,0.2636,0.8831,1,3,1.0318
1347,242402.013,1358.408,128,3872,189.9224,4671.1051,-2840783.566,-1560990.946,31.13618032,-51.47818181,447.717,11826.973,0.6505,0.3700,0.8536,1,3,0.9757
1348,242401.300,1311.009,176,3872,239.3300,4670.9793,-2840550.362,-1560990.352,31.14840076,-51.47816222,564.319,11826.676,0.6101,0.2283,1.0465,1,3,1.1394
1349,242400.576,1263.611,224,3872,289.0120,4670.8758,-2840315.863,-1560989.864,31.16068906,-51.47814612,681.568,11826.432,0.5158,0.2494,0.9988,1,3,1.0763
1350,242399.848,1216.214,272,3872,338.6097,4670.9452,-2840081.762,-1560990.191,31.17295652,-51.47815691,798.619,11826.596,0.7445,0.5585,0.8866,1,3,0.9432
1351,242399.110,1168.818,320,3872,388.7709,4670.9672,-2839845.001,-1560990.295,31.18536336,-51.47816035,916.999,11826.648,0.7109,0.4122,0.4237,1,3,0.5139
1352,242398.367,1121.422,368,3872,438.2542,4670.8519,-2839611.440,-1560989.751,31.19760251,-51.47814239,1033.780,11826.376,0.6900,0.3558,0.4625,1,3,0.5483
1353,242397.616,1074.028,416,3872,488.3023,4670.7141,-2839375.213,-1560989.101,31.20998136,-51.47812094,1151.893,11826.050,0.7004,0.3387,0.6051,1,3,0.6872
1354,242396.858,1026.633,464,3872,537.9952,4670.7282,-2839140.663,-1560989.167,31.22227237,-51.47812314,1269.169,11826.084,0.6696,0.3094,0.6837,1,3,0.7346
1355,242396.093,979.241,512,3872,587.0843,4670.3688,-2838908.962,-1560987.471,31.23441404,-51.47806719,1385.019,11825.235,0.7024,0.4895,0.6561,1,3,0.7405
1356,242395.320,931.848,560,3872,636.6812,4670.3000,-2838674.865,-1560987.146,31.24668129,-51.47805648,1502.068,11825.073,0.7270,0.5760,0.6888,1,3,0.7481
1357,242394.541,884.459,608,3872,686.4844,4670.0729,-2838439.794,-1560986.074,31.25899957,-51.47802113,1619.603,11824.537,0.6470,0.3667,1.0250,1,3,1.0329
1358,242393.753,837.068,656,3872,735.7750,4670.2639,-2838207.142,-1560986.976,31.27119108,-51.47805087,1735.929,11824.988,0.7353,0.4079,0.7532,1,3,0.7072
1359,242392.961,789.681,704,3872,784.8357,4670.0771,-2837975.576,-1560986.094,31.28332572,-51.47802178,1851.712,11824.547,0.6608,0.3793,0.5791,1,3,0.5978
1360,242392.157,742.292,752,3872,833.9052,4670.1044,-2837743.968,-1560986.223,31.29546252,-51.47802604,1967.516,11824.611,0.7326,0.4640,0.3433,1,3,0.4958
1361,242391.351,694.907,800,3872,882.8209,4670.0017,-2837513.085,-1560985.738,31.30756130,-51.47801005,2082.957,11824.369,0.7342,0.4716,0.5003,1,3,0.8249
1362,242390.532,647.521,848,3872,932.0908,4669.8935,-2837280.532,-1560985.227,31.31974767,-51.47799321,2199.234,11824.114,0.6744,0.3458,0.5211,1,3,0.9193
1363,242357.798,1406.685,80,3920,140.3967,4719.1195,-2841017.327,-1561217.574,31.12393068,-51.48565552,330.836,11940.287,0.6151,0.3076,0.6622,1,3,0.7968
1364,242357.088,1359.290,128,3920,189.5701,4719.2405,-2840785.229,-1561218.145,31.13609317,-51.48567435,446.885,11940.573,0.8501,0.5706,0.7856,1,3,0.8998
1365,242356.375,1311.905,176,3920,239.0281,4719.0574,-2840551.787,-1561217.281,31.14832609,-51.48564586,563.606,11940.141,0.5306,0.3090,0.9719,1,3,1.0593
1366,242354.923,1217.126,272,3920,338.8520,4718.8863,-2840080.619,-1561216.474,31.17301645,-51.48561922,799.191,11939.737,0.7322,0.6285,0.5636,1,3,0.6577
1367,242354.186,1169.737,320,3920,388.4066,4718.7851,-2839846.721,-1561215.996,31.18527326,-51.48560347,916.140,11939.498,0.6459,0.5067,0.5740,1,3,0.6661
1368,242353.443,1122.351,368,3920,438.1944,4718.7771,-2839611.722,-1561215.958,31.19758773,-51.48560223,1033.639,11939.479,0.6340,0.4285,0.4946,1,3,0.5910
1369,242352.691,1074.965,416,3920,487.7984,4718.8347,-2839377.591,-1561216.230,31.20985674,-51.48561119,1150.704,11939.615,0.6620,0.3958,0.4028,1,3,0.4867
1370,242351.933,1027.579,464,3920,537.5588,4718.8429,-2839142.722,-1561216.269,31.22216445,-51.48561246,1268.139,11939.634,0.7098,0.4438,0.5666,1,3,0.6030
1371,242351.168,980.197,512,3920,587.3364,4718.5618,-2838907.772,-1561214.942,31.23447639,-51.48556871,1385.614,11938.971,0.6868,0.3983,0.9354,1,4,0.8438
1372,242350.395,932.812,560,3920,637.0671,4718.5494,-2838673.043,-1561214.883,31.24677675,-51.48556678,1502.978,11938.942,0.5621,0.2765,1.1856,1,4,1.0751
1373,242349.617,885.433,608,3920,685.6440,4718.3354,-2838443.760,-1561213.873,31.25879172,-51.48553346,1617.620,11938.436,0.6992,0.4361,0.5201,1,4,0.2527
1374,242348.828,838.048,656,3920,735.3924,4718.1013,-2838208.948,-1561212.768,31.27109646,-51.48549702,1735.026,11937.884,0.6021,0.3422,0.8640,1,4,0.5687
1375,242348.036,790.674,704,3920,784.7838,4718.2058,-2837975.820,-1561213.261,31.28331288,-51.48551329,1851.590,11938.131,0.6375,0.2906,0.7723,1,4,0.4492
1376,242347.232,743.289,752,3920,833.6327,4718.1623,-2837745.254,-1561213.056,31.29539513,-51.48550653,1966.873,11938.028,0.7730,0.5076,0.3264,1,4,0.1298
1377,242346.427,695.918,800,3920,882.6589,4718.0319,-2837513.850,-1561212.440,31.30752123,-51.48548622,2082.575,11937.720,0.7752,0.5810,0.2755,1,4,0.4973
1378,242345.608,648.536,848,3920,931.8472,4717.9128,-2837281.681,-1561211.879,31.31968743,-51.48546769,2198.659,11937.439,0.7555,0.4248,0.3228,1,4,0.6854
1379,242312.867,1407.578,80,3968,140.1138,4767.1986,-2841018.663,-1561444.507,31.12386069,-51.49313929,330.168,12053.754,0.6264,0.2937,0.5527,1,4,0.3434
1380,242312.158,1360.194,128,3968,189.4952,4766.9434,-2840785.583,-1561443.303,31.13607464,-51.49309957,446.709,12053.151,0.7589,0.4806,0.8182,1,4,0.5020
1381,242311.445,1312.815,176,3968,238.9904,4767.0978,-2840551.965,-1561444.032,31.14831676,-51.49312361,563.517,12053.516,0.5965,0.3853,0.7039,1,4,0.3556
1382,242310.722,1265.432,224,3968,288.7969,4767.0925,-2840316.879,-1561444.007,31.16063587,-51.49312278,681.061,12053.503,0.5721,0.3293,0.4924,1,4,0.1662
1383,242309.994,1218.053,272,3968,338.5998,4767.1462,-2840081.809,-1561444.260,31.17295407,-51.49313115,798.596,12053.630,0.6808,0.4855,0.2592,1,4,0.1514
1384,242309.257,1170.672,320,3968,388.3177,4766.7933,-2839847.141,-1561442.594,31.18525125,-51.49307621,915.930,12052.797,0.5915,0.4309,0.5361,1,4,0.4002
1385,242308.514,1123.294,368,3968,438.1801,4766.8092,-2839611.790,-1561442.669,31.19758420,-51.49307869,1033.605,12052.835,0.6530,0.4311,0.6367,1,4,0.6291
1386,242307.764,1075.914,416,3968,487.6237,4766.8846,-2839378.416,-1561443.025,31.20981354,-51.49309043,1150.292,12053.013,0.7939,0.6557,0.5027,1,4,0.5206
1387,242307.006,1028.539,464,3968,537.6868,4766.8689,-2839142.118,-1561442.951,31.22219611,-51.49308799,1268.441,12052.976,0.7290,0.4015,1.0500,1,4,1.0735
1388,242306.242,981.161,512,3968,586.9210,4766.7084,-2838909.733,-1561442.194,31.23437364,-51.49306300,1384.633,12052.597,0.7169,0.3493,0.8572,1,4,0.8077
1389,242305.469,933.787,560,3968,636.1652,4766.5150,-2838677.300,-1561441.281,31.24655367,-51.49303290,1500.850,12052.141,0.7033,0.3481,0.7218,1,4,0.5756
1390,242304.692,886.411,608,3968,685.2306,4766.2242,-2838445.712,-1561439.908,31.25868947,-51.49298763,1616.644,12051.454,0.6773,0.3596,0.5882,1,4,0.2997
1391,242303.904,839.039,656,3968,734.8245,4766.2977,-2838211.629,-1561440.255,31.27095597,-51.49299907,1733.686,12051.628,0.6771,0.4092,0.6208,1,4,0.3384
1392,242303.113,791.666,704,3968,784.0232,4766.1280,-2837979.410,-1561439.454,31.28312476,-51.49297265,1849.795,12051.227,0.7125,0.3919,0.5310,1,4,0.1672
1393,242302.309,744.296,752,3968,833.5537,4766.1777,-2837745.626,-1561439.689,31.29537560,-51.49298039,1966.687,12051.344,0.7166,0.3656,0.6172,1,4,0.2379
1394,242301.505,696.926,800,3968,882.6881,4766.0663,-2837513.712,-1561439.163,31.30752846,-51.49296305,2082.644,12051.081,0.6841,0.4202,0.4535,1,4,0.0310
1395,242300.686,649.558,848,3968,931.8293,4765.9531,-2837281.766,-1561438.629,31.31968301,-51.49294544,2198.617,12050.814,0.7210,0.3890,0.3241,1,4,0.2416
1396,242267.968,1408.394,80,4016,140.0022,4815.1599,-2841019.189,-1561670.885,31.12383310,-51.50060475,329.905,12166.942,0.7481,0.4804,0.5319,1,4,0.4525
1397,242267.259,1361.016,128,4016,189.1726,4815.1329,-2840787.105,-1561670.757,31.13599486,-51.50060054,445.947,12166.879,0.7730,0.5338,0.6426,1,4,0.2809
1398,242266.548,1313.642,176,4016,239.1294,4815.0564,-2840551.309,-1561670.396,31.14835115,-51.50058863,563.845,12166.698,0.6562,0.3384,0.4833,1,4,0.3126
1399,242265.825,1266.267,224,4016,288.5505,4815.1355,-2840318.042,-1561670.770,31.16057491,-51.50060095,680.479,12166.885,0.6070,0.3246,0.3786,1,4,0.0705
1400,242265.098,1218.893,272,4016,338.2180,4814.8577,-2840083.611,-1561669.458,31.17285965,-51.50055770,797.695,12166.229,0.6290,0.3742,0.5175,1,4,0.2755
1401,242264.362,1171.520,320,4016,388.2275,4814.8935,-2839847.566,-1561669.627,31.18522895,-51.50056327,915.717,12166.314,0.7933,0.4881,0.5593,1,4,0.5808
1402,242263.620,1124.146,368,4016,437.4759,4814.7569,-2839615.114,-1561668.983,31.19741002,-51.50054202,1031.943,12165.991,0.7648,0.3960,0.4578,1,4,0.3177
1403,242262.870,1076.777,416,4016,487.3586,4814.7083,-2839379.668,-1561668.753,31.20974795,-51.50053445,1149.666,12165.877,0.7206,0.4462,0.6780,1,4,0.6438
1404,242262.113,1029.404,464,4016,536.9301,4814.8280,-2839145.690,-1561669.318,31.22200894,-51.50055309,1266.655,12166.159,0.7804,0.5612,0.6948,1,4,0.7090
1405,242261.350,982.038,512,4016,586.6947,4814.7982,-2838910.801,-1561669.177,31.23431767,-51.50054844,1384.099,12166.089,0.6624,0.3223,1.0110,1,4,0.9948
1406,242260.578,934.665,560,4016,636.0504,4814.5598,-2838677.842,-1561668.052,31.24652528,-51.50051134,1500.579,12165.526,0.7475,0.4283,0.9801,1,4,0.8674
1407,242259.801,887.303,608,4016,685.0832,4814.2613,-2838446.407,-1561666.643,31.25865302,-51.50046487,1616.296,12164.822,0.6741,0.3255,0.7328,1,4,0.4756
1408,242259.013,839.930,656,4016,734.7362,4814.4771,-2838212.045,-1561667.662,31.27093416,-51.50049847,1733.478,12165.331,0.8179,0.6613,0.8917,1,4,0.6917
1409,242258.223,792.571,704,4016,783.8686,4814.2066,-2837980.140,-1561666.385,31.28308651,-51.50045636,1849.430,12164.693,0.8464,0.6937,0.7233,1,4,0.3914
1410,242257.421,745.201,752,4016,833.0394,4814.0422,-2837748.054,-1561665.609,31.29524839,-51.50043077,1965.473,12164.305,0.6969,0.4451,0.6092,1,4,0.1776
1411,242256.617,697.844,800,4016,882.5075,4814.1214,-2837514.565,-1561665.983,31.30748379,-51.50044310,2082.218,12164.492,0.7373,0.4929,0.7072,1,4,0.2916
1412,242255.799,650.476,848,4016,931.7093,4814.0112,-2837282.332,-1561665.463,31.31965333,-51.50042594,2198.334,12164.231,0.7009,0.4104,0.6338,1,4,0.1676
1413,242223.081,1409.183,80,4064,139.8987,4863.2054,-2841019.678,-1561897.659,31.12380749,-51.50808329,329.661,12280.330,0.7964,0.5550,0.5072,1,4,0.5856
1414,242222.373,1361.812,128,4064,189.1595,4863.0571,-2840787.167,-1561896.960,31.13599162,-51.50806022,445.916,12279.980,0.7945,0.5772,0.5388,1,4,0.3288
1415,242221.661,1314.448,176,4064,238.9951,4863.1178,-2840551.943,-1561897.246,31.14831792,-51.50806966,563.528,12280.123,0.6476,0.4175,0.4110,1,4,0.4283
1416,242220.939,1267.078,224,4064,288.6612,4863.1274,-2840317.519,-1561897.292,31.16060230,-51.50807116,680.741,12280.146,0.7631,0.5316,0.3858,1,4,0.4888
1417,242220.212,1219.716,272,4064,337.9229,4863.0195,-2840085.004,-1561896.782,31.17278665,-51.50805436,796.998,12279.891,0.6954,0.4328,0.3174,1,4,0.1845
1418,242219.476,1172.347,320,4064,387.9624,4862.9717,-2839848.817,-1561896.556,31.18516339,-51.50804692,915.091,12279.778,0.7887,0.3774,0.5754,1,4,0.6693
1419,242218.734,1124.986,368,4064,437.2377,4862.8379,-2839616.238,-1561895.925,31.19735109,-51.50802609,1031.381,12279.462,0.6876,0.3113,0.4311,1,4,0.4132
1420,242217.985,1077.620,416,4064,486.6833,4862.8235,-2839382.855,-1561895.857,31.20958094,-51.50802386,1148.073,12279.429,0.7385,0.5768,0.3598,1,4,0.3480
1421,242217.227,1030.261,464,4064,536.3814,4862.5586,-2839148.280,-1561894.607,31.22187323,-51.50798262,1265.360,12278.803,0.7246,0.5405,0.6624,1,4,0.5582
1422,242216.465,982.896,512,4064,585.8090,4862.6963,-2838914.981,-1561895.257,31.23409861,-51.50800405,1382.009,12279.128,0.7983,0.6664,0.5561,1,4,0.5127
1423,242215.692,935.539,560,4064,635.0113,4862.3012,-2838682.747,-1561893.392,31.24626826,-51.50794256,1498.127,12278.196,0.7302,0.3743,0.5663,1,4,0.2944
1424,242214.916,888.178,608,4064,684.2162,4862.1937,-2838450.500,-1561892.884,31.25843856,-51.50792583,1614.250,12277.942,0.7864,0.5939,0.4858,1,4,0.1736
1425,242214.128,840.821,656,4064,734.2647,4862.2916,-2838214.271,-1561893.347,31.27081753,-51.50794107,1732.365,12278.173,0.7919,0.6416,0.8935,1,4,0.6339
1426,242213.339,793.463,704,4064,783.5410,4862.2546,-2837981.687,-1561893.172,31.28300548,-51.50793531,1848.657,12278.086,0.8313,0.6707,0.8218,1,4,0.5158
1427,242212.536,746.107,752,4064,832.6595,4862.1346,-2837749.847,-1561892.605,31.29515442,-51.50791661,1964.576,12277.803,0.7206,0.5590,0.6385,1,4,0.2549
1428,242211.732,698.753,800,4064,882.2486,4861.9160,-2837515.787,-1561891.573,31.30741975,-51.50788259,2081.607,12277.287,0.7065,0.3255,0.9575,1,4,0.4644
1429,242210.915,651.399,848,4064,931.2287,4861.8468,-2837284.601,-1561891.247,31.31953445,-51.50787182,2197.200,12277.123,0.6558,0.3349,0.6718,1,4,0.0975
1430,242178.193,1409.987,80,4112,139.7661,4911.2491,-2841020.304,-1562124.426,31.12377470,-51.51556158,329.348,12393.713,0.7156,0.3383,0.5578,1,4,0.7456
1431,242177.485,1362.628,128,4112,188.9474,4911.1409,-2840788.168,-1562123.915,31.13593915,-51.51554473,445.416,12393.458,0.7436,0.3753,0.4099,1,4,0.3333
1432,242176.773,1315.268,176,4112,238.8227,4911.0896,-2840552.757,-1562123.673,31.14827527,-51.51553674,563.121,12393.336,0.7303,0.4320,0.4899,1,4,0.5893
1433,242176.051,1267.912,224,4112,288.3012,4910.9283,-2840319.218,-1562122.911,31.16051326,-51.51551163,679.891,12392.956,0.7406,0.5021,0.5191,1,4,0.5107
1434,242175.324,1220.552,272,4112,337.7357,4911.0289,-2840085.887,-1562123.386,31.17274036,-51.51552729,796.556,12393.193,0.7140,0.5613,0.3130,1,4,0.3560
1435,242174.589,1173.199,320,4112,387.6581,4911.0216,-2839850.254,-1562123.352,31.18508810,-51.51552616,914.373,12393.176,0.7492,0.5619,0.6042,1,4,0.7443
1436,242173.847,1125.839,368,4112,437.0643,4910.8108,-2839617.057,-1562122.357,31.19730820,-51.51549334,1030.972,12392.678,0.7948,0.6502,0.5899,1,4,0.6199
1437,242173.098,1078.489,416,4112,486.3492,4910.7991,-2839384.432,-1562122.302,31.20949830,-51.51549153,1147.284,12392.651,0.7704,0.6380,0.4016,1,4,0.4082
1438,242172.341,1031.131,464,4112,536.0896,4910.6600,-2839149.657,-1562121.645,31.22180105,-51.51546988,1264.671,12392.323,0.6539,0.4866,0.6924,1,4,0.6563
1439,242171.578,983.783,512,4112,585.0022,4910.3733,-2838918.789,-1562120.292,31.23389906,-51.51542524,1380.105,12391.646,0.7972,0.5363,0.4763,1,4,0.1795
1440,242170.806,936.427,560,4112,634.7391,4910.4772,-2838684.031,-1562120.782,31.24620094,-51.51544141,1497.484,12391.891,0.6934,0.4089,0.5482,1,4,0.3928
1441,242170.030,889.081,608,4112,683.8512,4910.2099,-2838452.222,-1562119.521,31.25834829,-51.51539981,1613.389,12391.260,0.7880,0.6906,0.4709,1,4,0.1287
1442,242169.242,841.726,656,4112,733.4791,4910.0862,-2838217.979,-1562118.937,31.27062322,-51.51538056,1730.511,12390.968,0.7174,0.4881,0.6701,1,4,0.3134
1443,242168.452,794.383,704,4112,782.9660,4910.1139,-2837984.401,-1562119.068,31.28286326,-51.51538487,1847.300,12391.034,0.7352,0.5048,0.7432,1,4,0.3801
1444,242167.649,747.031,752,4112,832.2298,4909.9878,-2837751.875,-1562118.472,31.29504813,-51.51536523,1963.562,12390.736,0.7244,0.4534,0.7161,1,4,0.2694
1445,242166.846,699.690,800,4112,881.7251,4910.0948,-2837518.257,-1562118.977,31.30729028,-51.51538189,2080.371,12390.989,0.6924,0.4153,0.8779,1,4,0.4558
1446,242166.028,652.340,848,4112,930.8838,4909.9745,-2837286.228,-1562118.409,31.31944915,-51.51536316,2196.386,12390.705,0.9035,0.8062,0.7845,1,4,0.2992
1447,242133.305,1410.813,80,4160,139.3742,4959.1765,-2841022.154,-1562350.643,31.12367777,-51.52302173,328.423,12506.821,0.7346,0.5750,0.5395,1,4,0.6884
1448,242132.597,1363.457,128,4160,188.6941,4959.1759,-2840789.364,-1562350.640,31.13587651,-51.52302164,444.818,12506.820,0.5989,0.4107,0.3514,1,4,0.3914
1449,242131.885,1316.111,176,4160,238.5347,4959.1214,-2840554.116,-1562350.383,31.14820405,-51.52301316,562.442,12506.692,0.5977,0.2514,0.4827,1,4,0.6411
1450,242131.163,1268.757,224,4160,288.0445,4959.0110,-2840320.430,-1562349.862,31.16044977,-51.52299598,679.285,12506.431,0.6257,0.3035,0.4833,1,4,0.5834
1451,242130.436,1221.412,272,4160,337.6985,4959.0399,-2840086.063,-1562349.998,31.17273115,-51.52300047,796.468,12506.499,0.7501,0.5542,0.5330,1,4,0.6908
1452,242128.210,1079.367,416,4160,486.1597,4958.5946,-2839385.326,-1562347.896,31.20945143,-51.52293116,1146.837,12505.448,0.6749,0.5083,0.6722,1,4,0.6125
1453,242127.453,1032.024,464,4160,535.6123,4958.7640,-2839151.910,-1562348.696,31.22168298,-51.52295754,1263.545,12505.848,0.5191,0.3617,0.5866,1,4,0.6150
1454,242126.691,984.678,512,4160,585.2126,4958.5546,-2838917.796,-1562347.708,31.23395110,-51.52292494,1380.602,12505.354,0.6643,0.3721,0.8091,1,4,0.7316
1455,242125.918,937.335,560,4160,633.8810,4958.3434,-2838688.082,-1562346.711,31.24598870,-51.52289206,1495.459,12504.855,0.7678,0.5850,0.3524,1,4,0.0513
1456,242125.142,889.993,608,4160,683.3184,4958.2151,-2838454.737,-1562346.105,31.25821650,-51.52287208,1612.131,12504.553,0.7351,0.5268,0.3960,1,4,0.0587
1457,242124.354,842.651,656,4160,732.8325,4958.2497,-2838221.031,-1562346.269,31.27046329,-51.52287748,1728.985,12504.634,0.7132,0.4454,0.3982,1,4,0.1215
1458,242123.565,795.312,704,4160,781.6780,4958.0458,-2837990.480,-1562345.306,31.28254471,-51.52284575,1844.260,12504.153,0.8282,0.6888,0.3398,1,4,0.4535
1459,242121.959,700.636,800,4160,880.8926,4957.9952,-2837522.187,-1562345.067,31.30708435,-51.52283786,2078.406,12504.034,0.7192,0.5279,0.5465,1,4,0.1619
1460,242121.141,653.296,848,4160,929.6749,4957.7773,-2837291.934,-1562344.039,31.31915014,-51.52280394,2193.533,12503.519,0.8130,0.6796,0.2338,1,4,0.4988
1461,242088.377,1411.661,80,4208,139.0776,5007.2268,-2841023.554,-1562577.441,31.12360441,-51.53050104,327.723,12620.220,0.7136,0.3928,0.5013,1,4,0.7128
1462,242087.667,1364.320,128,4208,188.6080,5007.2275,-2840789.770,-1562577.444,31.13585523,-51.53050114,444.615,12620.222,0.5877,0.3694,0.4222,1,4,0.6475
1463,242086.952,1316.977,176,4208,238.0273,5007.1145,-2840556.511,-1562576.910,31.14807855,-51.53048355,561.244,12619.955,0.7436,0.4875,0.3569,1,4,0.4883
1464,242086.229,1269.640,224,4208,287.3438,5006.9697,-2840323.737,-1562576.227,31.16027645,-51.53046102,677.631,12619.614,0.7277,0.4624,0.3518,1,4,0.2472
1465,242085.499,1222.298,272,4208,337.4055,5006.8356,-2840087.446,-1562575.594,31.17265867,-51.53044014,795.777,12619.297,0.7907,0.6592,0.6891,1,4,0.7699
1466,242084.762,1174.962,320,4208,386.8157,5006.8780,-2839854.230,-1562575.794,31.18487976,-51.53044674,912.385,12619.397,0.5333,0.3703,0.5611,1,4,0.6581
1467,242083.267,1080.288,416,4208,485.9608,5006.8565,-2839386.265,-1562575.693,31.20940222,-51.53044340,1146.367,12619.346,0.7273,0.5573,0.7554,1,4,0.8453
1468,242081.744,985.617,512,4208,583.2336,5006.3126,-2838927.137,-1562573.125,31.23346162,-51.53035874,1375.931,12618.063,0.6794,0.4011,0.8970,1,4,0.8373
1469,242080.968,938.280,560,4208,633.0392,5006.2982,-2838692.055,-1562573.058,31.24578049,-51.53035650,1493.473,12618.029,0.6735,0.3704,0.4913,1,4,0.4547
1470,242080.191,890.951,608,4208,682.6078,5006.3890,-2838458.091,-1562573.486,31.25804074,-51.53037063,1610.454,12618.243,0.7130,0.4396,0.1941,1,4,0.3437
1471,242079.400,843.615,656,4208,731.8882,5006.2145,-2838225.488,-1562572.662,31.27022972,-51.53034347,1726.756,12617.831,0.8060,0.5862,0.2694,1,4,0.4217
1472,242078.609,796.288,704,4208,781.2102,5005.9550,-2837992.688,-1562571.438,31.28242898,-51.53030307,1843.156,12617.219,0.7671,0.5841,0.3897,1,4,0.4637
1473,242077.804,748.955,752,4208,830.1410,5005.7789,-2837761.735,-1562570.606,31.29453149,-51.53027566,1958.633,12616.803,0.7540,0.6749,0.6374,1,4,0.8938
1474,242076.998,701.630,800,4208,879.7882,5006.0669,-2837527.400,-1562571.966,31.30681120,-51.53032050,2075.800,12617.483,0.7913,0.6309,0.0807,1,4,0.6390
1475,242076.178,654.300,848,4208,928.9085,5005.9429,-2837295.552,-1562571.380,31.31896057,-51.53030118,2191.724,12617.190,0.7715,0.5367,0.1893,1,4,0.8176
1476,242043.336,1412.580,80,4256,138.3748,5055.2016,-2841026.871,-1562803.882,31.12343059,-51.53796859,326.065,12733.441,0.7327,0.5401,0.3258,1,4,0.3501
1477,242042.626,1365.241,128,4256,188.0952,5055.2757,-2840792.191,-1562804.231,31.13572837,-51.53798012,443.405,12733.616,0.7483,0.5409,0.2426,1,4,0.5050
1478,242041.913,1317.914,176,4256,237.3431,5055.1215,-2840559.740,-1562803.503,31.14790932,-51.53795611,559.630,12733.252,0.7099,0.4243,0.2759,1,4,0.1829
1479,242041.190,1270.578,224,4256,286.9809,5055.1193,-2840325.450,-1562803.493,31.16018670,-51.53795577,676.775,12733.247,0.7184,0.4346,0.1681,1,4,0.3047
1480,242040.462,1223.250,272,4256,336.3644,5054.8827,-2840092.360,-1562802.376,31.17240117,-51.53791895,793.320,12732.688,0.7616,0.5410,0.3339,1,4,0.1085
1481,242039.725,1175.918,320,4256,385.8990,5054.9635,-2839858.557,-1562802.758,31.18465302,-51.53793153,910.222,12732.879,0.5776,0.3405,0.1520,1,4,0.2393
1482,242038.981,1128.589,368,4256,435.7671,5055.0416,-2839623.179,-1562803.126,31.19698736,-51.53794367,1027.910,12733.063,0.6759,0.4828,0.3901,1,4,0.6272
1483,242038.231,1081.260,416,4256,484.6739,5054.9433,-2839392.339,-1562802.662,31.20908392,-51.53792838,1143.330,12732.831,0.6460,0.3993,0.1276,1,4,0.3818
1484,242037.472,1033.932,464,4256,534.2042,5054.7715,-2839158.556,-1562801.851,31.22133471,-51.53790163,1260.222,12732.426,0.6256,0.3115,0.0542,1,4,0.3030
1485,242036.709,986.607,512,4256,583.4630,5054.6289,-2838926.055,-1562801.179,31.23351835,-51.53787945,1376.473,12732.089,0.6407,0.2862,0.1484,1,4,0.3130
1486,242035.935,939.279,560,4256,632.3829,5054.5132,-2838695.153,-1562800.632,31.24561816,-51.53786143,1491.924,12731.816,0.6401,0.2846,0.5589,1,4,0.7170
1487,242035.158,891.957,608,4256,681.3627,5054.2632,-2838463.968,-1562799.452,31.25773278,-51.53782252,1607.516,12731.226,0.8085,0.6272,0.9346,1,4,1.0995
1488,242034.368,844.630,656,4256,730.8468,5054.3335,-2838230.403,-1562799.784,31.26997214,-51.53783346,1724.298,12731.392,0.7407,0.4247,0.7295,1,4,1.0310
1489,242033.578,797.312,704,4256,780.2181,5054.1047,-2837997.371,-1562798.704,31.28218361,-51.53779785,1840.815,12730.852,0.6942,0.2938,0.6673,1,4,0.9984
1490,242032.773,749.986,752,4256,829.5702,5054.2559,-2837764.429,-1562799.418,31.29439030,-51.53782137,1957.286,12731.209,0.6132,0.3426,0.5607,1,4,1.0631
1491,242031.968,702.671,800,4256,878.5958,5054.2110,-2837533.028,-1562799.206,31.30651626,-51.53781439,2072.986,12731.103,0.7261,0.4039,0.7868,1,4,1.3674
1492,242031.149,655.346,848,4256,927.7654,5054.0664,-2837300.947,-1562798.523,31.31867783,-51.53779188,2189.026,12730.762,0.7082,0.3850,0.8315,1,4,1.4884
1493,241998.302,1413.495,80,4304,138.6580,5103.7186,-2841025.534,-1563032.882,31.12350063,-51.54552053,326.733,12847.941,0.7070,0.3904,0.6694,1,4,1.1243
1494,241997.595,1366.169,128,4304,187.3191,5103.2146,-2840795.854,-1563030.503,31.13553642,-51.54544208,441.573,12846.752,0.6919,0.4106,0.3253,1,4,0.1508
1495,241996.884,1318.842,176,4304,236.7818,5103.2398,-2840562.390,-1563030.622,31.14777048,-51.54544601,558.305,12846.811,0.6710,0.3984,0.3313,1,4,0.2540
1496,241996.164,1271.517,224,4304,286.2122,5103.0196,-2840329.078,-1563029.583,31.15999657,-51.54541173,674.961,12846.291,0.7749,0.4261,0.4528,1,4,0.1873
1497,241995.438,1224.191,272,4304,335.8829,5103.1644,-2840094.633,-1563030.266,31.17228207,-51.54543426,792.184,12846.633,0.7412,0.4620,0.1969,1,4,0.3617
1498,241994.705,1176.867,320,4304,385.1204,5102.9083,-2839862.232,-1563029.057,31.18446043,-51.54539441,908.384,12846.029,0.8018,0.6456,0.4487,1,4,0.3253
1499,241993.963,1129.543,368,4304,434.0675,5102.8061,-2839631.201,-1563028.575,31.19656698,-51.54537849,1023.899,12845.787,0.6628,0.5255,0.9201,1,4,0.8169
1500,241993.216,1082.221,416,4304,483.8558,5102.9241,-2839396.201,-1563029.132,31.20888158,-51.54539686,1141.400,12846.066,0.7500,0.4923,0.5270,1,4,0.6240
1501,241992.460,1034.898,464,4304,533.0608,5102.8183,-2839163.953,-1563028.632,31.22105191,-51.54538039,1257.523,12845.816,0.6605,0.4401,0.7101,1,4,0.8189
1502,241991.700,987.579,512,4304,582.3160,5102.7560,-2838931.469,-1563028.338,31.23323464,-51.54537069,1373.766,12845.669,0.6823,0.3947,0.8234,1,4,0.9902
1503,241990.928,940.257,560,4304,631.6408,5102.7594,-2838698.655,-1563028.354,31.24543461,-51.54537122,1490.172,12845.677,0.7017,0.4157,0.8576,1,4,1.1149
1504,241990.154,892.940,608,4304,681.0716,5102.6039,-2838465.342,-1563027.620,31.25766079,-51.54534702,1606.829,12845.310,0.7843,0.5737,0.7408,1,4,1.0556
1505,241989.367,845.621,656,4304,729.8609,5102.4373,-2838235.057,-1563026.834,31.26972828,-51.54532109,1721.972,12844.917,0.8212,0.6915,1.2409,1,4,1.5774
1506,241988.580,798.306,704,4304,779.0463,5102.2579,-2838002.901,-1563025.987,31.28189378,-51.54529316,1838.049,12844.494,0.7183,0.4038,1.3291,1,4,1.7242
1507,241987.778,750.989,752,4304,828.1377,5102.1578,-2837771.190,-1563025.515,31.29403601,-51.54527757,1953.905,12844.257,0.6599,0.3396,1.4911,1,4,1.9657
1508,241986.976,703.675,800,4304,877.7266,5102.1817,-2837537.130,-1563025.627,31.30630129,-51.54528130,2070.935,12844.314,0.7966,0.5295,1.1451,1,4,1.7335
1509,241986.160,656.361,848,4304,926.5078,5102.1902,-2837306.883,-1563025.668,31.31836679,-51.54528263,2186.058,12844.334,0.7730,0.5178,1.5882,0,4,2.2642
1510,241953.400,1414.291,80,4352,138.2051,5151.5905,-2841027.672,-1563258.837,31.12338861,-51.55297207,325.664,12960.919,0.7194,0.3941,0.5411,1,4,1.0004
1511,241952.694,1366.969,128,4352,186.9600,5151.2953,-2840797.549,-1563257.444,31.13544761,-51.55292611,440.726,12960.222,0.6913,0.3690,0.2702,1,4,0.2787
1512,241951.983,1319.652,176,4352,236.4998,5151.0901,-2840563.721,-1563256.475,31.14770073,-51.55289416,557.639,12959.738,0.7489,0.5324,0.3117,1,4,0.1662
1513,241951.264,1272.334,224,4352,285.9067,5151.0770,-2840330.520,-1563256.413,31.15992100,-51.55289213,674.240,12959.707,0.7343,0.3189,0.3434,1,4,0.2431
1514,241950.538,1225.017,272,4352,335.3620,5151.0155,-2840097.091,-1563256.123,31.17215323,-51.55288256,790.954,12959.562,0.6846,0.2810,0.3461,1,4,0.2923
1515,241949.804,1177.701,320,4352,384.8400,5151.0887,-2839863.555,-1563256.469,31.18439110,-51.55289395,907.722,12959.734,0.7628,0.4769,0.2977,1,4,0.4547
1516,241949.063,1130.385,368,4352,433.7648,5150.9999,-2839632.630,-1563256.050,31.19649211,-51.55288013,1023.185,12959.525,0.7900,0.6881,0.7936,1,4,0.8154
1517,241948.317,1083.072,416,4352,482.8168,5150.7761,-2839401.104,-1563254.993,31.20862461,-51.55284529,1138.948,12958.996,0.7356,0.6602,1.1428,1,4,1.1344
1518,241947.560,1035.756,464,4352,532.3950,5150.7570,-2839167.096,-1563254.903,31.22088722,-51.55284232,1255.952,12958.952,0.6048,0.3408,0.9399,1,4,1.0281
1519,241946.800,988.447,512,4352,581.6111,5150.8250,-2838934.796,-1563255.224,31.23306030,-51.55285290,1372.102,12959.112,0.6744,0.4112,1.0927,1,4,1.2825
1520,241946.028,941.131,560,4352,630.8660,5150.7407,-2838702.313,-1563254.826,31.24524296,-51.55283979,1488.344,12958.913,0.7238,0.5193,1.1727,1,4,1.4220
1521,241945.255,893.825,608,4352,680.2893,5150.5499,-2838469.034,-1563253.926,31.25746730,-51.55281009,1604.983,12958.463,0.7051,0.4195,1.0491,1,4,1.3501
1522,241944.468,846.510,656,4352,728.9458,5150.3573,-2838239.376,-1563253.016,31.26950196,-51.55278010,1719.812,12958.008,0.7208,0.3404,1.6743,0,4,2.0054
1523,241943.681,799.208,704,4352,778.1309,5150.2111,-2838007.222,-1563252.327,31.28166737,-51.55275735,1835.889,12957.663,0.6958,0.2589,1.7538,0,4,2.1552
1524,241942.879,751.894,752,4352,827.4014,5150.0768,-2837774.665,-1563251.693,31.29385390,-51.55273644,1952.167,12957.346,0.7017,0.4135,1.7256,0,4,2.2064
1525,241942.077,704.594,800,4352,876.4973,5150.0330,-2837542.933,-1563251.486,31.30599722,-51.55272963,2068.034,12957.243,0.7538,0.4557,1.8502,0,4,2.4264
1526,241941.261,657.283,848,4352,925.6122,5150.1546,-2837311.111,-1563252.060,31.31814526,-51.55274855,2183.945,12957.530,0.8425,0.6697,1.9549,0,4,2.6449
1527,241908.499,1415.090,80,4400,137.1639,5199.2545,-2841032.586,-1563483.811,31.12313108,-51.56039122,323.207,13073.406,0.7735,0.4538,0.2347,1,4,0.2768
1528,241907.793,1367.778,128,4400,186.2171,5199.2159,-2840801.055,-1563483.629,31.13526386,-51.56038522,438.972,13073.314,0.7242,0.4336,0.6479,1,4,0.3929
1529,241907.082,1320.469,176,4400,236.0737,5199.1517,-2840565.732,-1563483.326,31.14759536,-51.56037522,556.634,13073.163,0.5383,0.2436,0.3025,1,4,0.2714
1530,241906.363,1273.158,224,4400,285.2189,5199.0888,-2840333.767,-1563483.029,31.15975088,-51.56036543,672.617,13073.015,0.7249,0.4538,0.6218,1,4,0.4725
1531,241905.637,1225.851,272,4400,334.8897,5199.1599,-2840099.321,-1563483.365,31.17203642,-51.56037650,789.840,13073.182,0.7557,0.4781,0.4064,1,4,0.5043
1532,241904.904,1178.542,320,4400,383.8945,5199.0554,-2839868.018,-1563482.871,31.18415724,-51.56036023,905.491,13072.936,0.7661,0.4153,0.8324,1,4,0.8137
1533,241904.163,1131.236,368,4400,433.6495,5198.9917,-2839633.174,-1563482.571,31.19646360,-51.56035033,1022.913,13072.785,0.8223,0.6775,0.4942,1,4,0.6209
1534,241903.416,1083.930,416,4400,482.6376,5198.9724,-2839401.951,-1563482.480,31.20858026,-51.56034732,1138.525,13072.740,0.7639,0.6045,0.9026,1,4,1.0153
1535,241902.659,1036.626,464,4400,532.1198,5198.7609,-2839168.394,-1563481.481,31.22081917,-51.56031440,1255.303,13072.241,0.7573,0.4927,0.7746,1,4,0.9097
1536,241901.898,989.322,512,4400,581.0046,5198.5904,-2838937.658,-1563480.677,31.23291028,-51.56028786,1370.671,13071.838,0.7440,0.5018,1.2330,1,4,1.3683
1537,241901.126,942.019,560,4400,630.1191,5198.5450,-2838705.838,-1563480.462,31.24505823,-51.56028079,1486.581,13071.731,0.7370,0.3689,1.4403,1,4,1.6497
1538,241900.352,894.718,608,4400,679.6935,5198.7751,-2838471.847,-1563481.549,31.25731992,-51.56031661,1603.577,13072.274,0.6518,0.3795,1.2228,1,4,1.5889
1539,241899.565,847.417,656,4400,728.1183,5198.2890,-2838243.282,-1563479.254,31.26929728,-51.56024094,1717.859,13071.127,0.7172,0.3740,2.0159,0,4,2.3502
1540,241898.777,800.119,704,4400,777.2820,5198.2041,-2838011.229,-1563478.853,31.28145740,-51.56022773,1833.886,13070.927,0.7674,0.4984,2.1061,0,4,2.5232
1541,241897.975,752.820,752,4400,826.3997,5198.0760,-2837779.393,-1563478.249,31.29360613,-51.56020778,1949.803,13070.624,0.6811,0.3825,2.2195,0,4,2.7171
1542,241897.172,705.522,800,4400,875.4058,5198.0546,-2837548.085,-1563478.148,31.30572725,-51.56020446,2065.458,13070.574,0.6923,0.3706,2.4248,0,4,3.0195
1543,241896.356,658.227,848,4400,924.1359,5198.0404,-2837318.078,-1563478.081,31.31778013,-51.56020225,2180.461,13070.540,0.8177,0.5761,2.8867,0,4,3.5777
1544,241863.554,1415.959,80,4448,136.9117,5247.3928,-2841033.777,-1563711.024,31.12306869,-51.56788423,322.612,13187.012,0.7644,0.4702,0.0562,1,4,0.4958
1545,241862.848,1368.657,128,4448,185.9980,5247.2769,-2840802.089,-1563710.477,31.13520967,-51.56786618,438.455,13186.738,0.6703,0.3166,0.4845,1,4,0.3916
1546,241862.137,1321.356,176,4448,235.5266,5247.3587,-2840568.315,-1563710.863,31.14746002,-51.56787892,555.343,13186.932,0.6638,0.3779,0.4645,1,4,0.5547
1547,241861.417,1274.057,224,4448,284.8684,5247.2578,-2840335.421,-1563710.387,31.15966419,-51.56786321,671.789,13186.693,0.7086,0.5552,0.5838,1,4,0.6152
1548,241860.690,1226.756,272,4448,334.5704,5247.2109,-2840100.828,-1563710.166,31.17195744,-51.56785592,789.086,13186.583,0.7287,0.4414,0.3518,1,4,0.5817
1549,241859.957,1179.460,320,4448,383.7555,5247.0852,-2839868.674,-1563709.572,31.18412285,-51.56783634,905.163,13186.286,0.8343,0.6301,0.5674,1,4,0.6724
1550,241859.216,1132.159,368,4448,433.1916,5246.9533,-2839635.336,-1563708.950,31.19635033,-51.56781581,1021.832,13185.975,0.7242,0.3238,0.5259,1,4,0.6563
1551,241858.469,1084.866,416,4448,482.2380,5246.9045,-2839403.837,-1563708.719,31.20848143,-51.56780822,1137.582,13185.860,0.6635,0.2144,0.8611,1,4,0.9814
1552,241857.712,1037.565,464,4448,531.7377,5246.9243,-2839170.198,-1563708.813,31.22072466,-51.56781130,1254.401,13185.906,0.7362,0.4091,0.7488,1,4,0.9916
1553,241856.952,990.276,512,4448,580.7664,5246.7809,-2838938.783,-1563708.136,31.23285137,-51.56778898,1370.109,13185.568,0.8079,0.6326,1.0325,1,4,1.2676
1554,241856.179,942.976,560,4448,629.7574,5246.7283,-2838707.545,-1563707.888,31.24496878,-51.56778080,1485.728,13185.444,0.7425,0.4998,1.3561,1,4,1.6380
1555,241855.406,895.690,608,4448,678.8733,5246.7138,-2838475.718,-1563707.819,31.25711706,-51.56777854,1601.641,13185.410,0.6806,0.4605,1.5439,0,4,1.8997
1556,241854.619,848.391,656,4448,728.0262,5246.5983,-2838243.716,-1563707.274,31.26927450,-51.56776056,1717.642,13185.137,0.7315,0.4813,1.6528,0,4,2.0724
1557,241853.831,801.108,704,4448,776.4374,5246.1553,-2838015.215,-1563705.183,31.28124850,-51.56769160,1831.892,13184.092,0.7508,0.5060,2.4478,0,4,2.8750
1558,241853.029,753.811,752,4448,825.4015,5246.1169,-2837784.105,-1563705.002,31.29335923,-51.56768563,1947.448,13184.001,0.8375,0.7013,2.7055,0,4,3.2248
1559,241852.227,706.529,800,4448,874.2080,5246.0325,-2837553.738,-1563704.603,31.30543100,-51.56767249,2062.631,13183.802,0.7875,0.5931,3.0977,0,4,3.7057
1560,241851.411,659.236,848,4448,923.1126,5246.0375,-2837322.909,-1563704.627,31.31752702,-51.56767327,2178.046,13183.814,0.7825,0.5396,3.3754,0,4,4.0846
1561,241818.600,1416.851,80,4496,137.2704,5295.6356,-2841032.084,-1563938.730,31.12315740,-51.57539349,323.458,13300.865,0.7607,0.5134,0.7262,1,4,1.2444
1562,241817.894,1369.554,128,4496,185.6699,5295.3951,-2840803.638,-1563937.595,31.13512851,-51.57535605,437.681,13300.297,0.7817,0.5488,0.4517,1,4,0.5440
1563,241817.183,1322.265,176,4496,234.9354,5295.2903,-2840571.105,-1563937.100,31.14731380,-51.57533974,553.948,13300.050,0.7964,0.5276,0.6570,1,4,0.6298
1564,241816.464,1274.970,224,4496,284.5622,5295.2952,-2840336.866,-1563937.123,31.15958846,-51.57534051,671.067,13300.062,0.6988,0.4837,0.5155,1,4,0.6585
1565,241815.738,1227.682,272,4496,333.9064,5295.2363,-2840103.962,-1563936.845,31.17179321,-51.57533133,787.519,13299.923,0.6901,0.3111,0.6104,1,4,0.7483
1566,241815.005,1180.389,320,4496,383.2152,5295.0807,-2839871.224,-1563936.111,31.18398922,-51.57530711,903.888,13299.555,0.7592,0.4489,0.6912,1,4,0.7892
1567,241814.264,1133.102,368,4496,433.0363,5295.0423,-2839636.069,-1563935.930,31.19631193,-51.57530114,1021.466,13299.465,0.7948,0.4420,0.3180,1,4,0.6656
1568,241813.518,1085.812,416,4496,481.9717,5294.9040,-2839405.094,-1563935.277,31.20841556,-51.57527962,1136.953,13299.139,0.7251,0.4399,0.6947,1,4,0.8826
1569,241812.761,1038.525,464,4496,531.2356,5294.8029,-2839172.568,-1563934.800,31.22060047,-51.57526388,1253.216,13298.900,0.7119,0.3417,0.7731,1,4,0.9913
1570,241812.001,991.238,512,4496,579.9816,5294.8059,-2838942.487,-1563934.814,31.23265726,-51.57526433,1368.257,13298.907,0.6901,0.3397,1.3586,1,4,1.5951
1571,241811.230,943.953,560,4496,629.2255,5294.7026,-2838710.056,-1563934.326,31.24483720,-51.57524827,1484.472,13298.663,0.6628,0.3799,1.4136,1,4,1.7101
1572,241810.457,896.668,608,4496,678.1144,5294.6116,-2838479.300,-1563933.897,31.25692934,-51.57523409,1599.850,13298.448,0.7517,0.5338,1.7987,0,4,2.1455
1573,241809.670,849.384,656,4496,726.9632,5294.5864,-2838248.734,-1563933.778,31.26901158,-51.57523017,1715.133,13298.389,0.7003,0.4503,2.2129,0,4,2.6314
1574,241808.883,802.102,704,4496,775.6287,5294.4307,-2838019.033,-1563933.043,31.28104846,-51.57520593,1829.984,13298.021,0.7518,0.4774,2.7675,0,4,3.2456
1575,241808.081,754.819,752,4496,824.3011,5294.2166,-2837789.299,-1563932.032,31.29308706,-51.57517261,1944.851,13297.516,0.8433,0.6787,3.2927,0,4,3.8374
1576,241807.279,707.540,800,4496,873.2225,5294.1684,-2837558.390,-1563931.805,31.30518724,-51.57516511,2060.305,13297.402,0.7158,0.4709,3.5627,0,4,4.2005
1577,241806.464,660.260,848,4496,921.7199,5294.1198,-2837329.482,-1563931.575,31.31718255,-51.57515754,2174.759,13297.288,0.7692,0.4274,4.2333,0,4,4.9639
1578,241773.652,1417.690,80,4544,136.9796,5343.7402,-2841033.456,-1564165.784,31.12308549,-51.58288124,322.772,13414.392,0.7191,0.4607,0.8616,1,4,1.4071
1579,241772.947,1370.405,128,4544,185.6166,5343.4424,-2840803.890,-1564164.378,31.13511532,-51.58283489,437.555,13413.689,0.6969,0.5374,0.2315,1,4,0.6793
1580,241772.236,1323.117,176,4544,234.9051,5343.3394,-2840571.248,-1564163.892,31.14730630,-51.58281886,553.876,13413.446,0.6971,0.3282,0.3404,1,4,0.6262
1581,241771.518,1275.835,224,4544,284.2384,5343.1241,-2840338.395,-1564162.876,31.15950837,-51.58278534,670.303,13412.938,0.7895,0.5274,0.4031,1,4,0.5241
1582,241770.792,1228.547,272,4544,333.5152,5343.2825,-2840105.808,-1564163.623,31.17169645,-51.58280999,786.596,13413.312,0.7101,0.3672,0.6230,1,4,0.8294
1583,241770.060,1181.267,320,4544,382.9057,5343.0846,-2839872.685,-1564162.689,31.18391267,-51.58277920,903.158,13412.845,0.7747,0.4333,0.5894,1,4,0.7689
1584,241769.319,1133.980,368,4544,432.5340,5343.1339,-2839638.440,-1564162.922,31.19618768,-51.58278686,1020.280,13412.961,0.7948,0.5793,0.4542,1,4,0.8261
1585,241768.573,1086.703,416,4544,481.8695,5342.9951,-2839405.576,-1564162.267,31.20839029,-51.58276527,1136.712,13412.633,0.5197,0.3504,0.4393,1,4,0.8129
1586,241767.817,1039.417,464,4544,531.1260,5342.8878,-2839173.085,-1564161.761,31.22057335,-51.58274857,1252.957,13412.380,0.7589,0.3256,0.4953,1,4,0.8683
1587,241767.058,992.143,512,4544,579.8014,5342.9201,-2838943.338,-1564161.913,31.23261268,-51.58275359,1367.831,13412.457,0.7662,0.3481,1.1226,1,4,1.4455
1588,241766.286,944.858,560,4544,628.9761,5342.8416,-2838711.233,-1564161.543,31.24477552,-51.58274137,1483.884,13412.271,0.7120,0.3664,1.2384,1,4,1.6112
1589,241765.514,897.586,608,4544,677.9634,5342.7387,-2838480.013,-1564161.057,31.25689201,-51.58272535,1599.494,13412.028,0.7610,0.5345,1.5033,0,4,1.9167
1590,241764.727,850.303,656,4544,726.7590,5342.7825,-2838249.698,-1564161.263,31.26896107,-51.58273217,1714.651,13412.132,0.8190,0.5967,1.9771,0,4,2.4566
1591,241763.940,803.033,704,4544,774.8100,5342.3473,-2838022.897,-1564159.209,31.28084596,-51.58266443,1828.052,13411.105,0.8031,0.6416,3.0648,0,4,3.5496
1592,241763.139,755.753,752,4544,823.7676,5342.2272,-2837791.817,-1564158.642,31.29295510,-51.58264574,1943.591,13410.821,0.7197,0.5143,3.3041,0,4,3.8715
1593,241762.337,708.483,800,4544,872.4402,5342.1024,-2837562.082,-1564158.053,31.30499374,-51.58262631,2058.459,13410.527,0.7360,0.5631,3.8051,0,4,4.4573
1594,241761.522,661.208,848,4544,921.1158,5342.0601,-2837332.334,-1564157.854,31.31703312,-51.58261972,2173.333,13410.427,0.8738,0.7090,4.2874,0,4,5.0366
1595,241728.709,1418.502,80,4592,136.7214,5391.7821,-2841034.675,-1564392.541,31.12302162,-51.59035923,322.162,13527.771,0.5819,0.3697,1.0045,1,4,1.5657
1596,241728.005,1371.219,128,4592,186.3803,5391.5853,-2840800.285,-1564391.612,31.13530421,-51.59032859,439.357,13527.306,0.6685,0.3701,1.1156,1,4,1.6212
1597,241727.294,1323.945,176,4592,234.9310,5391.4097,-2840571.126,-1564390.784,31.14731271,-51.59030127,553.937,13526.892,0.6738,0.3868,0.3234,1,4,0.8716
1598,241726.576,1276.665,224,4592,284.1004,5391.1349,-2840339.046,-1564389.487,31.15947424,-51.59025850,669.977,13526.243,0.7994,0.5559,0.1625,1,4,0.5846
1599,241725.850,1229.392,272,4592,333.3925,5391.0972,-2840106.387,-1564389.309,31.17166610,-51.59025262,786.306,13526.154,0.6753,0.3737,0.2902,1,4,0.6286
1600,241725.118,1182.115,320,4592,382.7334,5391.1530,-2839873.499,-1564389.572,31.18387003,-51.59026130,902.751,13526.286,0.6783,0.4735,0.4205,1,4,0.7920
1601,241724.377,1134.841,368,4592,432.1159,5390.9952,-2839640.413,-1564388.827,31.19608428,-51.59023675,1019.294,13525.914,0.5409,0.2831,0.3663,1,4,0.7421
1602,241723.632,1087.567,416,4592,481.6655,5391.0921,-2839406.539,-1564389.285,31.20833983,-51.59025184,1136.231,13526.142,0.5716,0.2599,0.4338,1,4,0.9125
1603,241722.875,1040.294,464,4592,530.3915,5390.8408,-2839176.552,-1564388.099,31.22039168,-51.59021272,1251.224,13525.549,0.7163,0.3763,0.7286,1,4,1.0434
1604,241722.117,993.024,512,4592,579.5356,5391.0609,-2838944.592,-1564389.137,31.23254696,-51.59024697,1367.204,13526.069,0.6823,0.3319,1.0234,1,4,1.4334
1605,241721.345,945.751,560,4592,628.7756,5390.9391,-2838712.179,-1564388.562,31.24472594,-51.59022801,1483.411,13525.781,0.6795,0.2969,1.0450,1,4,1.4957
1606,241720.573,898.484,608,4592,677.3005,5390.6374,-2838483.142,-1564387.138,31.25672803,-51.59018105,1597.929,13525.069,0.6518,0.3885,1.6446,0,4,2.0540
1607,241719.786,851.212,656,4592,726.0910,5390.6322,-2838252.850,-1564387.114,31.26879585,-51.59018024,1713.075,13525.057,0.6392,0.4157,2.0990,0,4,2.5757
1608,241718.999,803.947,704,4592,775.0990,5390.6304,-2838021.533,-1564387.105,31.28091744,-51.59017996,1828.734,13525.053,0.6400,0.2528,2.3226,0,4,2.8829
1609,241718.198,756.678,752,4592,823.0166,5390.2041,-2837795.362,-1564385.093,31.29276934,-51.59011361,1941.819,13524.047,0.6075,0.2701,3.5236,0,4,4.1081
1610,241717.397,709.415,800,4592,871.8430,5390.2557,-2837564.901,-1564385.337,31.30484603,-51.59012164,2057.049,13524.168,0.6334,0.3101,3.8779,0,4,4.5645
1611,241683.122,1372.017,128,4640,185.8835,5439.7112,-2840802.630,-1564618.767,31.13518133,-51.59781966,438.185,13640.883,0.8117,0.5992,1.0930,1,4,1.6447
1612,241682.414,1324.743,176,4640,234.8222,5439.4567,-2840571.639,-1564617.566,31.14728581,-51.59778006,553.680,13640.283,0.6614,0.3029,0.5765,1,4,1.1312
1613,241681.699,1277.476,224,4640,284.9200,5439.6420,-2840335.178,-1564618.440,31.15967695,-51.59780890,671.911,13640.720,0.6669,0.3978,1.2842,1,4,1.7735
1614,241680.975,1230.204,272,4640,333.4460,5439.1073,-2840106.135,-1564615.916,31.17167933,-51.59772566,786.432,13639.458,0.7571,0.4242,0.3072,1,4,0.8195
1615,241680.246,1182.939,320,4640,382.5789,5439.2787,-2839874.228,-1564616.726,31.18383182,-51.59775235,902.386,13639.863,0.7382,0.5626,0.4619,1,4,0.9707
1616,241679.508,1135.668,368,4640,431.9810,5439.0588,-2839641.050,-1564615.687,31.19605090,-51.59771811,1018.975,13639.344,0.6954,0.4579,0.3370,1,4,0.8463
1617,241678.766,1088.405,416,4640,481.3711,5438.8884,-2839407.929,-1564614.883,31.20826701,-51.59769159,1135.536,13638.942,0.8211,0.5153,0.2764,1,4,0.7733
1618,241678.012,1041.135,464,4640,530.1039,5438.8886,-2839177.910,-1564614.884,31.22032055,-51.59769162,1250.545,13638.942,0.8035,0.4232,0.6094,1,4,1.0192
1619,241677.256,993.874,512,4640,579.2571,5438.7701,-2838945.907,-1564614.325,31.23247806,-51.59767318,1366.547,13638.662,0.7096,0.2984,0.7155,1,4,1.1296
1620,241676.487,946.606,560,4640,628.4533,5438.6348,-2838713.700,-1564613.686,31.24464621,-51.59765212,1482.650,13638.343,0.7022,0.4019,0.7651,1,4,1.2089
1621,241675.718,899.348,608,4640,677.2099,5438.6593,-2838483.569,-1564613.802,31.25670563,-51.59765594,1597.715,13638.401,0.6946,0.3565,1.2664,1,4,1.7388
1622,241674.934,852.082,656,4640,725.8687,5438.7403,-2838253.900,-1564614.184,31.26874086,-51.59766854,1712.550,13638.592,0.6003,0.3021,1.8608,0,4,2.3913
1623,241674.150,804.824,704,4640,774.1143,5438.2420,-2838026.181,-1564611.832,31.28067389,-51.59759098,1826.410,13637.416,0.5807,0.2280,2.7115,0,4,3.2351
1624,241673.352,757.561,752,4640,822.6281,5438.3501,-2837797.196,-1564612.343,31.29267325,-51.59760781,1940.902,13637.671,0.6835,0.3176,3.3963,0,4,4.0198
1625,241672.553,710.304,800,4640,871.0372,5438.1447,-2837568.704,-1564611.373,31.30464673,-51.59757583,2055.148,13637.186,0.6466,0.3162,4.1252,0,4,4.8232
1626,241638.339,1372.765,128,4688,185.3733,5487.2994,-2840805.038,-1564843.383,31.13505516,-51.60522703,436.981,13753.192,0.7107,0.4474,0.8537,1,4,1.3581
1627,241637.631,1325.505,176,4688,234.5920,5487.3358,-2840572.726,-1564843.555,31.14722887,-51.60523270,553.137,13753.277,0.7484,0.4154,0.6845,1,4,1.2164
1628,241636.915,1278.242,224,4688,283.7332,5487.2698,-2840340.780,-1564843.243,31.15938340,-51.60522242,669.110,13753.122,0.7244,0.4493,0.4663,1,4,1.0171
1629,241636.192,1230.982,272,4688,333.4755,5487.0149,-2840105.996,-1564842.040,31.17168663,-51.60518275,786.502,13752.520,0.7218,0.4169,0.7121,1,4,1.1137
1630,241635.463,1183.722,320,4688,382.7241,5487.1307,-2839873.542,-1564842.587,31.18386773,-51.60520078,902.729,13752.793,0.6542,0.3991,0.6765,1,4,1.1306
1631,241634.724,1136.461,368,4688,431.9356,5486.9920,-2839641.264,-1564841.932,31.19603967,-51.60517919,1018.868,13752.466,0.7087,0.3398,0.5395,1,4,0.9815
1632,241633.982,1089.205,416,4688,481.0991,5486.9386,-2839409.212,-1564841.680,31.20819973,-51.60517088,1134.894,13752.340,0.6629,0.2503,0.4515,1,4,0.9244
1633,241633.229,1041.944,464,4688,530.4357,5486.7522,-2839176.344,-1564840.800,31.22040261,-51.60514186,1251.328,13751.900,0.6619,0.2231,0.4151,1,4,0.8312
1634,241632.473,994.691,512,4688,579.1445,5486.7558,-2838946.438,-1564840.818,31.23245022,-51.60514243,1366.281,13751.909,0.6773,0.2330,0.4478,1,4,0.9697
1635,241631.704,947.431,560,4688,628.5385,5486.8736,-2838713.298,-1564841.373,31.24466730,-51.60516076,1482.851,13752.187,0.6449,0.3717,0.6060,1,4,1.1571
1636,241630.934,900.181,608,4688,677.1377,5486.6703,-2838483.910,-1564840.414,31.25668777,-51.60512911,1597.545,13751.707,0.6952,0.3239,0.8978,1,4,1.4472
1637,241630.151,852.922,656,4688,724.9349,5486.2789,-2838258.307,-1564838.566,31.26850990,-51.60506819,1710.346,13750.783,0.6183,0.2330,2.1690,0,4,2.6349
1638,241629.367,805.674,704,4688,773.6184,5486.3642,-2838028.521,-1564838.969,31.28055123,-51.60508146,1825.239,13750.984,0.5923,0.3124,2.6951,0,4,3.2592
1639,241628.569,758.417,752,4688,822.2499,5486.0311,-2837798.980,-1564837.397,31.29257973,-51.60502962,1940.010,13750.198,0.6436,0.2802,3.2019,0,4,3.8183
1640,241627.770,711.172,800,4688,870.6244,5486.1578,-2837570.653,-1564837.995,31.30454462,-51.60504934,2054.173,13750.497,0.6525,0.3688,3.9893,0,4,4.7137
1641,241593.536,1373.536,128,4736,185.0568,5535.2814,-2840806.532,-1565069.858,31.13497688,-51.61269570,436.234,13866.429,0.7419,0.3783,0.9464,1,4,1.4594
1642,241592.826,1326.281,176,4736,234.5230,5535.3533,-2840573.051,-1565070.197,31.14721181,-51.61270689,552.974,13866.599,0.6612,0.3471,1.0285,1,4,1.5409
1643,241592.109,1279.031,224,4736,283.7126,5535.2267,-2840340.876,-1565069.600,31.15937832,-51.61268720,669.062,13866.300,0.7387,0.4270,0.8149,1,4,1.3102
1644,241591.384,1231.778,272,4736,333.0501,5535.0346,-2840108.003,-1565068.693,31.17158143,-51.61265729,785.498,13865.847,0.8102,0.4738,0.7406,1,4,1.1727
1645,241590.653,1184.528,320,4736,382.7147,5535.0708,-2839873.587,-1565068.864,31.18386541,-51.61266292,902.707,13865.932,0.6335,0.3500,1.0717,1,4,1.4493
1646,241589.912,1137.277,368,4736,431.7362,5534.9986,-2839642.205,-1565068.523,31.19599035,-51.61265168,1018.397,13865.762,0.7525,0.5044,0.7896,1,4,1.1895
1647,241589.168,1090.029,416,4736,480.8684,5534.9815,-2839410.301,-1565068.443,31.20814268,-51.61264902,1134.349,13865.721,0.7764,0.5249,0.6819,1,4,1.1144
1648,241588.412,1042.779,464,4736,530.1482,5534.8020,-2839177.700,-1565067.595,31.22033152,-51.61262108,1250.650,13865.298,0.7637,0.5529,0.6264,1,4,1.0059
1649,241587.655,995.534,512,4736,579.1054,5534.7445,-2838946.622,-1565067.324,31.23244055,-51.61261213,1366.189,13865.162,0.7017,0.4219,0.4507,1,4,0.9439
1650,241586.883,948.285,560,4736,628.0660,5534.7500,-2838715.528,-1565067.350,31.24455042,-51.61261300,1481.736,13865.175,0.7730,0.5365,0.5184,1,4,1.0898
1651,241586.112,901.041,608,4736,675.8820,5534.3348,-2838489.837,-1565065.390,31.25637719,-51.61254837,1594.582,13864.195,0.7702,0.4654,1.4974,1,4,1.9304
1652,241585.326,853.796,656,4736,724.7321,5534.2848,-2838259.265,-1565065.154,31.26845973,-51.61254057,1709.868,13864.077,0.6076,0.3446,1.8518,0,4,2.3577
1653,241584.540,806.552,704,4736,773.0817,5534.0928,-2838031.054,-1565064.248,31.28041850,-51.61251070,1823.973,13863.624,0.7791,0.6241,2.6660,0,4,3.2177
1654,241583.740,759.310,752,4736,821.1984,5533.9149,-2837803.943,-1565063.408,31.29231964,-51.61248300,1937.528,13863.204,0.8344,0.6802,3.6987,0,4,4.3192
1655,241582.938,712.069,800,4736,869.7999,5534.0409,-2837574.545,-1565064.003,31.30434069,-51.61250262,2052.228,13863.502,0.7312,0.6300,4.2434,0,4,4.9787
1656,241548.625,1374.372,128,4784,184.8894,5583.2365,-2840807.322,-1565296.206,31.13493546,-51.62016019,435.839,13979.603,0.7907,0.4155,1.1867,1,4,1.6867
1657,241547.914,1327.127,176,4784,233.8008,5583.2006,-2840576.460,-1565296.037,31.14703317,-51.62015460,551.270,13979.519,0.7133,0.2845,0.7096,1,4,1.2472
1658,241547.197,1279.884,224,4784,283.2825,5583.0362,-2840342.907,-1565295.261,31.15927193,-51.62012900,668.047,13979.130,0.6431,0.2660,0.7752,1,4,1.2344
1659,241546.472,1232.638,272,4784,332.8275,5583.0764,-2840109.054,-1565295.451,31.17152635,-51.62013526,784.973,13979.225,0.7290,0.3458,0.9780,1,4,1.4103
1660,241545.741,1185.398,320,4784,382.1440,5582.9548,-2839876.280,-1565294.877,31.18372426,-51.62011634,901.360,13978.938,0.7499,0.4582,0.9409,1,4,1.3229
1661,241545.001,1138.153,368,4784,431.0059,5582.8954,-2839645.652,-1565294.597,31.19580972,-51.62010710,1016.674,13978.798,0.6834,0.4731,0.5306,1,4,0.9975
1662,241544.257,1090.916,416,4784,480.3871,5582.8100,-2839412.573,-1565294.193,31.20802364,-51.62009380,1133.214,13978.597,0.7128,0.4472,0.6051,1,4,1.0144
1663,241543.501,1043.671,464,4784,529.2479,5582.7304,-2839181.950,-1565293.817,31.22010882,-51.62008141,1248.525,13978.409,0.7780,0.4538,0.3407,1,4,0.8881
1664,241542.743,996.438,512,4784,578.7308,5582.8656,-2838948.390,-1565294.455,31.23234790,-51.62010245,1365.305,13978.728,0.5720,0.2807,0.6537,1,4,1.1388
1665,241541.972,949.193,560,4784,627.6231,5582.8266,-2838717.619,-1565294.272,31.24444087,-51.62009639,1480.690,13978.636,0.6257,0.3452,0.6301,1,4,1.2101
1666,241541.200,901.963,608,4784,675.4844,5582.1678,-2838491.714,-1565291.162,31.25627884,-51.61999384,1593.643,13977.081,0.6761,0.3822,1.3598,1,4,1.7856
1667,241540.415,854.719,656,4784,724.0118,5582.2112,-2838262.664,-1565291.367,31.26828158,-51.62000060,1708.168,13977.184,0.5743,0.3055,2.0320,0,4,2.5424
1668,241539.628,807.491,704,4784,772.3957,5582.0269,-2838034.292,-1565290.497,31.28024883,-51.61997190,1822.354,13976.748,0.7460,0.5058,2.8048,0,4,3.3684
1669,241538.829,760.251,752,4784,820.8076,5581.9544,-2837805.788,-1565290.155,31.29222299,-51.61996062,1936.606,13976.577,0.7346,0.5965,3.5372,0,4,4.1880
1670,241538.027,713.024,800,4784,869.0780,5581.9336,-2837577.952,-1565290.056,31.30416216,-51.61995738,2050.524,13976.528,0.6585,0.3947,4.3920,0,4,5.1405
1671,241503.713,1375.215,128,4832,184.5555,5631.3238,-2840808.898,-1565523.179,31.13485287,-51.62764525,435.051,14093.089,0.7873,0.4675,1.2961,1,4,1.8320
1672,241503.002,1327.979,176,4832,233.8130,5631.1803,-2840576.402,-1565522.501,31.14703620,-51.62762291,551.299,14092.751,0.7430,0.3247,1.1403,1,4,1.6365
1673,241502.286,1280.742,224,4832,283.0005,5631.0625,-2840344.238,-1565521.945,31.15920218,-51.62760457,667.381,14092.472,0.8479,0.5931,0.9450,1,4,1.4145
1674,241501.560,1233.507,272,4832,332.3570,5631.0519,-2840111.275,-1565521.895,31.17140998,-51.62760293,783.862,14092.448,0.7625,0.5899,0.9652,1,4,1.4166
1675,241500.830,1186.272,320,4832,381.5590,5631.1679,-2839879.042,-1565522.442,31.18357957,-51.62762098,899.979,14092.721,0.8503,0.7357,0.9347,1,4,1.4246
1676,241500.089,1139.039,368,4832,430.5869,5630.9935,-2839647.630,-1565521.619,31.19570609,-51.62759383,1015.685,14092.310,0.7358,0.4692,0.6584,1,4,1.1609
1677,241499.346,1091.806,416,4832,480.0253,5630.8798,-2839414.280,-1565521.083,31.20793415,-51.62757614,1132.360,14092.041,0.6601,0.3610,0.7680,1,4,1.1879
1678,241498.590,1044.573,464,4832,528.9734,5630.8505,-2839183.246,-1565520.945,31.22004092,-51.62757158,1247.877,14091.972,0.6874,0.3345,0.5853,1,4,1.0980
1679,241497.834,997.341,512,4832,578.0521,5630.7588,-2838951.594,-1565520.512,31.23218001,-51.62755730,1363.703,14091.756,0.5905,0.3223,0.5225,1,4,1.0786
1680,241497.063,950.110,560,4832,626.6914,5630.7688,-2838722.017,-1565520.559,31.24421043,-51.62755886,1478.492,14091.779,0.5980,0.3507,0.7444,1,4,1.3616
1681,241496.292,902.880,608,4832,674.8111,5630.3611,-2838494.891,-1565518.634,31.25611233,-51.62749539,1592.054,14090.817,0.5492,0.2569,1.5341,0,4,2.0301
1682,241495.507,855.652,656,4832,723.2465,5630.1891,-2838266.277,-1565517.823,31.26809229,-51.62746863,1706.362,14090.411,0.5303,0.2557,2.2577,0,4,2.7817
1683,241494.721,808.423,704,4832,771.8429,5630.1702,-2838036.901,-1565517.734,31.28011209,-51.62746569,1821.049,14090.367,0.6446,0.3444,2.8234,0,4,3.4328
1684,241493.923,761.197,752,4832,820.0369,5630.0429,-2837809.426,-1565517.132,31.29203236,-51.62744586,1934.787,14090.066,0.6849,0.3899,3.7550,0,4,4.4369
1685,241493.121,713.970,800,4832,868.3426,5629.8863,-2837581.423,-1565516.394,31.30398024,-51.62742150,2048.788,14089.697,0.6376,0.3581,4.5533,0,4,5.3202
1686,241458.121,1328.785,176,4880,233.2446,5679.0879,-2840579.086,-1565748.625,31.14689559,-51.63508000,549.957,14205.812,0.7369,0.3803,0.9999,1,4,1.5078
1687,241457.405,1281.559,224,4880,282.8385,5679.1177,-2840345.002,-1565748.766,31.15916211,-51.63508464,666.999,14205.883,0.7410,0.3530,1.2451,1,4,1.7166
1688,241456.680,1234.327,272,4880,331.8951,5679.1089,-2840113.455,-1565748.724,31.17129573,-51.63508327,782.772,14205.862,0.8485,0.6624,0.9968,1,4,1.4892
1689,241455.951,1187.105,320,4880,380.7465,5679.0022,-2839882.876,-1565748.220,31.18337861,-51.63506665,898.062,14205.610,0.7945,0.6924,0.5849,1,4,1.1402
1690,241455.211,1139.873,368,4880,430.0871,5678.8737,-2839649.989,-1565747.614,31.19558247,-51.63504665,1014.506,14205.307,0.8260,0.6573,0.5941,1,4,1.0988
1691,241454.468,1092.654,416,4880,479.2566,5678.7754,-2839417.909,-1565747.150,31.20774403,-51.63503135,1130.546,14205.075,0.6314,0.2179,0.5095,1,4,1.0221
1692,241453.713,1045.422,464,4880,528.4212,5678.7309,-2839185.852,-1565746.940,31.21990435,-51.63502443,1246.574,14204.970,0.6345,0.3562,0.4927,1,4,1.0303
1693,241452.956,998.206,512,4880,577.1639,5678.7240,-2838955.786,-1565746.907,31.23196034,-51.63502336,1361.607,14204.954,0.6717,0.4725,0.5471,1,4,1.1696
1694,241452.186,950.976,560,4880,626.1019,5678.6117,-2838724.799,-1565746.377,31.24406463,-51.63500587,1477.101,14204.689,0.6957,0.4431,0.6964,1,4,1.3205
1695,241451.415,903.761,608,4880,674.0829,5678.2802,-2838498.329,-1565744.812,31.25593220,-51.63495427,1590.336,14203.906,0.6912,0.4516,1.7166,0,4,2.2092
1696,241450.631,856.534,656,4880,722.7266,5678.2570,-2838268.731,-1565744.703,31.26796370,-51.63495067,1705.135,14203.852,0.7181,0.5320,2.2466,0,4,2.8109
1697,241449.845,809.320,704,4880,771.0257,5678.1232,-2838040.759,-1565744.071,31.27990995,-51.63492983,1819.121,14203.536,0.6817,0.2768,3.0807,0,4,3.7025
1698,241449.047,762.097,752,4880,819.4371,5677.9750,-2837812.257,-1565743.372,31.29188401,-51.63490677,1933.372,14203.186,0.5975,0.2480,3.7839,0,4,4.4827
1699,241448.246,714.884,800,4880,867.8284,5678.0199,-2837583.850,-1565743.584,31.30385306,-51.63491375,2047.575,14203.292,0.7256,0.4048,4.5038,0,4,5.3083
1700,241413.242,1329.598,176,4928,233.1319,5727.1455,-2840579.617,-1565975.457,31.14686773,-51.64256044,549.691,14319.228,0.7244,0.3414,1.3429,1,4,1.8531
1701,241412.527,1282.375,224,4928,282.2855,5727.0191,-2840347.613,-1565974.860,31.15902533,-51.64254075,665.694,14318.930,0.7446,0.3754,1.1342,1,4,1.6124
1702,241411.802,1235.157,272,4928,331.5583,5727.1029,-2840115.045,-1565975.256,31.17121243,-51.64255380,781.978,14319.128,0.7957,0.5012,1.1279,1,4,1.6206
1703,241411.073,1187.937,320,4928,380.6869,5727.0288,-2839883.158,-1565974.906,31.18336387,-51.64254227,897.921,14318.953,0.7735,0.5509,0.9685,1,4,1.4569
1704,241410.333,1140.720,368,4928,429.6781,5727.0026,-2839651.919,-1565974.782,31.19548131,-51.64253818,1013.540,14318.891,0.6848,0.4140,0.7628,1,4,1.3018
1705,241409.591,1093.503,416,4928,478.8571,5726.9036,-2839419.795,-1565974.315,31.20764520,-51.64252277,1129.603,14318.657,0.6288,0.3742,0.6997,1,4,1.2335
1706,241408.835,1046.286,464,4928,527.9003,5726.8060,-2839188.311,-1565973.854,31.21977550,-51.64250759,1245.345,14318.427,0.7033,0.4593,0.5873,1,4,1.1634
1707,241408.079,999.071,512,4928,575.8605,5726.4190,-2838961.939,-1565972.028,31.23163795,-51.64244734,1358.531,14317.514,0.8166,0.6120,1.0260,1,4,1.4571
1708,241407.309,951.856,560,4928,624.2889,5726.1808,-2838733.356,-1565970.904,31.24361619,-51.64241028,1472.822,14316.952,0.7606,0.5069,1.7725,0,4,2.1565
1709,241406.538,904.643,608,4928,673.2298,5726.2314,-2838502.355,-1565971.142,31.25572120,-51.64241814,1588.322,14317.071,0.7476,0.5224,2.0240,0,4,2.5155
1710,241405.754,857.430,656,4928,721.8353,5726.2171,-2838272.937,-1565971.075,31.26774325,-51.64241593,1703.031,14317.037,0.7545,0.5238,2.5819,0,4,3.1523
1711,241404.969,810.219,704,4928,770.3406,5726.0384,-2838043.992,-1565970.231,31.27974052,-51.64238810,1817.504,14316.616,0.7900,0.5640,3.1972,0,4,3.8300
1712,241404.171,763.008,752,4928,818.8816,5726.0834,-2837814.879,-1565970.444,31.29174660,-51.64239511,1932.061,14316.722,0.6773,0.4031,3.7808,0,4,4.5174
