{
  "type": "FeatureCollection",
  "features": [
    {
      "type": "Feature",
      "geometry": {
        "type": "Point",
        "coordinates": [
          31.18665671565221,
          -50.795926850263385
        ]
      },
      "properties": {
        "node_idx": 0,
        "row_idx": 0,
        "grid_x": 394,
        "grid_y": 288,
        "dx_sub_px": 17.410252107067585,
        "dy_sub_px": -17.938240294078902,
        "dx_m": 82.17638994535899,
        "dy_m": -84.6684941880524,
        "dx_ref_px": 41.088194972679496,
        "dy_ref_px": -42.3342470940262,
        "peak_ncc": 0.4684882164001465,
        "second_peak": 0.4214443862438202
      }
    },
    {
      "type": "Feature",
      "geometry": {
        "type": "Point",
        "coordinates": [
          31.199765695010438,
          -50.795926850263385
        ]
      },
      "properties": {
        "node_idx": 1,
        "row_idx": 0,
        "grid_x": 447,
        "grid_y": 288,
        "dx_sub_px": -26.300430335084517,
        "dy_sub_px": -5.8800287279281,
        "dx_m": -124.13803118159892,
        "dy_m": -27.753735595820633,
        "dx_ref_px": -62.06901559079946,
        "dy_ref_px": -13.876867797910316,
        "peak_ncc": 0.6283207535743713,
        "second_peak": 0.4993658661842346
      }
    },
    {
      "type": "Feature",
      "geometry": {
        "type": "Point",
        "coordinates": [
          31.212874674368692,
          -50.795926850263385
        ]
      },
      "properties": {
        "node_idx": 2,
        "row_idx": 0,
        "grid_x": 500,
        "grid_y": 288,
        "dx_sub_px": -28.885447373270583,
        "dy_sub_px": -10.134324401552538,
        "dx_m": -136.33931160183715,
        "dy_m": -47.83401117532798,
        "dx_ref_px": -68.16965580091858,
        "dy_ref_px": -23.91700558766399,
        "peak_ncc": 0.47325804829597473,
        "second_peak": 0.18095460534095764
      }
    },
    {
      "type": "Feature",
      "geometry": {
        "type": "Point",
        "coordinates": [
          31.252448951676616,
          -50.795926850263385
        ]
      },
      "properties": {
        "node_idx": 5,
        "row_idx": 0,
        "grid_x": 660,
        "grid_y": 288,
        "dx_sub_px": -2.6233606639474734,
        "dy_sub_px": -21.583499816784542,
        "dx_m": -12.382262333832074,
        "dy_m": -101.87411913522303,
        "dx_ref_px": -6.191131166916037,
        "dy_ref_px": -50.93705956761151,
        "peak_ncc": 0.7310946583747864,
        "second_peak": 0.5917124152183533
      }
    },
    {
      "type": "Feature",
      "geometry": {
        "type": "Point",
        "coordinates": [
          31.304884869109607,
          -50.795926850263385
        ]
      },
      "properties": {
        "node_idx": 9,
        "row_idx": 0,
        "grid_x": 872,
        "grid_y": 288,
        "dx_sub_px": -27.64621591254265,
        "dy_sub_px": 15.707235089997384,
        "dx_m": -130.49013910720132,
        "dy_m": 74.13814962478764,
        "dx_ref_px": -65.24506955360066,
        "dy_ref_px": 37.06907481239382,
        "peak_ncc": 0.8348312973976135,
        "second_peak": 0.6717561483383179
      }
    },
    {
      "type": "Feature",
      "geometry": {
        "type": "Point",
        "coordinates": [
          31.331350167059277,
          -50.795926850263385
        ]
      },
      "properties": {
        "node_idx": 11,
        "row_idx": 0,
        "grid_x": 979,
        "grid_y": 288,
        "dx_sub_px": -16.689942751338997,
        "dy_sub_px": 11.659837338053782,
        "dx_m": -78.77652978632005,
        "dy_m": 55.03443223561385,
        "dx_ref_px": -39.38826489316003,
        "dy_ref_px": 27.517216117806925,
        "peak_ncc": 0.676345705986023,
        "second_peak": 0.568712055683136
      }
    },
    {
      "type": "Feature",
      "geometry": {
        "type": "Point",
        "coordinates": [
          31.34445914641753,
          -50.795926850263385
        ]
      },
      "properties": {
        "node_idx": 12,
        "row_idx": 0,
        "grid_x": 1032,
        "grid_y": 288,
        "dx_sub_px": -17.68581689127814,
        "dy_sub_px": 11.205274954296899,
        "dx_m": -83.47705572683282,
        "dy_m": 52.88889778428136,
        "dx_ref_px": -41.73852786341641,
        "dy_ref_px": 26.44444889214068,
        "peak_ncc": 0.7227070927619934,
        "second_peak": 0.6317967176437378
      }
    },
    {
      "type": "Feature",
      "geometry": {
        "type": "Point",
        "coordinates": [
          31.21188531743599,
          -50.8082236444759
        ]
      },
      "properties": {
        "node_idx": 2,
        "row_idx": 1,
        "grid_x": 496,
        "grid_y": 367,
        "dx_sub_px": -9.667315029550386,
        "dy_sub_px": 26.40664131116281,
        "dx_m": -45.62972693947782,
        "dy_m": 124.63934698868846,
        "dx_ref_px": -22.81486346973891,
        "dy_ref_px": 62.31967349434423,
        "peak_ncc": 0.5199722051620483,
        "second_peak": 0.46117904782295227
      }
    },
    {
      "type": "Feature",
      "geometry": {
        "type": "Point",
        "coordinates": [
          31.23835061538566,
          -50.8082236444759
        ]
      },
      "properties": {
        "node_idx": 4,
        "row_idx": 1,
        "grid_x": 603,
        "grid_y": 367,
        "dx_sub_px": -9.586600494026385,
        "dy_sub_px": 20.620167434710943,
        "dx_m": -45.248754331804534,
        "dy_m": 97.32719029183565,
        "dx_ref_px": -22.624377165902267,
        "dy_ref_px": 48.663595145917824,
        "peak_ncc": 0.821730375289917,
        "second_peak": 0.5886332988739014
      }
    },
    {
      "type": "Feature",
      "geometry": {
        "type": "Point",
        "coordinates": [
          31.291281211285025,
          -50.8082236444759
        ]
      },
      "properties": {
        "node_idx": 8,
        "row_idx": 1,
        "grid_x": 817,
        "grid_y": 367,
        "dx_sub_px": 10.207641063763937,
        "dy_sub_px": 7.049374745281999,
        "dx_m": 48.18006582096578,
        "dy_m": 33.273048797731036,
        "dx_ref_px": 24.09003291048289,
        "dy_ref_px": 16.636524398865518,
        "peak_ncc": 0.5698111057281494,
        "second_peak": 0.4515324532985687
      }
    },
    {
      "type": "Feature",
      "geometry": {
        "type": "Point",
        "coordinates": [
          31.31774650923467,
          -50.8082236444759
        ]
      },
      "properties": {
        "node_idx": 10,
        "row_idx": 1,
        "grid_x": 924,
        "grid_y": 367,
        "dx_sub_px": -3.2011963863379713,
        "dy_sub_px": 21.0900560012784,
        "dx_m": -15.109646943515223,
        "dy_m": 99.54506432603404,
        "dx_ref_px": -7.5548234717576115,
        "dy_ref_px": 49.77253216301702,
        "peak_ncc": 0.7003562450408936,
        "second_peak": 0.5279086232185364
      }
    },
    {
      "type": "Feature",
      "geometry": {
        "type": "Point",
        "coordinates": [
          31.18443066255364,
          -50.82052043868843
        ]
      },
      "properties": {
        "node_idx": 0,
        "row_idx": 2,
        "grid_x": 385,
        "grid_y": 446,
        "dx_sub_px": -24.60557753262402,
        "dy_sub_px": -10.067079101261927,
        "dx_m": -116.13832595398537,
        "dy_m": -47.51661335795629,
        "dx_ref_px": -58.069162976992686,
        "dy_ref_px": -23.758306678978144,
        "peak_ncc": 0.4935320317745209,
        "second_peak": 0.34302452206611633
      }
    },
    {
      "type": "Feature",
      "geometry": {
        "type": "Point",
        "coordinates": [
          31.197539641911867,
          -50.82052043868843
        ]
      },
      "properties": {
        "node_idx": 1,
        "row_idx": 2,
        "grid_x": 438,
        "grid_y": 446,
        "dx_sub_px": -17.92115650005386,
        "dy_sub_px": -2.42720517685197,
        "dx_m": -84.58785868025421,
        "dy_m": -11.456408434741297,
        "dx_ref_px": -42.29392934012711,
        "dy_ref_px": -5.728204217370648,
        "peak_ncc": 0.464189350605011,
        "second_peak": 0.29009321331977844
      }
    },
    {
      "type": "Feature",
      "geometry": {
        "type": "Point",
        "coordinates": [
          31.317499170001508,
          -50.82052043868843
        ]
      },
      "properties": {
        "node_idx": 10,
        "row_idx": 2,
        "grid_x": 923,
        "grid_y": 446,
        "dx_sub_px": 5.711961652344344,
        "dy_sub_px": 17.53106011231147,
        "dx_m": 26.960458999065303,
        "dy_m": 82.74660373011012,
        "dx_ref_px": 13.480229499532651,
        "dy_ref_px": 41.37330186505506,
        "peak_ncc": 0.43807482719421387,
        "second_peak": 0.3669409155845642
      }
    },
    {
      "type": "Feature",
      "geometry": {
        "type": "Point",
        "coordinates": [
          31.21015394280377,
          -50.83281723290095
        ]
      },
      "properties": {
        "node_idx": 2,
        "row_idx": 3,
        "grid_x": 489,
        "grid_y": 525,
        "dx_sub_px": -10.434793558119036,
        "dy_sub_px": 24.220378061711564,
        "dx_m": -49.25222559432185,
        "dy_m": 114.32018445127858,
        "dx_ref_px": -24.626112797160925,
        "dy_ref_px": 57.16009222563929,
        "peak_ncc": 0.6553797125816345,
        "second_peak": 0.5501561164855957
      }
    },
    {
      "type": "Feature",
      "geometry": {
        "type": "Point",
        "coordinates": [
          31.250222898578045,
          -50.83281723290095
        ]
      },
      "properties": {
        "node_idx": 5,
        "row_idx": 3,
        "grid_x": 651,
        "grid_y": 525,
        "dx_sub_px": -15.9815913784165,
        "dy_sub_px": -26.50691867265719,
        "dx_m": -75.43311130612588,
        "dy_m": -125.11265613494193,
        "dx_ref_px": -37.71655565306294,
        "dy_ref_px": -62.556328067470965,
        "peak_ncc": 0.6230711936950684,
        "second_peak": 0.5349288582801819
      }
    },
    {
      "type": "Feature",
      "geometry": {
        "type": "Point",
        "coordinates": [
          31.27693553576088,
          -50.83281723290095
        ]
      },
      "properties": {
        "node_idx": 7,
        "row_idx": 3,
        "grid_x": 759,
        "grid_y": 525,
        "dx_sub_px": -24.80200003076325,
        "dy_sub_px": 9.270935541001657,
        "dx_m": -117.06544014520253,
        "dy_m": 43.75881575352782,
        "dx_ref_px": -58.532720072601265,
        "dy_ref_px": 21.87940787676391,
        "peak_ncc": 0.753291666507721,
        "second_peak": 0.47769322991371155
      }
    },
    {
      "type": "Feature",
      "geometry": {
        "type": "Point",
        "coordinates": [
          31.370429765900848,
          -50.83281723290095
        ]
      },
      "properties": {
        "node_idx": 14,
        "row_idx": 3,
        "grid_x": 1137,
        "grid_y": 525,
        "dx_sub_px": 19.531429679579215,
        "dy_sub_px": 1.5156896776892197,
        "dx_m": 92.18834808761389,
        "dy_m": 7.154055278693116,
        "dx_ref_px": 46.094174043806944,
        "dy_ref_px": 3.577027639346558,
        "peak_ncc": 0.5360734462738037,
        "second_peak": 0.41575902700424194
      }
    },
    {
      "type": "Feature",
      "geometry": {
        "type": "Point",
        "coordinates": [
          31.384033423725455,
          -50.83281723290095
        ]
      },
      "properties": {
        "node_idx": 15,
        "row_idx": 3,
        "grid_x": 1192,
        "grid_y": 525,
        "dx_sub_px": -1.9448183992407886,
        "dy_sub_px": -21.33189160171047,
        "dx_m": -9.179542844416522,
        "dy_m": -100.68652836007341,
        "dx_ref_px": -4.589771422208261,
        "dy_ref_px": -50.343264180036705,
        "peak_ncc": 0.539652943611145,
        "second_peak": 0.47588810324668884
      }
    },
    {
      "type": "Feature",
      "geometry": {
        "type": "Point",
        "coordinates": [
          31.182699287921423,
          -50.84511402711347
        ]
      },
      "properties": {
        "node_idx": 0,
        "row_idx": 4,
        "grid_x": 378,
        "grid_y": 604,
        "dx_sub_px": -17.457004237235655,
        "dy_sub_px": -23.556561728064587,
        "dx_m": -82.39705999975229,
        "dy_m": -111.18697135646484,
        "dx_ref_px": -41.19852999987614,
        "dy_ref_px": -55.59348567823242,
        "peak_ncc": 0.6492206454277039,
        "second_peak": 0.4656563997268677
      }
    },
    {
      "type": "Feature",
      "geometry": {
        "type": "Point",
        "coordinates": [
          31.209411925104256,
          -50.84511402711347
        ]
      },
      "properties": {
        "node_idx": 2,
        "row_idx": 4,
        "grid_x": 486,
        "grid_y": 604,
        "dx_sub_px": 15.665212761044204,
        "dy_sub_px": 23.95433663969207,
        "dx_m": 73.93980423212864,
        "dy_m": 113.06446893934657,
        "dx_ref_px": 36.96990211606432,
        "dy_ref_px": 56.532234469673284,
        "peak_ncc": 0.6289209723472595,
        "second_peak": 0.4717564582824707
      }
    },
    {
      "type": "Feature",
      "geometry": {
        "type": "Point",
        "coordinates": [
          31.222768243695672,
          -50.84511402711347
        ]
      },
      "properties": {
        "node_idx": 3,
        "row_idx": 4,
        "grid_x": 540,
        "grid_y": 604,
        "dx_sub_px": -7.167991373901638,
        "dy_sub_px": -10.199049287010677,
        "dx_m": -33.83291928481573,
        "dy_m": -48.13951263469039,
        "dx_ref_px": -16.916459642407865,
        "dy_ref_px": -24.069756317345195,
        "peak_ncc": 0.6675689220428467,
        "second_peak": 0.5284064412117004
      }
    },
    {
      "type": "Feature",
      "geometry": {
        "type": "Point",
        "coordinates": [
          31.236371901520254,
          -50.84511402711347
        ]
      },
      "properties": {
        "node_idx": 4,
        "row_idx": 4,
        "grid_x": 595,
        "grid_y": 604,
        "dx_sub_px": -5.492931771037505,
        "dy_sub_px": 24.277561088354005,
        "dx_m": -25.926637959297025,
        "dy_m": 114.5900883370309,
        "dx_ref_px": -12.963318979648513,
        "dy_ref_px": 57.29504416851545,
        "peak_ncc": 0.5170472264289856,
        "second_peak": 0.4096048176288605
      }
    },
    {
      "type": "Feature",
      "geometry": {
        "type": "Point",
        "coordinates": [
          31.24972822011167,
          -50.84511402711347
        ]
      },
      "properties": {
        "node_idx": 5,
        "row_idx": 4,
        "grid_x": 649,
        "grid_y": 604,
        "dx_sub_px": -8.391165646970443,
        "dy_sub_px": 24.48832795783683,
        "dx_m": -39.60630185370049,
        "dy_m": 115.58490796098984,
        "dx_ref_px": -19.803150926850243,
        "dy_ref_px": 57.79245398049492,
        "peak_ncc": 0.5202447175979614,
        "second_peak": 0.4320240914821625
      }
    },
    {
      "type": "Feature",
      "geometry": {
        "type": "Point",
        "coordinates": [
          31.26308453870311,
          -50.84511402711347
        ]
      },
      "properties": {
        "node_idx": 6,
        "row_idx": 4,
        "grid_x": 703,
        "grid_y": 604,
        "dx_sub_px": 22.816450356269485,
        "dy_sub_px": 0.5937083969955018,
        "dx_m": 107.69364568159196,
        "dy_m": 2.8023036338187683,
        "dx_ref_px": 53.84682284079598,
        "dy_ref_px": 1.4011518169093842,
        "peak_ncc": 0.4961686134338379,
        "second_peak": 0.4031302034854889
      }
    },
    {
      "type": "Feature",
      "geometry": {
        "type": "Point",
        "coordinates": [
          31.276440857294528,
          -50.84511402711347
        ]
      },
      "properties": {
        "node_idx": 7,
        "row_idx": 4,
        "grid_x": 757,
        "grid_y": 604,
        "dx_sub_px": -28.11841563705243,
        "dy_sub_px": 6.950002019644408,
        "dx_m": -132.71892180688747,
        "dy_m": 32.80400953272161,
        "dx_ref_px": -66.35946090344373,
        "dy_ref_px": 16.402004766360804,
        "peak_ncc": 0.6954821348190308,
        "second_peak": 0.5551126599311829
      }
    },
    {
      "type": "Feature",
      "geometry": {
        "type": "Point",
        "coordinates": [
          31.181709930988692,
          -50.85741082132599
        ]
      },
      "properties": {
        "node_idx": 0,
        "row_idx": 5,
        "grid_x": 374,
        "grid_y": 683,
        "dx_sub_px": 18.687233330307293,
        "dy_sub_px": -9.870780413138261,
        "dx_m": 88.20374131905042,
        "dy_m": -46.590083550012594,
        "dx_ref_px": 44.10187065952521,
        "dy_ref_px": -23.295041775006297,
        "peak_ncc": 0.8442537188529968,
        "second_peak": 0.6806415915489197
      }
    },
    {
      "type": "Feature",
      "geometry": {
        "type": "Point",
        "coordinates": [
          31.275946178828203,
          -50.85741082132599
        ]
      },
      "properties": {
        "node_idx": 7,
        "row_idx": 5,
        "grid_x": 755,
        "grid_y": 683,
        "dx_sub_px": 2.1193029981609652,
        "dy_sub_px": 11.934928868833119,
        "dx_m": 10.003110151319756,
        "dy_m": 56.332864260892315,
        "dx_ref_px": 5.001555075659878,
        "dy_ref_px": 28.166432130446157,
        "peak_ncc": 0.5462133288383484,
        "second_peak": 0.4050072133541107
      }
    },
    {
      "type": "Feature",
      "geometry": {
        "type": "Point",
        "coordinates": [
          31.180225895589665,
          -50.86970761553852
        ]
      },
      "properties": {
        "node_idx": 0,
        "row_idx": 6,
        "grid_x": 368,
        "grid_y": 762,
        "dx_sub_px": 4.817045457252365,
        "dy_sub_px": 18.665198595096903,
        "dx_m": 22.736454558231163,
        "dy_m": 88.09973736885738,
        "dx_ref_px": 11.368227279115581,
        "dy_ref_px": 44.04986868442869,
        "peak_ncc": 0.5464593768119812,
        "second_peak": 0.39124688506126404
      }
    },
    {
      "type": "Feature",
      "geometry": {
        "type": "Point",
        "coordinates": [
          31.19358221418108,
          -50.86970761553852
        ]
      },
      "properties": {
        "node_idx": 1,
        "row_idx": 6,
        "grid_x": 422,
        "grid_y": 762,
        "dx_sub_px": -21.925341282324304,
        "dy_sub_px": 17.19433568769935,
        "dx_m": -103.48761085257071,
        "dy_m": 81.15726444594092,
        "dx_ref_px": -51.743805426285356,
        "dy_ref_px": 40.57863222297046,
        "peak_ncc": 0.5697079300880432,
        "second_peak": 0.41475096344947815
      }
    },
    {
      "type": "Feature",
      "geometry": {
        "type": "Point",
        "coordinates": [
          31.220789529830267,
          -50.86970761553852
        ]
      },
      "properties": {
        "node_idx": 3,
        "row_idx": 6,
        "grid_x": 532,
        "grid_y": 762,
        "dx_sub_px": 6.664233963938759,
        "dy_sub_px": -22.9338237790435,
        "dx_m": 31.455184309790944,
        "dy_m": -108.24764823708531,
        "dx_ref_px": 15.727592154895472,
        "dy_ref_px": -54.12382411854266,
        "peak_ncc": 0.7488771080970764,
        "second_peak": 0.6057657599449158
      }
    },
    {
      "type": "Feature",
      "geometry": {
        "type": "Point",
        "coordinates": [
          31.302411476777873,
          -50.86970761553852
        ]
      },
      "properties": {
        "node_idx": 9,
        "row_idx": 6,
        "grid_x": 862,
        "grid_y": 762,
        "dx_sub_px": -5.494866784311743,
        "dy_sub_px": 19.177836875726072,
        "dx_m": -25.935771221951423,
        "dy_m": 90.51939005342706,
        "dx_ref_px": -12.967885610975712,
        "dy_ref_px": 45.25969502671353,
        "peak_ncc": 0.7581641674041748,
        "second_peak": 0.5032122731208801
      }
    },
    {
      "type": "Feature",
      "geometry": {
        "type": "Point",
        "coordinates": [
          31.329618792427034,
          -50.86970761553852
        ]
      },
      "properties": {
        "node_idx": 11,
        "row_idx": 6,
        "grid_x": 972,
        "grid_y": 762,
        "dx_sub_px": 11.234290782386177,
        "dy_sub_px": -6.751640524698468,
        "dx_m": 53.025852492862754,
        "dy_m": -31.867743276576768,
        "dx_ref_px": 26.512926246431377,
        "dy_ref_px": -15.933871638288384,
        "peak_ncc": 0.4857161045074463,
        "second_peak": 0.4234130382537842
      }
    },
    {
      "type": "Feature",
      "geometry": {
        "type": "Point",
        "coordinates": [
          31.370429765900848,
          -50.86970761553852
        ]
      },
      "properties": {
        "node_idx": 14,
        "row_idx": 6,
        "grid_x": 1137,
        "grid_y": 762,
        "dx_sub_px": -9.043193237484125,
        "dy_sub_px": -6.040095408637185,
        "dx_m": -42.68387208092507,
        "dy_m": -28.509250328767514,
        "dx_ref_px": -21.341936040462535,
        "dy_ref_px": -14.254625164383757,
        "peak_ncc": 0.7265520691871643,
        "second_peak": 0.5289646983146667
      }
    },
    {
      "type": "Feature",
      "geometry": {
        "type": "Point",
        "coordinates": [
          31.384033423725455,
          -50.86970761553852
        ]
      },
      "properties": {
        "node_idx": 15,
        "row_idx": 6,
        "grid_x": 1192,
        "grid_y": 762,
        "dx_sub_px": -9.035039011283287,
        "dy_sub_px": -6.036412052884744,
        "dx_m": -42.64538413325711,
        "dy_m": -28.49186488961599,
        "dx_ref_px": -21.322692066628555,
        "dy_ref_px": -14.245932444807995,
        "peak_ncc": 0.867571234703064,
        "second_peak": 0.6549041271209717
      }
    },
    {
      "type": "Feature",
      "geometry": {
        "type": "Point",
        "coordinates": [
          31.21980017289759,
          -50.88216006537399
        ]
      },
      "properties": {
        "node_idx": 3,
        "row_idx": 7,
        "grid_x": 528,
        "grid_y": 842,
        "dx_sub_px": 5.548646557341442,
        "dy_sub_px": 3.5978739341556185,
        "dx_m": 26.189611750651604,
        "dy_m": 16.98196496921452,
        "dx_ref_px": 13.094805875325802,
        "dy_ref_px": 8.49098248460726,
        "peak_ncc": 0.7550296187400818,
        "second_peak": 0.6487541198730469
      }
    },
    {
      "type": "Feature",
      "geometry": {
        "type": "Point",
        "coordinates": [
          31.26085848560454,
          -50.88216006537399
        ]
      },
      "properties": {
        "node_idx": 6,
        "row_idx": 7,
        "grid_x": 694,
        "grid_y": 842,
        "dx_sub_px": -10.632891878179192,
        "dy_sub_px": 13.42708695207929,
        "dx_m": -50.18724966500579,
        "dy_m": 63.37585041381424,
        "dx_ref_px": -25.093624832502893,
        "dy_ref_px": 31.68792520690712,
        "peak_ncc": 0.50931715965271,
        "second_peak": 0.4009353220462799
      }
    },
    {
      "type": "Feature",
      "geometry": {
        "type": "Point",
        "coordinates": [
          31.342975111018475,
          -50.88216006537399
        ]
      },
      "properties": {
        "node_idx": 12,
        "row_idx": 7,
        "grid_x": 1026,
        "grid_y": 842,
        "dx_sub_px": -27.580758900289972,
        "dy_sub_px": 4.776438801219998,
        "dx_m": -130.18118200936865,
        "dy_m": 22.544791141758388,
        "dx_ref_px": -65.09059100468433,
        "dy_ref_px": 11.272395570879194,
        "peak_ncc": 0.4991956651210785,
        "second_peak": 0.4142468571662903
      }
    },
    {
      "type": "Feature",
      "geometry": {
        "type": "Point",
        "coordinates": [
          31.37018242666766,
          -50.88216006537399
        ]
      },
      "properties": {
        "node_idx": 14,
        "row_idx": 7,
        "grid_x": 1136,
        "grid_y": 842,
        "dx_sub_px": -21.77860046053236,
        "dy_sub_px": 5.943771916273804,
        "dx_m": -102.79499417371274,
        "dy_m": 28.054603444812354,
        "dx_ref_px": -51.39749708685637,
        "dy_ref_px": 14.027301722406177,
        "peak_ncc": 0.49945783615112305,
        "second_peak": 0.37781739234924316
      }
    },
    {
      "type": "Feature",
      "geometry": {
        "type": "Point",
        "coordinates": [
          31.177752503257906,
          -50.89445685958651
        ]
      },
      "properties": {
        "node_idx": 0,
        "row_idx": 8,
        "grid_x": 358,
        "grid_y": 921,
        "dx_sub_px": -20.40569892875871,
        "dy_sub_px": 17.136442924487014,
        "dx_m": -96.31489894374111,
        "dy_m": 80.8840106035787,
        "dx_ref_px": -48.15744947187056,
        "dy_ref_px": 40.44200530178935,
        "peak_ncc": 0.5689260363578796,
        "second_peak": 0.49044269323349
      }
    },
    {
      "type": "Feature",
      "geometry": {
        "type": "Point",
        "coordinates": [
          31.341985754085773,
          -50.89445685958651
        ]
      },
      "properties": {
        "node_idx": 12,
        "row_idx": 8,
        "grid_x": 1022,
        "grid_y": 921,
        "dx_sub_px": 10.938261469979416,
        "dy_sub_px": 11.934824609206942,
        "dx_m": 51.628594138302844,
        "dy_m": 56.33237215545676,
        "dx_ref_px": 25.814297069151422,
        "dy_ref_px": 28.16618607772838,
        "peak_ncc": 0.4427550435066223,
        "second_peak": 0.37973731756210327
      }
    },
    {
      "type": "Feature",
      "geometry": {
        "type": "Point",
        "coordinates": [
          31.383291406025915,
          -50.89445685958651
        ]
      },
      "properties": {
        "node_idx": 15,
        "row_idx": 8,
        "grid_x": 1189,
        "grid_y": 921,
        "dx_sub_px": 13.042777685787188,
        "dy_sub_px": -28.3247583463499,
        "dx_m": 61.561910676915524,
        "dy_m": -133.69285939477152,
        "dx_ref_px": 30.780955338457762,
        "dy_ref_px": -66.84642969738576,
        "peak_ncc": 0.5311177968978882,
        "second_peak": 0.4475460946559906
      }
    },
    {
      "type": "Feature",
      "geometry": {
        "type": "Point",
        "coordinates": [
          31.21732678056583,
          -50.906753653799036
        ]
      },
      "properties": {
        "node_idx": 3,
        "row_idx": 9,
        "grid_x": 518,
        "grid_y": 1000,
        "dx_sub_px": 20.161635192260054,
        "dy_sub_px": 12.861590647757762,
        "dx_m": 95.16291810746745,
        "dy_m": 60.70670785741663,
        "dx_ref_px": 47.581459053733724,
        "dy_ref_px": 30.353353928708316,
        "peak_ncc": 0.4255090653896332,
        "second_peak": 0.35384121537208557
      }
    },
    {
      "type": "Feature",
      "geometry": {
        "type": "Point",
        "coordinates": [
          31.258632432505973,
          -50.906753653799036
        ]
      },
      "properties": {
        "node_idx": 6,
        "row_idx": 9,
        "grid_x": 685,
        "grid_y": 1000,
        "dx_sub_px": -28.209960374056717,
        "dy_sub_px": 9.924068888669595,
        "dx_m": -133.1510129655477,
        "dy_m": 46.84160515452049,
        "dx_ref_px": -66.57550648277385,
        "dy_ref_px": 23.420802577260243,
        "peak_ncc": 0.4522289037704468,
        "second_peak": 0.3917471170425415
      }
    },
    {
      "type": "Feature",
      "geometry": {
        "type": "Point",
        "coordinates": [
          31.27223609033055,
          -50.906753653799036
        ]
      },
      "properties": {
        "node_idx": 7,
        "row_idx": 9,
        "grid_x": 740,
        "grid_y": 1000,
        "dx_sub_px": 15.165340547369341,
        "dy_sub_px": 20.56186464720803,
        "dx_m": 71.58040738358329,
        "dy_m": 97.0520011348219,
        "dx_ref_px": 35.790203691791646,
        "dy_ref_px": 48.52600056741095,
        "peak_ncc": 0.5501642227172852,
        "second_peak": 0.43660226464271545
      }
    },
    {
      "type": "Feature",
      "geometry": {
        "type": "Point",
        "coordinates": [
          31.354600054977674,
          -50.906753653799036
        ]
      },
      "properties": {
        "node_idx": 13,
        "row_idx": 9,
        "grid_x": 1073,
        "grid_y": 1000,
        "dx_sub_px": -10.212373359220894,
        "dy_sub_px": 7.697716941505472,
        "dx_m": -48.20240225552262,
        "dy_m": 36.33322396390582,
        "dx_ref_px": -24.10120112776131,
        "dy_ref_px": 18.16661198195291,
        "peak_ncc": 0.509503185749054,
        "second_peak": 0.4566154479980469
      }
    },
    {
      "type": "Feature",
      "geometry": {
        "type": "Point",
        "coordinates": [
          31.257395736340108,
          -50.919050448011554
        ]
      },
      "properties": {
        "node_idx": 6,
        "row_idx": 10,
        "grid_x": 680,
        "grid_y": 1079,
        "dx_sub_px": 7.598450474260338,
        "dy_sub_px": 15.515092996744963,
        "dx_m": 35.864686238508796,
        "dy_m": 73.23123894463622,
        "dx_ref_px": 17.932343119254398,
        "dy_ref_px": 36.61561947231811,
        "peak_ncc": 0.5748040080070496,
        "second_peak": 0.4463222920894623
      }
    },
    {
      "type": "Feature",
      "geometry": {
        "type": "Point",
        "coordinates": [
          31.29870138828022,
          -50.919050448011554
        ]
      },
      "properties": {
        "node_idx": 9,
        "row_idx": 10,
        "grid_x": 847,
        "grid_y": 1079,
        "dx_sub_px": -29.963235657835156,
        "dy_sub_px": 3.8936132272120116,
        "dx_m": -141.42647230498193,
        "dy_m": 18.377854432440692,
        "dx_ref_px": -70.71323615249096,
        "dy_ref_px": 9.188927216220346,
        "peak_ncc": 0.5357854962348938,
        "second_peak": 0.44063037633895874
      }
    },
    {
      "type": "Feature",
      "geometry": {
        "type": "Point",
        "coordinates": [
          31.326156043162598,
          -50.919050448011554
        ]
      },
      "properties": {
        "node_idx": 11,
        "row_idx": 10,
        "grid_x": 958,
        "grid_y": 1079,
        "dx_sub_px": 7.857586088108053,
        "dy_sub_px": -28.7251348305306,
        "dx_m": 37.087806335870006,
        "dy_m": -135.58263640010443,
        "dx_ref_px": 18.543903167935003,
        "dy_ref_px": -67.79131820005222,
        "peak_ncc": 0.6793242692947388,
        "second_peak": 0.5597357153892517
      }
    },
    {
      "type": "Feature",
      "geometry": {
        "type": "Point",
        "coordinates": [
          31.17428975399347,
          -50.93134724222408
        ]
      },
      "properties": {
        "node_idx": 0,
        "row_idx": 11,
        "grid_x": 344,
        "grid_y": 1158,
        "dx_sub_px": -24.572304718042446,
        "dy_sub_px": 16.722402117625894,
        "dx_m": -115.98127826916034,
        "dy_m": 78.92973799519422,
        "dx_ref_px": -57.99063913458017,
        "dy_ref_px": 39.46486899759711,
        "peak_ncc": 0.5446754097938538,
        "second_peak": 0.4808226227760315
      }
    },
    {
      "type": "Feature",
      "geometry": {
        "type": "Point",
        "coordinates": [
          31.18789341181805,
          -50.93134724222408
        ]
      },
      "properties": {
        "node_idx": 1,
        "row_idx": 11,
        "grid_x": 399,
        "grid_y": 1158,
        "dx_sub_px": -2.8772344023836354,
        "dy_sub_px": -27.171929151567983,
        "dx_m": -13.580546379250759,
        "dy_m": -128.2515055954009,
        "dx_ref_px": -6.790273189625379,
        "dy_ref_px": -64.12575279770044,
        "peak_ncc": 0.5262017250061035,
        "second_peak": 0.4323692321777344
      }
    },
    {
      "type": "Feature",
      "geometry": {
        "type": "Point",
        "coordinates": [
          31.3387703440545,
          -50.93134724222408
        ]
      },
      "properties": {
        "node_idx": 12,
        "row_idx": 11,
        "grid_x": 1009,
        "grid_y": 1158,
        "dx_sub_px": -18.700886879141226,
        "dy_sub_px": -11.313256004713656,
        "dx_m": -88.26818606954659,
        "dy_m": -53.39856834224845,
        "dx_ref_px": -44.134093034773294,
        "dy_ref_px": -26.699284171124226,
        "peak_ncc": 0.4229609966278076,
        "second_peak": 0.37615644931793213
      }
    },
    {
      "type": "Feature",
      "geometry": {
        "type": "Point",
        "coordinates": [
          31.380075995994666,
          -50.93134724222408
        ]
      },
      "properties": {
        "node_idx": 15,
        "row_idx": 11,
        "grid_x": 1176,
        "grid_y": 1158,
        "dx_sub_px": 22.09258606773981,
        "dy_sub_px": 3.6604424859242846,
        "dx_m": 104.27700623973189,
        "dy_m": 17.277288533562622,
        "dx_ref_px": 52.138503119865945,
        "dy_ref_px": 8.638644266781311,
        "peak_ncc": 0.4647844731807709,
        "second_peak": 0.4013381004333496
      }
    },
    {
      "type": "Feature",
      "geometry": {
        "type": "Point",
        "coordinates": [
          31.18690405488537,
          -50.9436440364366
        ]
      },
      "properties": {
        "node_idx": 1,
        "row_idx": 12,
        "grid_x": 395,
        "grid_y": 1237,
        "dx_sub_px": -21.589850338414326,
        "dy_sub_px": -21.97826730226448,
        "dx_m": -101.90409359731561,
        "dy_m": -103.73742166668835,
        "dx_ref_px": -50.952046798657804,
        "dy_ref_px": -51.868710833344174,
        "peak_ncc": 0.6424081921577454,
        "second_peak": 0.5741111636161804
      }
    },
    {
      "type": "Feature",
      "geometry": {
        "type": "Point",
        "coordinates": [
          31.24181336465012,
          -50.9436440364366
        ]
      },
      "properties": {
        "node_idx": 5,
        "row_idx": 12,
        "grid_x": 617,
        "grid_y": 1237,
        "dx_sub_px": -9.960264622001963,
        "dy_sub_px": -6.884540387626922,
        "dx_m": -47.01244901584926,
        "dy_m": -32.49503062959907,
        "dx_ref_px": -23.50622450792463,
        "dy_ref_px": -16.247515314799536,
        "peak_ncc": 0.5250504016876221,
        "second_peak": 0.4243943691253662
      }
    },
    {
      "type": "Feature",
      "geometry": {
        "type": "Point",
        "coordinates": [
          31.2554170224747,
          -50.9436440364366
        ]
      },
      "properties": {
        "node_idx": 6,
        "row_idx": 12,
        "grid_x": 672,
        "grid_y": 1237,
        "dx_sub_px": -2.3613391618203208,
        "dy_sub_px": -6.055552537953885,
        "dx_m": -11.145520843791914,
        "dy_m": -28.582207979142332,
        "dx_ref_px": -5.572760421895957,
        "dy_ref_px": -14.291103989571166,
        "peak_ncc": 0.7219482064247131,
        "second_peak": 0.6403771042823792
      }
    },
    {
      "type": "Feature",
      "geometry": {
        "type": "Point",
        "coordinates": [
          31.282871677357047,
          -50.9436440364366
        ]
      },
      "properties": {
        "node_idx": 8,
        "row_idx": 12,
        "grid_x": 783,
        "grid_y": 1237,
        "dx_sub_px": -20.80950783057818,
        "dy_sub_px": -14.72373062642388,
        "dx_m": -98.22087696032901,
        "dy_m": -69.49600855672071,
        "dx_ref_px": -49.110438480164504,
        "dy_ref_px": -34.748004278360355,
        "peak_ncc": 0.5849401354789734,
        "second_peak": 0.47926387190818787
      }
    },
    {
      "type": "Feature",
      "geometry": {
        "type": "Point",
        "coordinates": [
          31.296475335181654,
          -50.9436440364366
        ]
      },
      "properties": {
        "node_idx": 9,
        "row_idx": 12,
        "grid_x": 838,
        "grid_y": 1237,
        "dx_sub_px": -14.448752787881334,
        "dy_sub_px": 0.17819235310605935,
        "dx_m": -68.1981131587999,
        "dy_m": 0.8410679066606,
        "dx_ref_px": -34.09905657939995,
        "dy_ref_px": 0.4205339533303,
        "peak_ncc": 0.7916606664657593,
        "second_peak": 0.6970547437667847
      }
    },
    {
      "type": "Feature",
      "geometry": {
        "type": "Point",
        "coordinates": [
          31.323929990064027,
          -50.9436440364366
        ]
      },
      "properties": {
        "node_idx": 11,
        "row_idx": 12,
        "grid_x": 949,
        "grid_y": 1237,
        "dx_sub_px": -1.929229546602207,
        "dy_sub_px": -7.1168559454458675,
        "dx_m": -9.105963459962416,
        "dy_m": -33.59156006250449,
        "dx_ref_px": -4.552981729981208,
        "dy_ref_px": -16.795780031252246,
        "peak_ncc": 0.5477606654167175,
        "second_peak": 0.455937922000885
      }
    },
    {
      "type": "Feature",
      "geometry": {
        "type": "Point",
        "coordinates": [
          31.337533647888634,
          -50.9436440364366
        ]
      },
      "properties": {
        "node_idx": 12,
        "row_idx": 12,
        "grid_x": 1004,
        "grid_y": 1237,
        "dx_sub_px": 12.952681287560045,
        "dy_sub_px": 27.712759911419443,
        "dx_m": 61.13665567728341,
        "dy_m": 130.80422678189976,
        "dx_ref_px": 30.568327838641704,
        "dy_ref_px": 65.40211339094988,
        "peak_ncc": 0.5819177627563477,
        "second_peak": 0.5192782282829285
      }
    },
    {
      "type": "Feature",
      "geometry": {
        "type": "Point",
        "coordinates": [
          31.3513846449464,
          -50.9436440364366
        ]
      },
      "properties": {
        "node_idx": 13,
        "row_idx": 12,
        "grid_x": 1060,
        "grid_y": 1237,
        "dx_sub_px": -0.17420703020827608,
        "dy_sub_px": -0.7772967696243883,
        "dx_m": -0.822257182583063,
        "dy_m": -3.6688407526271125,
        "dx_ref_px": -0.4111285912915315,
        "dy_ref_px": -1.8344203763135563,
        "peak_ncc": 0.6339296102523804,
        "second_peak": 0.5427919030189514
      }
    },
    {
      "type": "Feature",
      "geometry": {
        "type": "Point",
        "coordinates": [
          31.240576668484227,
          -50.95594083064913
        ]
      },
      "properties": {
        "node_idx": 5,
        "row_idx": 13,
        "grid_x": 612,
        "grid_y": 1316,
        "dx_sub_px": -24.40539935776143,
        "dy_sub_px": 6.479946125172824,
        "dx_m": -115.19348496863394,
        "dy_m": 30.585345710815727,
        "dx_ref_px": -57.59674248431697,
        "dy_ref_px": 15.292672855407863,
        "peak_ncc": 0.5642045140266418,
        "second_peak": 0.46323779225349426
      }
    },
    {
      "type": "Feature",
      "geometry": {
        "type": "Point",
        "coordinates": [
          31.30908963607358,
          -50.95594083064913
        ]
      },
      "properties": {
        "node_idx": 10,
        "row_idx": 13,
        "grid_x": 889,
        "grid_y": 1316,
        "dx_sub_px": 8.867779963547887,
        "dy_sub_px": 4.018445590092048,
        "dx_m": 41.85592142794603,
        "dy_m": 18.967063185234466,
        "dx_ref_px": 20.927960713973015,
        "dy_ref_px": 9.483531592617233,
        "peak_ncc": 0.5115913152694702,
        "second_peak": 0.4323290288448334
      }
    },
    {
      "type": "Feature",
      "geometry": {
        "type": "Point",
        "coordinates": [
          31.184678001786803,
          -50.9683932804846
        ]
      },
      "properties": {
        "node_idx": 1,
        "row_idx": 14,
        "grid_x": 386,
        "grid_y": 1396,
        "dx_sub_px": 13.588242585653674,
        "dy_sub_px": -9.783605897292944,
        "dx_m": 64.13650500428534,
        "dy_m": -46.17861983522269,
        "dx_ref_px": 32.06825250214267,
        "dy_ref_px": -23.089309917611345,
        "peak_ncc": 0.5958786606788635,
        "second_peak": 0.5310998558998108
      }
    },
    {
      "type": "Feature",
      "geometry": {
        "type": "Point",
        "coordinates": [
          31.21213265666915,
          -50.9683932804846
        ]
      },
      "properties": {
        "node_idx": 3,
        "row_idx": 14,
        "grid_x": 497,
        "grid_y": 1396,
        "dx_sub_px": 21.982422000249514,
        "dy_sub_px": 16.959949770402666,
        "dx_m": 103.7570318411777,
        "dy_m": 80.05096291630058,
        "dx_ref_px": 51.87851592058885,
        "dy_ref_px": 40.02548145815029,
        "peak_ncc": 0.5118259787559509,
        "second_peak": 0.397652804851532
      }
    },
    {
      "type": "Feature",
      "geometry": {
        "type": "Point",
        "coordinates": [
          31.34891125261467,
          -50.9683932804846
        ]
      },
      "properties": {
        "node_idx": 13,
        "row_idx": 14,
        "grid_x": 1050,
        "grid_y": 1396,
        "dx_sub_px": -10.146826276464026,
        "dy_sub_px": 15.736731754383968,
        "dx_m": -47.8930200249102,
        "dy_m": 74.27737388069232,
        "dx_ref_px": -23.9465100124551,
        "dy_ref_px": 37.13868694034616,
        "peak_ncc": 0.767944872379303,
        "second_peak": 0.6760792136192322
      }
    },
    {
      "type": "Feature",
      "geometry": {
        "type": "Point",
        "coordinates": [
          31.36251491043925,
          -50.9683932804846
        ]
      },
      "properties": {
        "node_idx": 14,
        "row_idx": 14,
        "grid_x": 1105,
        "grid_y": 1396,
        "dx_sub_px": 18.259872554360943,
        "dy_sub_px": 26.08978789209416,
        "dx_m": 86.18659845658364,
        "dy_m": 123.14379885068443,
        "dx_ref_px": 43.09329922829182,
        "dy_ref_px": 61.57189942534222,
        "peak_ncc": 0.7476637959480286,
        "second_peak": 0.6111466884613037
      }
    },
    {
      "type": "Feature",
      "geometry": {
        "type": "Point",
        "coordinates": [
          31.183935984087263,
          -50.980690074697115
        ]
      },
      "properties": {
        "node_idx": 1,
        "row_idx": 15,
        "grid_x": 383,
        "grid_y": 1475,
        "dx_sub_px": -24.275666944761436,
        "dy_sub_px": -10.303225360708405,
        "dx_m": -114.58114797927398,
        "dy_m": -48.631223702543664,
        "dx_ref_px": -57.29057398963699,
        "dy_ref_px": -24.315611851271832,
        "peak_ncc": 0.8440564274787903,
        "second_peak": 0.7249345779418945
      }
    },
    {
      "type": "Feature",
      "geometry": {
        "type": "Point",
        "coordinates": [
          31.197539641911867,
          -50.980690074697115
        ]
      },
      "properties": {
        "node_idx": 2,
        "row_idx": 15,
        "grid_x": 438,
        "grid_y": 1475,
        "dx_sub_px": 6.70718113149323,
        "dy_sub_px": 12.844799582295332,
        "dx_m": 31.657894940648042,
        "dy_m": 60.62745402843397,
        "dx_ref_px": 15.828947470324021,
        "dy_ref_px": 30.313727014216983,
        "peak_ncc": 0.40755128860473633,
        "second_peak": 0.36164575815200806
      }
    },
    {
      "type": "Feature",
      "geometry": {
        "type": "Point",
        "coordinates": [
          31.265805270268032,
          -50.980690074697115
        ]
      },
      "properties": {
        "node_idx": 7,
        "row_idx": 15,
        "grid_x": 714,
        "grid_y": 1475,
        "dx_sub_px": -22.196783113298817,
        "dy_sub_px": -4.2315188539308295,
        "dx_m": -104.76881629477042,
        "dy_m": -19.972768990553515,
        "dx_ref_px": -52.38440814738521,
        "dy_ref_px": -9.986384495276758,
        "peak_ncc": 0.4313286244869232,
        "second_peak": 0.3868650496006012
      }
    },
    {
      "type": "Feature",
      "geometry": {
        "type": "Point",
        "coordinates": [
          31.293259925150405,
          -50.980690074697115
        ]
      },
      "properties": {
        "node_idx": 9,
        "row_idx": 15,
        "grid_x": 825,
        "grid_y": 1475,
        "dx_sub_px": -16.670542886189935,
        "dy_sub_px": 14.896251409387151,
        "dx_m": -78.68496242281648,
        "dy_m": 70.31030665230735,
        "dx_ref_px": -39.34248121140824,
        "dy_ref_px": 35.15515332615367,
        "peak_ncc": 0.6695206165313721,
        "second_peak": 0.5464991331100464
      }
    },
    {
      "type": "Feature",
      "geometry": {
        "type": "Point",
        "coordinates": [
          31.169095630096816,
          -50.99298686890963
        ]
      },
      "properties": {
        "node_idx": 0,
        "row_idx": 16,
        "grid_x": 323,
        "grid_y": 1554,
        "dx_sub_px": 13.171228753798509,
        "dy_sub_px": -28.64665203241315,
        "dx_m": 62.16819971792896,
        "dy_m": -135.21219759299007,
        "dx_ref_px": 31.08409985896448,
        "dy_ref_px": -67.60609879649503,
        "peak_ncc": 0.5616709589958191,
        "second_peak": 0.4022710919380188
      }
    },
    {
      "type": "Feature",
      "geometry": {
        "type": "Point",
        "coordinates": [
          31.20990660357058,
          -50.99298686890963
        ]
      },
      "properties": {
        "node_idx": 3,
        "row_idx": 16,
        "grid_x": 488,
        "grid_y": 1554,
        "dx_sub_px": -24.435785864877705,
        "dy_sub_px": 12.319872107182855,
        "dx_m": -115.33690928222276,
        "dy_m": 58.14979634590307,
        "dx_ref_px": -57.66845464111138,
        "dy_ref_px": 29.074898172951535,
        "peak_ncc": 0.40013450384140015,
        "second_peak": 0.3465583026409149
      }
    },
    {
      "type": "Feature",
      "geometry": {
        "type": "Point",
        "coordinates": [
          31.168106273164113,
          -51.005283663122164
        ]
      },
      "properties": {
        "node_idx": 0,
        "row_idx": 17,
        "grid_x": 319,
        "grid_y": 1633,
        "dx_sub_px": 19.336350733990948,
        "dy_sub_px": 22.98011287382657,
        "dx_m": 91.26757546443727,
        "dy_m": 108.4661327644614,
        "dx_ref_px": 45.633787732218636,
        "dy_ref_px": 54.2330663822307,
        "peak_ncc": 0.4227278530597687,
        "second_peak": 0.34478917717933655
      }
    },
    {
      "type": "Feature",
      "geometry": {
        "type": "Point",
        "coordinates": [
          31.1953135888133,
          -51.005283663122164
        ]
      },
      "properties": {
        "node_idx": 2,
        "row_idx": 17,
        "grid_x": 429,
        "grid_y": 1633,
        "dx_sub_px": -8.874315652190434,
        "dy_sub_px": 6.548190964202931,
        "dx_m": -41.886769878338846,
        "dy_m": 30.90746135103783,
        "dx_ref_px": -20.943384939169423,
        "dy_ref_px": 15.453730675518916,
        "peak_ncc": 0.5834589600563049,
        "second_peak": 0.5243619084358215
      }
    },
    {
      "type": "Feature",
      "geometry": {
        "type": "Point",
        "coordinates": [
          31.236371901520254,
          -51.005283663122164
        ]
      },
      "properties": {
        "node_idx": 5,
        "row_idx": 17,
        "grid_x": 595,
        "grid_y": 1633,
        "dx_sub_px": -19.87742873490246,
        "dy_sub_px": 2.889146109898199,
        "dx_m": -93.82146362873961,
        "dy_m": 13.6367696387195,
        "dx_ref_px": -46.910731814369804,
        "dy_ref_px": 6.81838481935975,
        "peak_ncc": 0.5733155012130737,
        "second_peak": 0.4671202600002289
      }
    },
    {
      "type": "Feature",
      "geometry": {
        "type": "Point",
        "coordinates": [
          31.290786532818647,
          -51.005283663122164
        ]
      },
      "properties": {
        "node_idx": 9,
        "row_idx": 17,
        "grid_x": 815,
        "grid_y": 1633,
        "dx_sub_px": 14.6979543461084,
        "dy_sub_px": -7.233170933811711,
        "dx_m": 69.37434451363164,
        "dy_m": -34.14056680759128,
        "dx_ref_px": 34.68717225681582,
        "dy_ref_px": -17.07028340379564,
        "peak_ncc": 0.4211750328540802,
        "second_peak": 0.33355480432510376
      }
    },
    {
      "type": "Feature",
      "geometry": {
        "type": "Point",
        "coordinates": [
          31.318241187701023,
          -51.005283663122164
        ]
      },
      "properties": {
        "node_idx": 11,
        "row_idx": 17,
        "grid_x": 926,
        "grid_y": 1633,
        "dx_sub_px": -7.208872259778828,
        "dy_sub_px": 12.81297676786208,
        "dx_m": -34.02587706615607,
        "dy_m": 60.47725034430902,
        "dx_ref_px": -17.012938533078035,
        "dy_ref_px": 30.23862517215451,
        "peak_ncc": 0.64375901222229,
        "second_peak": 0.2966214716434479
      }
    },
    {
      "type": "Feature",
      "geometry": {
        "type": "Point",
        "coordinates": [
          31.331844845525602,
          -51.005283663122164
        ]
      },
      "properties": {
        "node_idx": 12,
        "row_idx": 17,
        "grid_x": 981,
        "grid_y": 1633,
        "dx_sub_px": -10.855666337283917,
        "dy_sub_px": 6.360445507330482,
        "dx_m": -51.23874511198009,
        "dy_m": 30.021302794599872,
        "dx_ref_px": -25.619372555990044,
        "dy_ref_px": 15.010651397299936,
        "peak_ncc": 0.6006047129631042,
        "second_peak": 0.35881051421165466
      }
    },
    {
      "type": "Feature",
      "geometry": {
        "type": "Point",
        "coordinates": [
          31.194571571113784,
          -51.01758045733469
        ]
      },
      "properties": {
        "node_idx": 2,
        "row_idx": 18,
        "grid_x": 426,
        "grid_y": 1712,
        "dx_sub_px": -19.828220368669395,
        "dy_sub_px": -0.08512380898707084,
        "dx_m": -93.58920014011954,
        "dy_m": -0.40178437841897435,
        "dx_ref_px": -46.79460007005977,
        "dy_ref_px": -0.20089218920948718,
        "peak_ncc": 0.6586111783981323,
        "second_peak": 0.5608076453208923
      }
    },
    {
      "type": "Feature",
      "geometry": {
        "type": "Point",
        "coordinates": [
          31.208175228938366,
          -51.01758045733469
        ]
      },
      "properties": {
        "node_idx": 3,
        "row_idx": 18,
        "grid_x": 481,
        "grid_y": 1712,
        "dx_sub_px": 4.982322548853079,
        "dy_sub_px": -8.980499252179905,
        "dx_m": 23.516562430586532,
        "dy_m": -42.387956470289154,
        "dx_ref_px": 11.758281215293266,
        "dy_ref_px": -21.193978235144577,
        "peak_ncc": 0.8482620120048523,
        "second_peak": 0.6967529058456421
      }
    },
    {
      "type": "Feature",
      "geometry": {
        "type": "Point",
        "coordinates": [
          31.22177888676297,
          -51.01758045733469
        ]
      },
      "properties": {
        "node_idx": 4,
        "row_idx": 18,
        "grid_x": 536,
        "grid_y": 1712,
        "dx_sub_px": -12.663247459061,
        "dy_sub_px": 23.61375915889469,
        "dx_m": -59.77052800676791,
        "dy_m": 111.45694322998294,
        "dx_ref_px": -29.885264003383956,
        "dy_ref_px": 55.72847161499147,
        "peak_ncc": 0.5509096384048462,
        "second_peak": 0.4639051556587219
      }
    },
    {
      "type": "Feature",
      "geometry": {
        "type": "Point",
        "coordinates": [
          31.24898620241218,
          -51.01758045733469
        ]
      },
      "properties": {
        "node_idx": 6,
        "row_idx": 18,
        "grid_x": 646,
        "grid_y": 1712,
        "dx_sub_px": 30.4012472657212,
        "dy_sub_px": -2.7106394309960478,
        "dx_m": 143.49388709420404,
        "dy_m": -12.794218114301344,
        "dx_ref_px": 71.74694354710202,
        "dy_ref_px": -6.397109057150672,
        "peak_ncc": 0.41240882873535156,
        "second_peak": 0.36377662420272827
      }
    },
    {
      "type": "Feature",
      "geometry": {
        "type": "Point",
        "coordinates": [
          31.262589860236787,
          -51.01758045733469
        ]
      },
      "properties": {
        "node_idx": 7,
        "row_idx": 18,
        "grid_x": 701,
        "grid_y": 1712,
        "dx_sub_px": -1.1810364260653252,
        "dy_sub_px": -8.518862623291202,
        "dx_m": -5.5744919310283345,
        "dy_m": -40.209031581934475,
        "dx_ref_px": -2.7872459655141673,
        "dy_ref_px": -20.104515790967238,
        "peak_ncc": 0.7405874729156494,
        "second_peak": 0.39411088824272156
      }
    },
    {
      "type": "Feature",
      "geometry": {
        "type": "Point",
        "coordinates": [
          31.276440857294528,
          -51.01758045733469
        ]
      },
      "properties": {
        "node_idx": 8,
        "row_idx": 18,
        "grid_x": 757,
        "grid_y": 1712,
        "dx_sub_px": 20.956402218733192,
        "dy_sub_px": -18.851012623640035,
        "dx_m": 98.91421847242066,
        "dy_m": -88.97677958358096,
        "dx_ref_px": 49.45710923621033,
        "dy_ref_px": -44.48838979179048,
        "peak_ncc": 0.7709084153175354,
        "second_peak": 0.5790050029754639
      }
    },
    {
      "type": "Feature",
      "geometry": {
        "type": "Point",
        "coordinates": [
          31.290044515119135,
          -51.01758045733469
        ]
      },
      "properties": {
        "node_idx": 9,
        "row_idx": 18,
        "grid_x": 812,
        "grid_y": 1712,
        "dx_sub_px": -3.13902655479231,
        "dy_sub_px": 11.82338400137157,
        "dx_m": -14.816205338619703,
        "dy_m": 55.80637248647381,
        "dx_ref_px": -7.4081026693098515,
        "dy_ref_px": 27.903186243236906,
        "peak_ncc": 0.5727704167366028,
        "second_peak": 0.49045857787132263
      }
    },
    {
      "type": "Feature",
      "geometry": {
        "type": "Point",
        "coordinates": [
          31.37191380129988,
          -51.01758045733469
        ]
      },
      "properties": {
        "node_idx": 15,
        "row_idx": 18,
        "grid_x": 1143,
        "grid_y": 1712,
        "dx_sub_px": 1.4206449234570608,
        "dy_sub_px": 22.639184557925184,
        "dx_m": 6.705444038717327,
        "dy_m": 106.85695111340686,
        "dx_ref_px": 3.3527220193586635,
        "dy_ref_px": 53.42847555670343,
        "peak_ncc": 0.7602627873420715,
        "second_peak": 0.6810398101806641
      }
    },
    {
      "type": "Feature",
      "geometry": {
        "type": "Point",
        "coordinates": [
          31.207185872005688,
          -51.02987725154721
        ]
      },
      "properties": {
        "node_idx": 3,
        "row_idx": 19,
        "grid_x": 477,
        "grid_y": 1791,
        "dx_sub_px": -23.214297347603537,
        "dy_sub_px": -2.8673322407308843,
        "dx_m": -109.57148348068868,
        "dy_m": -13.533808176249773,
        "dx_ref_px": -54.78574174034434,
        "dy_ref_px": -6.766904088124886,
        "peak_ncc": 0.6632773876190186,
        "second_peak": 0.46787571907043457
      }
    },
    {
      "type": "Feature",
      "geometry": {
        "type": "Point",
        "coordinates": [
          31.247996845479477,
          -51.02987725154721
        ]
      },
      "properties": {
        "node_idx": 6,
        "row_idx": 19,
        "grid_x": 642,
        "grid_y": 1791,
        "dx_sub_px": 16.315736598172904,
        "dy_sub_px": -5.102946749663888,
        "dx_m": 77.01027674337611,
        "dy_m": -24.085908658413548,
        "dx_ref_px": 38.505138371688055,
        "dy_ref_px": -12.042954329206774,
        "peak_ncc": 0.45463672280311584,
        "second_peak": 0.342353492975235
      }
    },
    {
      "type": "Feature",
      "geometry": {
        "type": "Point",
        "coordinates": [
          31.261600503304056,
          -51.02987725154721
        ]
      },
      "properties": {
        "node_idx": 7,
        "row_idx": 19,
        "grid_x": 697,
        "grid_y": 1791,
        "dx_sub_px": -19.499588341956215,
        "dy_sub_px": 14.828344982362255,
        "dx_m": -92.03805697403334,
        "dy_m": 69.98978831674984,
        "dx_ref_px": -46.01902848701667,
        "dy_ref_px": 34.99489415837492,
        "peak_ncc": 0.5503948926925659,
        "second_peak": 0.4372716248035431
      }
    },
    {
      "type": "Feature",
      "geometry": {
        "type": "Point",
        "coordinates": [
          31.37067710513401,
          -51.02987725154721
        ]
      },
      "properties": {
        "node_idx": 15,
        "row_idx": 19,
        "grid_x": 1138,
        "grid_y": 1791,
        "dx_sub_px": 1.9817303815827727,
        "dy_sub_px": 4.034610661597726,
        "dx_m": 9.353767401070687,
        "dy_m": 19.043362322741263,
        "dx_ref_px": 4.676883700535344,
        "dy_ref_px": 9.521681161370632,
        "peak_ncc": 0.534112811088562,
        "second_peak": 0.4562802314758301
      }
    },
    {
      "type": "Feature",
      "geometry": {
        "type": "Point",
        "coordinates": [
          31.165385541599168,
          -51.04217404575973
        ]
      },
      "properties": {
        "node_idx": 0,
        "row_idx": 20,
        "grid_x": 308,
        "grid_y": 1870,
        "dx_sub_px": 13.447776949996838,
        "dy_sub_px": 26.34256943368225,
        "dx_m": 63.47350720398507,
        "dy_m": 124.33692772698022,
        "dx_ref_px": 31.736753601992536,
        "dy_ref_px": 62.16846386349011,
        "peak_ncc": 0.44863077998161316,
        "second_peak": 0.39736151695251465
      }
    },
    {
      "type": "Feature",
      "geometry": {
        "type": "Point",
        "coordinates": [
          31.206196515072982,
          -51.04217404575973
        ]
      },
      "properties": {
        "node_idx": 3,
        "row_idx": 20,
        "grid_x": 473,
        "grid_y": 1870,
        "dx_sub_px": -1.5560964464661293,
        "dy_sub_px": -27.3707641325404,
        "dx_m": -7.34477522732013,
        "dy_m": -129.1900067055907,
        "dx_ref_px": -3.672387613660065,
        "dy_ref_px": -64.59500335279535,
        "peak_ncc": 0.4211661219596863,
        "second_peak": 0.31941670179367065
      }
    },
    {
      "type": "Feature",
      "geometry": {
        "type": "Point",
        "coordinates": [
          31.21980017289759,
          -51.04217404575973
        ]
      },
      "properties": {
        "node_idx": 4,
        "row_idx": 20,
        "grid_x": 528,
        "grid_y": 1870,
        "dx_sub_px": 2.5761316090229456,
        "dy_sub_px": 28.03197316267838,
        "dx_m": 12.159341194588302,
        "dy_m": 132.31091332784194,
        "dx_ref_px": 6.079670597294151,
        "dy_ref_px": 66.15545666392097,
        "peak_ncc": 0.5288111567497253,
        "second_peak": 0.4592718183994293
      }
    },
    {
      "type": "Feature",
      "geometry": {
        "type": "Point",
        "coordinates": [
          31.177505164024744,
          -51.0546264955952
        ]
      },
      "properties": {
        "node_idx": 1,
        "row_idx": 21,
        "grid_x": 357,
        "grid_y": 1950,
        "dx_sub_px": -9.489510376872717,
        "dy_sub_px": -19.72167666848518,
        "dx_m": -44.79048897883922,
        "dy_m": -93.08631387525004,
        "dx_ref_px": -22.39524448941961,
        "dy_ref_px": -46.54315693762502,
        "peak_ncc": 0.5209337472915649,
        "second_peak": 0.37443187832832336
      }
    },
    {
      "type": "Feature",
      "geometry": {
        "type": "Point",
        "coordinates": [
          31.218316137498533,
          -51.0546264955952
        ]
      },
      "properties": {
        "node_idx": 4,
        "row_idx": 21,
        "grid_x": 522,
        "grid_y": 1950,
        "dx_sub_px": 8.03892102966713,
        "dy_sub_px": 2.0373873809895797,
        "dx_m": 37.94370726002885,
        "dy_m": 9.616468438270816,
        "dx_ref_px": 18.971853630014426,
        "dy_ref_px": 4.808234219135408,
        "peak_ncc": 0.5941221714019775,
        "second_peak": 0.4401196241378784
      }
    },
    {
      "type": "Feature",
      "geometry": {
        "type": "Point",
        "coordinates": [
          31.232167134556303,
          -51.0546264955952
        ]
      },
      "properties": {
        "node_idx": 5,
        "row_idx": 21,
        "grid_x": 578,
        "grid_y": 1950,
        "dx_sub_px": 16.141413683031466,
        "dy_sub_px": 2.9533764165320315,
        "dx_m": 76.18747258390852,
        "dy_m": 13.939936686031189,
        "dx_ref_px": 38.09373629195426,
        "dy_ref_px": 6.969968343015594,
        "peak_ncc": 0.4149043560028076,
        "second_peak": 0.2354629784822464
      }
    },
    {
      "type": "Feature",
      "geometry": {
        "type": "Point",
        "coordinates": [
          31.354847394210836,
          -51.0546264955952
        ]
      },
      "properties": {
        "node_idx": 14,
        "row_idx": 21,
        "grid_x": 1074,
        "grid_y": 1950,
        "dx_sub_px": 26.14961066497691,
        "dy_sub_px": 3.570407577239566,
        "dx_m": 123.426162338691,
        "dy_m": 16.852323764570748,
        "dx_ref_px": 61.7130811693455,
        "dy_ref_px": 8.426161882285374,
        "peak_ncc": 0.6829221248626709,
        "second_peak": 0.4374729096889496
      }
    },
    {
      "type": "Feature",
      "geometry": {
        "type": "Point",
        "coordinates": [
          31.36869839126863,
          -51.0546264955952
        ]
      },
      "properties": {
        "node_idx": 15,
        "row_idx": 21,
        "grid_x": 1130,
        "grid_y": 1950,
        "dx_sub_px": -11.488186009033504,
        "dy_sub_px": 18.32793450433941,
        "dx_m": -54.224237962638135,
        "dy_m": 86.50785086048201,
        "dx_ref_px": -27.112118981319068,
        "dy_ref_px": 43.253925430241004,
        "peak_ncc": 0.6854349970817566,
        "second_peak": 0.5740663409233093
      }
    },
    {
      "type": "Feature",
      "geometry": {
        "type": "Point",
        "coordinates": [
          31.244781435448203,
          -51.06692328980772
        ]
      },
      "properties": {
        "node_idx": 6,
        "row_idx": 22,
        "grid_x": 629,
        "grid_y": 2029,
        "dx_sub_px": 12.09944534489171,
        "dy_sub_px": 2.9895255268901937,
        "dx_m": 57.10938202788886,
        "dy_m": 14.110560486921713,
        "dx_ref_px": 28.55469101394443,
        "dy_ref_px": 7.055280243460857,
        "peak_ncc": 0.7184739112854004,
        "second_peak": 0.5792884230613708
      }
    },
    {
      "type": "Feature",
      "geometry": {
        "type": "Point",
        "coordinates": [
          31.27198875109739,
          -51.06692328980772
        ]
      },
      "properties": {
        "node_idx": 8,
        "row_idx": 22,
        "grid_x": 739,
        "grid_y": 2029,
        "dx_sub_px": -13.333453113187295,
        "dy_sub_px": 9.020250388029007,
        "dx_m": -62.93389869424403,
        "dy_m": 42.57558183149691,
        "dx_ref_px": -31.466949347122014,
        "dy_ref_px": 21.287790915748456,
        "peak_ncc": 0.6528337597846985,
        "second_peak": 0.4283832609653473
      }
    },
    {
      "type": "Feature",
      "geometry": {
        "type": "Point",
        "coordinates": [
          31.285592408921996,
          -51.06692328980772
        ]
      },
      "properties": {
        "node_idx": 9,
        "row_idx": 22,
        "grid_x": 794,
        "grid_y": 2029,
        "dx_sub_px": -21.706280394886644,
        "dy_sub_px": -11.14036148379311,
        "dx_m": -102.45364346386495,
        "dy_m": -52.58250620350348,
        "dx_ref_px": -51.226821731932475,
        "dy_ref_px": -26.29125310175174,
        "peak_ncc": 0.5285865664482117,
        "second_peak": 0.43286433815956116
      }
    },
    {
      "type": "Feature",
      "geometry": {
        "type": "Point",
        "coordinates": [
          31.340007040220392,
          -51.06692328980772
        ]
      },
      "properties": {
        "node_idx": 13,
        "row_idx": 22,
        "grid_x": 1014,
        "grid_y": 2029,
        "dx_sub_px": 3.4100905077087518,
        "dy_sub_px": 10.63117817402063,
        "dx_m": 16.09562719638531,
        "dy_m": 50.179160981377365,
        "dx_ref_px": 8.047813598192654,
        "dy_ref_px": 25.089580490688682,
        "peak_ncc": 0.7496076226234436,
        "second_peak": 0.4690869450569153
      }
    },
    {
      "type": "Feature",
      "geometry": {
        "type": "Point",
        "coordinates": [
          31.36746169510274,
          -51.06692328980772
        ]
      },
      "properties": {
        "node_idx": 15,
        "row_idx": 22,
        "grid_x": 1125,
        "grid_y": 2029,
        "dx_sub_px": -2.9517216456425257,
        "dy_sub_px": -28.63192028302491,
        "dx_m": -13.93212616743272,
        "dy_m": -135.14266373587756,
        "dx_ref_px": -6.96606308371636,
        "dy_ref_px": -67.57133186793878,
        "peak_ncc": 0.5330660343170166,
        "second_peak": 0.41430923342704773
      }
    },
    {
      "type": "Feature",
      "geometry": {
        "type": "Point",
        "coordinates": [
          31.216337423633128,
          -51.07922008402025
        ]
      },
      "properties": {
        "node_idx": 4,
        "row_idx": 23,
        "grid_x": 514,
        "grid_y": 2108,
        "dx_sub_px": -18.786345568553937,
        "dy_sub_px": -15.892469909181893,
        "dx_m": -88.67155108357458,
        "dy_m": -75.01245797133853,
        "dx_ref_px": -44.33577554178729,
        "dy_ref_px": -37.50622898566927,
        "peak_ncc": 0.6865689754486084,
        "second_peak": 0.38112255930900574
      }
    },
    {
      "type": "Feature",
      "geometry": {
        "type": "Point",
        "coordinates": [
          31.257148397106917,
          -51.07922008402025
        ]
      },
      "properties": {
        "node_idx": 7,
        "row_idx": 23,
        "grid_x": 679,
        "grid_y": 2108,
        "dx_sub_px": -14.967430170001524,
        "dy_sub_px": 13.97648036869965,
        "dx_m": -70.6462704024072,
        "dy_m": 65.96898734026234,
        "dx_ref_px": -35.3231352012036,
        "dy_ref_px": 32.98449367013117,
        "peak_ncc": 0.6593919396400452,
        "second_peak": 0.37452515959739685
      }
    },
    {
      "type": "Feature",
      "geometry": {
        "type": "Point",
        "coordinates": [
          31.27099939416471,
          -51.07922008402025
        ]
      },
      "properties": {
        "node_idx": 8,
        "row_idx": 23,
        "grid_x": 735,
        "grid_y": 2108,
        "dx_sub_px": -14.532357770836992,
        "dy_sub_px": 12.389327910982463,
        "dx_m": -68.5927286783506,
        "dy_m": 58.47762773983722,
        "dx_ref_px": -34.2963643391753,
        "dy_ref_px": 29.23881386991861,
        "peak_ncc": 0.8722938299179077,
        "second_peak": 0.7036343216896057
      }
    },
    {
      "type": "Feature",
      "geometry": {
        "type": "Point",
        "coordinates": [
          31.28460305198929,
          -51.07922008402025
        ]
      },
      "properties": {
        "node_idx": 9,
        "row_idx": 23,
        "grid_x": 790,
        "grid_y": 2108,
        "dx_sub_px": -13.374272520888159,
        "dy_sub_px": 11.011889089913586,
        "dx_m": -63.1265662985921,
        "dy_m": 51.976116504392124,
        "dx_ref_px": -31.56328314929605,
        "dy_ref_px": 25.988058252196062,
        "peak_ncc": 0.616966724395752,
        "second_peak": 0.3984780013561249
      }
    },
    {
      "type": "Feature",
      "geometry": {
        "type": "Point",
        "coordinates": [
          31.311810367638476,
          -51.07922008402025
        ]
      },
      "properties": {
        "node_idx": 11,
        "row_idx": 23,
        "grid_x": 900,
        "grid_y": 2108,
        "dx_sub_px": -12.605252748025544,
        "dy_sub_px": -19.20988334184421,
        "dx_m": -59.496792970680566,
        "dy_m": -90.67064937350467,
        "dx_ref_px": -29.748396485340283,
        "dy_ref_px": -45.33532468675234,
        "peak_ncc": 0.7541338205337524,
        "second_peak": 0.4004024863243103
      }
    },
    {
      "type": "Feature",
      "geometry": {
        "type": "Point",
        "coordinates": [
          31.325414025463083,
          -51.07922008402025
        ]
      },
      "properties": {
        "node_idx": 12,
        "row_idx": 23,
        "grid_x": 955,
        "grid_y": 2108,
        "dx_sub_px": 5.931494256004467,
        "dy_sub_px": -1.413462324095336,
        "dx_m": 27.996652888341085,
        "dy_m": -6.671542169729985,
        "dx_ref_px": 13.998326444170543,
        "dy_ref_px": -3.3357710848649926,
        "peak_ncc": 0.6246026158332825,
        "second_peak": 0.47731250524520874
      }
    },
    {
      "type": "Feature",
      "geometry": {
        "type": "Point",
        "coordinates": [
          31.339017683287686,
          -51.07922008402025
        ]
      },
      "properties": {
        "node_idx": 13,
        "row_idx": 23,
        "grid_x": 1010,
        "grid_y": 2108,
        "dx_sub_px": 12.795379112918019,
        "dy_sub_px": 20.033238440930877,
        "dx_m": 60.39418941297304,
        "dy_m": 94.55688544119373,
        "dx_ref_px": 30.19709470648652,
        "dy_ref_px": 47.278442720596864,
        "peak_ncc": 0.8379893898963928,
        "second_peak": 0.6308983564376831
      }
    },
    {
      "type": "Feature",
      "geometry": {
        "type": "Point",
        "coordinates": [
          31.255911700941052,
          -51.09151687823277
        ]
      },
      "properties": {
        "node_idx": 7,
        "row_idx": 24,
        "grid_x": 674,
        "grid_y": 2187,
        "dx_sub_px": 18.363093034040702,
        "dy_sub_px": -5.239587393549891,
        "dx_m": 86.67379912067211,
        "dy_m": -24.73085249755548,
        "dx_ref_px": 43.33689956033606,
        "dy_ref_px": -12.36542624877774,
        "peak_ncc": 0.4894428849220276,
        "second_peak": 0.38165992498397827
      }
    },
    {
      "type": "Feature",
      "geometry": {
        "type": "Point",
        "coordinates": [
          31.26951535876563,
          -51.09151687823277
        ]
      },
      "properties": {
        "node_idx": 8,
        "row_idx": 24,
        "grid_x": 729,
        "grid_y": 2187,
        "dx_sub_px": -2.7571367703451215,
        "dy_sub_px": 21.80243258368219,
        "dx_m": -13.013685556028973,
        "dy_m": 102.90748179497993,
        "dx_ref_px": -6.506842778014486,
        "dy_ref_px": 51.453740897489965,
        "peak_ncc": 0.912952721118927,
        "second_peak": 0.7718414664268494
      }
    },
    {
      "type": "Feature",
      "geometry": {
        "type": "Point",
        "coordinates": [
          31.33778098712182,
          -51.09151687823277
        ]
      },
      "properties": {
        "node_idx": 13,
        "row_idx": 24,
        "grid_x": 1005,
        "grid_y": 2187,
        "dx_sub_px": 5.828793097211117,
        "dy_sub_px": 7.354915141715087,
        "dx_m": 27.511903418836468,
        "dy_m": 34.71519946889521,
        "dx_ref_px": 13.755951709418234,
        "dy_ref_px": 17.357599734447604,
        "peak_ncc": 0.6478037238121033,
        "second_peak": 0.4919092059135437
      }
    },
    {
      "type": "Feature",
      "geometry": {
        "type": "Point",
        "coordinates": [
          31.3513846449464,
          -51.09151687823277
        ]
      },
      "properties": {
        "node_idx": 14,
        "row_idx": 24,
        "grid_x": 1060,
        "grid_y": 2187,
        "dx_sub_px": 5.670739341561282,
        "dy_sub_px": 7.359982846632862,
        "dx_m": 26.76588969216925,
        "dy_m": 34.739119036107105,
        "dx_ref_px": 13.382944846084625,
        "dy_ref_px": 17.369559518053553,
        "peak_ncc": 0.6301934719085693,
        "second_peak": 0.48693451285362244
      }
    },
    {
      "type": "Feature",
      "geometry": {
        "type": "Point",
        "coordinates": [
          31.36523564200417,
          -51.09151687823277
        ]
      },
      "properties": {
        "node_idx": 15,
        "row_idx": 24,
        "grid_x": 1116,
        "grid_y": 2187,
        "dx_sub_px": -16.115186629994668,
        "dy_sub_px": 26.665285476663293,
        "dx_m": -76.06368089357483,
        "dy_m": 125.86014744985073,
        "dx_ref_px": -38.03184044678741,
        "dy_ref_px": 62.930073724925364,
        "peak_ncc": 0.7930648326873779,
        "second_peak": 0.4284888803958893
      }
    },
    {
      "type": "Feature",
      "geometry": {
        "type": "Point",
        "coordinates": [
          31.22722034989281,
          -51.1038136724453
        ]
      },
      "properties": {
        "node_idx": 5,
        "row_idx": 25,
        "grid_x": 558,
        "grid_y": 2266,
        "dx_sub_px": -13.944730449495188,
        "dy_sub_px": 4.849114795747626,
        "dx_m": -65.81912772161728,
        "dy_m": 22.887821835928793,
        "dx_ref_px": -32.90956386080864,
        "dy_ref_px": 11.443910917964397,
        "peak_ncc": 0.5327165126800537,
        "second_peak": 0.41975757479667664
      }
    },
    {
      "type": "Feature",
      "geometry": {
        "type": "Point",
        "coordinates": [
          31.295485978248976,
          -51.1038136724453
        ]
      },
      "properties": {
        "node_idx": 10,
        "row_idx": 25,
        "grid_x": 834,
        "grid_y": 2266,
        "dx_sub_px": -17.68634838041671,
        "dy_sub_px": -14.770863211427717,
        "dx_m": -83.47956435556686,
        "dy_m": -69.71847435793882,
        "dx_ref_px": -41.73978217778343,
        "dy_ref_px": -34.85923717896941,
        "peak_ncc": 0.8010841012001038,
        "second_peak": 0.5685285329818726
      }
    },
    {
      "type": "Feature",
      "geometry": {
        "type": "Point",
        "coordinates": [
          31.363998945838304,
          -51.1038136724453
        ]
      },
      "properties": {
        "node_idx": 15,
        "row_idx": 25,
        "grid_x": 1111,
        "grid_y": 2266,
        "dx_sub_px": -8.757464881814597,
        "dy_sub_px": 9.270592897480137,
        "dx_m": -41.335234242164894,
        "dy_m": 43.75719847610625,
        "dx_ref_px": -20.667617121082447,
        "dy_ref_px": 21.878599238053123,
        "peak_ncc": 0.8156843781471252,
        "second_peak": 0.6257972717285156
      }
    },
    {
      "type": "Feature",
      "geometry": {
        "type": "Point",
        "coordinates": [
          31.21237999590234,
          -51.116110466657815
        ]
      },
      "properties": {
        "node_idx": 4,
        "row_idx": 26,
        "grid_x": 498,
        "grid_y": 2345,
        "dx_sub_px": -15.477030726816565,
        "dy_sub_px": -21.900796981258527,
        "dx_m": -73.05158503057419,
        "dy_m": -103.37176175154023,
        "dx_ref_px": -36.525792515287094,
        "dy_ref_px": -51.68588087577012,
        "peak_ncc": 0.5655000805854797,
        "second_peak": 0.3945828676223755
      }
    },
    {
      "type": "Feature",
      "geometry": {
        "type": "Point",
        "coordinates": [
          31.239834650784715,
          -51.116110466657815
        ]
      },
      "properties": {
        "node_idx": 6,
        "row_idx": 26,
        "grid_x": 609,
        "grid_y": 2345,
        "dx_sub_px": -2.750564944060554,
        "dy_sub_px": -14.47660976051948,
        "dx_m": -12.982666535965814,
        "dy_m": -68.32959806965194,
        "dx_ref_px": -6.491333267982907,
        "dy_ref_px": -34.16479903482597,
        "peak_ncc": 0.5043857097625732,
        "second_peak": 0.4118574857711792
      }
    },
    {
      "type": "Feature",
      "geometry": {
        "type": "Point",
        "coordinates": [
          31.280892963491667,
          -51.116110466657815
        ]
      },
      "properties": {
        "node_idx": 9,
        "row_idx": 26,
        "grid_x": 775,
        "grid_y": 2345,
        "dx_sub_px": -14.40239479652998,
        "dy_sub_px": -11.100157216865142,
        "dx_m": -67.9793034396215,
        "dy_m": -52.39274206360347,
        "dx_ref_px": -33.98965171981075,
        "dy_ref_px": -26.196371031801736,
        "peak_ncc": 0.7338777184486389,
        "second_peak": 0.5446059703826904
      }
    },
    {
      "type": "Feature",
      "geometry": {
        "type": "Point",
        "coordinates": [
          31.321951276198646,
          -51.116110466657815
        ]
      },
      "properties": {
        "node_idx": 12,
        "row_idx": 26,
        "grid_x": 941,
        "grid_y": 2345,
        "dx_sub_px": 0.586215173241462,
        "dy_sub_px": 0.4800922180213872,
        "dx_m": 2.7669356176997004,
        "dy_m": 2.2660352690609473,
        "dx_ref_px": 1.3834678088498502,
        "dy_ref_px": 1.1330176345304737,
        "peak_ncc": 0.7566390037536621,
        "second_peak": 0.6085421442985535
      }
    },
    {
      "type": "Feature",
      "geometry": {
        "type": "Point",
        "coordinates": [
          31.33555493402325,
          -51.116110466657815
        ]
      },
      "properties": {
        "node_idx": 13,
        "row_idx": 26,
        "grid_x": 996,
        "grid_y": 2345,
        "dx_sub_px": -27.003667931322745,
        "dy_sub_px": 15.469996758811055,
        "dx_m": -127.45731263584335,
        "dy_m": 73.01838470158818,
        "dx_ref_px": -63.728656317921676,
        "dy_ref_px": 36.50919235079409,
        "peak_ncc": 0.7884223461151123,
        "second_peak": 0.6935389637947083
      }
    },
    {
      "type": "Feature",
      "geometry": {
        "type": "Point",
        "coordinates": [
          31.197539641911867,
          -51.12840726087034
        ]
      },
      "properties": {
        "node_idx": 3,
        "row_idx": 27,
        "grid_x": 438,
        "grid_y": 2424,
        "dx_sub_px": 3.0707392485364586,
        "dy_sub_px": -18.615386872045846,
        "dx_m": 14.493889253092084,
        "dy_m": -87.86462603605639,
        "dx_ref_px": 7.246944626546042,
        "dy_ref_px": -43.932313018028196,
        "peak_ncc": 0.41232433915138245,
        "second_peak": 0.35174334049224854
      }
    },
    {
      "type": "Feature",
      "geometry": {
        "type": "Point",
        "coordinates": [
          31.23859795461882,
          -51.12840726087034
        ]
      },
      "properties": {
        "node_idx": 6,
        "row_idx": 27,
        "grid_x": 604,
        "grid_y": 2424,
        "dx_sub_px": -23.22402236275165,
        "dy_sub_px": -13.408568514777697,
        "dx_m": -109.61738555218778,
        "dy_m": -63.288443389750725,
        "dx_ref_px": -54.80869277609389,
        "dy_ref_px": -31.644221694875363,
        "peak_ncc": 0.4354495406150818,
        "second_peak": 0.3762471079826355
      }
    },
    {
      "type": "Feature",
      "geometry": {
        "type": "Point",
        "coordinates": [
          31.266052609501195,
          -51.12840726087034
        ]
      },
      "properties": {
        "node_idx": 8,
        "row_idx": 27,
        "grid_x": 715,
        "grid_y": 2424,
        "dx_sub_px": -5.828880812951613,
        "dy_sub_px": -15.768316254621253,
        "dx_m": -27.512317437131614,
        "dy_m": -74.42645272181231,
        "dx_ref_px": -13.756158718565807,
        "dy_ref_px": -37.213226360906155,
        "peak_ncc": 0.5863261222839355,
        "second_peak": 0.32162830233573914
      }
    },
    {
      "type": "Feature",
      "geometry": {
        "type": "Point",
        "coordinates": [
          31.33431823785736,
          -51.12840726087034
        ]
      },
      "properties": {
        "node_idx": 13,
        "row_idx": 27,
        "grid_x": 991,
        "grid_y": 2424,
        "dx_sub_px": 29.699860115722448,
        "dy_sub_px": -11.069121458209747,
        "dx_m": 140.18333974620995,
        "dy_m": -52.246253282750004,
        "dx_ref_px": 70.09166987310498,
        "dy_ref_px": -26.123126641375002,
        "peak_ncc": 0.8880419731140137,
        "second_peak": 0.692538857460022
      }
    },
    {
      "type": "Feature",
      "geometry": {
        "type": "Point",
        "coordinates": [
          31.169095630096816,
          -51.140859710705804
        ]
      },
      "properties": {
        "node_idx": 1,
        "row_idx": 28,
        "grid_x": 323,
        "grid_y": 2504,
        "dx_sub_px": -16.79737577085063,
        "dy_sub_px": -15.68175896726965,
        "dx_m": -79.28361363841496,
        "dy_m": -74.01790232551274,
        "dx_ref_px": -39.64180681920748,
        "dy_ref_px": -37.00895116275637,
        "peak_ncc": 0.43097662925720215,
        "second_peak": 0.34625163674354553
      }
    },
    {
      "type": "Feature",
      "geometry": {
        "type": "Point",
        "coordinates": [
          31.196302945746,
          -51.140859710705804
        ]
      },
      "properties": {
        "node_idx": 3,
        "row_idx": 28,
        "grid_x": 433,
        "grid_y": 2504,
        "dx_sub_px": 6.99771366452125,
        "dy_sub_px": -0.3564533582115805,
        "dx_m": 33.0292084965403,
        "dy_m": -1.6824598507586597,
        "dx_ref_px": 16.51460424827015,
        "dy_ref_px": -0.8412299253793298,
        "peak_ncc": 0.7043818235397339,
        "second_peak": 0.5784758925437927
      }
    },
    {
      "type": "Feature",
      "geometry": {
        "type": "Point",
        "coordinates": [
          31.21015394280377,
          -51.140859710705804
        ]
      },
      "properties": {
        "node_idx": 4,
        "row_idx": 28,
        "grid_x": 489,
        "grid_y": 2504,
        "dx_sub_px": 21.851678853039054,
        "dy_sub_px": 9.581047298552376,
        "dx_m": 103.13992418634433,
        "dy_m": 45.22254324916721,
        "dx_ref_px": 51.569962093172165,
        "dy_ref_px": 22.611271624583605,
        "peak_ncc": 0.7185568809509277,
        "second_peak": 0.5645828247070312
      }
    },
    {
      "type": "Feature",
      "geometry": {
        "type": "Point",
        "coordinates": [
          31.25096491627756,
          -51.140859710705804
        ]
      },
      "properties": {
        "node_idx": 7,
        "row_idx": 28,
        "grid_x": 654,
        "grid_y": 2504,
        "dx_sub_px": 11.49392804433182,
        "dy_sub_px": 22.572329272017296,
        "dx_m": 54.251340369246186,
        "dy_m": 106.54139416392162,
        "dx_ref_px": 27.125670184623093,
        "dy_ref_px": 53.27069708196081,
        "peak_ncc": 0.556866466999054,
        "second_peak": 0.4391375482082367
      }
    },
    {
      "type": "Feature",
      "geometry": {
        "type": "Point",
        "coordinates": [
          31.264815913335354,
          -51.140859710705804
        ]
      },
      "properties": {
        "node_idx": 8,
        "row_idx": 28,
        "grid_x": 710,
        "grid_y": 2504,
        "dx_sub_px": 10.623093075391454,
        "dy_sub_px": 14.825138272445312,
        "dx_m": 50.14099931584766,
        "dy_m": 69.97465264594187,
        "dx_ref_px": 25.07049965792383,
        "dy_ref_px": 34.98732632297094,
        "peak_ncc": 0.5064336061477661,
        "second_peak": 0.3002059757709503
      }
    },
    {
      "type": "Feature",
      "geometry": {
        "type": "Point",
        "coordinates": [
          31.292023228984515,
          -51.140859710705804
        ]
      },
      "properties": {
        "node_idx": 10,
        "row_idx": 28,
        "grid_x": 820,
        "grid_y": 2504,
        "dx_sub_px": 6.8077958269061085,
        "dy_sub_px": -6.7369254628597055,
        "dx_m": 32.13279630299683,
        "dy_m": -31.798288184697807,
        "dx_ref_px": 16.066398151498415,
        "dy_ref_px": -15.899144092348903,
        "peak_ncc": 0.5048846006393433,
        "second_peak": 0.36971309781074524
      }
    },
    {
      "type": "Feature",
      "geometry": {
        "type": "Point",
        "coordinates": [
          31.30562688680912,
          -51.140859710705804
        ]
      },
      "properties": {
        "node_idx": 11,
        "row_idx": 28,
        "grid_x": 875,
        "grid_y": 2504,
        "dx_sub_px": 13.641683430686042,
        "dy_sub_px": -13.79863755455335,
        "dx_m": 64.38874579283811,
        "dy_m": -65.12956925749181,
        "dx_ref_px": 32.194372896419054,
        "dy_ref_px": -32.564784628745905,
        "peak_ncc": 0.6222528219223022,
        "second_peak": 0.5519478917121887
      }
    },
    {
      "type": "Feature",
      "geometry": {
        "type": "Point",
        "coordinates": [
          31.319477883866888,
          -51.140859710705804
        ]
      },
      "properties": {
        "node_idx": 12,
        "row_idx": 28,
        "grid_x": 931,
        "grid_y": 2504,
        "dx_sub_px": -20.06847654132781,
        "dy_sub_px": -24.80484387347291,
        "dx_m": -94.72320927506726,
        "dy_m": -117.07886308279214,
        "dx_ref_px": -47.36160463753363,
        "dy_ref_px": -58.53943154139607,
        "peak_ncc": 0.7909736037254333,
        "second_peak": 0.43333593010902405
      }
    },
    {
      "type": "Feature",
      "geometry": {
        "type": "Point",
        "coordinates": [
          31.1953135888133,
          -51.153156504918336
        ]
      },
      "properties": {
        "node_idx": 3,
        "row_idx": 29,
        "grid_x": 429,
        "grid_y": 2583,
        "dx_sub_px": 31.222541572440097,
        "dy_sub_px": 3.9334591247419888,
        "dx_m": 147.37039622191725,
        "dy_m": 18.565927068782187,
        "dx_ref_px": 73.68519811095862,
        "dy_ref_px": 9.282963534391094,
        "peak_ncc": 0.7636356949806213,
        "second_peak": 0.5818396806716919
      }
    },
    {
      "type": "Feature",
      "geometry": {
        "type": "Point",
        "coordinates": [
          31.236371901520254,
          -51.153156504918336
        ]
      },
      "properties": {
        "node_idx": 6,
        "row_idx": 29,
        "grid_x": 595,
        "grid_y": 2583,
        "dx_sub_px": -5.585394401902142,
        "dy_sub_px": -14.856508556406437,
        "dx_m": -26.363061576978108,
        "dy_m": -70.12272038623838,
        "dx_ref_px": -13.181530788489054,
        "dy_ref_px": -35.06136019311919,
        "peak_ncc": 0.7060548067092896,
        "second_peak": 0.5535373687744141
      }
    },
    {
      "type": "Feature",
      "geometry": {
        "type": "Point",
        "coordinates": [
          31.318488526934186,
          -51.153156504918336
        ]
      },
      "properties": {
        "node_idx": 12,
        "row_idx": 29,
        "grid_x": 927,
        "grid_y": 2583,
        "dx_sub_px": 6.736620353672315,
        "dy_sub_px": -4.177434836909629,
        "dx_m": 31.796848069333326,
        "dy_m": -19.717492430213447,
        "dx_ref_px": 15.898424034666663,
        "dy_ref_px": -9.858746215106724,
        "peak_ncc": 0.7090012431144714,
        "second_peak": 0.5974907875061035
      }
    },
    {
      "type": "Feature",
      "geometry": {
        "type": "Point",
        "coordinates": [
          31.18096791328918,
          -51.16545329913085
        ]
      },
      "properties": {
        "node_idx": 2,
        "row_idx": 30,
        "grid_x": 371,
        "grid_y": 2662,
        "dx_sub_px": -3.1001173478451944,
        "dy_sub_px": 2.9375773726398453,
        "dx_m": -14.632553881829317,
        "dy_m": 13.865365198860069,
        "dx_ref_px": -7.316276940914658,
        "dy_ref_px": 6.932682599430034,
        "peak_ncc": 0.42417827248573303,
        "second_peak": 0.31231001019477844
      }
    },
    {
      "type": "Feature",
      "geometry": {
        "type": "Point",
        "coordinates": [
          31.222026225996157,
          -51.16545329913085
        ]
      },
      "properties": {
        "node_idx": 5,
        "row_idx": 30,
        "grid_x": 537,
        "grid_y": 2662,
        "dx_sub_px": 10.75027958207128,
        "dy_sub_px": 24.724207604477346,
        "dx_m": 50.74131962737644,
        "dy_m": 116.69825989313307,
        "dx_ref_px": 25.37065981368822,
        "dy_ref_px": 58.349129946566535,
        "peak_ncc": 0.4518117606639862,
        "second_peak": 0.35328418016433716
      }
    },
    {
      "type": "Feature",
      "geometry": {
        "type": "Point",
        "coordinates": [
          31.27668819652769,
          -51.16545329913085
        ]
      },
      "properties": {
        "node_idx": 9,
        "row_idx": 30,
        "grid_x": 758,
        "grid_y": 2662,
        "dx_sub_px": 6.0986370510337045,
        "dy_sub_px": -24.94784269950235,
        "dx_m": 28.785566880879085,
        "dy_m": -117.75381754165109,
        "dx_ref_px": 14.392783440439542,
        "dy_ref_px": -58.876908770825544,
        "peak_ncc": 0.7694936990737915,
        "second_peak": 0.6152313351631165
      }
    },
    {
      "type": "Feature",
      "geometry": {
        "type": "Point",
        "coordinates": [
          31.3038955121769,
          -51.16545329913085
        ]
      },
      "properties": {
        "node_idx": 11,
        "row_idx": 30,
        "grid_x": 868,
        "grid_y": 2662,
        "dx_sub_px": 0.4766108319165093,
        "dy_sub_px": -0.37920439169215103,
        "dx_m": 2.249603126645924,
        "dy_m": -1.7898447287869528,
        "dx_ref_px": 1.124801563322962,
        "dy_ref_px": -0.8949223643934764,
        "peak_ncc": 0.6411041021347046,
        "second_peak": 0.5240910649299622
      }
    },
    {
      "type": "Feature",
      "geometry": {
        "type": "Point",
        "coordinates": [
          31.331350167059277,
          -51.16545329913085
        ]
      },
      "properties": {
        "node_idx": 13,
        "row_idx": 30,
        "grid_x": 979,
        "grid_y": 2662,
        "dx_sub_px": 2.510580214132571,
        "dy_sub_px": -23.1345941373494,
        "dx_m": 11.849938610705733,
        "dy_m": -109.19528432828916,
        "dx_ref_px": 5.9249693053528665,
        "dy_ref_px": -54.59764216414458,
        "peak_ncc": 0.47669512033462524,
        "second_peak": 0.33079060912132263
      }
    },
    {
      "type": "Feature",
      "geometry": {
        "type": "Point",
        "coordinates": [
          31.194076892647434,
          -51.17775009334338
        ]
      },
      "properties": {
        "node_idx": 3,
        "row_idx": 31,
        "grid_x": 424,
        "grid_y": 2741,
        "dx_sub_px": 12.273645558308981,
        "dy_sub_px": -6.892989050207791,
        "dx_m": 57.93160703521839,
        "dy_m": -32.53490831698077,
        "dx_ref_px": 28.965803517609196,
        "dy_ref_px": -16.267454158490384,
        "peak_ncc": 0.5170590281486511,
        "second_peak": 0.3983680009841919
      }
    },
    {
      "type": "Feature",
      "geometry": {
        "type": "Point",
        "coordinates": [
          31.234887866121223,
          -51.17775009334338
        ]
      },
      "properties": {
        "node_idx": 6,
        "row_idx": 31,
        "grid_x": 589,
        "grid_y": 2741,
        "dx_sub_px": 12.50193496844102,
        "dy_sub_px": 24.87217711286898,
        "dx_m": 59.00913305104161,
        "dy_m": 117.39667597274158,
        "dx_ref_px": 29.504566525520804,
        "dy_ref_px": 58.69833798637079,
        "peak_ncc": 0.43657225370407104,
        "second_peak": 0.37956422567367554
      }
    },
    {
      "type": "Feature",
      "geometry": {
        "type": "Point",
        "coordinates": [
          31.28930249741962,
          -51.17775009334338
        ]
      },
      "properties": {
        "node_idx": 10,
        "row_idx": 31,
        "grid_x": 809,
        "grid_y": 2741,
        "dx_sub_px": -25.206967913574406,
        "dy_sub_px": 12.145633781270405,
        "dx_m": -118.97688855207119,
        "dy_m": 57.327391447596305,
        "dx_ref_px": -59.488444276035594,
        "dy_ref_px": 28.663695723798153,
        "peak_ncc": 0.4696533679962158,
        "second_peak": 0.29214656352996826
      }
    },
    {
      "type": "Feature",
      "geometry": {
        "type": "Point",
        "coordinates": [
          31.27470948266231,
          -51.1900468875559
        ]
      },
      "properties": {
        "node_idx": 9,
        "row_idx": 32,
        "grid_x": 750,
        "grid_y": 2820,
        "dx_sub_px": -2.5304452355082825,
        "dy_sub_px": 6.818660682110791,
        "dx_m": -11.943701511599093,
        "dy_m": 32.18407841956294,
        "dx_ref_px": -5.971850755799546,
        "dy_ref_px": 16.09203920978147,
        "peak_ncc": 0.610001802444458,
        "second_peak": 0.47453606128692627
      }
    },
    {
      "type": "Feature",
      "geometry": {
        "type": "Point",
        "coordinates": [
          31.288313140486917,
          -51.1900468875559
        ]
      },
      "properties": {
        "node_idx": 10,
        "row_idx": 32,
        "grid_x": 805,
        "grid_y": 2820,
        "dx_sub_px": -13.045263344176249,
        "dy_sub_px": -5.175185420296145,
        "dx_m": -61.57364298451189,
        "dy_m": -24.426875183797804,
        "dx_ref_px": -30.786821492255946,
        "dy_ref_px": -12.213437591898902,
        "peak_ncc": 0.5293881297111511,
        "second_peak": 0.4513607323169708
      }
    },
    {
      "type": "Feature",
      "geometry": {
        "type": "Point",
        "coordinates": [
          31.30191679831152,
          -51.1900468875559
        ]
      },
      "properties": {
        "node_idx": 11,
        "row_idx": 32,
        "grid_x": 860,
        "grid_y": 2820,
        "dx_sub_px": -23.250412423071985,
        "dy_sub_px": 8.78232725656321,
        "dx_m": -109.74194663689977,
        "dy_m": 41.45258465097835,
        "dx_ref_px": -54.870973318449884,
        "dy_ref_px": 20.726292325489176,
        "peak_ncc": 0.8207849264144897,
        "second_peak": 0.5478991270065308
      }
    },
    {
      "type": "Feature",
      "geometry": {
        "type": "Point",
        "coordinates": [
          31.232909152255818,
          -51.202343681768426
        ]
      },
      "properties": {
        "node_idx": 6,
        "row_idx": 33,
        "grid_x": 581,
        "grid_y": 2899,
        "dx_sub_px": -6.503267420907479,
        "dy_sub_px": 6.4380812912147745,
        "dx_m": -30.6954222266833,
        "dy_m": 30.387743694533732,
        "dx_ref_px": -15.34771111334165,
        "dy_ref_px": 15.193871847266866,
        "peak_ncc": 0.5030337572097778,
        "second_peak": 0.4279364049434662
      }
    },
    {
      "type": "Feature",
      "geometry": {
        "type": "Point",
        "coordinates": [
          31.26011646790503,
          -51.202343681768426
        ]
      },
      "properties": {
        "node_idx": 8,
        "row_idx": 33,
        "grid_x": 691,
        "grid_y": 2899,
        "dx_sub_px": -14.14965337576397,
        "dy_sub_px": 13.565062543432939,
        "dx_m": -66.78636393360594,
        "dy_m": 64.02709520500346,
        "dx_ref_px": -33.39318196680297,
        "dy_ref_px": 32.01354760250173,
        "peak_ncc": 0.6063953042030334,
        "second_peak": 0.4603704512119293
      }
    },
    {
      "type": "Feature",
      "geometry": {
        "type": "Point",
        "coordinates": [
          31.287323783554214,
          -51.202343681768426
        ]
      },
      "properties": {
        "node_idx": 10,
        "row_idx": 33,
        "grid_x": 801,
        "grid_y": 2899,
        "dx_sub_px": -11.90110583201356,
        "dy_sub_px": 12.742099073380313,
        "dx_m": -56.173219527103996,
        "dy_m": 60.142707626355076,
        "dx_ref_px": -28.086609763551998,
        "dy_ref_px": 30.071353813177538,
        "peak_ncc": 0.6788574457168579,
        "second_peak": 0.6018855571746826
      }
    },
    {
      "type": "Feature",
      "geometry": {
        "type": "Point",
        "coordinates": [
          31.314531099203396,
          -51.202343681768426
        ]
      },
      "properties": {
        "node_idx": 12,
        "row_idx": 33,
        "grid_x": 911,
        "grid_y": 2899,
        "dx_sub_px": -1.8289025200302589,
        "dy_sub_px": -19.52212432954648,
        "dx_m": -8.63241989454282,
        "dy_m": -92.14442683545937,
        "dx_ref_px": -4.31620994727141,
        "dy_ref_px": -46.072213417729685,
        "peak_ncc": 0.5511661171913147,
        "second_peak": 0.3987361490726471
      }
    },
    {
      "type": "Feature",
      "geometry": {
        "type": "Point",
        "coordinates": [
          31.164148845433328,
          -51.21464047598094
        ]
      },
      "properties": {
        "node_idx": 1,
        "row_idx": 34,
        "grid_x": 303,
        "grid_y": 2978,
        "dx_sub_px": 19.182733361559297,
        "dy_sub_px": 17.41495572258565,
        "dx_m": 90.54250146655988,
        "dy_m": 82.19859101060426,
        "dx_ref_px": 45.27125073327994,
        "dy_ref_px": 41.09929550530213,
        "peak_ncc": 0.5461388230323792,
        "second_peak": 0.4303642809391022
      }
    },
    {
      "type": "Feature",
      "geometry": {
        "type": "Point",
        "coordinates": [
          31.24577079238088,
          -51.21464047598094
        ]
      },
      "properties": {
        "node_idx": 7,
        "row_idx": 34,
        "grid_x": 633,
        "grid_y": 2978,
        "dx_sub_px": 0.78802439501928,
        "dy_sub_px": 27.81132468177916,
        "dx_m": 3.7194751444910015,
        "dy_m": 131.26945249799763,
        "dx_ref_px": 1.8597375722455007,
        "dy_ref_px": 65.63472624899882,
        "peak_ncc": 0.5713617205619812,
        "second_peak": 0.3454913794994354
      }
    },
    {
      "type": "Feature",
      "geometry": {
        "type": "Point",
        "coordinates": [
          31.259127110972326,
          -51.21464047598094
        ]
      },
      "properties": {
        "node_idx": 8,
        "row_idx": 34,
        "grid_x": 687,
        "grid_y": 2978,
        "dx_sub_px": -10.21832756888302,
        "dy_sub_px": 1.2679160692575988,
        "dx_m": -48.230506125127846,
        "dy_m": 5.984563846895866,
        "dx_ref_px": -24.115253062563923,
        "dy_ref_px": 2.992281923447933,
        "peak_ncc": 0.5029572248458862,
        "second_peak": 0.4379948675632477
      }
    },
    {
      "type": "Feature",
      "geometry": {
        "type": "Point",
        "coordinates": [
          31.271494072631064,
          -51.22709292581642
        ]
      },
      "properties": {
        "node_idx": 9,
        "row_idx": 35,
        "grid_x": 737,
        "grid_y": 3058,
        "dx_sub_px": 3.6654795282563453,
        "dy_sub_px": 24.348093028652787,
        "dx_m": 17.30106337336995,
        "dy_m": 114.92299909524115,
        "dx_ref_px": 8.650531686684975,
        "dy_ref_px": 57.461499547620576,
        "peak_ncc": 0.8314499855041504,
        "second_peak": 0.6883301138877869
      }
    },
    {
      "type": "Feature",
      "geometry": {
        "type": "Point",
        "coordinates": [
          31.18863542951759,
          -51.23938972002894
        ]
      },
      "properties": {
        "node_idx": 3,
        "row_idx": 36,
        "grid_x": 402,
        "grid_y": 3137,
        "dx_sub_px": -23.44429412372199,
        "dy_sub_px": 9.00354876956953,
        "dx_m": -110.65706826396777,
        "dy_m": 42.49675019236818,
        "dx_ref_px": -55.328534131983886,
        "dy_ref_px": 21.24837509618409,
        "peak_ncc": 0.6626609563827515,
        "second_peak": 0.4837242364883423
      }
    },
    {
      "type": "Feature",
      "geometry": {
        "type": "Point",
        "coordinates": [
          31.202239087342196,
          -51.23938972002894
        ]
      },
      "properties": {
        "node_idx": 4,
        "row_idx": 36,
        "grid_x": 457,
        "grid_y": 3137,
        "dx_sub_px": -22.403004072463624,
        "dy_sub_px": -15.626105276013678,
        "dx_m": -105.7421792220283,
        "dy_m": -73.75521690278455,
        "dx_ref_px": -52.87108961101415,
        "dy_ref_px": -36.87760845139228,
        "peak_ncc": 0.7789031267166138,
        "second_peak": 0.6827490329742432
      }
    },
    {
      "type": "Feature",
      "geometry": {
        "type": "Point",
        "coordinates": [
          31.24305006081596,
          -51.23938972002894
        ]
      },
      "properties": {
        "node_idx": 7,
        "row_idx": 36,
        "grid_x": 622,
        "grid_y": 3137,
        "dx_sub_px": 9.448447987232333,
        "dy_sub_px": 2.410157987956075,
        "dx_m": 44.59667449973661,
        "dy_m": 11.375945703152674,
        "dx_ref_px": 22.298337249868304,
        "dy_ref_px": 5.687972851576337,
        "peak_ncc": 0.5659699440002441,
        "second_peak": 0.4940601885318756
      }
    },
    {
      "type": "Feature",
      "geometry": {
        "type": "Point",
        "coordinates": [
          31.256653718640568,
          -51.23938972002894
        ]
      },
      "properties": {
        "node_idx": 8,
        "row_idx": 36,
        "grid_x": 677,
        "grid_y": 3137,
        "dx_sub_px": 1.1106121762985333,
        "dy_sub_px": 26.79181507140961,
        "dx_m": 5.242089472129076,
        "dy_m": 126.45736713705334,
        "dx_ref_px": 2.621044736064538,
        "dy_ref_px": 63.22868356852667,
        "peak_ncc": 0.6985530853271484,
        "second_peak": 0.578299343585968
      }
    },
    {
      "type": "Feature",
      "geometry": {
        "type": "Point",
        "coordinates": [
          31.27025737646517,
          -51.23938972002894
        ]
      },
      "properties": {
        "node_idx": 9,
        "row_idx": 36,
        "grid_x": 732,
        "grid_y": 3137,
        "dx_sub_px": -17.75927921726177,
        "dy_sub_px": -24.114812384869666,
        "dx_m": -83.82379790547556,
        "dy_m": -113.82191445658482,
        "dx_ref_px": -41.91189895273778,
        "dy_ref_px": -56.91095722829241,
        "peak_ncc": 0.5500093102455139,
        "second_peak": 0.4942080080509186
      }
    },
    {
      "type": "Feature",
      "geometry": {
        "type": "Point",
        "coordinates": [
          31.311068349938964,
          -51.23938972002894
        ]
      },
      "properties": {
        "node_idx": 12,
        "row_idx": 36,
        "grid_x": 897,
        "grid_y": 3137,
        "dx_sub_px": -3.176026767037216,
        "dy_sub_px": 26.79190742300525,
        "dx_m": -14.99084634041566,
        "dy_m": 126.45780303658476,
        "dx_ref_px": -7.49542317020783,
        "dy_ref_px": 63.22890151829238,
        "peak_ncc": 0.6485405564308167,
        "second_peak": 0.5823177695274353
      }
    },
    {
      "type": "Feature",
      "geometry": {
        "type": "Point",
        "coordinates": [
          31.324672007763567,
          -51.23938972002894
        ]
      },
      "properties": {
        "node_idx": 13,
        "row_idx": 36,
        "grid_x": 952,
        "grid_y": 3137,
        "dx_sub_px": -3.9682979677047454,
        "dy_sub_px": 26.516766078590756,
        "dx_m": -18.730366407566397,
        "dy_m": 125.15913589094836,
        "dx_ref_px": -9.365183203783198,
        "dy_ref_px": 62.57956794547418,
        "peak_ncc": 0.5930070281028748,
        "second_peak": 0.5172476172447205
      }
    },
    {
      "type": "Feature",
      "geometry": {
        "type": "Point",
        "coordinates": [
          31.338275665588146,
          -51.23938972002894
        ]
      },
      "properties": {
        "node_idx": 14,
        "row_idx": 36,
        "grid_x": 1007,
        "grid_y": 3137,
        "dx_sub_px": 16.417173783663145,
        "dy_sub_px": 18.401026297153088,
        "dx_m": 77.48906025889004,
        "dy_m": 86.85284412256257,
        "dx_ref_px": 38.74453012944502,
        "dy_ref_px": 43.426422061281286,
        "peak_ncc": 0.41976264119148254,
        "second_peak": 0.3538341224193573
      }
    },
    {
      "type": "Feature",
      "geometry": {
        "type": "Point",
        "coordinates": [
          31.309831653773095,
          -51.25168651424146
        ]
      },
      "properties": {
        "node_idx": 12,
        "row_idx": 37,
        "grid_x": 892,
        "grid_y": 3216,
        "dx_sub_px": 23.349349265395126,
        "dy_sub_px": 7.983782379754985,
        "dx_m": 110.20892853266498,
        "dy_m": 37.68345283244353,
        "dx_ref_px": 55.10446426633249,
        "dy_ref_px": 18.841726416221764,
        "peak_ncc": 0.787316620349884,
        "second_peak": 0.6877137422561646
      }
    },
    {
      "type": "Feature",
      "geometry": {
        "type": "Point",
        "coordinates": [
          31.323435311597677,
          -51.25168651424146
        ]
      },
      "properties": {
        "node_idx": 13,
        "row_idx": 37,
        "grid_x": 947,
        "grid_y": 3216,
        "dx_sub_px": 22.084939018276046,
        "dy_sub_px": 8.08694299932142,
        "dx_m": 104.24091216626293,
        "dy_m": 38.17037095679711,
        "dx_ref_px": 52.120456083131465,
        "dy_ref_px": 19.085185478398554,
        "peak_ncc": 0.543726921081543,
        "second_peak": 0.48878252506256104
      }
    },
    {
      "type": "Feature",
      "geometry": {
        "type": "Point",
        "coordinates": [
          31.172311040128065,
          -51.26398330845398
        ]
      },
      "properties": {
        "node_idx": 2,
        "row_idx": 38,
        "grid_x": 336,
        "grid_y": 3295,
        "dx_sub_px": 13.559405204307383,
        "dy_sub_px": -12.245271113613475,
        "dx_m": 64.00039256433085,
        "dy_m": -57.797679656255596,
        "dx_ref_px": 32.000196282165426,
        "dy_ref_px": -28.898839828127798,
        "peak_ncc": 0.5592513084411621,
        "second_peak": 0.4241182506084442
      }
    },
    {
      "type": "Feature",
      "geometry": {
        "type": "Point",
        "coordinates": [
          31.199518355777276,
          -51.26398330845398
        ]
      },
      "properties": {
        "node_idx": 4,
        "row_idx": 38,
        "grid_x": 446,
        "grid_y": 3295,
        "dx_sub_px": -16.29344300610221,
        "dy_sub_px": 14.187490282146658,
        "dx_m": -76.90505098880242,
        "dy_m": 66.96495413173223,
        "dx_ref_px": -38.45252549440121,
        "dy_ref_px": 33.482477065866114,
        "peak_ncc": 0.5857870578765869,
        "second_peak": 0.46685418486595154
      }
    },
    {
      "type": "Feature",
      "geometry": {
        "type": "Point",
        "coordinates": [
          31.22697301065965,
          -51.26398330845398
        ]
      },
      "properties": {
        "node_idx": 6,
        "row_idx": 38,
        "grid_x": 557,
        "grid_y": 3295,
        "dx_sub_px": 14.887769267661533,
        "dy_sub_px": -5.883040417663412,
        "dx_m": 70.27027094336243,
        "dy_m": -27.7679507713713,
        "dx_ref_px": 35.13513547168122,
        "dy_ref_px": -13.88397538568565,
        "peak_ncc": 0.8612395524978638,
        "second_peak": 0.34106191992759705
      }
    },
    {
      "type": "Feature",
      "geometry": {
        "type": "Point",
        "coordinates": [
          31.281634981191207,
          -51.26398330845398
        ]
      },
      "properties": {
        "node_idx": 10,
        "row_idx": 38,
        "grid_x": 778,
        "grid_y": 3295,
        "dx_sub_px": -23.342738660150616,
        "dy_sub_px": -8.672049072268159,
        "dx_m": -110.1777264759109,
        "dy_m": -40.932071621105706,
        "dx_ref_px": -55.08886323795545,
        "dy_ref_px": -20.466035810552853,
        "peak_ncc": 0.6804546117782593,
        "second_peak": 0.5336607694625854
      }
    },
    {
      "type": "Feature",
      "geometry": {
        "type": "Point",
        "coordinates": [
          31.322445954665,
          -51.26398330845398
        ]
      },
      "properties": {
        "node_idx": 13,
        "row_idx": 38,
        "grid_x": 943,
        "grid_y": 3295,
        "dx_sub_px": -10.394228870639292,
        "dy_sub_px": 6.779964485364054,
        "dx_m": -49.06076026941746,
        "dy_m": 32.00143237091834,
        "dx_ref_px": -24.53038013470873,
        "dy_ref_px": 16.00071618545917,
        "peak_ncc": 0.6047820448875427,
        "second_peak": 0.43156346678733826
      }
    },
    {
      "type": "Feature",
      "geometry": {
        "type": "Point",
        "coordinates": [
          31.336049612489578,
          -51.26398330845398
        ]
      },
      "properties": {
        "node_idx": 14,
        "row_idx": 38,
        "grid_x": 998,
        "grid_y": 3295,
        "dx_sub_px": 13.845925391788116,
        "dy_sub_px": -9.231492234130013,
        "dx_m": 65.35276784923991,
        "dy_m": -43.57264334509366,
        "dx_ref_px": 32.676383924619955,
        "dy_ref_px": -21.78632167254683,
        "peak_ncc": 0.8119824528694153,
        "second_peak": 0.5322768688201904
      }
    },
    {
      "type": "Feature",
      "geometry": {
        "type": "Point",
        "coordinates": [
          31.144114367546177,
          -51.27628010266651
        ]
      },
      "properties": {
        "node_idx": 0,
        "row_idx": 39,
        "grid_x": 222,
        "grid_y": 3374,
        "dx_sub_px": -4.908451648020283,
        "dy_sub_px": -26.67926721117001,
        "dx_m": -23.167891778655736,
        "dy_m": -125.92614123672244,
        "dx_ref_px": -11.583945889327868,
        "dy_ref_px": -62.96307061836122,
        "peak_ncc": 0.6533052921295166,
        "second_peak": 0.3953067362308502
      }
    },
    {
      "type": "Feature",
      "geometry": {
        "type": "Point",
        "coordinates": [
          31.18492534101999,
          -51.27628010266651
        ]
      },
      "properties": {
        "node_idx": 3,
        "row_idx": 39,
        "grid_x": 387,
        "grid_y": 3374,
        "dx_sub_px": 4.7597101598077,
        "dy_sub_px": 13.232562242016892,
        "dx_m": 22.46583195429234,
        "dy_m": 62.45769378231972,
        "dx_ref_px": 11.23291597714617,
        "dy_ref_px": 31.22884689115986,
        "peak_ncc": 0.9144802093505859,
        "second_peak": 0.34820082783699036
      }
    },
    {
      "type": "Feature",
      "geometry": {
        "type": "Point",
        "coordinates": [
          31.3350602555569,
          -51.27628010266651
        ]
      },
      "properties": {
        "node_idx": 14,
        "row_idx": 39,
        "grid_x": 994,
        "grid_y": 3374,
        "dx_sub_px": -27.08105099430901,
        "dy_sub_px": 3.610862035837279,
        "dx_m": -127.82256069313851,
        "dy_m": 17.043268809151957,
        "dx_ref_px": -63.91128034656926,
        "dy_ref_px": 8.521634404575979,
        "peak_ncc": 0.691398561000824,
        "second_peak": 0.5165310502052307
      }
    },
    {
      "type": "Feature",
      "geometry": {
        "type": "Point",
        "coordinates": [
          31.143125010613474,
          -51.28857689687903
        ]
      },
      "properties": {
        "node_idx": 0,
        "row_idx": 40,
        "grid_x": 218,
        "grid_y": 3453,
        "dx_sub_px": 15.038712892537925,
        "dy_sub_px": 12.738498808270542,
        "dx_m": 70.982724852779,
        "dy_m": 60.12571437503696,
        "dx_ref_px": 35.4913624263895,
        "dy_ref_px": 30.06285718751848,
        "peak_ncc": 0.5663973093032837,
        "second_peak": 0.34998613595962524
      }
    },
    {
      "type": "Feature",
      "geometry": {
        "type": "Point",
        "coordinates": [
          31.156728668438078,
          -51.28857689687903
        ]
      },
      "properties": {
        "node_idx": 1,
        "row_idx": 40,
        "grid_x": 273,
        "grid_y": 3453,
        "dx_sub_px": -28.065898963171094,
        "dy_sub_px": 4.47235502787832,
        "dx_m": -132.47104310616754,
        "dy_m": 21.10951573158567,
        "dx_ref_px": -66.23552155308377,
        "dy_ref_px": 10.554757865792835,
        "peak_ncc": 0.539156973361969,
        "second_peak": 0.4220576286315918
      }
    },
    {
      "type": "Feature",
      "geometry": {
        "type": "Point",
        "coordinates": [
          31.211143299736474,
          -51.28857689687903
        ]
      },
      "properties": {
        "node_idx": 5,
        "row_idx": 40,
        "grid_x": 493,
        "grid_y": 3453,
        "dx_sub_px": 24.33673382043955,
        "dy_sub_px": 17.703975906578314,
        "dx_m": 114.86938363247468,
        "dy_m": 83.56276627904964,
        "dx_ref_px": 57.43469181623734,
        "dy_ref_px": 41.78138313952482,
        "peak_ncc": 0.7388609051704407,
        "second_peak": 0.6251052021980286
      }
    },
    {
      "type": "Feature",
      "geometry": {
        "type": "Point",
        "coordinates": [
          31.23835061538566,
          -51.28857689687903
        ]
      },
      "properties": {
        "node_idx": 7,
        "row_idx": 40,
        "grid_x": 603,
        "grid_y": 3453,
        "dx_sub_px": -20.85392104689827,
        "dy_sub_px": 11.65622377322023,
        "dx_m": -98.43050734135984,
        "dy_m": 55.01737620959948,
        "dx_ref_px": -49.21525367067992,
        "dy_ref_px": 27.50868810479974,
        "peak_ncc": 0.5552431344985962,
        "second_peak": 0.4915109872817993
      }
    },
    {
      "type": "Feature",
      "geometry": {
        "type": "Point",
        "coordinates": [
          31.30661624374182,
          -51.28857689687903
        ]
      },
      "properties": {
        "node_idx": 12,
        "row_idx": 40,
        "grid_x": 879,
        "grid_y": 3453,
        "dx_sub_px": -6.963225625073685,
        "dy_sub_px": 0.9055990343231914,
        "dx_m": -32.86642495034779,
        "dy_m": 4.2744274420054635,
        "dx_ref_px": -16.433212475173896,
        "dy_ref_px": 2.1372137210027318,
        "peak_ncc": 0.6317407488822937,
        "second_peak": 0.5240398645401001
      }
    },
    {
      "type": "Feature",
      "geometry": {
        "type": "Point",
        "coordinates": [
          31.32021990156643,
          -51.28857689687903
        ]
      },
      "properties": {
        "node_idx": 13,
        "row_idx": 40,
        "grid_x": 934,
        "grid_y": 3453,
        "dx_sub_px": -11.858444260172044,
        "dy_sub_px": 0.9323587279044145,
        "dx_m": -55.97185690801204,
        "dy_m": 4.4007331957088365,
        "dx_ref_px": -27.98592845400602,
        "dy_ref_px": 2.2003665978544182,
        "peak_ncc": 0.5261580348014832,
        "second_peak": 0.4617621898651123
      }
    },
    {
      "type": "Feature",
      "geometry": {
        "type": "Point",
        "coordinates": [
          31.155491972272213,
          -51.30087369109156
        ]
      },
      "properties": {
        "node_idx": 1,
        "row_idx": 41,
        "grid_x": 268,
        "grid_y": 3532,
        "dx_sub_px": 1.8347116290335603,
        "dy_sub_px": 12.713225118162262,
        "dx_m": 8.659838889038404,
        "dy_m": 60.00642255772587,
        "dx_ref_px": 4.329919444519202,
        "dy_ref_px": 30.003211278862935,
        "peak_ncc": 0.5041579008102417,
        "second_peak": 0.4224439561367035
      }
    },
    {
      "type": "Feature",
      "geometry": {
        "type": "Point",
        "coordinates": [
          31.182699287921423,
          -51.30087369109156
        ]
      },
      "properties": {
        "node_idx": 3,
        "row_idx": 41,
        "grid_x": 378,
        "grid_y": 3532,
        "dx_sub_px": -3.187798470591071,
        "dy_sub_px": -28.584670233683617,
        "dx_m": -15.046408781189854,
        "dy_m": -134.91964350298667,
        "dx_ref_px": -7.523204390594927,
        "dy_ref_px": -67.45982175149334,
        "peak_ncc": 0.7948474884033203,
        "second_peak": 0.4580734074115753
      }
    },
    {
      "type": "Feature",
      "geometry": {
        "type": "Point",
        "coordinates": [
          31.20990660357058,
          -51.30087369109156
        ]
      },
      "properties": {
        "node_idx": 5,
        "row_idx": 41,
        "grid_x": 488,
        "grid_y": 3532,
        "dx_sub_px": 27.30530355962255,
        "dy_sub_px": 0.9044372609745575,
        "dx_m": 128.88103280141843,
        "dy_m": 4.268943871799911,
        "dx_ref_px": 64.44051640070921,
        "dy_ref_px": 2.1344719358999553,
        "peak_ncc": 0.5523902177810669,
        "second_peak": 0.4304332435131073
      }
    },
    {
      "type": "Feature",
      "geometry": {
        "type": "Point",
        "coordinates": [
          31.223510261395187,
          -51.30087369109156
        ]
      },
      "properties": {
        "node_idx": 6,
        "row_idx": 41,
        "grid_x": 543,
        "grid_y": 3532,
        "dx_sub_px": -0.3481660492595977,
        "dy_sub_px": 5.189513335912193,
        "dx_m": -1.6433437525053012,
        "dy_m": 24.49450294550555,
        "dx_ref_px": -0.8216718762526506,
        "dy_ref_px": 12.247251472752774,
        "peak_ncc": 0.5692598819732666,
        "second_peak": 0.4763111472129822
      }
    },
    {
      "type": "Feature",
      "geometry": {
        "type": "Point",
        "coordinates": [
          31.237113919219794,
          -51.30087369109156
        ]
      },
      "properties": {
        "node_idx": 7,
        "row_idx": 41,
        "grid_x": 598,
        "grid_y": 3532,
        "dx_sub_px": 7.41142460139449,
        "dy_sub_px": 27.69472279049132,
        "dx_m": 34.98192411858199,
        "dy_m": 130.719091571119,
        "dx_ref_px": 17.490962059290997,
        "dy_ref_px": 65.3595457855595,
        "peak_ncc": 0.4758545160293579,
        "second_peak": 0.4118728041648865
      }
    },
    {
      "type": "Feature",
      "geometry": {
        "type": "Point",
        "coordinates": [
          31.264568574102167,
          -51.30087369109156
        ]
      },
      "properties": {
        "node_idx": 9,
        "row_idx": 41,
        "grid_x": 709,
        "grid_y": 3532,
        "dx_sub_px": -5.9088528141486485,
        "dy_sub_px": 4.288396213379215,
        "dx_m": -27.88978528278162,
        "dy_m": 20.241230127149894,
        "dx_ref_px": -13.94489264139081,
        "dy_ref_px": 10.120615063574947,
        "peak_ncc": 0.5218913555145264,
        "second_peak": 0.3953254222869873
      }
    },
    {
      "type": "Feature",
      "geometry": {
        "type": "Point",
        "coordinates": [
          31.291775889751353,
          -51.30087369109156
        ]
      },
      "properties": {
        "node_idx": 11,
        "row_idx": 41,
        "grid_x": 819,
        "grid_y": 3532,
        "dx_sub_px": 25.165574364250332,
        "dy_sub_px": -12.912924334312555,
        "dx_m": 118.78151099926156,
        "dy_m": -60.94900285795526,
        "dx_ref_px": 59.39075549963078,
        "dy_ref_px": -30.47450142897763,
        "peak_ncc": 0.5140156745910645,
        "second_peak": 0.3926308751106262
      }
    },
    {
      "type": "Feature",
      "geometry": {
        "type": "Point",
        "coordinates": [
          31.30537954757593,
          -51.30087369109156
        ]
      },
      "properties": {
        "node_idx": 12,
        "row_idx": 41,
        "grid_x": 874,
        "grid_y": 3532,
        "dx_sub_px": -12.945691606422933,
        "dy_sub_px": 4.152575726701976,
        "dx_m": -61.10366438231624,
        "dy_m": 19.600157430033324,
        "dx_ref_px": -30.55183219115812,
        "dy_ref_px": 9.800078715016662,
        "peak_ncc": 0.48667535185813904,
        "second_peak": 0.414904922246933
      }
    },
    {
      "type": "Feature",
      "geometry": {
        "type": "Point",
        "coordinates": [
          31.181215252522342,
          -51.31332614092702
        ]
      },
      "properties": {
        "node_idx": 3,
        "row_idx": 42,
        "grid_x": 372,
        "grid_y": 3612,
        "dx_sub_px": -6.404797284015606,
        "dy_sub_px": -23.7985458052438,
        "dx_m": -30.23064318055366,
        "dy_m": -112.32913620075074,
        "dx_ref_px": -15.11532159027683,
        "dy_ref_px": -56.16456810037537,
        "peak_ncc": 0.5979947447776794,
        "second_peak": 0.4134153127670288
      }
    },
    {
      "type": "Feature",
      "geometry": {
        "type": "Point",
        "coordinates": [
          31.290786532818647,
          -51.31332614092702
        ]
      },
      "properties": {
        "node_idx": 11,
        "row_idx": 42,
        "grid_x": 815,
        "grid_y": 3612,
        "dx_sub_px": 30.01647820949639,
        "dy_sub_px": -10.063854469133306,
        "dx_m": 141.67777714882297,
        "dy_m": -47.5013930943092,
        "dx_ref_px": 70.83888857441148,
        "dy_ref_px": -23.7506965471546,
        "peak_ncc": 0.5220271944999695,
        "second_peak": 0.37046018242836
      }
    },
    {
      "type": "Feature",
      "geometry": {
        "type": "Point",
        "coordinates": [
          31.318241187701023,
          -51.31332614092702
        ]
      },
      "properties": {
        "node_idx": 13,
        "row_idx": 42,
        "grid_x": 926,
        "grid_y": 3612,
        "dx_sub_px": 19.366975704378895,
        "dy_sub_px": -17.10540790359022,
        "dx_m": 91.41212532466838,
        "dy_m": -80.73752530494583,
        "dx_ref_px": 45.70606266233419,
        "dy_ref_px": -40.36876265247292,
        "peak_ncc": 0.7815225720405579,
        "second_peak": 0.6546809673309326
      }
    },
    {
      "type": "Feature",
      "geometry": {
        "type": "Point",
        "coordinates": [
          31.331844845525602,
          -51.31332614092702
        ]
      },
      "properties": {
        "node_idx": 14,
        "row_idx": 42,
        "grid_x": 981,
        "grid_y": 3612,
        "dx_sub_px": -5.363009130401889,
        "dy_sub_px": 29.493754786815884,
        "dx_m": -25.313403095496916,
        "dy_m": 139.21052259377097,
        "dx_ref_px": -12.656701547748458,
        "dy_ref_px": 69.60526129688549,
        "peak_ncc": 0.6566405296325684,
        "second_peak": 0.5051130652427673
      }
    },
    {
      "type": "Feature",
      "geometry": {
        "type": "Point",
        "coordinates": [
          31.261847842537247,
          -51.32562293513955
        ]
      },
      "properties": {
        "node_idx": 9,
        "row_idx": 43,
        "grid_x": 698,
        "grid_y": 3691,
        "dx_sub_px": -22.489853413662008,
        "dy_sub_px": -12.377914923814288,
        "dx_m": -106.15210811248467,
        "dy_m": -58.42375844040343,
        "dx_ref_px": -53.076054056242334,
        "dy_ref_px": -29.211879220201716,
        "peak_ncc": 0.5626299977302551,
        "second_peak": 0.4751957356929779
      }
    },
    {
      "type": "Feature",
      "geometry": {
        "type": "Point",
        "coordinates": [
          31.330113470893384,
          -51.32562293513955
        ]
      },
      "properties": {
        "node_idx": 14,
        "row_idx": 43,
        "grid_x": 974,
        "grid_y": 3691,
        "dx_sub_px": -4.787817223924796,
        "dy_sub_px": 30.209301489035994,
        "dx_m": -22.598497296925036,
        "dy_m": 142.58790302824988,
        "dx_ref_px": -11.299248648462518,
        "dy_ref_px": 71.29395151412494,
        "peak_ncc": 0.6052614450454712,
        "second_peak": 0.4750264286994934
      }
    },
    {
      "type": "Feature",
      "geometry": {
        "type": "Point",
        "coordinates": [
          31.343964467951178,
          -51.32562293513955
        ]
      },
      "properties": {
        "node_idx": 15,
        "row_idx": 43,
        "grid_x": 1030,
        "grid_y": 3691,
        "dx_sub_px": -4.8004021821066045,
        "dy_sub_px": 30.160080264507155,
        "dx_m": -22.657898299543174,
        "dy_m": 142.35557884847375,
        "dx_ref_px": -11.328949149771587,
        "dy_ref_px": 71.17778942423688,
        "peak_ncc": 0.4068440794944763,
        "second_peak": 0.3064596354961395
      }
    },
    {
      "type": "Feature",
      "geometry": {
        "type": "Point",
        "coordinates": [
          31.136941529784117,
          -51.337919729352066
        ]
      },
      "properties": {
        "node_idx": 0,
        "row_idx": 44,
        "grid_x": 193,
        "grid_y": 3770,
        "dx_sub_px": -8.920646945790676,
        "dy_sub_px": 18.63713523239705,
        "dx_m": -42.105453584131986,
        "dy_m": 87.96727829691407,
        "dx_ref_px": -21.052726792065993,
        "dy_ref_px": 43.98363914845704,
        "peak_ncc": 0.4491446614265442,
        "second_peak": 0.3889870345592499
      }
    },
    {
      "type": "Feature",
      "geometry": {
        "type": "Point",
        "coordinates": [
          31.15054518760872,
          -51.337919729352066
        ]
      },
      "properties": {
        "node_idx": 1,
        "row_idx": 44,
        "grid_x": 248,
        "grid_y": 3770,
        "dx_sub_px": 8.682352269762587,
        "dy_sub_px": 25.761464731742777,
        "dx_m": 40.980702713279406,
        "dy_m": 121.5941135338259,
        "dx_ref_px": 20.490351356639703,
        "dy_ref_px": 60.79705676691295,
        "peak_ncc": 0.5129701495170593,
        "second_peak": 0.3900391757488251
      }
    },
    {
      "type": "Feature",
      "geometry": {
        "type": "Point",
        "coordinates": [
          31.177999842491094,
          -51.337919729352066
        ]
      },
      "properties": {
        "node_idx": 3,
        "row_idx": 44,
        "grid_x": 359,
        "grid_y": 3770,
        "dx_sub_px": -23.758028376890046,
        "dy_sub_px": 4.8049572371848415,
        "dx_m": -112.13789393892101,
        "dy_m": 22.679398159512452,
        "dx_ref_px": -56.068946969460505,
        "dy_ref_px": 11.339699079756226,
        "peak_ncc": 0.45325401425361633,
        "second_peak": 0.37600719928741455
      }
    },
    {
      "type": "Feature",
      "geometry": {
        "type": "Point",
        "coordinates": [
          31.191850839548863,
          -51.337919729352066
        ]
      },
      "properties": {
        "node_idx": 4,
        "row_idx": 44,
        "grid_x": 415,
        "grid_y": 3770,
        "dx_sub_px": -8.960089649014568,
        "dy_sub_px": -30.22070544758882,
        "dx_m": -42.29162314334876,
        "dy_m": -142.64172971261922,
        "dx_ref_px": -21.14581157167438,
        "dy_ref_px": -71.32086485630961,
        "peak_ncc": 0.5122117400169373,
        "second_peak": 0.42355769872665405
      }
    },
    {
      "type": "Feature",
      "geometry": {
        "type": "Point",
        "coordinates": [
          31.246760149313612,
          -51.337919729352066
        ]
      },
      "properties": {
        "node_idx": 8,
        "row_idx": 44,
        "grid_x": 637,
        "grid_y": 3770,
        "dx_sub_px": 10.194365549720843,
        "dy_sub_px": -7.29871390511946,
        "dx_m": 48.11740539468237,
        "dy_m": -34.44992963216385,
        "dx_ref_px": 24.058702697341186,
        "dy_ref_px": -17.224964816081926,
        "peak_ncc": 0.4882906675338745,
        "second_peak": 0.32563838362693787
      }
    },
    {
      "type": "Feature",
      "geometry": {
        "type": "Point",
        "coordinates": [
          31.342975111018475,
          -51.337919729352066
        ]
      },
      "properties": {
        "node_idx": 15,
        "row_idx": 44,
        "grid_x": 1026,
        "grid_y": 3770,
        "dx_sub_px": 24.5797234750587,
        "dy_sub_px": -15.99105528417712,
        "dx_m": 116.01629480227706,
        "dy_m": -75.477780941316,
        "dx_ref_px": 58.00814740113853,
        "dy_ref_px": -37.738890470658,
        "peak_ncc": 0.6676952242851257,
        "second_peak": 0.44098588824272156
      }
    },
    {
      "type": "Feature",
      "geometry": {
        "type": "Point",
        "coordinates": [
          31.149061152209693,
          -51.35021652356459
        ]
      },
      "properties": {
        "node_idx": 1,
        "row_idx": 45,
        "grid_x": 242,
        "grid_y": 3849,
        "dx_sub_px": 19.2836573116174,
        "dy_sub_px": -5.948171230394948,
        "dx_m": 91.01886251083413,
        "dy_m": -28.07536820746415,
        "dx_ref_px": 45.50943125541706,
        "dy_ref_px": -14.037684103732076,
        "peak_ncc": 0.827078640460968,
        "second_peak": 0.6466110944747925
      }
    },
    {
      "type": "Feature",
      "geometry": {
        "type": "Point",
        "coordinates": [
          31.16291214926746,
          -51.35021652356459
        ]
      },
      "properties": {
        "node_idx": 2,
        "row_idx": 45,
        "grid_x": 298,
        "grid_y": 3849,
        "dx_sub_px": 18.543778641855297,
        "dy_sub_px": -5.866106091092392,
        "dx_m": 87.526635189557,
        "dy_m": -27.688020749956088,
        "dx_ref_px": 43.7633175947785,
        "dy_ref_px": -13.844010374978044,
        "peak_ncc": 0.8699168562889099,
        "second_peak": 0.6912441253662109
      }
    },
    {
      "type": "Feature",
      "geometry": {
        "type": "Point",
        "coordinates": [
          31.176763146325204,
          -51.35021652356459
        ]
      },
      "properties": {
        "node_idx": 3,
        "row_idx": 45,
        "grid_x": 354,
        "grid_y": 3849,
        "dx_sub_px": 13.29971952255482,
        "dy_sub_px": -12.132345735637944,
        "dx_m": 62.77467614645875,
        "dy_m": -57.264671872211096,
        "dx_ref_px": 31.387338073229376,
        "dy_ref_px": -28.632335936105548,
        "peak_ncc": 0.41331571340560913,
        "second_peak": 0.19252237677574158
      }
    },
    {
      "type": "Feature",
      "geometry": {
        "type": "Point",
        "coordinates": [
          31.190614143382998,
          -51.35021652356459
        ]
      },
      "properties": {
        "node_idx": 4,
        "row_idx": 45,
        "grid_x": 410,
        "grid_y": 3849,
        "dx_sub_px": 12.550302937768118,
        "dy_sub_px": -12.0108434352895,
        "dx_m": 59.237429866265515,
        "dy_m": -56.69118101456644,
        "dx_ref_px": 29.618714933132757,
        "dy_ref_px": -28.34559050728322,
        "peak_ncc": 0.40237340331077576,
        "second_peak": 0.11506228148937225
      }
    },
    {
      "type": "Feature",
      "geometry": {
        "type": "Point",
        "coordinates": [
          31.204465140440764,
          -51.35021652356459
        ]
      },
      "properties": {
        "node_idx": 5,
        "row_idx": 45,
        "grid_x": 466,
        "grid_y": 3849,
        "dx_sub_px": 9.270645219286623,
        "dy_sub_px": -12.043872650629373,
        "dx_m": 43.75744543503286,
        "dy_m": -56.84707891097064,
        "dx_ref_px": 21.87872271751643,
        "dy_ref_px": -28.42353945548532,
        "peak_ncc": 0.5620422959327698,
        "second_peak": 0.49508529901504517
      }
    },
    {
      "type": "Feature",
      "geometry": {
        "type": "Point",
        "coordinates": [
          31.287571122787377,
          -51.35021652356459
        ]
      },
      "properties": {
        "node_idx": 11,
        "row_idx": 45,
        "grid_x": 802,
        "grid_y": 3849,
        "dx_sub_px": 6.879450846861823,
        "dy_sub_px": 0.9142898703952713,
        "dx_m": 32.471007997187805,
        "dy_m": 4.31544818826568,
        "dx_ref_px": 16.235503998593902,
        "dy_ref_px": 2.15772409413284,
        "peak_ncc": 0.502613365650177,
        "second_peak": 0.3967059850692749
      }
    },
    {
      "type": "Feature",
      "geometry": {
        "type": "Point",
        "coordinates": [
          31.315273116902937,
          -51.35021652356459
        ]
      },
      "properties": {
        "node_idx": 13,
        "row_idx": 45,
        "grid_x": 914,
        "grid_y": 3849,
        "dx_sub_px": 5.760280868968406,
        "dy_sub_px": 2.7398184659169904,
        "dx_m": 27.188525701530878,
        "dy_m": 12.931943159128194,
        "dx_ref_px": 13.594262850765439,
        "dy_ref_px": 6.465971579564097,
        "peak_ncc": 0.47477075457572937,
        "second_peak": 0.30616477131843567
      }
    },
    {
      "type": "Feature",
      "geometry": {
        "type": "Point",
        "coordinates": [
          31.189624786450295,
          -51.362513317777115
        ]
      },
      "properties": {
        "node_idx": 4,
        "row_idx": 46,
        "grid_x": 406,
        "grid_y": 3928,
        "dx_sub_px": 8.85989988437293,
        "dy_sub_px": -29.584654202999022,
        "dx_m": 41.81872745424023,
        "dy_m": -139.6395678381554,
        "dx_ref_px": 20.909363727120116,
        "dy_ref_px": -69.8197839190777,
        "peak_ncc": 0.6257970333099365,
        "second_peak": 0.48568132519721985
      }
    },
    {
      "type": "Feature",
      "geometry": {
        "type": "Point",
        "coordinates": [
          31.20347578350806,
          -51.362513317777115
        ]
      },
      "properties": {
        "node_idx": 5,
        "row_idx": 46,
        "grid_x": 462,
        "grid_y": 3928,
        "dx_sub_px": 13.709543536060261,
        "dy_sub_px": 16.5482434350397,
        "dx_m": 64.70904549020443,
        "dy_m": 78.10770901338739,
        "dx_ref_px": 32.354522745102216,
        "dy_ref_px": 39.053854506693696,
        "peak_ncc": 0.4594777822494507,
        "second_peak": 0.2334699183702469
      }
    },
    {
      "type": "Feature",
      "geometry": {
        "type": "Point",
        "coordinates": [
          31.2311777776236,
          -51.362513317777115
        ]
      },
      "properties": {
        "node_idx": 7,
        "row_idx": 46,
        "grid_x": 574,
        "grid_y": 3928,
        "dx_sub_px": 18.03401410258368,
        "dy_sub_px": -8.060310105083655,
        "dx_m": 85.12054656419497,
        "dy_m": -38.04466369599485,
        "dx_ref_px": 42.560273282097484,
        "dy_ref_px": -19.022331847997425,
        "peak_ncc": 0.566252589225769,
        "second_peak": 0.4669813811779022
      }
    },
    {
      "type": "Feature",
      "geometry": {
        "type": "Point",
        "coordinates": [
          31.245028774681366,
          -51.362513317777115
        ]
      },
      "properties": {
        "node_idx": 8,
        "row_idx": 46,
        "grid_x": 630,
        "grid_y": 3928,
        "dx_sub_px": -4.925208564146932,
        "dy_sub_px": -27.27274308894945,
        "dx_m": -23.24698442277352,
        "dy_m": -128.7273473798414,
        "dx_ref_px": -11.62349221138676,
        "dy_ref_px": -64.3636736899207,
        "peak_ncc": 0.9292165040969849,
        "second_peak": 0.8217843770980835
      }
    },
    {
      "type": "Feature",
      "geometry": {
        "type": "Point",
        "coordinates": [
          31.258879771739135,
          -51.362513317777115
        ]
      },
      "properties": {
        "node_idx": 9,
        "row_idx": 46,
        "grid_x": 686,
        "grid_y": 3928,
        "dx_sub_px": -6.408013702636802,
        "dy_sub_px": -27.364460639104443,
        "dx_m": -30.2458246764457,
        "dy_m": -129.16025421657298,
        "dx_ref_px": -15.12291233822285,
        "dy_ref_px": -64.58012710828649,
        "peak_ncc": 0.8784813284873962,
        "second_peak": 0.7853339910507202
      }
    },
    {
      "type": "Feature",
      "geometry": {
        "type": "Point",
        "coordinates": [
          31.300432762912465,
          -51.362513317777115
        ]
      },
      "properties": {
        "node_idx": 12,
        "row_idx": 46,
        "grid_x": 854,
        "grid_y": 3928,
        "dx_sub_px": -0.24093308334422225,
        "dy_sub_px": -27.688474663703822,
        "dx_m": -1.137204153384729,
        "dy_m": -130.68960041268204,
        "dx_ref_px": -0.5686020766923645,
        "dy_ref_px": -65.34480020634102,
        "peak_ncc": 0.6447327136993408,
        "second_peak": 0.5698121190071106
      }
    },
    {
      "type": "Feature",
      "geometry": {
        "type": "Point",
        "coordinates": [
          31.34223309331896,
          -51.362513317777115
        ]
      },
      "properties": {
        "node_idx": 15,
        "row_idx": 46,
        "grid_x": 1023,
        "grid_y": 3928,
        "dx_sub_px": -14.415496917716624,
        "dy_sub_px": 10.894176814611173,
        "dx_m": -68.04114545162246,
        "dy_m": 51.42051456496473,
        "dx_ref_px": -34.02057272581123,
        "dy_ref_px": 25.710257282482367,
        "peak_ncc": 0.7495831847190857,
        "second_peak": 0.5019506216049194
      }
    },
    {
      "type": "Feature",
      "geometry": {
        "type": "Point",
        "coordinates": [
          31.1604387569357,
          -51.374810111989646
        ]
      },
      "properties": {
        "node_idx": 2,
        "row_idx": 47,
        "grid_x": 288,
        "grid_y": 4007,
        "dx_sub_px": 16.654066595731123,
        "dy_sub_px": -17.761351860050407,
        "dx_m": 78.60719433185089,
        "dy_m": -83.83358077943792,
        "dx_ref_px": 39.303597165925446,
        "dy_ref_px": -41.91679038971896,
        "peak_ncc": 0.7284301519393921,
        "second_peak": 0.6464765667915344
      }
    },
    {
      "type": "Feature",
      "geometry": {
        "type": "Point",
        "coordinates": [
          31.2158427451668,
          -51.374810111989646
        ]
      },
      "properties": {
        "node_idx": 6,
        "row_idx": 47,
        "grid_x": 512,
        "grid_y": 4007,
        "dx_sub_px": 8.88612431043568,
        "dy_sub_px": -30.72052658312722,
        "dx_m": 41.9425067452564,
        "dy_m": -145.00088547236047,
        "dx_ref_px": 20.9712533726282,
        "dy_ref_px": -72.50044273618023,
        "peak_ncc": 0.90737384557724,
        "second_peak": 0.6249502897262573
      }
    },
    {
      "type": "Feature",
      "geometry": {
        "type": "Point",
        "coordinates": [
          31.243544739282314,
          -51.374810111989646
        ]
      },
      "properties": {
        "node_idx": 8,
        "row_idx": 47,
        "grid_x": 624,
        "grid_y": 4007,
        "dx_sub_px": -22.595257359199266,
        "dy_sub_px": -14.385041774205247,
        "dx_m": -106.64961473542053,
        "dy_m": -67.89739717424877,
        "dx_ref_px": -53.324807367710264,
        "dy_ref_px": -33.94869858712438,
        "peak_ncc": 0.5252979397773743,
        "second_peak": 0.44227996468544006
      }
    },
    {
      "type": "Feature",
      "geometry": {
        "type": "Point",
        "coordinates": [
          31.298948727513412,
          -51.374810111989646
        ]
      },
      "properties": {
        "node_idx": 12,
        "row_idx": 47,
        "grid_x": 848,
        "grid_y": 4007,
        "dx_sub_px": 27.500062215108183,
        "dy_sub_px": 15.642911720659788,
        "dx_m": 129.8002936553106,
        "dy_m": 73.83454332151419,
        "dx_ref_px": 64.9001468276553,
        "dy_ref_px": 36.917271660757095,
        "peak_ncc": 0.4219921827316284,
        "second_peak": 0.3354353606700897
      }
    },
    {
      "type": "Feature",
      "geometry": {
        "type": "Point",
        "coordinates": [
          31.326650721628972,
          -51.374810111989646
        ]
      },
      "properties": {
        "node_idx": 14,
        "row_idx": 47,
        "grid_x": 960,
        "grid_y": 4007,
        "dx_sub_px": -29.4422120775259,
        "dy_sub_px": 0.4393926121524529,
        "dx_m": -138.96724100592226,
        "dy_m": 2.0739331293595775,
        "dx_ref_px": -69.48362050296113,
        "dy_ref_px": 1.0369665646797888,
        "peak_ncc": 0.7509060502052307,
        "second_peak": 0.5943129062652588
      }
    },
    {
      "type": "Feature",
      "geometry": {
        "type": "Point",
        "coordinates": [
          31.131747405887463,
          -51.38710690620216
        ]
      },
      "properties": {
        "node_idx": 0,
        "row_idx": 48,
        "grid_x": 172,
        "grid_y": 4086,
        "dx_sub_px": -16.00554742563039,
        "dy_sub_px": 3.590166742680998,
        "dx_m": -75.54618384897543,
        "dy_m": 16.94558702545431,
        "dx_ref_px": -37.773091924487716,
        "dy_ref_px": 8.472793512727154,
        "peak_ncc": 0.43149152398109436,
        "second_peak": 0.37485072016716003
      }
    },
    {
      "type": "Feature",
      "geometry": {
        "type": "Point",
        "coordinates": [
          31.159449400003,
          -51.38710690620216
        ]
      },
      "properties": {
        "node_idx": 2,
        "row_idx": 48,
        "grid_x": 284,
        "grid_y": 4086,
        "dx_sub_px": 14.918838940823688,
        "dy_sub_px": 7.922459440776063,
        "dx_m": 70.41691980068781,
        "dy_m": 37.394008560463014,
        "dx_ref_px": 35.208459900343904,
        "dy_ref_px": 18.697004280231507,
        "peak_ncc": 0.5350205898284912,
        "second_peak": 0.46763381361961365
      }
    },
    {
      "type": "Feature",
      "geometry": {
        "type": "Point",
        "coordinates": [
          31.242555382349636,
          -51.38710690620216
        ]
      },
      "properties": {
        "node_idx": 8,
        "row_idx": 48,
        "grid_x": 620,
        "grid_y": 4086,
        "dx_sub_px": 17.784818022914603,
        "dy_sub_px": -20.83954975857528,
        "dx_m": 83.94434106815692,
        "dy_m": -98.36267486047532,
        "dx_ref_px": 41.97217053407846,
        "dy_ref_px": -49.18133743023766,
        "peak_ncc": 0.46853187680244446,
        "second_peak": 0.4120323061943054
      }
    },
    {
      "type": "Feature",
      "geometry": {
        "type": "Point",
        "coordinates": [
          31.325661364696245,
          -51.38710690620216
        ]
      },
      "properties": {
        "node_idx": 14,
        "row_idx": 48,
        "grid_x": 956,
        "grid_y": 4086,
        "dx_sub_px": 0.8448238628861386,
        "dy_sub_px": 25.79843925847684,
        "dx_m": 3.9875686328225743,
        "dy_m": 121.76863330001068,
        "dx_ref_px": 1.9937843164112872,
        "dy_ref_px": 60.88431665000534,
        "peak_ncc": 0.7614368796348572,
        "second_peak": 0.42534446716308594
      }
    },
    {
      "type": "Feature",
      "geometry": {
        "type": "Point",
        "coordinates": [
          31.144609046012526,
          -51.39955935603763
        ]
      },
      "properties": {
        "node_idx": 1,
        "row_idx": 49,
        "grid_x": 224,
        "grid_y": 4166,
        "dx_sub_px": 29.384693072623822,
        "dy_sub_px": -5.241945528434136,
        "dx_m": 138.69575130278443,
        "dy_m": -24.74198289420912,
        "dx_ref_px": 69.34787565139221,
        "dy_ref_px": -12.37099144710456,
        "peak_ncc": 0.5110329389572144,
        "second_peak": 0.35193049907684326
      }
    },
    {
      "type": "Feature",
      "geometry": {
        "type": "Point",
        "coordinates": [
          31.15846004307032,
          -51.39955935603763
        ]
      },
      "properties": {
        "node_idx": 2,
        "row_idx": 49,
        "grid_x": 280,
        "grid_y": 4166,
        "dx_sub_px": 24.043649996346897,
        "dy_sub_px": -14.862093310935244,
        "dx_m": 113.48602798275735,
        "dy_m": -70.14908042761435,
        "dx_ref_px": 56.743013991378675,
        "dy_ref_px": -35.074540213807175,
        "peak_ncc": 0.5034576058387756,
        "second_peak": 0.3670394718647003
      }
    },
    {
      "type": "Feature",
      "geometry": {
        "type": "Point",
        "coordinates": [
          31.213864031301394,
          -51.39955935603763
        ]
      },
      "properties": {
        "node_idx": 6,
        "row_idx": 49,
        "grid_x": 504,
        "grid_y": 4166,
        "dx_sub_px": -8.375548251851683,
        "dy_sub_px": 19.721399853940095,
        "dx_m": -39.53258774873994,
        "dy_m": 93.08500731059725,
        "dx_ref_px": -19.76629387436997,
        "dy_ref_px": 46.542503655298624,
        "peak_ncc": 0.47738635540008545,
        "second_peak": 0.3114001750946045
      }
    },
    {
      "type": "Feature",
      "geometry": {
        "type": "Point",
        "coordinates": [
          31.227715028359164,
          -51.39955935603763
        ]
      },
      "properties": {
        "node_idx": 7,
        "row_idx": 49,
        "grid_x": 560,
        "grid_y": 4166,
        "dx_sub_px": -9.799828332050557,
        "dy_sub_px": -26.88654016008234,
        "dx_m": -46.255189727278626,
        "dy_m": -126.90446955558863,
        "dx_ref_px": -23.127594863639313,
        "dy_ref_px": -63.45223477779432,
        "peak_ncc": 0.4657551348209381,
        "second_peak": 0.39876484870910645
      }
    },
    {
      "type": "Feature",
      "geometry": {
        "type": "Point",
        "coordinates": [
          31.241566025416933,
          -51.39955935603763
        ]
      },
      "properties": {
        "node_idx": 8,
        "row_idx": 49,
        "grid_x": 616,
        "grid_y": 4166,
        "dx_sub_px": -20.364267424663527,
        "dy_sub_px": 5.94242404117869,
        "dx_m": -96.11934224441184,
        "dy_m": 28.048241474363415,
        "dx_ref_px": -48.05967112220592,
        "dy_ref_px": 14.024120737181708,
        "peak_ncc": 0.6504858732223511,
        "second_peak": 0.48391255736351013
      }
    },
    {
      "type": "Feature",
      "geometry": {
        "type": "Point",
        "coordinates": [
          31.2554170224747,
          -51.39955935603763
        ]
      },
      "properties": {
        "node_idx": 9,
        "row_idx": 49,
        "grid_x": 672,
        "grid_y": 4166,
        "dx_sub_px": 29.425598098990942,
        "dy_sub_px": -9.222454824880945,
        "dx_m": 138.88882302723724,
        "dy_m": -43.529986773438054,
        "dx_ref_px": 69.44441151361862,
        "dy_ref_px": -21.764993386719027,
        "peak_ncc": 0.47585856914520264,
        "second_peak": 0.4109465181827545
      }
    },
    {
      "type": "Feature",
      "geometry": {
        "type": "Point",
        "coordinates": [
          31.324672007763567,
          -51.39955935603763
        ]
      },
      "properties": {
        "node_idx": 14,
        "row_idx": 49,
        "grid_x": 952,
        "grid_y": 4166,
        "dx_sub_px": 11.518643626085039,
        "dy_sub_px": -15.045230830728297,
        "dx_m": 54.36799791512138,
        "dy_m": -71.01348952103756,
        "dx_ref_px": 27.18399895756069,
        "dy_ref_px": -35.50674476051878,
        "peak_ncc": 0.6006017923355103,
        "second_peak": 0.5187774300575256
      }
    },
    {
      "type": "Feature",
      "geometry": {
        "type": "Point",
        "coordinates": [
          31.3387703440545,
          -51.39955935603763
        ]
      },
      "properties": {
        "node_idx": 15,
        "row_idx": 49,
        "grid_x": 1009,
        "grid_y": 4166,
        "dx_sub_px": 3.6975933936718954,
        "dy_sub_px": 8.8737516284452,
        "dx_m": 17.452640818131346,
        "dy_m": 41.884107686261345,
        "dx_ref_px": 8.726320409065673,
        "dy_ref_px": 20.942053843130672,
        "peak_ncc": 0.4658806025981903,
        "second_peak": 0.37399324774742126
      }
    },
    {
      "type": "Feature",
      "geometry": {
        "type": "Point",
        "coordinates": [
          31.14238299291396,
          -51.411856150250145
        ]
      },
      "properties": {
        "node_idx": 1,
        "row_idx": 50,
        "grid_x": 215,
        "grid_y": 4245,
        "dx_sub_px": 10.452976095282493,
        "dy_sub_px": 23.222166240025878,
        "dx_m": 49.338047169733365,
        "dy_m": 109.60862465292213,
        "dx_ref_px": 24.669023584866682,
        "dy_ref_px": 54.804312326461066,
        "peak_ncc": 0.8396057486534119,
        "second_peak": 0.5437296628952026
      }
    },
    {
      "type": "Feature",
      "geometry": {
        "type": "Point",
        "coordinates": [
          31.18418332332045,
          -51.411856150250145
        ]
      },
      "properties": {
        "node_idx": 4,
        "row_idx": 50,
        "grid_x": 384,
        "grid_y": 4245,
        "dx_sub_px": -3.6293952510564838,
        "dy_sub_px": -2.370889371955063,
        "dx_m": -17.130745584986602,
        "dy_m": -11.190597835627898,
        "dx_ref_px": -8.565372792493301,
        "dy_ref_px": -5.595298917813949,
        "peak_ncc": 0.7585811614990234,
        "second_peak": 0.6467285752296448
      }
    },
    {
      "type": "Feature",
      "geometry": {
        "type": "Point",
        "coordinates": [
          31.19803432037822,
          -51.411856150250145
        ]
      },
      "properties": {
        "node_idx": 5,
        "row_idx": 50,
        "grid_x": 440,
        "grid_y": 4245,
        "dx_sub_px": -1.1917378558143934,
        "dy_sub_px": -3.874878626564484,
        "dx_m": -5.625002679443937,
        "dy_m": -18.289427117384363,
        "dx_ref_px": -2.8125013397219685,
        "dy_ref_px": -9.144713558692182,
        "peak_ncc": 0.6244574189186096,
        "second_peak": 0.5066457390785217
      }
    },
    {
      "type": "Feature",
      "geometry": {
        "type": "Point",
        "coordinates": [
          31.22573631449376,
          -51.411856150250145
        ]
      },
      "properties": {
        "node_idx": 7,
        "row_idx": 50,
        "grid_x": 552,
        "grid_y": 4245,
        "dx_sub_px": 5.743039927350741,
        "dy_sub_px": 18.648591353936588,
        "dx_m": 27.107148457095494,
        "dy_m": 88.02135119058069,
        "dx_ref_px": 13.553574228547747,
        "dy_ref_px": 44.010675595290344,
        "peak_ncc": 0.6822927594184875,
        "second_peak": 0.5153848528862
      }
    },
    {
      "type": "Feature",
      "geometry": {
        "type": "Point",
        "coordinates": [
          31.295485978248976,
          -51.411856150250145
        ]
      },
      "properties": {
        "node_idx": 12,
        "row_idx": 50,
        "grid_x": 834,
        "grid_y": 4245,
        "dx_sub_px": 20.719794439274335,
        "dy_sub_px": 22.14779871562943,
        "dx_m": 97.79742975337486,
        "dy_m": 104.53760993777091,
        "dx_ref_px": 48.89871487668743,
        "dy_ref_px": 52.268804968885455,
        "peak_ncc": 0.6022088527679443,
        "second_peak": 0.3548738360404968
      }
    },
    {
      "type": "Feature",
      "geometry": {
        "type": "Point",
        "coordinates": [
          31.309336975306717,
          -51.411856150250145
        ]
      },
      "properties": {
        "node_idx": 13,
        "row_idx": 50,
        "grid_x": 890,
        "grid_y": 4245,
        "dx_sub_px": 4.684661424113009,
        "dy_sub_px": 10.996456003566543,
        "dx_m": 22.1116019218134,
        "dy_m": 51.90327233683408,
        "dx_ref_px": 11.0558009609067,
        "dy_ref_px": 25.95163616841704,
        "peak_ncc": 0.45543739199638367,
        "second_peak": 0.31696003675460815
      }
    },
    {
      "type": "Feature",
      "geometry": {
        "type": "Point",
        "coordinates": [
          31.197292302678704,
          -51.424152944462676
        ]
      },
      "properties": {
        "node_idx": 5,
        "row_idx": 51,
        "grid_x": 437,
        "grid_y": 4324,
        "dx_sub_px": 9.761617877480905,
        "dy_sub_px": -15.17473306143733,
        "dx_m": 46.07483638170987,
        "dy_m": -71.6247400499842,
        "dx_ref_px": 23.037418190854936,
        "dy_ref_px": -35.8123700249921,
        "peak_ncc": 0.7435024976730347,
        "second_peak": 0.607265055179596
      }
    },
    {
      "type": "Feature",
      "geometry": {
        "type": "Point",
        "coordinates": [
          31.211143299736474,
          -51.424152944462676
        ]
      },
      "properties": {
        "node_idx": 6,
        "row_idx": 51,
        "grid_x": 493,
        "grid_y": 4324,
        "dx_sub_px": 9.656240830914555,
        "dy_sub_px": -16.071707924155838,
        "dx_m": 45.5774567219167,
        "dy_m": -75.85846140201555,
        "dx_ref_px": 22.78872836095835,
        "dy_ref_px": -37.929230701007775,
        "peak_ncc": 0.7562736868858337,
        "second_peak": 0.6265152096748352
      }
    },
    {
      "type": "Feature",
      "geometry": {
        "type": "Point",
        "coordinates": [
          31.28064562425848,
          -51.424152944462676
        ]
      },
      "properties": {
        "node_idx": 11,
        "row_idx": 51,
        "grid_x": 774,
        "grid_y": 4324,
        "dx_sub_px": -17.529317885398147,
        "dy_sub_px": -12.047556604997178,
        "dx_m": -82.73838041907925,
        "dy_m": -56.864467175586675,
        "dx_ref_px": -41.369190209539624,
        "dy_ref_px": -28.432233587793338,
        "peak_ncc": 0.5320757627487183,
        "second_peak": 0.3527984023094177
      }
    },
    {
      "type": "Feature",
      "geometry": {
        "type": "Point",
        "coordinates": [
          31.30834761837404,
          -51.424152944462676
        ]
      },
      "properties": {
        "node_idx": 13,
        "row_idx": 51,
        "grid_x": 886,
        "grid_y": 4324,
        "dx_sub_px": -0.2212964032897414,
        "dy_sub_px": 20.416236265767854,
        "dx_m": -1.0445190235275794,
        "dy_m": 96.36463517442427,
        "dx_ref_px": -0.5222595117637897,
        "dy_ref_px": 48.18231758721213,
        "peak_ncc": 0.6715850234031677,
        "second_peak": 0.5966939926147461
      }
    },
    {
      "type": "Feature",
      "geometry": {
        "type": "Point",
        "coordinates": [
          31.141393635981256,
          -51.4364497386752
        ]
      },
      "properties": {
        "node_idx": 1,
        "row_idx": 52,
        "grid_x": 211,
        "grid_y": 4403,
        "dx_sub_px": 3.0949567533199773,
        "dy_sub_px": -6.236096249607719,
        "dx_m": 14.608195875670292,
        "dy_m": -29.434374298148434,
        "dx_ref_px": 7.304097937835146,
        "dy_ref_px": -14.717187149074217,
        "peak_ncc": 0.6344554424285889,
        "second_peak": 0.42764514684677124
      }
    },
    {
      "type": "Feature",
      "geometry": {
        "type": "Point",
        "coordinates": [
          31.196797624212355,
          -51.4364497386752
        ]
      },
      "properties": {
        "node_idx": 5,
        "row_idx": 52,
        "grid_x": 435,
        "grid_y": 4403,
        "dx_sub_px": -4.915331206375982,
        "dy_sub_px": -11.228695410634165,
        "dx_m": -23.200363294094636,
        "dy_m": -52.999442338193255,
        "dx_ref_px": -11.600181647047318,
        "dy_ref_px": -26.499721169096627,
        "peak_ncc": 0.7001070976257324,
        "second_peak": 0.6021653413772583
      }
    },
    {
      "type": "Feature",
      "geometry": {
        "type": "Point",
        "coordinates": [
          31.293754603616758,
          -51.4364497386752
        ]
      },
      "properties": {
        "node_idx": 12,
        "row_idx": 52,
        "grid_x": 827,
        "grid_y": 4403,
        "dx_sub_px": 9.996018379243718,
        "dy_sub_px": 21.805316257195994,
        "dx_m": 47.18120675003035,
        "dy_m": 102.92109273396508,
        "dx_ref_px": 23.590603375015174,
        "dy_ref_px": 51.46054636698254,
        "peak_ncc": 0.7361584305763245,
        "second_peak": 0.5946551561355591
      }
    },
    {
      "type": "Feature",
      "geometry": {
        "type": "Point",
        "coordinates": [
          31.3076056006745,
          -51.4364497386752
        ]
      },
      "properties": {
        "node_idx": 13,
        "row_idx": 52,
        "grid_x": 883,
        "grid_y": 4403,
        "dx_sub_px": 2.4161495383683973,
        "dy_sub_px": 12.28804364955078,
        "dx_m": 11.404225821098835,
        "dy_m": 57.99956602587967,
        "dx_ref_px": 5.702112910549418,
        "dy_ref_px": 28.999783012939837,
        "peak_ncc": 0.5423588752746582,
        "second_peak": 0.35337212681770325
      }
    },
    {
      "type": "Feature",
      "geometry": {
        "type": "Point",
        "coordinates": [
          31.335307594790063,
          -51.4364497386752
        ]
      },
      "properties": {
        "node_idx": 15,
        "row_idx": 52,
        "grid_x": 995,
        "grid_y": 4403,
        "dx_sub_px": 13.627114054849232,
        "dy_sub_px": -16.256649012093998,
        "dx_m": 64.31997833888838,
        "dy_m": -76.73138333708367,
        "dx_ref_px": 32.15998916944419,
        "dy_ref_px": -38.365691668541835,
        "peak_ncc": 0.5375217199325562,
        "second_peak": 0.48187190294265747
      }
    },
    {
      "type": "Feature",
      "geometry": {
        "type": "Point",
        "coordinates": [
          31.15425527610632,
          -51.448746532887725
        ]
      },
      "properties": {
        "node_idx": 2,
        "row_idx": 53,
        "grid_x": 263,
        "grid_y": 4482,
        "dx_sub_px": 19.202767660172455,
        "dy_sub_px": -4.327634124069161,
        "dx_m": 90.63706335601398,
        "dy_m": -20.42643306560644,
        "dx_ref_px": 45.31853167800699,
        "dy_ref_px": -10.21321653280322,
        "peak_ncc": 0.4434030055999756,
        "second_peak": 0.34889569878578186
      }
    },
    {
      "type": "Feature",
      "geometry": {
        "type": "Point",
        "coordinates": [
          31.237113919219794,
          -51.448746532887725
        ]
      },
      "properties": {
        "node_idx": 8,
        "row_idx": 53,
        "grid_x": 598,
        "grid_y": 4482,
        "dx_sub_px": 5.870585686330612,
        "dy_sub_px": -1.3579915219199967,
        "dx_m": 27.70916443948049,
        "dy_m": -6.409719983462384,
        "dx_ref_px": 13.854582219740244,
        "dy_ref_px": -3.204859991731192,
        "peak_ncc": 0.5191190838813782,
        "second_peak": 0.4590907692909241
      }
    },
    {
      "type": "Feature",
      "geometry": {
        "type": "Point",
        "coordinates": [
          31.25096491627756,
          -51.448746532887725
        ]
      },
      "properties": {
        "node_idx": 9,
        "row_idx": 53,
        "grid_x": 654,
        "grid_y": 4482,
        "dx_sub_px": -14.634882250621366,
        "dy_sub_px": 17.71015579779225,
        "dx_m": -69.07664422293284,
        "dy_m": 83.59193536557942,
        "dx_ref_px": -34.53832211146642,
        "dy_ref_px": 41.79596768278971,
        "peak_ncc": 0.5891901850700378,
        "second_peak": 0.34519967436790466
      }
    },
    {
      "type": "Feature",
      "geometry": {
        "type": "Point",
        "coordinates": [
          31.32021990156643,
          -51.448746532887725
        ]
      },
      "properties": {
        "node_idx": 14,
        "row_idx": 53,
        "grid_x": 934,
        "grid_y": 4482,
        "dx_sub_px": 10.552981717296955,
        "dy_sub_px": -13.428749197771317,
        "dx_m": 49.81007370564163,
        "dy_m": -63.38369621348061,
        "dx_ref_px": 24.905036852820814,
        "dy_ref_px": -31.691848106740306,
        "peak_ncc": 0.5650336146354675,
        "second_peak": 0.45004594326019287
      }
    },
    {
      "type": "Feature",
      "geometry": {
        "type": "Point",
        "coordinates": [
          31.12605860352443,
          -51.46104332710024
        ]
      },
      "properties": {
        "node_idx": 0,
        "row_idx": 54,
        "grid_x": 149,
        "grid_y": 4561,
        "dx_sub_px": 29.537024296885175,
        "dy_sub_px": -1.874104652714273,
        "dx_m": 139.414754681298,
        "dy_m": -8.845773960811368,
        "dx_ref_px": 69.707377340649,
        "dy_ref_px": -4.422886980405684,
        "peak_ncc": 0.6282579302787781,
        "second_peak": 0.5228472948074341
      }
    },
    {
      "type": "Feature",
      "geometry": {
        "type": "Point",
        "coordinates": [
          31.18096791328918,
          -51.46104332710024
        ]
      },
      "properties": {
        "node_idx": 4,
        "row_idx": 54,
        "grid_x": 371,
        "grid_y": 4561,
        "dx_sub_px": 10.335552567393592,
        "dy_sub_px": 21.977195413581228,
        "dx_m": 48.78380811809775,
        "dy_m": 103.7323623521034,
        "dx_ref_px": 24.391904059048876,
        "dy_ref_px": 51.8661811760517,
        "peak_ncc": 0.672337532043457,
        "second_peak": 0.5893282890319824
      }
    },
    {
      "type": "Feature",
      "geometry": {
        "type": "Point",
        "coordinates": [
          31.194818910346946,
          -51.46104332710024
        ]
      },
      "properties": {
        "node_idx": 5,
        "row_idx": 54,
        "grid_x": 427,
        "grid_y": 4561,
        "dx_sub_px": -19.487072536238742,
        "dy_sub_px": 4.20356507070818,
        "dx_m": -91.97898237104685,
        "dy_m": 19.840827133742607,
        "dx_ref_px": -45.98949118552343,
        "dy_ref_px": 9.920413566871304,
        "peak_ncc": 0.5039384365081787,
        "second_peak": 0.30169159173965454
      }
    },
    {
      "type": "Feature",
      "geometry": {
        "type": "Point",
        "coordinates": [
          31.30513220834277,
          -51.46104332710024
        ]
      },
      "properties": {
        "node_idx": 13,
        "row_idx": 54,
        "grid_x": 873,
        "grid_y": 4561,
        "dx_sub_px": -28.771749174493927,
        "dy_sub_px": -12.992106674791307,
        "dx_m": -135.80265610361133,
        "dy_m": -61.32274350501496,
        "dx_ref_px": -67.90132805180566,
        "dy_ref_px": -30.66137175250748,
        "peak_ncc": 0.6510878801345825,
        "second_peak": 0.4959861934185028
      }
    },
    {
      "type": "Feature",
      "geometry": {
        "type": "Point",
        "coordinates": [
          31.138672904416335,
          -51.47334012131277
        ]
      },
      "properties": {
        "node_idx": 1,
        "row_idx": 55,
        "grid_x": 200,
        "grid_y": 4640,
        "dx_sub_px": -16.36900475990781,
        "dy_sub_px": 3.4481778219705777,
        "dx_m": -77.26170246676486,
        "dy_m": 16.275399319701126,
        "dx_ref_px": -38.63085123338243,
        "dy_ref_px": 8.137699659850563,
        "peak_ncc": 0.7295650839805603,
        "second_peak": 0.6307637095451355
      }
    },
    {
      "type": "Feature",
      "geometry": {
        "type": "Point",
        "coordinates": [
          31.166374898531895,
          -51.47334012131277
        ]
      },
      "properties": {
        "node_idx": 3,
        "row_idx": 55,
        "grid_x": 312,
        "grid_y": 4640,
        "dx_sub_px": 6.077396641558731,
        "dy_sub_px": 11.54646500668849,
        "dx_m": 28.68531214815721,
        "dy_m": 54.49931483156967,
        "dx_ref_px": 14.342656074078604,
        "dy_ref_px": 27.249657415784835,
        "peak_ncc": 0.6819348931312561,
        "second_peak": 0.47619080543518066
      }
    },
    {
      "type": "Feature",
      "geometry": {
        "type": "Point",
        "coordinates": [
          31.179978556356502,
          -51.47334012131277
        ]
      },
      "properties": {
        "node_idx": 4,
        "row_idx": 55,
        "grid_x": 367,
        "grid_y": 4640,
        "dx_sub_px": -3.520358578786908,
        "dy_sub_px": 15.211067193277954,
        "dx_m": -16.616092491874205,
        "dy_m": 71.79623715227194,
        "dx_ref_px": -8.308046245937103,
        "dy_ref_px": 35.89811857613597,
        "peak_ncc": 0.5808172225952148,
        "second_peak": 0.5134944915771484
      }
    },
    {
      "type": "Feature",
      "geometry": {
        "type": "Point",
        "coordinates": [
          31.207680550472013,
          -51.47334012131277
        ]
      },
      "properties": {
        "node_idx": 6,
        "row_idx": 55,
        "grid_x": 479,
        "grid_y": 4640,
        "dx_sub_px": 15.505721391891209,
        "dy_sub_px": 10.662573189296797,
        "dx_m": 73.1870049697265,
        "dy_m": 50.32734545348088,
        "dx_ref_px": 36.59350248486325,
        "dy_ref_px": 25.16367272674044,
        "peak_ncc": 0.4305524230003357,
        "second_peak": 0.3848469853401184
      }
    },
    {
      "type": "Feature",
      "geometry": {
        "type": "Point",
        "coordinates": [
          31.24898620241218,
          -51.47334012131277
        ]
      },
      "properties": {
        "node_idx": 9,
        "row_idx": 55,
        "grid_x": 646,
        "grid_y": 4640,
        "dx_sub_px": 22.490298903306666,
        "dy_sub_px": 16.090013851315025,
        "dx_m": 106.15421082360746,
        "dy_m": 75.94486537820691,
        "dx_ref_px": 53.07710541180373,
        "dy_ref_px": 37.97243268910346,
        "peak_ncc": 0.49088922142982483,
        "second_peak": 0.43779486417770386
      }
    },
    {
      "type": "Feature",
      "geometry": {
        "type": "Point",
        "coordinates": [
          31.290291854352297,
          -51.47334012131277
        ]
      },
      "properties": {
        "node_idx": 12,
        "row_idx": 55,
        "grid_x": 813,
        "grid_y": 4640,
        "dx_sub_px": -23.153673204246992,
        "dy_sub_px": -4.304837621303591,
        "dx_m": -109.2853375240458,
        "dy_m": -20.318833572552947,
        "dx_ref_px": -54.6426687620229,
        "dy_ref_px": -10.159416786276473,
        "peak_ncc": 0.6769591569900513,
        "second_peak": 0.592050313949585
      }
    },
    {
      "type": "Feature",
      "geometry": {
        "type": "Point",
        "coordinates": [
          31.30414285141009,
          -51.47334012131277
        ]
      },
      "properties": {
        "node_idx": 13,
        "row_idx": 55,
        "grid_x": 869,
        "grid_y": 4640,
        "dx_sub_px": 13.766869537549633,
        "dy_sub_px": 1.8815471499767293,
        "dx_m": 64.97962421723426,
        "dy_m": 8.880902547890162,
        "dx_ref_px": 32.48981210861713,
        "dy_ref_px": 4.440451273945081,
        "peak_ncc": 0.4655899405479431,
        "second_peak": 0.4142632782459259
      }
    },
    {
      "type": "Feature",
      "geometry": {
        "type": "Point",
        "coordinates": [
          31.317993848467857,
          -51.47334012131277
        ]
      },
      "properties": {
        "node_idx": 14,
        "row_idx": 55,
        "grid_x": 925,
        "grid_y": 4640,
        "dx_sub_px": 1.9391561796001051,
        "dy_sub_px": 21.81158885222826,
        "dx_m": 9.152817167712495,
        "dy_m": 102.95069938251739,
        "dx_ref_px": 4.576408583856248,
        "dy_ref_px": 51.47534969125869,
        "peak_ncc": 0.5456360578536987,
        "second_peak": 0.35949814319610596
      }
    },
    {
      "type": "Feature",
      "geometry": {
        "type": "Point",
        "coordinates": [
          31.247996845479477,
          -51.48579257114823
        ]
      },
      "properties": {
        "node_idx": 9,
        "row_idx": 56,
        "grid_x": 642,
        "grid_y": 4720,
        "dx_sub_px": 10.125568349718526,
        "dy_sub_px": -3.609983804452999,
        "dx_m": 47.79268261067144,
        "dy_m": -17.039123557018154,
        "dx_ref_px": 23.89634130533572,
        "dy_ref_px": -8.519561778509077,
        "peak_ncc": 0.8834360241889954,
        "second_peak": 0.702041506767273
      }
    },
    {
      "type": "Feature",
      "geometry": {
        "type": "Point",
        "coordinates": [
          31.26085848560454,
          -51.498089365360755
        ]
      },
      "properties": {
        "node_idx": 10,
        "row_idx": 57,
        "grid_x": 694,
        "grid_y": 4799,
        "dx_sub_px": -4.11131163743295,
        "dy_sub_px": 11.085764048057625,
        "dx_m": -19.40539092868352,
        "dy_m": 52.32480630683199,
        "dx_ref_px": -9.70269546434176,
        "dy_ref_px": 26.162403153415994,
        "peak_ncc": 0.7586737871170044,
        "second_peak": 0.3526315689086914
      }
    },
    {
      "type": "Feature",
      "geometry": {
        "type": "Point",
        "coordinates": [
          31.136446851317764,
          -51.51038615957329
        ]
      },
      "properties": {
        "node_idx": 1,
        "row_idx": 58,
        "grid_x": 191,
        "grid_y": 4878,
        "dx_sub_px": 19.627697294914377,
        "dy_sub_px": 5.917597516133654,
        "dx_m": 92.64273123199585,
        "dy_m": 27.931060276150845,
        "dx_ref_px": 46.32136561599793,
        "dy_ref_px": 13.965530138075422,
        "peak_ncc": 0.84578537940979,
        "second_peak": 0.7541589140892029
      }
    },
    {
      "type": "Feature",
      "geometry": {
        "type": "Point",
        "coordinates": [
          31.15005050914237,
          -51.51038615957329
        ]
      },
      "properties": {
        "node_idx": 2,
        "row_idx": 58,
        "grid_x": 246,
        "grid_y": 4878,
        "dx_sub_px": 6.3362413728052305,
        "dy_sub_px": -1.2263790431435284,
        "dx_m": 29.907059279640688,
        "dy_m": -5.788509083637454,
        "dx_ref_px": 14.953529639820344,
        "dy_ref_px": -2.894254541818727,
        "peak_ncc": 0.4777781069278717,
        "second_peak": 0.30059581995010376
      }
    },
    {
      "type": "Feature",
      "geometry": {
        "type": "Point",
        "coordinates": [
          31.163901506200137,
          -51.51038615957329
        ]
      },
      "properties": {
        "node_idx": 3,
        "row_idx": 58,
        "grid_x": 302,
        "grid_y": 4878,
        "dx_sub_px": 25.965461434628157,
        "dy_sub_px": -7.358278135797722,
        "dx_m": 122.5569779714449,
        "dy_m": -34.731072800965244,
        "dx_ref_px": 61.27848898572245,
        "dy_ref_px": -17.365536400482622,
        "peak_ncc": 0.537889838218689,
        "second_peak": 0.4618266224861145
      }
    },
    {
      "type": "Feature",
      "geometry": {
        "type": "Point",
        "coordinates": [
          31.218563476731696,
          -51.51038615957329
        ]
      },
      "properties": {
        "node_idx": 7,
        "row_idx": 58,
        "grid_x": 523,
        "grid_y": 4878,
        "dx_sub_px": 4.753819519609292,
        "dy_sub_px": 16.33177727561053,
        "dx_m": 22.438028132555853,
        "dy_m": 77.0859887408817,
        "dx_ref_px": 11.219014066277927,
        "dy_ref_px": 38.54299437044085,
        "peak_ncc": 0.6406165957450867,
        "second_peak": 0.5394803285598755
      }
    },
    {
      "type": "Feature",
      "geometry": {
        "type": "Point",
        "coordinates": [
          31.273472786496445,
          -51.51038615957329
        ]
      },
      "properties": {
        "node_idx": 11,
        "row_idx": 58,
        "grid_x": 745,
        "grid_y": 4878,
        "dx_sub_px": 14.709390344423142,
        "dy_sub_px": 14.192092158171292,
        "dx_m": 69.42832242567722,
        "dy_m": 66.98667498656849,
        "dx_ref_px": 34.71416121283861,
        "dy_ref_px": 33.493337493284244,
        "peak_ncc": 0.5487735271453857,
        "second_peak": 0.42967262864112854
      }
    },
    {
      "type": "Feature",
      "geometry": {
        "type": "Point",
        "coordinates": [
          31.28707644432105,
          -51.51038615957329
        ]
      },
      "properties": {
        "node_idx": 12,
        "row_idx": 58,
        "grid_x": 800,
        "grid_y": 4878,
        "dx_sub_px": -17.8205897492627,
        "dy_sub_px": -5.528844381063081,
        "dx_m": -84.11318361651995,
        "dy_m": -26.09614547861774,
        "dx_ref_px": -42.056591808259974,
        "dy_ref_px": -13.04807273930887,
        "peak_ncc": 0.7648257613182068,
        "second_peak": 0.6321220397949219
      }
    },
    {
      "type": "Feature",
      "geometry": {
        "type": "Point",
        "coordinates": [
          31.300927441378793,
          -51.51038615957329
        ]
      },
      "properties": {
        "node_idx": 13,
        "row_idx": 58,
        "grid_x": 856,
        "grid_y": 4878,
        "dx_sub_px": -16.037553801126442,
        "dy_sub_px": 20.35003478229594,
        "dx_m": -75.6972539413168,
        "dy_m": 96.05216417243683,
        "dx_ref_px": -37.8486269706584,
        "dy_ref_px": 48.026082086218416,
        "peak_ncc": 0.9307782649993896,
        "second_peak": 0.7144485712051392
      }
    },
    {
      "type": "Feature",
      "geometry": {
        "type": "Point",
        "coordinates": [
          31.314531099203396,
          -51.51038615957329
        ]
      },
      "properties": {
        "node_idx": 14,
        "row_idx": 58,
        "grid_x": 911,
        "grid_y": 4878,
        "dx_sub_px": -20.45048187243896,
        "dy_sub_px": 12.941844934683916,
        "dx_m": -96.52627443791188,
        "dy_m": 61.08550809170808,
        "dx_ref_px": -48.26313721895594,
        "dy_ref_px": 30.54275404585404,
        "peak_ncc": 0.5492712259292603,
        "second_peak": 0.3738834261894226
      }
    },
    {
      "type": "Feature",
      "geometry": {
        "type": "Point",
        "coordinates": [
          31.149308491442856,
          -51.52268295378581
        ]
      },
      "properties": {
        "node_idx": 2,
        "row_idx": 59,
        "grid_x": 243,
        "grid_y": 4957,
        "dx_sub_px": 7.143955017219833,
        "dy_sub_px": 2.685465238923465,
        "dx_m": 33.71946768127761,
        "dy_m": 12.675395927718753,
        "dx_ref_px": 16.859733840638803,
        "dy_ref_px": 6.337697963859377,
        "peak_ncc": 0.5739295482635498,
        "second_peak": 0.34178078174591064
      }
    },
    {
      "type": "Feature",
      "geometry": {
        "type": "Point",
        "coordinates": [
          31.231425116856787,
          -51.52268295378581
        ]
      },
      "properties": {
        "node_idx": 8,
        "row_idx": 59,
        "grid_x": 575,
        "grid_y": 4957,
        "dx_sub_px": -21.532216703429235,
        "dy_sub_px": -13.658998589371846,
        "dx_m": -101.63206284018598,
        "dy_m": -64.4704733418351,
        "dx_ref_px": -50.81603142009299,
        "dy_ref_px": -32.23523667091755,
        "peak_ncc": 0.7197354435920715,
        "second_peak": 0.6446641683578491
      }
    },
    {
      "type": "Feature",
      "geometry": {
        "type": "Point",
        "coordinates": [
          31.27223609033055,
          -51.52268295378581
        ]
      },
      "properties": {
        "node_idx": 11,
        "row_idx": 59,
        "grid_x": 740,
        "grid_y": 4957,
        "dx_sub_px": 10.037037910896334,
        "dy_sub_px": 28.32752395785336,
        "dx_m": 47.374818939430696,
        "dy_m": 133.70591308106785,
        "dx_ref_px": 23.687409469715348,
        "dy_ref_px": 66.85295654053392,
        "peak_ncc": 0.5129402279853821,
        "second_peak": 0.3991430699825287
      }
    },
    {
      "type": "Feature",
      "geometry": {
        "type": "Point",
        "coordinates": [
          31.299690745212953,
          -51.52268295378581
        ]
      },
      "properties": {
        "node_idx": 13,
        "row_idx": 59,
        "grid_x": 851,
        "grid_y": 4957,
        "dx_sub_px": 12.863896420561291,
        "dy_sub_px": -20.116847902218236,
        "dx_m": 60.717591105049294,
        "dy_m": -94.95152209847006,
        "dx_ref_px": 30.358795552524647,
        "dy_ref_px": -47.47576104923503,
        "peak_ncc": 0.5274232029914856,
        "second_peak": 0.4724389314651489
      }
    },
    {
      "type": "Feature",
      "geometry": {
        "type": "Point",
        "coordinates": [
          31.1352101551519,
          -51.53497974799833
        ]
      },
      "properties": {
        "node_idx": 1,
        "row_idx": 60,
        "grid_x": 186,
        "grid_y": 5036,
        "dx_sub_px": 10.859934253944743,
        "dy_sub_px": 2.031973454189024,
        "dx_m": 51.258889678619184,
        "dy_m": 9.590914703772192,
        "dx_ref_px": 25.629444839309592,
        "dy_ref_px": 4.795457351886096,
        "peak_ncc": 0.5450198650360107,
        "second_peak": 0.3888663351535797
      }
    },
    {
      "type": "Feature",
      "geometry": {
        "type": "Point",
        "coordinates": [
          31.148813812976503,
          -51.53497974799833
        ]
      },
      "properties": {
        "node_idx": 2,
        "row_idx": 60,
        "grid_x": 241,
        "grid_y": 5036,
        "dx_sub_px": -7.874652030347731,
        "dy_sub_px": -4.753487208867198,
        "dx_m": -37.16835758324129,
        "dy_m": -22.436459625853175,
        "dx_ref_px": -18.584178791620644,
        "dy_ref_px": -11.218229812926587,
        "peak_ncc": 0.5109083652496338,
        "second_peak": 0.36883822083473206
      }
    },
    {
      "type": "Feature",
      "geometry": {
        "type": "Point",
        "coordinates": [
          31.244286756981854,
          -51.53497974799833
        ]
      },
      "properties": {
        "node_idx": 9,
        "row_idx": 60,
        "grid_x": 627,
        "grid_y": 5036,
        "dx_sub_px": 29.627316078530548,
        "dy_sub_px": -0.6996387021662235,
        "dx_m": 139.84093189066417,
        "dy_m": -3.3022946742245747,
        "dx_ref_px": 69.92046594533208,
        "dy_ref_px": -1.6511473371122873,
        "peak_ncc": 0.41359832882881165,
        "second_peak": 0.34857267141342163
      }
    },
    {
      "type": "Feature",
      "geometry": {
        "type": "Point",
        "coordinates": [
          31.271494072631064,
          -51.53497974799833
        ]
      },
      "properties": {
        "node_idx": 11,
        "row_idx": 60,
        "grid_x": 737,
        "grid_y": 5036,
        "dx_sub_px": 20.366265674887124,
        "dy_sub_px": 19.973506663559593,
        "dx_m": 96.12877398546722,
        "dy_m": 94.27495145200128,
        "dx_ref_px": 48.06438699273361,
        "dy_ref_px": 47.13747572600064,
        "peak_ncc": 0.524495005607605,
        "second_peak": 0.4437081813812256
      }
    },
    {
      "type": "Feature",
      "geometry": {
        "type": "Point",
        "coordinates": [
          31.31230504610483,
          -51.53497974799833
        ]
      },
      "properties": {
        "node_idx": 14,
        "row_idx": 60,
        "grid_x": 902,
        "grid_y": 5036,
        "dx_sub_px": -13.971387971803885,
        "dy_sub_px": 15.786031635234385,
        "dx_m": -65.94495122691434,
        "dy_m": 74.5100693183063,
        "dx_ref_px": -32.97247561345717,
        "dy_ref_px": 37.25503465915315,
        "peak_ncc": 0.574006199836731,
        "second_peak": 0.4524030387401581
      }
    },
    {
      "type": "Feature",
      "geometry": {
        "type": "Point",
        "coordinates": [
          31.1478244560438,
          -51.54727654221085
        ]
      },
      "properties": {
        "node_idx": 2,
        "row_idx": 61,
        "grid_x": 237,
        "grid_y": 5115,
        "dx_sub_px": 31.43692629598651,
        "dy_sub_px": 3.752135108199552,
        "dx_m": 148.38229211705632,
        "dy_m": 17.710077710701885,
        "dx_ref_px": 74.19114605852816,
        "dy_ref_px": 8.855038855350942,
        "peak_ncc": 0.5689390897750854,
        "second_peak": 0.48877447843551636
      }
    },
    {
      "type": "Feature",
      "geometry": {
        "type": "Point",
        "coordinates": [
          31.175031771692986,
          -51.54727654221085
        ]
      },
      "properties": {
        "node_idx": 4,
        "row_idx": 61,
        "grid_x": 347,
        "grid_y": 5115,
        "dx_sub_px": -16.18558682665963,
        "dy_sub_px": -20.71919479698367,
        "dx_m": -76.39596982183345,
        "dy_m": -97.79459944176291,
        "dx_ref_px": -38.19798491091672,
        "dy_ref_px": -48.897299720881456,
        "peak_ncc": 0.6064209938049316,
        "second_peak": 0.5086197853088379
      }
    },
    {
      "type": "Feature",
      "geometry": {
        "type": "Point",
        "coordinates": [
          31.229446402991407,
          -51.54727654221085
        ]
      },
      "properties": {
        "node_idx": 8,
        "row_idx": 61,
        "grid_x": 567,
        "grid_y": 5115,
        "dx_sub_px": 15.097140180176167,
        "dy_sub_px": -3.7461550139798505,
        "dx_m": 71.2585016504315,
        "dy_m": -17.681851665984894,
        "dx_ref_px": 35.62925082521575,
        "dy_ref_px": -8.840925832992447,
        "peak_ncc": 0.5683339238166809,
        "second_peak": 0.3996542990207672
      }
    },
    {
      "type": "Feature",
      "geometry": {
        "type": "Point",
        "coordinates": [
          31.24305006081596,
          -51.54727654221085
        ]
      },
      "properties": {
        "node_idx": 9,
        "row_idx": 61,
        "grid_x": 622,
        "grid_y": 5115,
        "dx_sub_px": -8.124679982736875,
        "dy_sub_px": 1.7656440446154047,
        "dx_m": -38.34848951851805,
        "dy_m": 8.33383989058471,
        "dx_ref_px": -19.174244759259025,
        "dy_ref_px": 4.166919945292355,
        "peak_ncc": 0.5280646085739136,
        "second_peak": 0.4299602508544922
      }
    },
    {
      "type": "Feature",
      "geometry": {
        "type": "Point",
        "coordinates": [
          31.27025737646517,
          -51.54727654221085
        ]
      },
      "properties": {
        "node_idx": 11,
        "row_idx": 61,
        "grid_x": 732,
        "grid_y": 5115,
        "dx_sub_px": 8.06467768492617,
        "dy_sub_px": 17.148601951889226,
        "dx_m": 38.06527867285152,
        "dy_m": 80.94140121291714,
        "dx_ref_px": 19.03263933642576,
        "dy_ref_px": 40.47070060645857,
        "peak_ncc": 0.5425013899803162,
        "second_peak": 0.444774329662323
      }
    },
    {
      "type": "Feature",
      "geometry": {
        "type": "Point",
        "coordinates": [
          31.214853388234072,
          -51.55957333642338
        ]
      },
      "properties": {
        "node_idx": 7,
        "row_idx": 62,
        "grid_x": 508,
        "grid_y": 5194,
        "dx_sub_px": -25.587287001256637,
        "dy_sub_px": -5.531011746640564,
        "dx_m": -120.77199464593131,
        "dy_m": -26.10637544414346,
        "dx_ref_px": -60.38599732296566,
        "dy_ref_px": -13.05318772207173,
        "peak_ncc": 0.4932202398777008,
        "second_peak": 0.42760276794433594
      }
    },
    {
      "type": "Feature",
      "geometry": {
        "type": "Point",
        "coordinates": [
          31.323682650830865,
          -51.55957333642338
        ]
      },
      "properties": {
        "node_idx": 15,
        "row_idx": 62,
        "grid_x": 948,
        "grid_y": 5194,
        "dx_sub_px": 20.691648633131653,
        "dy_sub_px": 16.216331185425172,
        "dx_m": 97.66458154838139,
        "dy_m": 76.54108319520681,
        "dx_ref_px": 48.832290774190696,
        "dy_ref_px": 38.270541597603405,
        "peak_ncc": 0.5709465146064758,
        "second_peak": 0.4492163360118866
      }
    },
    {
      "type": "Feature",
      "geometry": {
        "type": "Point",
        "coordinates": [
          31.11913310499556,
          -51.57202578625884
        ]
      },
      "properties": {
        "node_idx": 0,
        "row_idx": 63,
        "grid_x": 121,
        "grid_y": 5274,
        "dx_sub_px": -18.57188563848598,
        "dy_sub_px": -25.82864904035767,
        "dx_m": -87.65930021365382,
        "dy_m": -121.9112234704882,
        "dx_ref_px": -43.82965010682691,
        "dy_ref_px": -60.9556117352441,
        "peak_ncc": 0.5852652192115784,
        "second_peak": 0.4925668239593506
      }
    },
    {
      "type": "Feature",
      "geometry": {
        "type": "Point",
        "coordinates": [
          31.13248942358698,
          -51.57202578625884
        ]
      },
      "properties": {
        "node_idx": 1,
        "row_idx": 63,
        "grid_x": 175,
        "grid_y": 5274,
        "dx_sub_px": -17.425732882003665,
        "dy_sub_px": -15.47975560570674,
        "dx_m": -82.2494592030573,
        "dy_m": -73.0644464589358,
        "dx_ref_px": -41.12472960152865,
        "dy_ref_px": -36.5322232294679,
        "peak_ncc": 0.7019410133361816,
        "second_peak": 0.4000414311885834
      }
    },
    {
      "type": "Feature",
      "geometry": {
        "type": "Point",
        "coordinates": [
          31.214111370534557,
          -51.57202578625884
        ]
      },
      "properties": {
        "node_idx": 7,
        "row_idx": 63,
        "grid_x": 505,
        "grid_y": 5274,
        "dx_sub_px": 12.491362209407372,
        "dy_sub_px": -5.2994980265194265,
        "dx_m": 58.959229628402795,
        "dy_m": -25.01363068517169,
        "dx_ref_px": 29.479614814201398,
        "dy_ref_px": -12.506815342585845,
        "peak_ncc": 0.46419504284858704,
        "second_peak": 0.3803095519542694
      }
    },
    {
      "type": "Feature",
      "geometry": {
        "type": "Point",
        "coordinates": [
          31.268278662599766,
          -51.57202578625884
        ]
      },
      "properties": {
        "node_idx": 11,
        "row_idx": 63,
        "grid_x": 724,
        "grid_y": 5274,
        "dx_sub_px": 3.044718420328322,
        "dy_sub_px": -23.154730407490643,
        "dx_m": 14.371070943949679,
        "dy_m": -109.29032752335583,
        "dx_ref_px": 7.185535471974839,
        "dy_ref_px": -54.645163761677914,
        "peak_ncc": 0.7051321268081665,
        "second_peak": 0.6139369606971741
      }
    },
    {
      "type": "Feature",
      "geometry": {
        "type": "Point",
        "coordinates": [
          31.30908963607358,
          -51.57202578625884
        ]
      },
      "properties": {
        "node_idx": 14,
        "row_idx": 63,
        "grid_x": 889,
        "grid_y": 5274,
        "dx_sub_px": 12.036224760084465,
        "dy_sub_px": -9.380731449780821,
        "dx_m": 56.81098086759867,
        "dy_m": -44.27705244296548,
        "dx_ref_px": 28.405490433799336,
        "dy_ref_px": -22.13852622148274,
        "peak_ncc": 0.4637240767478943,
        "second_peak": 0.27418631315231323
      }
    },
    {
      "type": "Feature",
      "geometry": {
        "type": "Point",
        "coordinates": [
          31.14535106371204,
          -51.584322580471365
        ]
      },
      "properties": {
        "node_idx": 2,
        "row_idx": 64,
        "grid_x": 227,
        "grid_y": 5353,
        "dx_sub_px": 7.7701999772000985,
        "dy_sub_px": 4.563258870760006,
        "dx_m": 36.67534389238446,
        "dy_m": 21.538581869987226,
        "dx_ref_px": 18.33767194619223,
        "dy_ref_px": 10.769290934993613,
        "peak_ncc": 0.47471413016319275,
        "second_peak": 0.38248199224472046
      }
    },
    {
      "type": "Feature",
      "geometry": {
        "type": "Point",
        "coordinates": [
          31.239587311551524,
          -51.584322580471365
        ]
      },
      "properties": {
        "node_idx": 9,
        "row_idx": 64,
        "grid_x": 608,
        "grid_y": 5353,
        "dx_sub_px": 12.967082756795705,
        "dy_sub_px": -4.1047320306356845,
        "dx_m": 61.204630612075725,
        "dy_m": -19.37433518460043,
        "dx_ref_px": 30.602315306037863,
        "dy_ref_px": -9.687167592300215,
        "peak_ncc": 0.4776105582714081,
        "second_peak": 0.4003486633300781
      }
    },
    {
      "type": "Feature",
      "geometry": {
        "type": "Point",
        "coordinates": [
          31.32021990156643,
          -51.584322580471365
        ]
      },
      "properties": {
        "node_idx": 15,
        "row_idx": 64,
        "grid_x": 934,
        "grid_y": 5353,
        "dx_sub_px": 15.422635360448782,
        "dy_sub_px": -16.692517694505757,
        "dx_m": 72.79483890131824,
        "dy_m": -78.78868351806716,
        "dx_ref_px": 36.39741945065912,
        "dy_ref_px": -39.39434175903358,
        "peak_ncc": 0.6249950528144836,
        "second_peak": 0.5257004499435425
      }
    },
    {
      "type": "Feature",
      "geometry": {
        "type": "Point",
        "coordinates": [
          31.144361706779364,
          -51.5966193746839
        ]
      },
      "properties": {
        "node_idx": 2,
        "row_idx": 65,
        "grid_x": 223,
        "grid_y": 5432,
        "dx_sub_px": 4.381769118185145,
        "dy_sub_px": 24.939834553893263,
        "dx_m": 20.68195023783388,
        "dy_m": 117.7160190943762,
        "dx_ref_px": 10.34097511891694,
        "dy_ref_px": 58.8580095471881,
        "peak_ncc": 0.823143482208252,
        "second_peak": 0.6812710762023926
      }
    },
    {
      "type": "Feature",
      "geometry": {
        "type": "Point",
        "coordinates": [
          31.15771802537078,
          -51.5966193746839
        ]
      },
      "properties": {
        "node_idx": 3,
        "row_idx": 65,
        "grid_x": 277,
        "grid_y": 5432,
        "dx_sub_px": -7.040924943287808,
        "dy_sub_px": 8.215170201752072,
        "dx_m": -33.233165732318454,
        "dy_m": 38.775603352269776,
        "dx_ref_px": -16.616582866159227,
        "dy_ref_px": 19.387801676134888,
        "peak_ncc": 0.6088054180145264,
        "second_peak": 0.5239818096160889
      }
    },
    {
      "type": "Feature",
      "geometry": {
        "type": "Point",
        "coordinates": [
          31.21089596050331,
          -51.5966193746839
        ]
      },
      "properties": {
        "node_idx": 7,
        "row_idx": 65,
        "grid_x": 492,
        "grid_y": 5432,
        "dx_sub_px": 17.228944216882095,
        "dy_sub_px": 22.656260020887327,
        "dx_m": 81.32061670368348,
        "dy_m": 106.93754729858817,
        "dx_ref_px": 40.66030835184174,
        "dy_ref_px": 53.468773649294086,
        "peak_ncc": 0.4844934046268463,
        "second_peak": 0.3647306263446808
      }
    },
    {
      "type": "Feature",
      "geometry": {
        "type": "Point",
        "coordinates": [
          31.250717577044398,
          -51.5966193746839
        ]
      },
      "properties": {
        "node_idx": 10,
        "row_idx": 65,
        "grid_x": 653,
        "grid_y": 5432,
        "dx_sub_px": 12.575580562932686,
        "dy_sub_px": 3.2566254432639847,
        "dx_m": 59.356740257042276,
        "dy_m": 15.371272092206008,
        "dx_ref_px": 29.678370128521138,
        "dy_ref_px": 7.685636046103004,
        "peak_ncc": 0.4153018593788147,
        "second_peak": 0.3443162441253662
      }
    },
    {
      "type": "Feature",
      "geometry": {
        "type": "Point",
        "coordinates": [
          31.31725183076832,
          -51.5966193746839
        ]
      },
      "properties": {
        "node_idx": 15,
        "row_idx": 65,
        "grid_x": 922,
        "grid_y": 5432,
        "dx_sub_px": 2.8930967272801795,
        "dy_sub_px": 3.202398363858416,
        "dx_m": 13.655416552762446,
        "dy_m": 15.115320277411723,
        "dx_ref_px": 6.827708276381223,
        "dy_ref_px": 7.557660138705861,
        "peak_ncc": 0.8344241380691528,
        "second_peak": 0.5106698274612427
      }
    },
    {
      "type": "Feature",
      "geometry": {
        "type": "Point",
        "coordinates": [
          31.13001603125522,
          -51.608916168896414
        ]
      },
      "properties": {
        "node_idx": 1,
        "row_idx": 66,
        "grid_x": 165,
        "grid_y": 5511,
        "dx_sub_px": 5.333009008626861,
        "dy_sub_px": 16.08824492325747,
        "dx_m": 25.17180252071878,
        "dy_m": 75.93651603777525,
        "dx_ref_px": 12.58590126035939,
        "dy_ref_px": 37.968258018887624,
        "peak_ncc": 0.5996109247207642,
        "second_peak": 0.48341888189315796
      }
    },
    {
      "type": "Feature",
      "geometry": {
        "type": "Point",
        "coordinates": [
          31.143125010613474,
          -51.608916168896414
        ]
      },
      "properties": {
        "node_idx": 2,
        "row_idx": 66,
        "grid_x": 218,
        "grid_y": 5511,
        "dx_sub_px": -11.725256710325636,
        "dy_sub_px": -24.453757465601814,
        "dx_m": -55.343211672737,
        "dy_m": -115.42173523764056,
        "dx_ref_px": -27.6716058363685,
        "dy_ref_px": -57.71086761882028,
        "peak_ncc": 0.7769222855567932,
        "second_peak": 0.6888484954833984
      }
    },
    {
      "type": "Feature",
      "geometry": {
        "type": "Point",
        "coordinates": [
          31.15648132920489,
          -51.608916168896414
        ]
      },
      "properties": {
        "node_idx": 3,
        "row_idx": 66,
        "grid_x": 272,
        "grid_y": 5511,
        "dx_sub_px": -15.592925588707125,
        "dy_sub_px": -26.959091661498633,
        "dx_m": -73.59860877869762,
        "dy_m": -127.24691264227354,
        "dx_ref_px": -36.79930438934881,
        "dy_ref_px": -63.62345632113677,
        "peak_ncc": 0.7292144894599915,
        "second_peak": 0.6527408957481384
      }
    },
    {
      "type": "Feature",
      "geometry": {
        "type": "Point",
        "coordinates": [
          31.182699287921423,
          -51.608916168896414
        ]
      },
      "properties": {
        "node_idx": 5,
        "row_idx": 66,
        "grid_x": 378,
        "grid_y": 5511,
        "dx_sub_px": -20.27308906447634,
        "dy_sub_px": 12.059105138509443,
        "dx_m": -95.68898038432833,
        "dy_m": 56.91897625376457,
        "dx_ref_px": -47.844490192164166,
        "dy_ref_px": 28.459488126882285,
        "peak_ncc": 0.5151807069778442,
        "second_peak": 0.44275572896003723
      }
    },
    {
      "type": "Feature",
      "geometry": {
        "type": "Point",
        "coordinates": [
          31.222273565229322,
          -51.608916168896414
        ]
      },
      "properties": {
        "node_idx": 8,
        "row_idx": 66,
        "grid_x": 538,
        "grid_y": 5511,
        "dx_sub_px": -4.387955698472375,
        "dy_sub_px": 27.912621282388134,
        "dx_m": -20.711150896789608,
        "dy_m": 131.747572452872,
        "dx_ref_px": -10.355575448394804,
        "dy_ref_px": 65.873786226436,
        "peak_ncc": 0.6697072982788086,
        "second_peak": 0.5841870903968811
      }
    },
    {
      "type": "Feature",
      "geometry": {
        "type": "Point",
        "coordinates": [
          31.248738863178993,
          -51.608916168896414
        ]
      },
      "properties": {
        "node_idx": 10,
        "row_idx": 66,
        "grid_x": 645,
        "grid_y": 5511,
        "dx_sub_px": -28.902039140265614,
        "dy_sub_px": 7.258321166835003,
        "dx_m": -136.4176247420537,
        "dy_m": 34.259275907461216,
        "dx_ref_px": -68.20881237102685,
        "dy_ref_px": 17.129637953730608,
        "peak_ncc": 0.4611387252807617,
        "second_peak": 0.39657118916511536
      }
    },
    {
      "type": "Feature",
      "geometry": {
        "type": "Point",
        "coordinates": [
          31.314778438436587,
          -51.608916168896414
        ]
      },
      "properties": {
        "node_idx": 15,
        "row_idx": 66,
        "grid_x": 912,
        "grid_y": 5511,
        "dx_sub_px": -5.826043652208654,
        "dy_sub_px": -2.8855630737993634,
        "dx_m": -27.498926038424845,
        "dy_m": -13.619857708332994,
        "dx_ref_px": -13.749463019212422,
        "dy_ref_px": -6.809928854166497,
        "peak_ncc": 0.7605764269828796,
        "second_peak": 0.6664174199104309
      }
    },
    {
      "type": "Feature",
      "geometry": {
        "type": "Point",
        "coordinates": [
          31.18146259175553,
          -51.62121296310894
        ]
      },
      "properties": {
        "node_idx": 5,
        "row_idx": 67,
        "grid_x": 373,
        "grid_y": 5590,
        "dx_sub_px": -19.339960644495992,
        "dy_sub_px": 15.835942080806852,
        "dx_m": -91.28461424202108,
        "dy_m": 74.74564662140834,
        "dx_ref_px": -45.64230712101054,
        "dy_ref_px": 37.37282331070417,
        "peak_ncc": 0.45802241563796997,
        "second_peak": 0.2996661067008972
      }
    },
    {
      "type": "Feature",
      "geometry": {
        "type": "Point",
        "coordinates": [
          31.194324231880596,
          -51.62121296310894
        ]
      },
      "properties": {
        "node_idx": 6,
        "row_idx": 67,
        "grid_x": 425,
        "grid_y": 5590,
        "dx_sub_px": 22.483708689366463,
        "dy_sub_px": 9.754401846454899,
        "dx_m": 106.12310501380969,
        "dy_m": 46.04077671526712,
        "dx_ref_px": 53.061552506904846,
        "dy_ref_px": 23.02038835763356,
        "peak_ncc": 0.6076438426971436,
        "second_peak": 0.4607413709163666
      }
    },
    {
      "type": "Feature",
      "geometry": {
        "type": "Point",
        "coordinates": [
          31.20743321123885,
          -51.62121296310894
        ]
      },
      "properties": {
        "node_idx": 7,
        "row_idx": 67,
        "grid_x": 478,
        "grid_y": 5590,
        "dx_sub_px": -14.319936252481973,
        "dy_sub_px": 16.2345278431913,
        "dx_m": -67.5900991117149,
        "dy_m": 76.62697141986294,
        "dx_ref_px": -33.79504955585745,
        "dy_ref_px": 38.31348570993147,
        "peak_ncc": 0.57928866147995,
        "second_peak": 0.29855671525001526
      }
    },
    {
      "type": "Feature",
      "geometry": {
        "type": "Point",
        "coordinates": [
          31.23365116995536,
          -51.62121296310894
        ]
      },
      "properties": {
        "node_idx": 9,
        "row_idx": 67,
        "grid_x": 584,
        "grid_y": 5590,
        "dx_sub_px": 3.639422934077057,
        "dy_sub_px": -16.198000071071046,
        "dx_m": 17.17807624884371,
        "dy_m": -76.45456033545534,
        "dx_ref_px": 8.589038124421855,
        "dy_ref_px": -38.22728016772767,
        "peak_ncc": 0.54173344373703,
        "second_peak": 0.36963337659835815
      }
    },
    {
      "type": "Feature",
      "geometry": {
        "type": "Point",
        "coordinates": [
          31.246760149313612,
          -51.62121296310894
        ]
      },
      "properties": {
        "node_idx": 10,
        "row_idx": 67,
        "grid_x": 637,
        "grid_y": 5590,
        "dx_sub_px": -15.00377593105241,
        "dy_sub_px": -21.2281658078951,
        "dx_m": -70.81782239456737,
        "dy_m": -100.19694261326487,
        "dx_ref_px": -35.408911197283686,
        "dy_ref_px": -50.09847130663243,
        "peak_ncc": 0.5927953124046326,
        "second_peak": 0.5023773312568665
      }
    },
    {
      "type": "Feature",
      "geometry": {
        "type": "Point",
        "coordinates": [
          31.298948727513412,
          -51.62121296310894
        ]
      },
      "properties": {
        "node_idx": 14,
        "row_idx": 67,
        "grid_x": 848,
        "grid_y": 5590,
        "dx_sub_px": 3.8955926846295017,
        "dy_sub_px": 19.11262919704105,
        "dx_m": 18.38719747145125,
        "dy_m": 90.21160981003375,
        "dx_ref_px": 9.193598735725624,
        "dy_ref_px": 45.105804905016875,
        "peak_ncc": 0.7033108472824097,
        "second_peak": 0.4722818434238434
      }
    },
    {
      "type": "Feature",
      "geometry": {
        "type": "Point",
        "coordinates": [
          31.179978556356502,
          -51.633509757321455
        ]
      },
      "properties": {
        "node_idx": 5,
        "row_idx": 68,
        "grid_x": 367,
        "grid_y": 5669,
        "dx_sub_px": 7.8498695578269,
        "dy_sub_px": 5.87422985849758,
        "dx_m": 37.051384312942965,
        "dy_m": 27.726364932108577,
        "dx_ref_px": 18.525692156471482,
        "dy_ref_px": 13.863182466054289,
        "peak_ncc": 0.7881089448928833,
        "second_peak": 0.6806633472442627
      }
    },
    {
      "type": "Feature",
      "geometry": {
        "type": "Point",
        "coordinates": [
          31.192840196481566,
          -51.633509757321455
        ]
      },
      "properties": {
        "node_idx": 6,
        "row_idx": 68,
        "grid_x": 419,
        "grid_y": 5669,
        "dx_sub_px": 11.178502468708784,
        "dy_sub_px": 22.63396054757778,
        "dx_m": 52.762531652305455,
        "dy_m": 106.83229378456711,
        "dx_ref_px": 26.381265826152728,
        "dy_ref_px": 53.41614689228356,
        "peak_ncc": 0.4717694818973541,
        "second_peak": 0.39923059940338135
      }
    },
    {
      "type": "Feature",
      "geometry": {
        "type": "Point",
        "coordinates": [
          31.24453409621504,
          -51.633509757321455
        ]
      },
      "properties": {
        "node_idx": 10,
        "row_idx": 68,
        "grid_x": 628,
        "grid_y": 5669,
        "dx_sub_px": 15.98956143621147,
        "dy_sub_px": -2.5693277169284583,
        "dx_m": 75.47072997891814,
        "dy_m": -12.127226823902323,
        "dx_ref_px": 37.73536498945907,
        "dy_ref_px": -6.063613411951161,
        "peak_ncc": 0.553973913192749,
        "second_peak": 0.39556577801704407
      }
    },
    {
      "type": "Feature",
      "geometry": {
        "type": "Point",
        "coordinates": [
          31.283119016590238,
          -51.633509757321455
        ]
      },
      "properties": {
        "node_idx": 13,
        "row_idx": 68,
        "grid_x": 784,
        "grid_y": 5669,
        "dx_sub_px": -17.15154606305888,
        "dy_sub_px": 16.99769773856174,
        "dx_m": -80.95529741763791,
        "dy_m": 80.22913332601141,
        "dx_ref_px": -40.477648708818954,
        "dy_ref_px": 40.114566663005704,
        "peak_ncc": 0.5037512183189392,
        "second_peak": 0.44055643677711487
      }
    },
    {
      "type": "Feature",
      "geometry": {
        "type": "Point",
        "coordinates": [
          31.298206709813897,
          -51.64596220715693
        ]
      },
      "properties": {
        "node_idx": 0,
        "row_idx": 69,
        "grid_x": 845,
        "grid_y": 5749,
        "dx_sub_px": -10.372634884153397,
        "dy_sub_px": 12.951219523296912,
        "dx_m": -48.95883665320403,
        "dy_m": 61.129756149961416,
        "dx_ref_px": -24.479418326602016,
        "dy_ref_px": 30.564878074980708,
        "peak_ncc": 0.5067246556282043,
        "second_peak": 0.19286125898361206
      }
    },
    {
      "type": "Feature",
      "geometry": {
        "type": "Point",
        "coordinates": [
          31.29870138828022,
          -51.64596220715693
        ]
      },
      "properties": {
        "node_idx": 1,
        "row_idx": 69,
        "grid_x": 847,
        "grid_y": 5749,
        "dx_sub_px": -11.195439567847894,
        "dy_sub_px": 13.078680206661243,
        "dx_m": -52.842474760242055,
        "dy_m": 61.73137057544106,
        "dx_ref_px": -26.421237380121028,
        "dy_ref_px": 30.86568528772053,
        "peak_ncc": 0.4622490406036377,
        "second_peak": 0.12141221016645432
      }
    }
  ]
}