{"type": "FeatureCollection", "comment": "Stage P inliers, lon/lat on Moon sphere R=1737400 m. Reference lola_rms 1.85 m; not ground truth.", "features": [{"type": "Feature", "geometry": {"type": "Point", "coordinates": [32.43879571, -69.58549753]}, "properties": {"id": 0, "src_line": 25353.5, "src_sample": 2817.5, "fit_residual_px": 1.1263, "heldout_residual_px": 8.2985}}, {"type": "Feature", "geometry": {"type": "Point", "coordinates": [32.42823065, -69.58519369]}, "properties": {"id": 1, "src_line": 25353.5, "src_sample": 3201.5, "fit_residual_px": 0.2617, "heldout_residual_px": 6.0421}}, {"type": "Feature", "geometry": {"type": "Point", "coordinates": [32.41771227, -69.58487284]}, "properties": {"id": 2, "src_line": 25353.5, "src_sample": 3585.5, "fit_residual_px": 0.3306, "heldout_residual_px": 4.7081}}, {"type": "Feature", "geometry": {"type": "Point", "coordinates": [32.40746121, -69.58457873]}, "properties": {"id": 3, "src_line": 25353.5, "src_sample": 3969.5, "fit_residual_px": 0.6136, "heldout_residual_px": 3.8186}}, {"type": "Feature", "geometry": {"type": "Point", "coordinates": [32.39742757, -69.58433699]}, "properties": {"id": 4, "src_line": 25353.5, "src_sample": 4353.5, "fit_residual_px": 0.6312, "heldout_residual_px": 3.8915}}, {"type": "Feature", "geometry": {"type": "Point", "coordinates": [32.38737312, -69.58405584]}, "properties": {"id": 5, "src_line": 25353.5, "src_sample": 4737.5, "fit_residual_px": 0.5331, "heldout_residual_px": 3.5859}}, {"type": "Feature", "geometry": {"type": "Point", "coordinates": [32.37722475, -69.58379098]}, "properties": {"id": 6, "src_line": 25353.5, "src_sample": 5121.5, "fit_residual_px": 0.1307, "heldout_residual_px": 4.3132}}, {"type": "Feature", "geometry": {"type": "Point", "coordinates": [32.36699854, -69.58349102]}, "properties": {"id": 7, "src_line": 25353.5, "src_sample": 5505.5, "fit_residual_px": 0.4764, "heldout_residual_px": 4.5374}}, {"type": "Feature", "geometry": {"type": "Point", "coordinates": [32.35634334, -69.58316527]}, "properties": {"id": 8, "src_line": 25353.5, "src_sample": 5889.5, "fit_residual_px": 0.4572, "heldout_residual_px": 5.3052}}, {"type": "Feature", "geometry": {"type": "Point", "coordinates": [32.34608509, -69.58286206]}, "properties": {"id": 9, "src_line": 25353.5, "src_sample": 6273.5, "fit_residual_px": 0.5559, "heldout_residual_px": 5.1749}}, {"type": "Feature", "geometry": {"type": "Point", "coordinates": [32.33597672, -69.58261832]}, "properties": {"id": 10, "src_line": 25353.5, "src_sample": 6657.5, "fit_residual_px": 0.1538, "heldout_residual_px": 6.2488}}, {"type": "Feature", "geometry": {"type": "Point", "coordinates": [32.32564645, -69.58232813]}, "properties": {"id": 11, "src_line": 25353.5, "src_sample": 7041.5, "fit_residual_px": 0.4705, "heldout_residual_px": 6.8398}}, {"type": "Feature", "geometry": {"type": "Point", "coordinates": [32.31530031, -69.58202419]}, "properties": {"id": 12, "src_line": 25353.5, "src_sample": 7425.5, "fit_residual_px": 0.2232, "heldout_residual_px": 7.0187}}, {"type": "Feature", "geometry": {"type": "Point", "coordinates": [32.30477838, -69.58170814]}, "properties": {"id": 13, "src_line": 25353.5, "src_sample": 7809.5, "fit_residual_px": 0.3181, "heldout_residual_px": 7.5242}}, {"type": "Feature", "geometry": {"type": "Point", "coordinates": [32.29425829, -69.58139488]}, "properties": {"id": 14, "src_line": 25353.5, "src_sample": 8193.5, "fit_residual_px": 0.1193, "heldout_residual_px": 8.1608}}, {"type": "Feature", "geometry": {"type": "Point", "coordinates": [32.28383038, -69.58109105]}, "properties": {"id": 15, "src_line": 25353.5, "src_sample": 8577.5, "fit_residual_px": 0.8448, "heldout_residual_px": 9.1685}}, {"type": "Feature", "geometry": {"type": "Point", "coordinates": [32.2735416, -69.58079739]}, "properties": {"id": 16, "src_line": 25353.5, "src_sample": 8961.5, "fit_residual_px": 0.1978, "heldout_residual_px": 9.6249}}, {"type": "Feature", "geometry": {"type": "Point", "coordinates": [32.2430704, -69.57998433]}, "properties": {"id": 18, "src_line": 25353.5, "src_sample": 10113.5, "fit_residual_px": 0.7337, "heldout_residual_px": 14.0772}}, {"type": "Feature", "geometry": {"type": "Point", "coordinates": [32.23309601, -69.57973134]}, "properties": {"id": 19, "src_line": 25353.5, "src_sample": 10497.5, "fit_residual_px": 0.4059, "heldout_residual_px": 15.1142}}, {"type": "Feature", "geometry": {"type": "Point", "coordinates": [32.22288127, -69.57948218]}, "properties": {"id": 20, "src_line": 25353.5, "src_sample": 10881.5, "fit_residual_px": 0.4064, "heldout_residual_px": 18.0914}}, {"type": "Feature", "geometry": {"type": "Point", "coordinates": [32.21282187, -69.57921332]}, "properties": {"id": 21, "src_line": 25353.5, "src_sample": 11265.5, "fit_residual_px": 0.1256, "heldout_residual_px": 19.8618}}, {"type": "Feature", "geometry": {"type": "Point", "coordinates": [32.20240232, -69.57891632]}, "properties": {"id": 22, "src_line": 25353.5, "src_sample": 11649.5, "fit_residual_px": 0.3818, "heldout_residual_px": 23.2195}}, {"type": "Feature", "geometry": {"type": "Point", "coordinates": [32.43922873, -69.58211412]}, "properties": {"id": 23, "src_line": 25737.5, "src_sample": 2817.5, "fit_residual_px": 0.4474, "heldout_residual_px": 5.4134}}, {"type": "Feature", "geometry": {"type": "Point", "coordinates": [32.42874626, -69.58179139]}, "properties": {"id": 24, "src_line": 25737.5, "src_sample": 3201.5, "fit_residual_px": 0.2315, "heldout_residual_px": 3.9102}}, {"type": "Feature", "geometry": {"type": "Point", "coordinates": [32.41823617, -69.58145342]}, "properties": {"id": 25, "src_line": 25737.5, "src_sample": 3585.5, "fit_residual_px": 0.1881, "heldout_residual_px": 2.8174}}, {"type": "Feature", "geometry": {"type": "Point", "coordinates": [32.40781579, -69.58115099]}, "properties": {"id": 26, "src_line": 25737.5, "src_sample": 3969.5, "fit_residual_px": 0.1045, "heldout_residual_px": 2.4492}}, {"type": "Feature", "geometry": {"type": "Point", "coordinates": [32.39774354, -69.58089]}, "properties": {"id": 27, "src_line": 25737.5, "src_sample": 4353.5, "fit_residual_px": 0.3465, "heldout_residual_px": 2.4121}}, {"type": "Feature", "geometry": {"type": "Point", "coordinates": [32.38775396, -69.58062187]}, "properties": {"id": 28, "src_line": 25737.5, "src_sample": 4737.5, "fit_residual_px": 0.3077, "heldout_residual_px": 2.4372}}, {"type": "Feature", "geometry": {"type": "Point", "coordinates": [32.37766029, -69.58037018]}, "properties": {"id": 29, "src_line": 25737.5, "src_sample": 5121.5, "fit_residual_px": 0.3683, "heldout_residual_px": 3.2224}}, {"type": "Feature", "geometry": {"type": "Point", "coordinates": [32.36764403, -69.58009997]}, "properties": {"id": 30, "src_line": 25737.5, "src_sample": 5505.5, "fit_residual_px": 0.5194, "heldout_residual_px": 3.2292}}, {"type": "Feature", "geometry": {"type": "Point", "coordinates": [32.3574474, -69.57982199]}, "properties": {"id": 31, "src_line": 25737.5, "src_sample": 5889.5, "fit_residual_px": 0.1823, "heldout_residual_px": 3.7561}}, {"type": "Feature", "geometry": {"type": "Point", "coordinates": [32.34712923, -69.57952283]}, "properties": {"id": 32, "src_line": 25737.5, "src_sample": 6273.5, "fit_residual_px": 0.7094, "heldout_residual_px": 3.8259}}, {"type": "Feature", "geometry": {"type": "Point", "coordinates": [32.33700271, -69.57924901]}, "properties": {"id": 33, "src_line": 25737.5, "src_sample": 6657.5, "fit_residual_px": 0.3008, "heldout_residual_px": 4.1171}}, {"type": "Feature", "geometry": {"type": "Point", "coordinates": [32.32670229, -69.57896791]}, "properties": {"id": 34, "src_line": 25737.5, "src_sample": 7041.5, "fit_residual_px": 0.2342, "heldout_residual_px": 4.7038}}, {"type": "Feature", "geometry": {"type": "Point", "coordinates": [32.31638223, -69.57868233]}, "properties": {"id": 35, "src_line": 25737.5, "src_sample": 7425.5, "fit_residual_px": 0.5178, "heldout_residual_px": 5.2549}}, {"type": "Feature", "geometry": {"type": "Point", "coordinates": [32.30585661, -69.57835043]}, "properties": {"id": 36, "src_line": 25737.5, "src_sample": 7809.5, "fit_residual_px": 0.3393, "heldout_residual_px": 5.1732}}, {"type": "Feature", "geometry": {"type": "Point", "coordinates": [32.29533138, -69.57805641]}, "properties": {"id": 37, "src_line": 25737.5, "src_sample": 8193.5, "fit_residual_px": 0.8134, "heldout_residual_px": 6.3083}}, {"type": "Feature", "geometry": {"type": "Point", "coordinates": [32.2849844, -69.57774161]}, "properties": {"id": 38, "src_line": 25737.5, "src_sample": 8577.5, "fit_residual_px": 0.3193, "heldout_residual_px": 6.1049}}, {"type": "Feature", "geometry": {"type": "Point", "coordinates": [32.27458622, -69.5774448]}, "properties": {"id": 39, "src_line": 25737.5, "src_sample": 8961.5, "fit_residual_px": 0.0836, "heldout_residual_px": 6.8543}}, {"type": "Feature", "geometry": {"type": "Point", "coordinates": [32.26428766, -69.57715809]}, "properties": {"id": 40, "src_line": 25737.5, "src_sample": 9345.5, "fit_residual_px": 0.2141, "heldout_residual_px": 7.7335}}, {"type": "Feature", "geometry": {"type": "Point", "coordinates": [32.25411812, -69.57690219]}, "properties": {"id": 41, "src_line": 25737.5, "src_sample": 9729.5, "fit_residual_px": 0.6904, "heldout_residual_px": 9.1613}}, {"type": "Feature", "geometry": {"type": "Point", "coordinates": [32.24397289, -69.57660573]}, "properties": {"id": 42, "src_line": 25737.5, "src_sample": 10113.5, "fit_residual_px": 0.4662, "heldout_residual_px": 9.0526}}, {"type": "Feature", "geometry": {"type": "Point", "coordinates": [32.23378933, -69.57634871]}, "properties": {"id": 43, "src_line": 25737.5, "src_sample": 10497.5, "fit_residual_px": 0.1719, "heldout_residual_px": 11.0451}}, {"type": "Feature", "geometry": {"type": "Point", "coordinates": [32.22368184, -69.57609089]}, "properties": {"id": 44, "src_line": 25737.5, "src_sample": 10881.5, "fit_residual_px": 0.2577, "heldout_residual_px": 12.1387}}, {"type": "Feature", "geometry": {"type": "Point", "coordinates": [32.21332425, -69.57578252]}, "properties": {"id": 45, "src_line": 25737.5, "src_sample": 11265.5, "fit_residual_px": 0.339, "heldout_residual_px": 13.8695}}, {"type": "Feature", "geometry": {"type": "Point", "coordinates": [32.20250516, -69.57545075]}, "properties": {"id": 46, "src_line": 25737.5, "src_sample": 11649.5, "fit_residual_px": 0.228, "heldout_residual_px": 16.3037}}, {"type": "Feature", "geometry": {"type": "Point", "coordinates": [32.43972325, -69.5786827]}, "properties": {"id": 47, "src_line": 26121.5, "src_sample": 2817.5, "fit_residual_px": 0.1808, "heldout_residual_px": 2.7998}}, {"type": "Feature", "geometry": {"type": "Point", "coordinates": [32.42928078, -69.57837608]}, "properties": {"id": 48, "src_line": 26121.5, "src_sample": 3201.5, "fit_residual_px": 0.3515, "heldout_residual_px": 2.0912}}, {"type": "Feature", "geometry": {"type": "Point", "coordinates": [32.41874565, -69.57803286]}, "properties": {"id": 49, "src_line": 26121.5, "src_sample": 3585.5, "fit_residual_px": 0.3573, "heldout_residual_px": 1.396}}, {"type": "Feature", "geometry": {"type": "Point", "coordinates": [32.40820643, -69.57769156]}, "properties": {"id": 50, "src_line": 26121.5, "src_sample": 3969.5, "fit_residual_px": 0.6799, "heldout_residual_px": 0.944}}, {"type": "Feature", "geometry": {"type": "Point", "coordinates": [32.39802425, -69.57742116]}, "properties": {"id": 51, "src_line": 26121.5, "src_sample": 4353.5, "fit_residual_px": 0.3814, "heldout_residual_px": 1.0577}}, {"type": "Feature", "geometry": {"type": "Point", "coordinates": [32.3879507, -69.57717791]}, "properties": {"id": 52, "src_line": 26121.5, "src_sample": 4737.5, "fit_residual_px": 0.4172, "heldout_residual_px": 1.8812}}, {"type": "Feature", "geometry": {"type": "Point", "coordinates": [32.37812529, -69.57691418]}, "properties": {"id": 53, "src_line": 26121.5, "src_sample": 5121.5, "fit_residual_px": 0.4602, "heldout_residual_px": 1.4803}}, {"type": "Feature", "geometry": {"type": "Point", "coordinates": [32.36824585, -69.5766811]}, "properties": {"id": 54, "src_line": 26121.5, "src_sample": 5505.5, "fit_residual_px": 0.1963, "heldout_residual_px": 1.9681}}, {"type": "Feature", "geometry": {"type": "Point", "coordinates": [32.35826903, -69.57644029]}, "properties": {"id": 55, "src_line": 26121.5, "src_sample": 5889.5, "fit_residual_px": 0.1485, "heldout_residual_px": 2.538}}, {"type": "Feature", "geometry": {"type": "Point", "coordinates": [32.34813804, -69.57616283]}, "properties": {"id": 56, "src_line": 26121.5, "src_sample": 6273.5, "fit_residual_px": 0.1993, "heldout_residual_px": 2.5755}}, {"type": "Feature", "geometry": {"type": "Point", "coordinates": [32.33801314, -69.57588829]}, "properties": {"id": 57, "src_line": 26121.5, "src_sample": 6657.5, "fit_residual_px": 0.3811, "heldout_residual_px": 2.8312}}, {"type": "Feature", "geometry": {"type": "Point", "coordinates": [32.32770527, -69.57561195]}, "properties": {"id": 58, "src_line": 26121.5, "src_sample": 7041.5, "fit_residual_px": 0.4341, "heldout_residual_px": 3.3983}}, {"type": "Feature", "geometry": {"type": "Point", "coordinates": [32.31725008, -69.57530976]}, "properties": {"id": 59, "src_line": 26121.5, "src_sample": 7425.5, "fit_residual_px": 0.5454, "heldout_residual_px": 3.7669}}, {"type": "Feature", "geometry": {"type": "Point", "coordinates": [32.30690515, -69.57500065]}, "properties": {"id": 60, "src_line": 26121.5, "src_sample": 7809.5, "fit_residual_px": 0.4841, "heldout_residual_px": 3.6304}}, {"type": "Feature", "geometry": {"type": "Point", "coordinates": [32.29647032, -69.57469135]}, "properties": {"id": 61, "src_line": 26121.5, "src_sample": 8193.5, "fit_residual_px": 0.1788, "heldout_residual_px": 3.7782}}, {"type": "Feature", "geometry": {"type": "Point", "coordinates": [32.28603619, -69.57438179]}, "properties": {"id": 62, "src_line": 26121.5, "src_sample": 8577.5, "fit_residual_px": 0.3139, "heldout_residual_px": 3.9474}}, {"type": "Feature", "geometry": {"type": "Point", "coordinates": [32.27558727, -69.57408251]}, "properties": {"id": 63, "src_line": 26121.5, "src_sample": 8961.5, "fit_residual_px": 0.1092, "heldout_residual_px": 4.6276}}, {"type": "Feature", "geometry": {"type": "Point", "coordinates": [32.26526815, -69.573789]}, "properties": {"id": 64, "src_line": 26121.5, "src_sample": 9345.5, "fit_residual_px": 0.4972, "heldout_residual_px": 5.2133}}, {"type": "Feature", "geometry": {"type": "Point", "coordinates": [32.25506644, -69.57350558]}, "properties": {"id": 65, "src_line": 26121.5, "src_sample": 9729.5, "fit_residual_px": 0.351, "heldout_residual_px": 5.549}}, {"type": "Feature", "geometry": {"type": "Point", "coordinates": [32.24485194, -69.57325198]}, "properties": {"id": 66, "src_line": 26121.5, "src_sample": 10113.5, "fit_residual_px": 0.3989, "heldout_residual_px": 6.7218}}, {"type": "Feature", "geometry": {"type": "Point", "coordinates": [32.2346573, -69.57296898]}, "properties": {"id": 67, "src_line": 26121.5, "src_sample": 10497.5, "fit_residual_px": 0.0977, "heldout_residual_px": 7.2185}}, {"type": "Feature", "geometry": {"type": "Point", "coordinates": [32.2244545, -69.57268635]}, "properties": {"id": 68, "src_line": 26121.5, "src_sample": 10881.5, "fit_residual_px": 0.5247, "heldout_residual_px": 7.6043}}, {"type": "Feature", "geometry": {"type": "Point", "coordinates": [32.2136787, -69.57234711]}, "properties": {"id": 69, "src_line": 26121.5, "src_sample": 11265.5, "fit_residual_px": 0.3687, "heldout_residual_px": 9.137}}, {"type": "Feature", "geometry": {"type": "Point", "coordinates": [32.20259588, -69.57198954]}, "properties": {"id": 70, "src_line": 26121.5, "src_sample": 11649.5, "fit_residual_px": 0.474, "heldout_residual_px": 11.2236}}, {"type": "Feature", "geometry": {"type": "Point", "coordinates": [32.44018005, -69.57524679]}, "properties": {"id": 71, "src_line": 26505.5, "src_sample": 2817.5, "fit_residual_px": 0.6725, "heldout_residual_px": 1.0966}}, {"type": "Feature", "geometry": {"type": "Point", "coordinates": [32.42962024, -69.57492667]}, "properties": {"id": 72, "src_line": 26505.5, "src_sample": 3201.5, "fit_residual_px": 0.3605, "heldout_residual_px": 0.8297}}, {"type": "Feature", "geometry": {"type": "Point", "coordinates": [32.41907096, -69.57459421]}, "properties": {"id": 73, "src_line": 26505.5, "src_sample": 3585.5, "fit_residual_px": 0.7839, "heldout_residual_px": 0.2011}}, {"type": "Feature", "geometry": {"type": "Point", "coordinates": [32.40859457, -69.57428103]}, "properties": {"id": 74, "src_line": 26505.5, "src_sample": 3969.5, "fit_residual_px": 0.2512, "heldout_residual_px": 0.5394}}, {"type": "Feature", "geometry": {"type": "Point", "coordinates": [32.39827473, -69.57399216]}, "properties": {"id": 75, "src_line": 26505.5, "src_sample": 4353.5, "fit_residual_px": 0.3396, "heldout_residual_px": 1.026}}, {"type": "Feature", "geometry": {"type": "Point", "coordinates": [32.38823722, -69.57373606]}, "properties": {"id": 76, "src_line": 26505.5, "src_sample": 4737.5, "fit_residual_px": 0.3912, "heldout_residual_px": 1.3153}}, {"type": "Feature", "geometry": {"type": "Point", "coordinates": [32.37841983, -69.57347621]}, "properties": {"id": 77, "src_line": 26505.5, "src_sample": 5121.5, "fit_residual_px": 0.2667, "heldout_residual_px": 0.8628}}, {"type": "Feature", "geometry": {"type": "Point", "coordinates": [32.34888527, -69.57275799]}, "properties": {"id": 78, "src_line": 26505.5, "src_sample": 6273.5, "fit_residual_px": 0.4173, "heldout_residual_px": 1.2104}}, {"type": "Feature", "geometry": {"type": "Point", "coordinates": [32.33878999, -69.57250813]}, "properties": {"id": 79, "src_line": 26505.5, "src_sample": 6657.5, "fit_residual_px": 0.4909, "heldout_residual_px": 1.8045}}, {"type": "Feature", "geometry": {"type": "Point", "coordinates": [32.32863057, -69.57223199]}, "properties": {"id": 80, "src_line": 26505.5, "src_sample": 7041.5, "fit_residual_px": 0.2176, "heldout_residual_px": 1.9041}}, {"type": "Feature", "geometry": {"type": "Point", "coordinates": [32.31821072, -69.57192367]}, "properties": {"id": 81, "src_line": 26505.5, "src_sample": 7425.5, "fit_residual_px": 0.5308, "heldout_residual_px": 2.0324}}, {"type": "Feature", "geometry": {"type": "Point", "coordinates": [32.30794302, -69.57164533]}, "properties": {"id": 82, "src_line": 26505.5, "src_sample": 7809.5, "fit_residual_px": 0.4189, "heldout_residual_px": 2.386}}, {"type": "Feature", "geometry": {"type": "Point", "coordinates": [32.29752181, -69.57133947]}, "properties": {"id": 83, "src_line": 26505.5, "src_sample": 8193.5, "fit_residual_px": 0.1846, "heldout_residual_px": 2.4589}}, {"type": "Feature", "geometry": {"type": "Point", "coordinates": [32.28709738, -69.5710322]}, "properties": {"id": 84, "src_line": 26505.5, "src_sample": 8577.5, "fit_residual_px": 0.1106, "heldout_residual_px": 2.5687}}, {"type": "Feature", "geometry": {"type": "Point", "coordinates": [32.27665279, -69.57071715]}, "properties": {"id": 85, "src_line": 26505.5, "src_sample": 8961.5, "fit_residual_px": 0.2647, "heldout_residual_px": 2.6615}}, {"type": "Feature", "geometry": {"type": "Point", "coordinates": [32.26634706, -69.57042394]}, "properties": {"id": 86, "src_line": 26505.5, "src_sample": 9345.5, "fit_residual_px": 0.4561, "heldout_residual_px": 2.9464}}, {"type": "Feature", "geometry": {"type": "Point", "coordinates": [32.24582092, -69.56988202]}, "properties": {"id": 87, "src_line": 26505.5, "src_sample": 10113.5, "fit_residual_px": 0.4354, "heldout_residual_px": 4.2107}}, {"type": "Feature", "geometry": {"type": "Point", "coordinates": [32.23557649, -69.5696051]}, "properties": {"id": 88, "src_line": 26505.5, "src_sample": 10497.5, "fit_residual_px": 0.3667, "heldout_residual_px": 4.309}}, {"type": "Feature", "geometry": {"type": "Point", "coordinates": [32.22514336, -69.56928425]}, "properties": {"id": 89, "src_line": 26505.5, "src_sample": 10881.5, "fit_residual_px": 0.6326, "heldout_residual_px": 4.2582}}, {"type": "Feature", "geometry": {"type": "Point", "coordinates": [32.2140114, -69.5689201]}, "properties": {"id": 90, "src_line": 26505.5, "src_sample": 11265.5, "fit_residual_px": 0.473, "heldout_residual_px": 6.1993}}, {"type": "Feature", "geometry": {"type": "Point", "coordinates": [32.20284548, -69.56853457]}, "properties": {"id": 91, "src_line": 26505.5, "src_sample": 11649.5, "fit_residual_px": 0.3801, "heldout_residual_px": 6.5432}}, {"type": "Feature", "geometry": {"type": "Point", "coordinates": [32.4405399, -69.5718291]}, "properties": {"id": 92, "src_line": 26889.5, "src_sample": 2817.5, "fit_residual_px": 0.9589, "heldout_residual_px": 0.3788}}, {"type": "Feature", "geometry": {"type": "Point", "coordinates": [32.42988209, -69.57147835]}, "properties": {"id": 93, "src_line": 26889.5, "src_sample": 3201.5, "fit_residual_px": 0.8002, "heldout_residual_px": 0.4447}}, {"type": "Feature", "geometry": {"type": "Point", "coordinates": [32.41927983, -69.57115564]}, "properties": {"id": 94, "src_line": 26889.5, "src_sample": 3585.5, "fit_residual_px": 0.1949, "heldout_residual_px": 0.318}}, {"type": "Feature", "geometry": {"type": "Point", "coordinates": [32.40883268, -69.57084508]}, "properties": {"id": 95, "src_line": 26889.5, "src_sample": 3969.5, "fit_residual_px": 0.3456, "heldout_residual_px": 0.5936}}, {"type": "Feature", "geometry": {"type": "Point", "coordinates": [32.39853172, -69.57053689]}, "properties": {"id": 96, "src_line": 26889.5, "src_sample": 4353.5, "fit_residual_px": 0.2453, "heldout_residual_px": 0.4151}}, {"type": "Feature", "geometry": {"type": "Point", "coordinates": [32.3885891, -69.57029218]}, "properties": {"id": 97, "src_line": 26889.5, "src_sample": 4737.5, "fit_residual_px": 0.288, "heldout_residual_px": 0.6718}}, {"type": "Feature", "geometry": {"type": "Point", "coordinates": [32.37874176, -69.57003926]}, "properties": {"id": 98, "src_line": 26889.5, "src_sample": 5121.5, "fit_residual_px": 0.6463, "heldout_residual_px": 0.5994}}, {"type": "Feature", "geometry": {"type": "Point", "coordinates": [32.3493732, -69.56934494]}, "properties": {"id": 99, "src_line": 26889.5, "src_sample": 6273.5, "fit_residual_px": 0.9272, "heldout_residual_px": 0.9828}}, {"type": "Feature", "geometry": {"type": "Point", "coordinates": [32.33946706, -69.56910634]}, "properties": {"id": 100, "src_line": 26889.5, "src_sample": 6657.5, "fit_residual_px": 0.3264, "heldout_residual_px": 0.9825}}, {"type": "Feature", "geometry": {"type": "Point", "coordinates": [32.32945012, -69.56884368]}, "properties": {"id": 101, "src_line": 26889.5, "src_sample": 7041.5, "fit_residual_px": 0.1446, "heldout_residual_px": 0.9524}}, {"type": "Feature", "geometry": {"type": "Point", "coordinates": [32.31920059, -69.56857518]}, "properties": {"id": 102, "src_line": 26889.5, "src_sample": 7425.5, "fit_residual_px": 0.5944, "heldout_residual_px": 1.5086}}, {"type": "Feature", "geometry": {"type": "Point", "coordinates": [32.30896334, -69.56827237]}, "properties": {"id": 103, "src_line": 26889.5, "src_sample": 7809.5, "fit_residual_px": 0.2607, "heldout_residual_px": 1.0177}}, {"type": "Feature", "geometry": {"type": "Point", "coordinates": [32.29853106, -69.56797977]}, "properties": {"id": 104, "src_line": 26889.5, "src_sample": 8193.5, "fit_residual_px": 0.2175, "heldout_residual_px": 1.4585}}, {"type": "Feature", "geometry": {"type": "Point", "coordinates": [32.28811665, -69.56767054]}, "properties": {"id": 105, "src_line": 26889.5, "src_sample": 8577.5, "fit_residual_px": 0.239, "heldout_residual_px": 1.3362}}, {"type": "Feature", "geometry": {"type": "Point", "coordinates": [32.27765027, -69.56735213]}, "properties": {"id": 106, "src_line": 26889.5, "src_sample": 8961.5, "fit_residual_px": 0.435, "heldout_residual_px": 1.1581}}, {"type": "Feature", "geometry": {"type": "Point", "coordinates": [32.26725171, -69.56705307]}, "properties": {"id": 107, "src_line": 26889.5, "src_sample": 9345.5, "fit_residual_px": 0.283, "heldout_residual_px": 1.4188}}, {"type": "Feature", "geometry": {"type": "Point", "coordinates": [32.25692585, -69.56677932]}, "properties": {"id": 108, "src_line": 26889.5, "src_sample": 9729.5, "fit_residual_px": 0.1431, "heldout_residual_px": 1.9337}}, {"type": "Feature", "geometry": {"type": "Point", "coordinates": [32.24652803, -69.56648182]}, "properties": {"id": 109, "src_line": 26889.5, "src_sample": 10113.5, "fit_residual_px": 0.3566, "heldout_residual_px": 1.9854}}, {"type": "Feature", "geometry": {"type": "Point", "coordinates": [32.23614018, -69.56618917]}, "properties": {"id": 110, "src_line": 26889.5, "src_sample": 10497.5, "fit_residual_px": 0.3601, "heldout_residual_px": 2.2708}}, {"type": "Feature", "geometry": {"type": "Point", "coordinates": [32.22557582, -69.56583652]}, "properties": {"id": 111, "src_line": 26889.5, "src_sample": 10881.5, "fit_residual_px": 1.1923, "heldout_residual_px": 1.3759}}, {"type": "Feature", "geometry": {"type": "Point", "coordinates": [32.21445343, -69.56547409]}, "properties": {"id": 112, "src_line": 26889.5, "src_sample": 11265.5, "fit_residual_px": 0.1737, "heldout_residual_px": 2.7158}}, {"type": "Feature", "geometry": {"type": "Point", "coordinates": [32.20330549, -69.56509568]}, "properties": {"id": 113, "src_line": 26889.5, "src_sample": 11649.5, "fit_residual_px": 0.4588, "heldout_residual_px": 3.7645}}, {"type": "Feature", "geometry": {"type": "Point", "coordinates": [32.42996702, -69.56801533]}, "properties": {"id": 115, "src_line": 27273.5, "src_sample": 3201.5, "fit_residual_px": 0.8629, "heldout_residual_px": 0.9751}}, {"type": "Feature", "geometry": {"type": "Point", "coordinates": [32.41956579, -69.56771382]}, "properties": {"id": 116, "src_line": 27273.5, "src_sample": 3585.5, "fit_residual_px": 0.3449, "heldout_residual_px": 0.3903}}, {"type": "Feature", "geometry": {"type": "Point", "coordinates": [32.40916468, -69.56740179]}, "properties": {"id": 117, "src_line": 27273.5, "src_sample": 3969.5, "fit_residual_px": 0.1611, "heldout_residual_px": 0.2004}}, {"type": "Feature", "geometry": {"type": "Point", "coordinates": [32.39888751, -69.56710182]}, "properties": {"id": 118, "src_line": 27273.5, "src_sample": 4353.5, "fit_residual_px": 0.2472, "heldout_residual_px": 0.1537}}, {"type": "Feature", "geometry": {"type": "Point", "coordinates": [32.38885067, -69.56682382]}, "properties": {"id": 119, "src_line": 27273.5, "src_sample": 4737.5, "fit_residual_px": 0.5527, "heldout_residual_px": 0.3644}}, {"type": "Feature", "geometry": {"type": "Point", "coordinates": [32.37899089, -69.5666087]}, "properties": {"id": 120, "src_line": 27273.5, "src_sample": 5121.5, "fit_residual_px": 0.9285, "heldout_residual_px": 0.8805}}, {"type": "Feature", "geometry": {"type": "Point", "coordinates": [32.36928786, -69.56636385]}, "properties": {"id": 121, "src_line": 27273.5, "src_sample": 5505.5, "fit_residual_px": 0.9783, "heldout_residual_px": 0.7779}}, {"type": "Feature", "geometry": {"type": "Point", "coordinates": [32.35962348, -69.56615855]}, "properties": {"id": 122, "src_line": 27273.5, "src_sample": 5889.5, "fit_residual_px": 0.7255, "heldout_residual_px": 0.6889}}, {"type": "Feature", "geometry": {"type": "Point", "coordinates": [32.34984026, -69.56592098]}, "properties": {"id": 123, "src_line": 27273.5, "src_sample": 6273.5, "fit_residual_px": 0.5882, "heldout_residual_px": 0.5156}}, {"type": "Feature", "geometry": {"type": "Point", "coordinates": [32.3399217, -69.56568494]}, "properties": {"id": 124, "src_line": 27273.5, "src_sample": 6657.5, "fit_residual_px": 0.5279, "heldout_residual_px": 0.6839}}, {"type": "Feature", "geometry": {"type": "Point", "coordinates": [32.32998715, -69.56542529]}, "properties": {"id": 125, "src_line": 27273.5, "src_sample": 7041.5, "fit_residual_px": 0.1913, "heldout_residual_px": 0.2614}}, {"type": "Feature", "geometry": {"type": "Point", "coordinates": [32.31982069, -69.56515532]}, "properties": {"id": 126, "src_line": 27273.5, "src_sample": 7425.5, "fit_residual_px": 0.3012, "heldout_residual_px": 0.5223}}, {"type": "Feature", "geometry": {"type": "Point", "coordinates": [32.30963345, -69.56488736]}, "properties": {"id": 127, "src_line": 27273.5, "src_sample": 7809.5, "fit_residual_px": 0.1802, "heldout_residual_px": 0.7125}}, {"type": "Feature", "geometry": {"type": "Point", "coordinates": [32.29937537, -69.56458393]}, "properties": {"id": 128, "src_line": 27273.5, "src_sample": 8193.5, "fit_residual_px": 0.553, "heldout_residual_px": 0.4161}}, {"type": "Feature", "geometry": {"type": "Point", "coordinates": [32.28890459, -69.56428385]}, "properties": {"id": 129, "src_line": 27273.5, "src_sample": 8577.5, "fit_residual_px": 0.1522, "heldout_residual_px": 0.5365}}, {"type": "Feature", "geometry": {"type": "Point", "coordinates": [32.27840996, -69.56397271]}, "properties": {"id": 130, "src_line": 27273.5, "src_sample": 8961.5, "fit_residual_px": 0.1059, "heldout_residual_px": 0.6792}}, {"type": "Feature", "geometry": {"type": "Point", "coordinates": [32.26797538, -69.56366856]}, "properties": {"id": 131, "src_line": 27273.5, "src_sample": 9345.5, "fit_residual_px": 0.3633, "heldout_residual_px": 0.6139}}, {"type": "Feature", "geometry": {"type": "Point", "coordinates": [32.25744052, -69.56335251]}, "properties": {"id": 132, "src_line": 27273.5, "src_sample": 9729.5, "fit_residual_px": 0.3021, "heldout_residual_px": 0.6258}}, {"type": "Feature", "geometry": {"type": "Point", "coordinates": [32.24697866, -69.56305579]}, "properties": {"id": 133, "src_line": 27273.5, "src_sample": 10113.5, "fit_residual_px": 0.4834, "heldout_residual_px": 0.8836}}, {"type": "Feature", "geometry": {"type": "Point", "coordinates": [32.23651502, -69.56274227]}, "properties": {"id": 134, "src_line": 27273.5, "src_sample": 10497.5, "fit_residual_px": 0.7918, "heldout_residual_px": 0.7337}}, {"type": "Feature", "geometry": {"type": "Point", "coordinates": [32.22568111, -69.56239664]}, "properties": {"id": 135, "src_line": 27273.5, "src_sample": 10881.5, "fit_residual_px": 0.4739, "heldout_residual_px": 0.8257}}, {"type": "Feature", "geometry": {"type": "Point", "coordinates": [32.21472107, -69.56203567]}, "properties": {"id": 136, "src_line": 27273.5, "src_sample": 11265.5, "fit_residual_px": 0.1445, "heldout_residual_px": 1.2302}}, {"type": "Feature", "geometry": {"type": "Point", "coordinates": [32.20382939, -69.56165995]}, "properties": {"id": 137, "src_line": 27273.5, "src_sample": 11649.5, "fit_residual_px": 0.5595, "heldout_residual_px": 1.3731}}, {"type": "Feature", "geometry": {"type": "Point", "coordinates": [32.44100813, -69.56492754]}, "properties": {"id": 138, "src_line": 27657.5, "src_sample": 2817.5, "fit_residual_px": 0.8432, "heldout_residual_px": 0.4512}}, {"type": "Feature", "geometry": {"type": "Point", "coordinates": [32.43036348, -69.56458659]}, "properties": {"id": 139, "src_line": 27657.5, "src_sample": 3201.5, "fit_residual_px": 0.5084, "heldout_residual_px": 0.1875}}, {"type": "Feature", "geometry": {"type": "Point", "coordinates": [32.41995005, -69.56425891]}, "properties": {"id": 140, "src_line": 27657.5, "src_sample": 3585.5, "fit_residual_px": 0.4046, "heldout_residual_px": 0.4842}}, {"type": "Feature", "geometry": {"type": "Point", "coordinates": [32.40959943, -69.56398064]}, "properties": {"id": 141, "src_line": 27657.5, "src_sample": 3969.5, "fit_residual_px": 0.3209, "heldout_residual_px": 0.4241}}, {"type": "Feature", "geometry": {"type": "Point", "coordinates": [32.39926191, -69.5636616]}, "properties": {"id": 142, "src_line": 27657.5, "src_sample": 4353.5, "fit_residual_px": 0.4348, "heldout_residual_px": 0.5303}}, {"type": "Feature", "geometry": {"type": "Point", "coordinates": [32.38916667, -69.56338861]}, "properties": {"id": 143, "src_line": 27657.5, "src_sample": 4737.5, "fit_residual_px": 1.293, "heldout_residual_px": 1.3109}}, {"type": "Feature", "geometry": {"type": "Point", "coordinates": [32.37941255, -69.56316225]}, "properties": {"id": 144, "src_line": 27657.5, "src_sample": 5121.5, "fit_residual_px": 0.8554, "heldout_residual_px": 0.8349}}, {"type": "Feature", "geometry": {"type": "Point", "coordinates": [32.36966394, -69.56293913]}, "properties": {"id": 145, "src_line": 27657.5, "src_sample": 5505.5, "fit_residual_px": 1.0092, "heldout_residual_px": 0.9268}}, {"type": "Feature", "geometry": {"type": "Point", "coordinates": [32.35991976, -69.56272544]}, "properties": {"id": 146, "src_line": 27657.5, "src_sample": 5889.5, "fit_residual_px": 1.328, "heldout_residual_px": 1.2217}}, {"type": "Feature", "geometry": {"type": "Point", "coordinates": [32.3501801, -69.56250472]}, "properties": {"id": 147, "src_line": 27657.5, "src_sample": 6273.5, "fit_residual_px": 1.2808, "heldout_residual_px": 1.1695}}, {"type": "Feature", "geometry": {"type": "Point", "coordinates": [32.3403467, -69.56226159]}, "properties": {"id": 148, "src_line": 27657.5, "src_sample": 6657.5, "fit_residual_px": 0.8425, "heldout_residual_px": 0.7444}}, {"type": "Feature", "geometry": {"type": "Point", "coordinates": [32.33041822, -69.561998]}, "properties": {"id": 149, "src_line": 27657.5, "src_sample": 7041.5, "fit_residual_px": 0.2657, "heldout_residual_px": 0.1694}}, {"type": "Feature", "geometry": {"type": "Point", "coordinates": [32.32032749, -69.56173499]}, "properties": {"id": 150, "src_line": 27657.5, "src_sample": 7425.5, "fit_residual_px": 0.2142, "heldout_residual_px": 0.2681}}, {"type": "Feature", "geometry": {"type": "Point", "coordinates": [32.31012494, -69.56145548]}, "properties": {"id": 151, "src_line": 27657.5, "src_sample": 7809.5, "fit_residual_px": 0.1691, "heldout_residual_px": 0.099}}, {"type": "Feature", "geometry": {"type": "Point", "coordinates": [32.29980189, -69.56117111]}, "properties": {"id": 152, "src_line": 27657.5, "src_sample": 8193.5, "fit_residual_px": 0.1169, "heldout_residual_px": 0.1413}}, {"type": "Feature", "geometry": {"type": "Point", "coordinates": [32.28931363, -69.56085212]}, "properties": {"id": 153, "src_line": 27657.5, "src_sample": 8577.5, "fit_residual_px": 0.1235, "heldout_residual_px": 0.0879}}, {"type": "Feature", "geometry": {"type": "Point", "coordinates": [32.2789628, -69.56055871]}, "properties": {"id": 154, "src_line": 27657.5, "src_sample": 8961.5, "fit_residual_px": 0.0736, "heldout_residual_px": 0.1072}}, {"type": "Feature", "geometry": {"type": "Point", "coordinates": [32.26845217, -69.56022947]}, "properties": {"id": 155, "src_line": 27657.5, "src_sample": 9345.5, "fit_residual_px": 0.5463, "heldout_residual_px": 0.4738}}, {"type": "Feature", "geometry": {"type": "Point", "coordinates": [32.25779848, -69.55991083]}, "properties": {"id": 156, "src_line": 27657.5, "src_sample": 9729.5, "fit_residual_px": 0.185, "heldout_residual_px": 0.303}}, {"type": "Feature", "geometry": {"type": "Point", "coordinates": [32.24717597, -69.55959057]}, "properties": {"id": 157, "src_line": 27657.5, "src_sample": 10113.5, "fit_residual_px": 0.0556, "heldout_residual_px": 0.3187}}, {"type": "Feature", "geometry": {"type": "Point", "coordinates": [32.23652151, -69.55926771]}, "properties": {"id": 158, "src_line": 27657.5, "src_sample": 10497.5, "fit_residual_px": 0.2439, "heldout_residual_px": 0.1861}}, {"type": "Feature", "geometry": {"type": "Point", "coordinates": [32.22589645, -69.55893591]}, "properties": {"id": 159, "src_line": 27657.5, "src_sample": 10881.5, "fit_residual_px": 0.1997, "heldout_residual_px": 0.303}}, {"type": "Feature", "geometry": {"type": "Point", "coordinates": [32.21522972, -69.55858782]}, "properties": {"id": 160, "src_line": 27657.5, "src_sample": 11265.5, "fit_residual_px": 0.6247, "heldout_residual_px": 1.0137}}, {"type": "Feature", "geometry": {"type": "Point", "coordinates": [32.20438626, -69.55826265]}, "properties": {"id": 161, "src_line": 27657.5, "src_sample": 11649.5, "fit_residual_px": 0.2155, "heldout_residual_px": 0.9407}}, {"type": "Feature", "geometry": {"type": "Point", "coordinates": [32.44141323, -69.56149932]}, "properties": {"id": 162, "src_line": 28041.5, "src_sample": 2817.5, "fit_residual_px": 0.9744, "heldout_residual_px": 0.6021}}, {"type": "Feature", "geometry": {"type": "Point", "coordinates": [32.43093442, -69.56117843]}, "properties": {"id": 163, "src_line": 28041.5, "src_sample": 3201.5, "fit_residual_px": 0.4952, "heldout_residual_px": 0.2096}}, {"type": "Feature", "geometry": {"type": "Point", "coordinates": [32.42050917, -69.56085711]}, "properties": {"id": 164, "src_line": 28041.5, "src_sample": 3585.5, "fit_residual_px": 0.4399, "heldout_residual_px": 0.2602}}, {"type": "Feature", "geometry": {"type": "Point", "coordinates": [32.41013757, -69.56054825]}, "properties": {"id": 165, "src_line": 28041.5, "src_sample": 3969.5, "fit_residual_px": 0.1966, "heldout_residual_px": 0.2514}}, {"type": "Feature", "geometry": {"type": "Point", "coordinates": [32.39993132, -69.56026394]}, "properties": {"id": 166, "src_line": 28041.5, "src_sample": 4353.5, "fit_residual_px": 0.2209, "heldout_residual_px": 0.2551}}, {"type": "Feature", "geometry": {"type": "Point", "coordinates": [32.3897947, -69.55999821]}, "properties": {"id": 167, "src_line": 28041.5, "src_sample": 4737.5, "fit_residual_px": 0.4996, "heldout_residual_px": 0.5325}}, {"type": "Feature", "geometry": {"type": "Point", "coordinates": [32.3799034, -69.55975308]}, "properties": {"id": 168, "src_line": 28041.5, "src_sample": 5121.5, "fit_residual_px": 0.7024, "heldout_residual_px": 0.6731}}, {"type": "Feature", "geometry": {"type": "Point", "coordinates": [32.36041251, -69.55929986]}, "properties": {"id": 170, "src_line": 28041.5, "src_sample": 5889.5, "fit_residual_px": 0.8673, "heldout_residual_px": 0.7785}}, {"type": "Feature", "geometry": {"type": "Point", "coordinates": [32.3407929, -69.55882068]}, "properties": {"id": 171, "src_line": 28041.5, "src_sample": 6657.5, "fit_residual_px": 0.4586, "heldout_residual_px": 0.3359}}, {"type": "Feature", "geometry": {"type": "Point", "coordinates": [32.33085463, -69.55857416]}, "properties": {"id": 172, "src_line": 28041.5, "src_sample": 7041.5, "fit_residual_px": 0.4887, "heldout_residual_px": 0.3839}}, {"type": "Feature", "geometry": {"type": "Point", "coordinates": [32.32083467, -69.55831011]}, "properties": {"id": 173, "src_line": 28041.5, "src_sample": 7425.5, "fit_residual_px": 0.2844, "heldout_residual_px": 0.2612}}, {"type": "Feature", "geometry": {"type": "Point", "coordinates": [32.31059169, -69.5580414]}, "properties": {"id": 174, "src_line": 28041.5, "src_sample": 7809.5, "fit_residual_px": 0.2321, "heldout_residual_px": 0.2596}}, {"type": "Feature", "geometry": {"type": "Point", "coordinates": [32.30034768, -69.55773765]}, "properties": {"id": 175, "src_line": 28041.5, "src_sample": 8193.5, "fit_residual_px": 0.4818, "heldout_residual_px": 0.4272}}, {"type": "Feature", "geometry": {"type": "Point", "coordinates": [32.28985251, -69.55742924]}, "properties": {"id": 176, "src_line": 28041.5, "src_sample": 8577.5, "fit_residual_px": 0.2967, "heldout_residual_px": 0.2545}}, {"type": "Feature", "geometry": {"type": "Point", "coordinates": [32.27933803, -69.55713875]}, "properties": {"id": 177, "src_line": 28041.5, "src_sample": 8961.5, "fit_residual_px": 0.3782, "heldout_residual_px": 0.4667}}, {"type": "Feature", "geometry": {"type": "Point", "coordinates": [32.26876151, -69.55679794]}, "properties": {"id": 178, "src_line": 28041.5, "src_sample": 9345.5, "fit_residual_px": 0.4636, "heldout_residual_px": 0.3128}}, {"type": "Feature", "geometry": {"type": "Point", "coordinates": [32.25803405, -69.55645541]}, "properties": {"id": 179, "src_line": 28041.5, "src_sample": 9729.5, "fit_residual_px": 0.5761, "heldout_residual_px": 0.3558}}, {"type": "Feature", "geometry": {"type": "Point", "coordinates": [32.24718201, -69.55612184]}, "properties": {"id": 180, "src_line": 28041.5, "src_sample": 10113.5, "fit_residual_px": 0.3292, "heldout_residual_px": 0.5442}}, {"type": "Feature", "geometry": {"type": "Point", "coordinates": [32.2366186, -69.55579335]}, "properties": {"id": 181, "src_line": 28041.5, "src_sample": 10497.5, "fit_residual_px": 0.0468, "heldout_residual_px": 0.3977}}, {"type": "Feature", "geometry": {"type": "Point", "coordinates": [32.22619632, -69.55548962]}, "properties": {"id": 182, "src_line": 28041.5, "src_sample": 10881.5, "fit_residual_px": 0.4376, "heldout_residual_px": 0.1184}}, {"type": "Feature", "geometry": {"type": "Point", "coordinates": [32.21558291, -69.5551847]}, "properties": {"id": 183, "src_line": 28041.5, "src_sample": 11265.5, "fit_residual_px": 0.42, "heldout_residual_px": 0.8834}}, {"type": "Feature", "geometry": {"type": "Point", "coordinates": [32.20497814, -69.55483008]}, "properties": {"id": 184, "src_line": 28041.5, "src_sample": 11649.5, "fit_residual_px": 0.5072, "heldout_residual_px": 0.9421}}, {"type": "Feature", "geometry": {"type": "Point", "coordinates": [32.4419208, -69.55807389]}, "properties": {"id": 185, "src_line": 28425.5, "src_sample": 2817.5, "fit_residual_px": 1.0655, "heldout_residual_px": 0.7822}}, {"type": "Feature", "geometry": {"type": "Point", "coordinates": [32.43149848, -69.5577639]}, "properties": {"id": 186, "src_line": 28425.5, "src_sample": 3201.5, "fit_residual_px": 0.5012, "heldout_residual_px": 0.2818}}, {"type": "Feature", "geometry": {"type": "Point", "coordinates": [32.42110413, -69.55746112]}, "properties": {"id": 187, "src_line": 28425.5, "src_sample": 3585.5, "fit_residual_px": 0.6202, "heldout_residual_px": 0.4993}}, {"type": "Feature", "geometry": {"type": "Point", "coordinates": [32.41077124, -69.55715634]}, "properties": {"id": 188, "src_line": 28425.5, "src_sample": 3969.5, "fit_residual_px": 0.3056, "heldout_residual_px": 0.4082}}, {"type": "Feature", "geometry": {"type": "Point", "coordinates": [32.40061856, -69.55686855]}, "properties": {"id": 189, "src_line": 28425.5, "src_sample": 4353.5, "fit_residual_px": 0.0669, "heldout_residual_px": 0.0439}}, {"type": "Feature", "geometry": {"type": "Point", "coordinates": [32.39051685, -69.55660979]}, "properties": {"id": 190, "src_line": 28425.5, "src_sample": 4737.5, "fit_residual_px": 0.7124, "heldout_residual_px": 0.7393}}, {"type": "Feature", "geometry": {"type": "Point", "coordinates": [32.38054849, -69.55635237]}, "properties": {"id": 191, "src_line": 28425.5, "src_sample": 5121.5, "fit_residual_px": 0.9085, "heldout_residual_px": 0.8698}}, {"type": "Feature", "geometry": {"type": "Point", "coordinates": [32.37063918, -69.55610781]}, "properties": {"id": 192, "src_line": 28425.5, "src_sample": 5505.5, "fit_residual_px": 1.358, "heldout_residual_px": 1.2622}}, {"type": "Feature", "geometry": {"type": "Point", "coordinates": [32.36102926, -69.55588439]}, "properties": {"id": 193, "src_line": 28425.5, "src_sample": 5889.5, "fit_residual_px": 0.308, "heldout_residual_px": 0.2185}}, {"type": "Feature", "geometry": {"type": "Point", "coordinates": [32.35120917, -69.55563497]}, "properties": {"id": 194, "src_line": 28425.5, "src_sample": 6273.5, "fit_residual_px": 0.9918, "heldout_residual_px": 0.826}}, {"type": "Feature", "geometry": {"type": "Point", "coordinates": [32.34130237, -69.55539799]}, "properties": {"id": 195, "src_line": 28425.5, "src_sample": 6657.5, "fit_residual_px": 0.8022, "heldout_residual_px": 0.6633}}, {"type": "Feature", "geometry": {"type": "Point", "coordinates": [32.33136883, -69.5551701]}, "properties": {"id": 196, "src_line": 28425.5, "src_sample": 7041.5, "fit_residual_px": 0.4324, "heldout_residual_px": 0.4832}}, {"type": "Feature", "geometry": {"type": "Point", "coordinates": [32.32130838, -69.55491162]}, "properties": {"id": 197, "src_line": 28425.5, "src_sample": 7425.5, "fit_residual_px": 0.6591, "heldout_residual_px": 0.6885}}, {"type": "Feature", "geometry": {"type": "Point", "coordinates": [32.31118032, -69.55461928]}, "properties": {"id": 198, "src_line": 28425.5, "src_sample": 7809.5, "fit_residual_px": 0.2172, "heldout_residual_px": 0.1901}}, {"type": "Feature", "geometry": {"type": "Point", "coordinates": [32.30086788, -69.55433788]}, "properties": {"id": 199, "src_line": 28425.5, "src_sample": 8193.5, "fit_residual_px": 0.4808, "heldout_residual_px": 0.5165}}, {"type": "Feature", "geometry": {"type": "Point", "coordinates": [32.29032544, -69.55401334]}, "properties": {"id": 200, "src_line": 28425.5, "src_sample": 8577.5, "fit_residual_px": 0.3352, "heldout_residual_px": 0.2946}}, {"type": "Feature", "geometry": {"type": "Point", "coordinates": [32.27972325, -69.55369961]}, "properties": {"id": 201, "src_line": 28425.5, "src_sample": 8961.5, "fit_residual_px": 0.4539, "heldout_residual_px": 0.4588}}, {"type": "Feature", "geometry": {"type": "Point", "coordinates": [32.26892428, -69.55335149]}, "properties": {"id": 202, "src_line": 28425.5, "src_sample": 9345.5, "fit_residual_px": 0.3266, "heldout_residual_px": 0.4527}}, {"type": "Feature", "geometry": {"type": "Point", "coordinates": [32.25790332, -69.55297796]}, "properties": {"id": 203, "src_line": 28425.5, "src_sample": 9729.5, "fit_residual_px": 0.5932, "heldout_residual_px": 0.8903}}, {"type": "Feature", "geometry": {"type": "Point", "coordinates": [32.24717582, -69.55263521]}, "properties": {"id": 204, "src_line": 28425.5, "src_sample": 10113.5, "fit_residual_px": 0.5824, "heldout_residual_px": 0.957}}, {"type": "Feature", "geometry": {"type": "Point", "coordinates": [32.23660984, -69.55231088]}, "properties": {"id": 205, "src_line": 28425.5, "src_sample": 10497.5, "fit_residual_px": 0.1579, "heldout_residual_px": 0.5884}}, {"type": "Feature", "geometry": {"type": "Point", "coordinates": [32.22617559, -69.55200936]}, "properties": {"id": 206, "src_line": 28425.5, "src_sample": 10881.5, "fit_residual_px": 0.6598, "heldout_residual_px": 1.1811}}, {"type": "Feature", "geometry": {"type": "Point", "coordinates": [32.21599081, -69.55174199]}, "properties": {"id": 207, "src_line": 28425.5, "src_sample": 11265.5, "fit_residual_px": 0.4313, "heldout_residual_px": 1.0846}}, {"type": "Feature", "geometry": {"type": "Point", "coordinates": [32.20558278, -69.5514451]}, "properties": {"id": 208, "src_line": 28425.5, "src_sample": 11649.5, "fit_residual_px": 0.3843, "heldout_residual_px": 1.1762}}, {"type": "Feature", "geometry": {"type": "Point", "coordinates": [32.44249477, -69.55467135]}, "properties": {"id": 209, "src_line": 28809.5, "src_sample": 2817.5, "fit_residual_px": 0.6045, "heldout_residual_px": 0.3879}}, {"type": "Feature", "geometry": {"type": "Point", "coordinates": [32.43204056, -69.55435469]}, "properties": {"id": 210, "src_line": 28809.5, "src_sample": 3201.5, "fit_residual_px": 0.3268, "heldout_residual_px": 0.2536}}, {"type": "Feature", "geometry": {"type": "Point", "coordinates": [32.42172001, -69.55405372]}, "properties": {"id": 211, "src_line": 28809.5, "src_sample": 3585.5, "fit_residual_px": 0.4215, "heldout_residual_px": 0.5461}}, {"type": "Feature", "geometry": {"type": "Point", "coordinates": [32.41154674, -69.55376335]}, "properties": {"id": 212, "src_line": 28809.5, "src_sample": 3969.5, "fit_residual_px": 0.0281, "heldout_residual_px": 0.1158}}, {"type": "Feature", "geometry": {"type": "Point", "coordinates": [32.40135656, -69.55348293]}, "properties": {"id": 213, "src_line": 28809.5, "src_sample": 4353.5, "fit_residual_px": 0.6258, "heldout_residual_px": 0.641}}, {"type": "Feature", "geometry": {"type": "Point", "coordinates": [32.39126186, -69.55320198]}, "properties": {"id": 214, "src_line": 28809.5, "src_sample": 4737.5, "fit_residual_px": 0.7673, "heldout_residual_px": 0.7099}}, {"type": "Feature", "geometry": {"type": "Point", "coordinates": [32.38118959, -69.55292863]}, "properties": {"id": 215, "src_line": 28809.5, "src_sample": 5121.5, "fit_residual_px": 1.1221, "heldout_residual_px": 0.9903}}, {"type": "Feature", "geometry": {"type": "Point", "coordinates": [32.37127871, -69.55267947]}, "properties": {"id": 216, "src_line": 28809.5, "src_sample": 5505.5, "fit_residual_px": 1.4255, "heldout_residual_px": 1.2426}}, {"type": "Feature", "geometry": {"type": "Point", "coordinates": [32.36150873, -69.55245926]}, "properties": {"id": 217, "src_line": 28809.5, "src_sample": 5889.5, "fit_residual_px": 0.6977, "heldout_residual_px": 0.5862}}, {"type": "Feature", "geometry": {"type": "Point", "coordinates": [32.35173009, -69.55223761]}, "properties": {"id": 218, "src_line": 28809.5, "src_sample": 6273.5, "fit_residual_px": 0.5407, "heldout_residual_px": 0.5024}}, {"type": "Feature", "geometry": {"type": "Point", "coordinates": [32.3417709, -69.5519778]}, "properties": {"id": 219, "src_line": 28809.5, "src_sample": 6657.5, "fit_residual_px": 1.2093, "heldout_residual_px": 1.0706}}, {"type": "Feature", "geometry": {"type": "Point", "coordinates": [32.33189583, -69.55174715]}, "properties": {"id": 220, "src_line": 28809.5, "src_sample": 7041.5, "fit_residual_px": 0.3784, "heldout_residual_px": 0.43}}, {"type": "Feature", "geometry": {"type": "Point", "coordinates": [32.32159631, -69.55146621]}, "properties": {"id": 221, "src_line": 28809.5, "src_sample": 7425.5, "fit_residual_px": 0.552, "heldout_residual_px": 0.7073}}, {"type": "Feature", "geometry": {"type": "Point", "coordinates": [32.31142397, -69.5511687]}, "properties": {"id": 222, "src_line": 28809.5, "src_sample": 7809.5, "fit_residual_px": 0.0531, "heldout_residual_px": 0.0803}}, {"type": "Feature", "geometry": {"type": "Point", "coordinates": [32.30135821, -69.55089952]}, "properties": {"id": 223, "src_line": 28809.5, "src_sample": 8193.5, "fit_residual_px": 0.3085, "heldout_residual_px": 0.2019}}, {"type": "Feature", "geometry": {"type": "Point", "coordinates": [32.29072511, -69.55058049]}, "properties": {"id": 224, "src_line": 28809.5, "src_sample": 8577.5, "fit_residual_px": 0.083, "heldout_residual_px": 0.1742}}, {"type": "Feature", "geometry": {"type": "Point", "coordinates": [32.27988402, -69.5502372]}, "properties": {"id": 225, "src_line": 28809.5, "src_sample": 8961.5, "fit_residual_px": 0.4726, "heldout_residual_px": 0.6668}}, {"type": "Feature", "geometry": {"type": "Point", "coordinates": [32.26893104, -69.54987243]}, "properties": {"id": 226, "src_line": 28809.5, "src_sample": 9345.5, "fit_residual_px": 0.8383, "heldout_residual_px": 1.1231}}, {"type": "Feature", "geometry": {"type": "Point", "coordinates": [32.25800445, -69.54950416]}, "properties": {"id": 227, "src_line": 28809.5, "src_sample": 9729.5, "fit_residual_px": 0.5713, "heldout_residual_px": 0.8962}}, {"type": "Feature", "geometry": {"type": "Point", "coordinates": [32.24726707, -69.54917545]}, "properties": {"id": 228, "src_line": 28809.5, "src_sample": 10113.5, "fit_residual_px": 0.8827, "heldout_residual_px": 1.2242}}, {"type": "Feature", "geometry": {"type": "Point", "coordinates": [32.23670841, -69.5488342]}, "properties": {"id": 229, "src_line": 28809.5, "src_sample": 10497.5, "fit_residual_px": 0.4404, "heldout_residual_px": 0.9561}}, {"type": "Feature", "geometry": {"type": "Point", "coordinates": [32.22636308, -69.54854272]}, "properties": {"id": 230, "src_line": 28809.5, "src_sample": 10881.5, "fit_residual_px": 1.21, "heldout_residual_px": 1.7108}}, {"type": "Feature", "geometry": {"type": "Point", "coordinates": [32.21642821, -69.54831512]}, "properties": {"id": 231, "src_line": 28809.5, "src_sample": 11265.5, "fit_residual_px": 0.403, "heldout_residual_px": 0.6853}}, {"type": "Feature", "geometry": {"type": "Point", "coordinates": [32.20634344, -69.54804174]}, "properties": {"id": 232, "src_line": 28809.5, "src_sample": 11649.5, "fit_residual_px": 0.3206, "heldout_residual_px": 1.1266}}, {"type": "Feature", "geometry": {"type": "Point", "coordinates": [32.44310575, -69.55126041]}, "properties": {"id": 233, "src_line": 29193.5, "src_sample": 2817.5, "fit_residual_px": 0.5401, "heldout_residual_px": 0.3774}}, {"type": "Feature", "geometry": {"type": "Point", "coordinates": [32.43264079, -69.55095844]}, "properties": {"id": 234, "src_line": 29193.5, "src_sample": 3201.5, "fit_residual_px": 0.4479, "heldout_residual_px": 0.4986}}, {"type": "Feature", "geometry": {"type": "Point", "coordinates": [32.42239029, -69.5506593]}, "properties": {"id": 235, "src_line": 29193.5, "src_sample": 3585.5, "fit_residual_px": 0.2787, "heldout_residual_px": 0.355}}, {"type": "Feature", "geometry": {"type": "Point", "coordinates": [32.41218031, -69.55037317]}, "properties": {"id": 236, "src_line": 29193.5, "src_sample": 3969.5, "fit_residual_px": 0.4403, "heldout_residual_px": 0.5179}}, {"type": "Feature", "geometry": {"type": "Point", "coordinates": [32.40206897, -69.55009193]}, "properties": {"id": 237, "src_line": 29193.5, "src_sample": 4353.5, "fit_residual_px": 0.6988, "heldout_residual_px": 0.6956}}, {"type": "Feature", "geometry": {"type": "Point", "coordinates": [32.37194105, -69.54928957]}, "properties": {"id": 238, "src_line": 29193.5, "src_sample": 5505.5, "fit_residual_px": 0.7333, "heldout_residual_px": 0.6015}}, {"type": "Feature", "geometry": {"type": "Point", "coordinates": [32.36199226, -69.54905684]}, "properties": {"id": 239, "src_line": 29193.5, "src_sample": 5889.5, "fit_residual_px": 1.325, "heldout_residual_px": 1.2458}}, {"type": "Feature", "geometry": {"type": "Point", "coordinates": [32.35220974, -69.5488044]}, "properties": {"id": 240, "src_line": 29193.5, "src_sample": 6273.5, "fit_residual_px": 0.6735, "heldout_residual_px": 0.5359}}, {"type": "Feature", "geometry": {"type": "Point", "coordinates": [32.3422481, -69.54856451]}, "properties": {"id": 241, "src_line": 29193.5, "src_sample": 6657.5, "fit_residual_px": 0.9558, "heldout_residual_px": 0.8818}}, {"type": "Feature", "geometry": {"type": "Point", "coordinates": [32.33236799, -69.54833707]}, "properties": {"id": 242, "src_line": 29193.5, "src_sample": 7041.5, "fit_residual_px": 0.6009, "heldout_residual_px": 0.7111}}, {"type": "Feature", "geometry": {"type": "Point", "coordinates": [32.32210272, -69.54804318]}, "properties": {"id": 243, "src_line": 29193.5, "src_sample": 7425.5, "fit_residual_px": 0.5451, "heldout_residual_px": 0.6397}}, {"type": "Feature", "geometry": {"type": "Point", "coordinates": [32.30166949, -69.54749012]}, "properties": {"id": 244, "src_line": 29193.5, "src_sample": 8193.5, "fit_residual_px": 0.6307, "heldout_residual_px": 0.7564}}, {"type": "Feature", "geometry": {"type": "Point", "coordinates": [32.29101929, -69.54713853]}, "properties": {"id": 245, "src_line": 29193.5, "src_sample": 8577.5, "fit_residual_px": 0.1825, "heldout_residual_px": 0.3438}}, {"type": "Feature", "geometry": {"type": "Point", "coordinates": [32.28015544, -69.54677881]}, "properties": {"id": 246, "src_line": 29193.5, "src_sample": 8961.5, "fit_residual_px": 0.1345, "heldout_residual_px": 0.345}}, {"type": "Feature", "geometry": {"type": "Point", "coordinates": [32.26920055, -69.54642557]}, "properties": {"id": 247, "src_line": 29193.5, "src_sample": 9345.5, "fit_residual_px": 0.5348, "heldout_residual_px": 0.7771}}, {"type": "Feature", "geometry": {"type": "Point", "coordinates": [32.25830123, -69.54605863]}, "properties": {"id": 248, "src_line": 29193.5, "src_sample": 9729.5, "fit_residual_px": 0.3933, "heldout_residual_px": 0.7009}}, {"type": "Feature", "geometry": {"type": "Point", "coordinates": [32.24759108, -69.54571167]}, "properties": {"id": 249, "src_line": 29193.5, "src_sample": 10113.5, "fit_residual_px": 0.7089, "heldout_residual_px": 1.14}}, {"type": "Feature", "geometry": {"type": "Point", "coordinates": [32.23716965, -69.54541093]}, "properties": {"id": 250, "src_line": 29193.5, "src_sample": 10497.5, "fit_residual_px": 0.8351, "heldout_residual_px": 1.3175}}, {"type": "Feature", "geometry": {"type": "Point", "coordinates": [32.22699398, -69.54513346]}, "properties": {"id": 251, "src_line": 29193.5, "src_sample": 10881.5, "fit_residual_px": 0.7103, "heldout_residual_px": 1.2659}}, {"type": "Feature", "geometry": {"type": "Point", "coordinates": [32.21687525, -69.5448953]}, "properties": {"id": 252, "src_line": 29193.5, "src_sample": 11265.5, "fit_residual_px": 0.8165, "heldout_residual_px": 1.3843}}, {"type": "Feature", "geometry": {"type": "Point", "coordinates": [32.20697782, -69.54464517]}, "properties": {"id": 253, "src_line": 29193.5, "src_sample": 11649.5, "fit_residual_px": 0.2693, "heldout_residual_px": 0.6147}}, {"type": "Feature", "geometry": {"type": "Point", "coordinates": [32.44375636, -69.54786476]}, "properties": {"id": 254, "src_line": 29577.5, "src_sample": 2817.5, "fit_residual_px": 0.8006, "heldout_residual_px": 0.674}}, {"type": "Feature", "geometry": {"type": "Point", "coordinates": [32.43336596, -69.54755792]}, "properties": {"id": 255, "src_line": 29577.5, "src_sample": 3201.5, "fit_residual_px": 0.1627, "heldout_residual_px": 0.0875}}, {"type": "Feature", "geometry": {"type": "Point", "coordinates": [32.42303586, -69.54726098]}, "properties": {"id": 256, "src_line": 29577.5, "src_sample": 3585.5, "fit_residual_px": 0.2364, "heldout_residual_px": 0.2177}}, {"type": "Feature", "geometry": {"type": "Point", "coordinates": [32.41286242, -69.546982]}, "properties": {"id": 257, "src_line": 29577.5, "src_sample": 3969.5, "fit_residual_px": 0.4085, "heldout_residual_px": 0.4292}}, {"type": "Feature", "geometry": {"type": "Point", "coordinates": [32.40270222, -69.54668574]}, "properties": {"id": 258, "src_line": 29577.5, "src_sample": 4353.5, "fit_residual_px": 0.5261, "heldout_residual_px": 0.6807}}, {"type": "Feature", "geometry": {"type": "Point", "coordinates": [32.37250684, -69.54588785]}, "properties": {"id": 259, "src_line": 29577.5, "src_sample": 5505.5, "fit_residual_px": 0.4117, "heldout_residual_px": 0.4831}}, {"type": "Feature", "geometry": {"type": "Point", "coordinates": [32.36258668, -69.54563727]}, "properties": {"id": 260, "src_line": 29577.5, "src_sample": 5889.5, "fit_residual_px": 0.7557, "heldout_residual_px": 0.7895}}, {"type": "Feature", "geometry": {"type": "Point", "coordinates": [32.33290158, -69.54490469]}, "properties": {"id": 261, "src_line": 29577.5, "src_sample": 7041.5, "fit_residual_px": 0.2661, "heldout_residual_px": 0.2736}}, {"type": "Feature", "geometry": {"type": "Point", "coordinates": [32.3020308, -69.54402387]}, "properties": {"id": 262, "src_line": 29577.5, "src_sample": 8193.5, "fit_residual_px": 0.5009, "heldout_residual_px": 0.5255}}, {"type": "Feature", "geometry": {"type": "Point", "coordinates": [32.29141923, -69.54370426]}, "properties": {"id": 263, "src_line": 29577.5, "src_sample": 8577.5, "fit_residual_px": 0.1816, "heldout_residual_px": 0.1855}}, {"type": "Feature", "geometry": {"type": "Point", "coordinates": [32.28048808, -69.54331984]}, "properties": {"id": 264, "src_line": 29577.5, "src_sample": 8961.5, "fit_residual_px": 0.802, "heldout_residual_px": 0.829}}, {"type": "Feature", "geometry": {"type": "Point", "coordinates": [32.26956819, -69.54299596]}, "properties": {"id": 265, "src_line": 29577.5, "src_sample": 9345.5, "fit_residual_px": 0.6684, "heldout_residual_px": 0.769}}, {"type": "Feature", "geometry": {"type": "Point", "coordinates": [32.2588037, -69.54262825]}, "properties": {"id": 266, "src_line": 29577.5, "src_sample": 9729.5, "fit_residual_px": 0.6631, "heldout_residual_px": 0.7751}}, {"type": "Feature", "geometry": {"type": "Point", "coordinates": [32.24813334, -69.54229799]}, "properties": {"id": 267, "src_line": 29577.5, "src_sample": 10113.5, "fit_residual_px": 0.7376, "heldout_residual_px": 0.8569}}, {"type": "Feature", "geometry": {"type": "Point", "coordinates": [32.23775974, -69.54198774]}, "properties": {"id": 268, "src_line": 29577.5, "src_sample": 10497.5, "fit_residual_px": 0.4523, "heldout_residual_px": 0.4508}}, {"type": "Feature", "geometry": {"type": "Point", "coordinates": [32.22759101, -69.54172446]}, "properties": {"id": 269, "src_line": 29577.5, "src_sample": 10881.5, "fit_residual_px": 0.8387, "heldout_residual_px": 0.9016}}, {"type": "Feature", "geometry": {"type": "Point", "coordinates": [32.21753027, -69.54147147]}, "properties": {"id": 270, "src_line": 29577.5, "src_sample": 11265.5, "fit_residual_px": 0.9977, "heldout_residual_px": 1.064}}, {"type": "Feature", "geometry": {"type": "Point", "coordinates": [32.44431074, -69.54446729]}, "properties": {"id": 271, "src_line": 29961.5, "src_sample": 2817.5, "fit_residual_px": 0.4755, "heldout_residual_px": 0.2154}}, {"type": "Feature", "geometry": {"type": "Point", "coordinates": [32.43401374, -69.54414905]}, "properties": {"id": 272, "src_line": 29961.5, "src_sample": 3201.5, "fit_residual_px": 0.3357, "heldout_residual_px": 0.3735}}, {"type": "Feature", "geometry": {"type": "Point", "coordinates": [32.42361768, -69.54383737]}, "properties": {"id": 273, "src_line": 29961.5, "src_sample": 3585.5, "fit_residual_px": 0.2285, "heldout_residual_px": 0.4302}}, {"type": "Feature", "geometry": {"type": "Point", "coordinates": [32.41337883, -69.54356218]}, "properties": {"id": 274, "src_line": 29961.5, "src_sample": 3969.5, "fit_residual_px": 0.4393, "heldout_residual_px": 0.5381}}, {"type": "Feature", "geometry": {"type": "Point", "coordinates": [32.40319838, -69.5432791]}, "properties": {"id": 275, "src_line": 29961.5, "src_sample": 4353.5, "fit_residual_px": 0.5038, "heldout_residual_px": 0.5954}}, {"type": "Feature", "geometry": {"type": "Point", "coordinates": [32.3931063, -69.54300643]}, "properties": {"id": 276, "src_line": 29961.5, "src_sample": 4737.5, "fit_residual_px": 0.5726, "heldout_residual_px": 0.6558}}, {"type": "Feature", "geometry": {"type": "Point", "coordinates": [32.38309191, -69.54272931]}, "properties": {"id": 277, "src_line": 29961.5, "src_sample": 5121.5, "fit_residual_px": 0.6591, "heldout_residual_px": 0.7776}}, {"type": "Feature", "geometry": {"type": "Point", "coordinates": [32.37304235, -69.54247175]}, "properties": {"id": 278, "src_line": 29961.5, "src_sample": 5505.5, "fit_residual_px": 0.3439, "heldout_residual_px": 0.43}}, {"type": "Feature", "geometry": {"type": "Point", "coordinates": [32.36311028, -69.54221561]}, "properties": {"id": 279, "src_line": 29961.5, "src_sample": 5889.5, "fit_residual_px": 0.6068, "heldout_residual_px": 0.6804}}, {"type": "Feature", "geometry": {"type": "Point", "coordinates": [32.33330804, -69.54146968]}, "properties": {"id": 280, "src_line": 29961.5, "src_sample": 7041.5, "fit_residual_px": 0.264, "heldout_residual_px": 0.3113}}, {"type": "Feature", "geometry": {"type": "Point", "coordinates": [32.30234846, -69.54058797]}, "properties": {"id": 281, "src_line": 29961.5, "src_sample": 8193.5, "fit_residual_px": 0.3766, "heldout_residual_px": 0.3962}}, {"type": "Feature", "geometry": {"type": "Point", "coordinates": [32.29179123, -69.54028356]}, "properties": {"id": 282, "src_line": 29961.5, "src_sample": 8577.5, "fit_residual_px": 0.3951, "heldout_residual_px": 0.3987}}, {"type": "Feature", "geometry": {"type": "Point", "coordinates": [32.28118166, -69.53993412]}, "properties": {"id": 283, "src_line": 29961.5, "src_sample": 8961.5, "fit_residual_px": 0.3012, "heldout_residual_px": 0.2766}}, {"type": "Feature", "geometry": {"type": "Point", "coordinates": [32.27023631, -69.53958123]}, "properties": {"id": 284, "src_line": 29961.5, "src_sample": 9345.5, "fit_residual_px": 0.268, "heldout_residual_px": 0.3401}}, {"type": "Feature", "geometry": {"type": "Point", "coordinates": [32.25953373, -69.53924278]}, "properties": {"id": 285, "src_line": 29961.5, "src_sample": 9729.5, "fit_residual_px": 0.6087, "heldout_residual_px": 0.7055}}, {"type": "Feature", "geometry": {"type": "Point", "coordinates": [32.24892342, -69.5389234]}, "properties": {"id": 286, "src_line": 29961.5, "src_sample": 10113.5, "fit_residual_px": 0.7142, "heldout_residual_px": 0.8435}}, {"type": "Feature", "geometry": {"type": "Point", "coordinates": [32.23853262, -69.53860957]}, "properties": {"id": 287, "src_line": 29961.5, "src_sample": 10497.5, "fit_residual_px": 0.5976, "heldout_residual_px": 0.6624}}, {"type": "Feature", "geometry": {"type": "Point", "coordinates": [32.22837152, -69.53833117]}, "properties": {"id": 288, "src_line": 29961.5, "src_sample": 10881.5, "fit_residual_px": 1.2974, "heldout_residual_px": 1.2629}}, {"type": "Feature", "geometry": {"type": "Point", "coordinates": [32.21838014, -69.53809615]}, "properties": {"id": 289, "src_line": 29961.5, "src_sample": 11265.5, "fit_residual_px": 0.6154, "heldout_residual_px": 0.6821}}, {"type": "Feature", "geometry": {"type": "Point", "coordinates": [32.20842076, -69.53783434]}, "properties": {"id": 290, "src_line": 29961.5, "src_sample": 11649.5, "fit_residual_px": 0.5032, "heldout_residual_px": 0.4163}}, {"type": "Feature", "geometry": {"type": "Point", "coordinates": [32.44487534, -69.54106671]}, "properties": {"id": 291, "src_line": 30345.5, "src_sample": 2817.5, "fit_residual_px": 0.5919, "heldout_residual_px": 0.399}}, {"type": "Feature", "geometry": {"type": "Point", "coordinates": [32.43445574, -69.54073111]}, "properties": {"id": 292, "src_line": 30345.5, "src_sample": 3201.5, "fit_residual_px": 0.0079, "heldout_residual_px": 0.2376}}, {"type": "Feature", "geometry": {"type": "Point", "coordinates": [32.42416108, -69.54042311]}, "properties": {"id": 293, "src_line": 30345.5, "src_sample": 3585.5, "fit_residual_px": 0.3474, "heldout_residual_px": 0.5559}}, {"type": "Feature", "geometry": {"type": "Point", "coordinates": [32.41382173, -69.5401416]}, "properties": {"id": 294, "src_line": 30345.5, "src_sample": 3969.5, "fit_residual_px": 0.4514, "heldout_residual_px": 0.5029}}, {"type": "Feature", "geometry": {"type": "Point", "coordinates": [32.40372835, -69.53984463]}, "properties": {"id": 295, "src_line": 30345.5, "src_sample": 4353.5, "fit_residual_px": 0.3542, "heldout_residual_px": 0.5034}}, {"type": "Feature", "geometry": {"type": "Point", "coordinates": [32.39362886, -69.53958445]}, "properties": {"id": 296, "src_line": 30345.5, "src_sample": 4737.5, "fit_residual_px": 0.3525, "heldout_residual_px": 0.4587}}, {"type": "Feature", "geometry": {"type": "Point", "coordinates": [32.38358218, -69.53932435]}, "properties": {"id": 297, "src_line": 30345.5, "src_sample": 5121.5, "fit_residual_px": 0.5777, "heldout_residual_px": 0.641}}, {"type": "Feature", "geometry": {"type": "Point", "coordinates": [32.37346571, -69.53904362]}, "properties": {"id": 298, "src_line": 30345.5, "src_sample": 5505.5, "fit_residual_px": 0.5055, "heldout_residual_px": 0.5845}}, {"type": "Feature", "geometry": {"type": "Point", "coordinates": [32.3635044, -69.5387852]}, "properties": {"id": 299, "src_line": 30345.5, "src_sample": 5889.5, "fit_residual_px": 0.3989, "heldout_residual_px": 0.4782}}, {"type": "Feature", "geometry": {"type": "Point", "coordinates": [32.353515, -69.53853517]}, "properties": {"id": 300, "src_line": 30345.5, "src_sample": 6273.5, "fit_residual_px": 1.1411, "heldout_residual_px": 1.132}}, {"type": "Feature", "geometry": {"type": "Point", "coordinates": [32.34368143, -69.53829266]}, "properties": {"id": 301, "src_line": 30345.5, "src_sample": 6657.5, "fit_residual_px": 0.692, "heldout_residual_px": 0.7043}}, {"type": "Feature", "geometry": {"type": "Point", "coordinates": [32.33369158, -69.53802644]}, "properties": {"id": 302, "src_line": 30345.5, "src_sample": 7041.5, "fit_residual_px": 0.5875, "heldout_residual_px": 0.6368}}, {"type": "Feature", "geometry": {"type": "Point", "coordinates": [32.32342908, -69.53775892]}, "properties": {"id": 303, "src_line": 30345.5, "src_sample": 7425.5, "fit_residual_px": 0.1098, "heldout_residual_px": 0.1006}}, {"type": "Feature", "geometry": {"type": "Point", "coordinates": [32.31313392, -69.53745801]}, "properties": {"id": 304, "src_line": 30345.5, "src_sample": 7809.5, "fit_residual_px": 0.4365, "heldout_residual_px": 0.4595}}, {"type": "Feature", "geometry": {"type": "Point", "coordinates": [32.30271384, -69.53716639]}, "properties": {"id": 305, "src_line": 30345.5, "src_sample": 8193.5, "fit_residual_px": 0.2165, "heldout_residual_px": 0.2004}}, {"type": "Feature", "geometry": {"type": "Point", "coordinates": [32.29225385, -69.53686766]}, "properties": {"id": 306, "src_line": 30345.5, "src_sample": 8577.5, "fit_residual_px": 0.5435, "heldout_residual_px": 0.5506}}, {"type": "Feature", "geometry": {"type": "Point", "coordinates": [32.28165852, -69.53652737]}, "properties": {"id": 307, "src_line": 30345.5, "src_sample": 8961.5, "fit_residual_px": 0.221, "heldout_residual_px": 0.2438}}, {"type": "Feature", "geometry": {"type": "Point", "coordinates": [32.27097674, -69.53617727]}, "properties": {"id": 308, "src_line": 30345.5, "src_sample": 9345.5, "fit_residual_px": 0.5438, "heldout_residual_px": 0.5518}}, {"type": "Feature", "geometry": {"type": "Point", "coordinates": [32.26033179, -69.53586735]}, "properties": {"id": 309, "src_line": 30345.5, "src_sample": 9729.5, "fit_residual_px": 0.6098, "heldout_residual_px": 0.699}}, {"type": "Feature", "geometry": {"type": "Point", "coordinates": [32.24981757, -69.53554085]}, "properties": {"id": 310, "src_line": 30345.5, "src_sample": 10113.5, "fit_residual_px": 0.3999, "heldout_residual_px": 0.4667}}, {"type": "Feature", "geometry": {"type": "Point", "coordinates": [32.23941288, -69.53522636]}, "properties": {"id": 311, "src_line": 30345.5, "src_sample": 10497.5, "fit_residual_px": 1.2293, "heldout_residual_px": 1.2156}}, {"type": "Feature", "geometry": {"type": "Point", "coordinates": [32.22927169, -69.53498391]}, "properties": {"id": 312, "src_line": 30345.5, "src_sample": 10881.5, "fit_residual_px": 1.1813, "heldout_residual_px": 1.2406}}, {"type": "Feature", "geometry": {"type": "Point", "coordinates": [32.21928098, -69.53473132]}, "properties": {"id": 313, "src_line": 30345.5, "src_sample": 11265.5, "fit_residual_px": 0.3121, "heldout_residual_px": 0.4303}}, {"type": "Feature", "geometry": {"type": "Point", "coordinates": [32.20925803, -69.53447665]}, "properties": {"id": 314, "src_line": 30345.5, "src_sample": 11649.5, "fit_residual_px": 0.1819, "heldout_residual_px": 0.2933}}, {"type": "Feature", "geometry": {"type": "Point", "coordinates": [32.44536939, -69.53761982]}, "properties": {"id": 315, "src_line": 30729.5, "src_sample": 2817.5, "fit_residual_px": 0.3923, "heldout_residual_px": 0.4169}}, {"type": "Feature", "geometry": {"type": "Point", "coordinates": [32.43486753, -69.53729652]}, "properties": {"id": 316, "src_line": 30729.5, "src_sample": 3201.5, "fit_residual_px": 0.295, "heldout_residual_px": 0.3374}}, {"type": "Feature", "geometry": {"type": "Point", "coordinates": [32.42462167, -69.53701083]}, "properties": {"id": 317, "src_line": 30729.5, "src_sample": 3585.5, "fit_residual_px": 0.3002, "heldout_residual_px": 0.4518}}, {"type": "Feature", "geometry": {"type": "Point", "coordinates": [32.41437889, -69.53671766]}, "properties": {"id": 318, "src_line": 30729.5, "src_sample": 3969.5, "fit_residual_px": 0.1198, "heldout_residual_px": 0.2792}}, {"type": "Feature", "geometry": {"type": "Point", "coordinates": [32.4041863, -69.53642997]}, "properties": {"id": 319, "src_line": 30729.5, "src_sample": 4353.5, "fit_residual_px": 0.1826, "heldout_residual_px": 0.3257}}, {"type": "Feature", "geometry": {"type": "Point", "coordinates": [32.39410335, -69.53615962]}, "properties": {"id": 320, "src_line": 30729.5, "src_sample": 4737.5, "fit_residual_px": 0.352, "heldout_residual_px": 0.4704}}, {"type": "Feature", "geometry": {"type": "Point", "coordinates": [32.38391122, -69.53589127]}, "properties": {"id": 321, "src_line": 30729.5, "src_sample": 5121.5, "fit_residual_px": 0.5271, "heldout_residual_px": 0.5617}}, {"type": "Feature", "geometry": {"type": "Point", "coordinates": [32.373903, -69.53562134]}, "properties": {"id": 322, "src_line": 30729.5, "src_sample": 5505.5, "fit_residual_px": 0.5155, "heldout_residual_px": 0.5743}}, {"type": "Feature", "geometry": {"type": "Point", "coordinates": [32.36384934, -69.53535581]}, "properties": {"id": 323, "src_line": 30729.5, "src_sample": 5889.5, "fit_residual_px": 0.4962, "heldout_residual_px": 0.5352}}, {"type": "Feature", "geometry": {"type": "Point", "coordinates": [32.34404596, -69.53487278]}, "properties": {"id": 324, "src_line": 30729.5, "src_sample": 6657.5, "fit_residual_px": 0.526, "heldout_residual_px": 0.4888}}, {"type": "Feature", "geometry": {"type": "Point", "coordinates": [32.33406168, -69.53461256]}, "properties": {"id": 325, "src_line": 30729.5, "src_sample": 7041.5, "fit_residual_px": 0.0538, "heldout_residual_px": 0.0174}}, {"type": "Feature", "geometry": {"type": "Point", "coordinates": [32.32380566, -69.53431885]}, "properties": {"id": 326, "src_line": 30729.5, "src_sample": 7425.5, "fit_residual_px": 0.1114, "heldout_residual_px": 0.1576}}, {"type": "Feature", "geometry": {"type": "Point", "coordinates": [32.31346438, -69.53402516]}, "properties": {"id": 327, "src_line": 30729.5, "src_sample": 7809.5, "fit_residual_px": 0.0778, "heldout_residual_px": 0.0701}}, {"type": "Feature", "geometry": {"type": "Point", "coordinates": [32.30313618, -69.53373928]}, "properties": {"id": 328, "src_line": 30729.5, "src_sample": 8193.5, "fit_residual_px": 0.3746, "heldout_residual_px": 0.3474}}, {"type": "Feature", "geometry": {"type": "Point", "coordinates": [32.2927804, -69.53342204]}, "properties": {"id": 329, "src_line": 30729.5, "src_sample": 8577.5, "fit_residual_px": 0.3148, "heldout_residual_px": 0.3283}}, {"type": "Feature", "geometry": {"type": "Point", "coordinates": [32.28226321, -69.53312872]}, "properties": {"id": 330, "src_line": 30729.5, "src_sample": 8961.5, "fit_residual_px": 0.3845, "heldout_residual_px": 0.3964}}, {"type": "Feature", "geometry": {"type": "Point", "coordinates": [32.27177069, -69.53280561]}, "properties": {"id": 331, "src_line": 30729.5, "src_sample": 9345.5, "fit_residual_px": 0.3156, "heldout_residual_px": 0.33}}, {"type": "Feature", "geometry": {"type": "Point", "coordinates": [32.26128051, -69.53249078]}, "properties": {"id": 332, "src_line": 30729.5, "src_sample": 9729.5, "fit_residual_px": 0.2082, "heldout_residual_px": 0.2311}}, {"type": "Feature", "geometry": {"type": "Point", "coordinates": [32.25080992, -69.53217607]}, "properties": {"id": 333, "src_line": 30729.5, "src_sample": 10113.5, "fit_residual_px": 0.7607, "heldout_residual_px": 0.7507}}, {"type": "Feature", "geometry": {"type": "Point", "coordinates": [32.24065673, -69.53189681]}, "properties": {"id": 334, "src_line": 30729.5, "src_sample": 10497.5, "fit_residual_px": 0.4862, "heldout_residual_px": 0.4402}}, {"type": "Feature", "geometry": {"type": "Point", "coordinates": [32.23039337, -69.5316117]}, "properties": {"id": 335, "src_line": 30729.5, "src_sample": 10881.5, "fit_residual_px": 0.5032, "heldout_residual_px": 0.4287}}, {"type": "Feature", "geometry": {"type": "Point", "coordinates": [32.22018366, -69.53134448]}, "properties": {"id": 336, "src_line": 30729.5, "src_sample": 11265.5, "fit_residual_px": 0.2769, "heldout_residual_px": 0.2331}}, {"type": "Feature", "geometry": {"type": "Point", "coordinates": [32.2100462, -69.5310973]}, "properties": {"id": 337, "src_line": 30729.5, "src_sample": 11649.5, "fit_residual_px": 0.349, "heldout_residual_px": 0.4526}}, {"type": "Feature", "geometry": {"type": "Point", "coordinates": [32.44588155, -69.53421783]}, "properties": {"id": 338, "src_line": 31113.5, "src_sample": 2817.5, "fit_residual_px": 0.3344, "heldout_residual_px": 0.4247}}, {"type": "Feature", "geometry": {"type": "Point", "coordinates": [32.43552727, -69.53389433]}, "properties": {"id": 339, "src_line": 31113.5, "src_sample": 3201.5, "fit_residual_px": 0.4808, "heldout_residual_px": 0.5121}}, {"type": "Feature", "geometry": {"type": "Point", "coordinates": [32.42524308, -69.53360005]}, "properties": {"id": 340, "src_line": 31113.5, "src_sample": 3585.5, "fit_residual_px": 0.352, "heldout_residual_px": 0.4924}}, {"type": "Feature", "geometry": {"type": "Point", "coordinates": [32.41499767, -69.53330548]}, "properties": {"id": 341, "src_line": 31113.5, "src_sample": 3969.5, "fit_residual_px": 0.3367, "heldout_residual_px": 0.4227}}, {"type": "Feature", "geometry": {"type": "Point", "coordinates": [32.40470124, -69.5330106]}, "properties": {"id": 342, "src_line": 31113.5, "src_sample": 4353.5, "fit_residual_px": 0.3216, "heldout_residual_px": 0.4408}}, {"type": "Feature", "geometry": {"type": "Point", "coordinates": [32.39457845, -69.53275021]}, "properties": {"id": 343, "src_line": 31113.5, "src_sample": 4737.5, "fit_residual_px": 0.2312, "heldout_residual_px": 0.2631}}, {"type": "Feature", "geometry": {"type": "Point", "coordinates": [32.38435703, -69.53245814]}, "properties": {"id": 344, "src_line": 31113.5, "src_sample": 5121.5, "fit_residual_px": 0.284, "heldout_residual_px": 0.3477}}, {"type": "Feature", "geometry": {"type": "Point", "coordinates": [32.37427854, -69.53218255]}, "properties": {"id": 345, "src_line": 31113.5, "src_sample": 5505.5, "fit_residual_px": 0.1951, "heldout_residual_px": 0.2741}}, {"type": "Feature", "geometry": {"type": "Point", "coordinates": [32.36426241, -69.53191202]}, "properties": {"id": 346, "src_line": 31113.5, "src_sample": 5889.5, "fit_residual_px": 0.6283, "heldout_residual_px": 0.6839}}, {"type": "Feature", "geometry": {"type": "Point", "coordinates": [32.35439451, -69.53167847]}, "properties": {"id": 347, "src_line": 31113.5, "src_sample": 6273.5, "fit_residual_px": 0.3827, "heldout_residual_px": 0.3969}}, {"type": "Feature", "geometry": {"type": "Point", "coordinates": [32.34449446, -69.53143504]}, "properties": {"id": 348, "src_line": 31113.5, "src_sample": 6657.5, "fit_residual_px": 0.1658, "heldout_residual_px": 0.2184}}, {"type": "Feature", "geometry": {"type": "Point", "coordinates": [32.33436799, -69.53117033]}, "properties": {"id": 349, "src_line": 31113.5, "src_sample": 7041.5, "fit_residual_px": 0.156, "heldout_residual_px": 0.1303}}, {"type": "Feature", "geometry": {"type": "Point", "coordinates": [32.3242797, -69.53088758]}, "properties": {"id": 350, "src_line": 31113.5, "src_sample": 7425.5, "fit_residual_px": 0.4297, "heldout_residual_px": 0.4765}}, {"type": "Feature", "geometry": {"type": "Point", "coordinates": [32.31391841, -69.53060739]}, "properties": {"id": 351, "src_line": 31113.5, "src_sample": 7809.5, "fit_residual_px": 0.2152, "heldout_residual_px": 0.1737}}, {"type": "Feature", "geometry": {"type": "Point", "coordinates": [32.30360321, -69.5303007]}, "properties": {"id": 352, "src_line": 31113.5, "src_sample": 8193.5, "fit_residual_px": 0.188, "heldout_residual_px": 0.2085}}, {"type": "Feature", "geometry": {"type": "Point", "coordinates": [32.29327825, -69.5300154]}, "properties": {"id": 353, "src_line": 31113.5, "src_sample": 8577.5, "fit_residual_px": 0.0854, "heldout_residual_px": 0.1109}}, {"type": "Feature", "geometry": {"type": "Point", "coordinates": [32.28301709, -69.52972778]}, "properties": {"id": 354, "src_line": 31113.5, "src_sample": 8961.5, "fit_residual_px": 0.1311, "heldout_residual_px": 0.1661}}, {"type": "Feature", "geometry": {"type": "Point", "coordinates": [32.27269182, -69.52943725]}, "properties": {"id": 355, "src_line": 31113.5, "src_sample": 9345.5, "fit_residual_px": 0.1062, "heldout_residual_px": 0.109}}, {"type": "Feature", "geometry": {"type": "Point", "coordinates": [32.26236858, -69.52913855]}, "properties": {"id": 356, "src_line": 31113.5, "src_sample": 9729.5, "fit_residual_px": 0.0799, "heldout_residual_px": 0.05}}, {"type": "Feature", "geometry": {"type": "Point", "coordinates": [32.25200013, -69.52884113]}, "properties": {"id": 357, "src_line": 31113.5, "src_sample": 10113.5, "fit_residual_px": 0.5014, "heldout_residual_px": 0.4583}}, {"type": "Feature", "geometry": {"type": "Point", "coordinates": [32.241662, -69.52855506]}, "properties": {"id": 358, "src_line": 31113.5, "src_sample": 10497.5, "fit_residual_px": 0.5577, "heldout_residual_px": 0.5225}}, {"type": "Feature", "geometry": {"type": "Point", "coordinates": [32.23146682, -69.52827576]}, "properties": {"id": 359, "src_line": 31113.5, "src_sample": 10881.5, "fit_residual_px": 0.1559, "heldout_residual_px": 0.1939}}, {"type": "Feature", "geometry": {"type": "Point", "coordinates": [32.2212237, -69.52799822]}, "properties": {"id": 360, "src_line": 31113.5, "src_sample": 11265.5, "fit_residual_px": 0.4996, "heldout_residual_px": 0.531}}, {"type": "Feature", "geometry": {"type": "Point", "coordinates": [32.21099962, -69.52770305]}, "properties": {"id": 361, "src_line": 31113.5, "src_sample": 11649.5, "fit_residual_px": 0.6063, "heldout_residual_px": 0.5783}}, {"type": "Feature", "geometry": {"type": "Point", "coordinates": [32.44654491, -69.53081972]}, "properties": {"id": 362, "src_line": 31497.5, "src_sample": 2817.5, "fit_residual_px": 0.3316, "heldout_residual_px": 0.7168}}, {"type": "Feature", "geometry": {"type": "Point", "coordinates": [32.43626419, -69.53051161]}, "properties": {"id": 363, "src_line": 31497.5, "src_sample": 3201.5, "fit_residual_px": 0.148, "heldout_residual_px": 0.4856}}, {"type": "Feature", "geometry": {"type": "Point", "coordinates": [32.42594294, -69.53023449]}, "properties": {"id": 364, "src_line": 31497.5, "src_sample": 3585.5, "fit_residual_px": 0.5357, "heldout_residual_px": 0.5425}}, {"type": "Feature", "geometry": {"type": "Point", "coordinates": [32.41566211, -69.52991879]}, "properties": {"id": 365, "src_line": 31497.5, "src_sample": 3969.5, "fit_residual_px": 0.0878, "heldout_residual_px": 0.2816}}, {"type": "Feature", "geometry": {"type": "Point", "coordinates": [32.40526377, -69.52961905]}, "properties": {"id": 366, "src_line": 31497.5, "src_sample": 4353.5, "fit_residual_px": 0.4763, "heldout_residual_px": 0.364}}, {"type": "Feature", "geometry": {"type": "Point", "coordinates": [32.3951092, -69.529334]}, "properties": {"id": 367, "src_line": 31497.5, "src_sample": 4737.5, "fit_residual_px": 0.1322, "heldout_residual_px": 0.1358}}, {"type": "Feature", "geometry": {"type": "Point", "coordinates": [32.38484672, -69.52902833]}, "properties": {"id": 368, "src_line": 31497.5, "src_sample": 5121.5, "fit_residual_px": 0.2364, "heldout_residual_px": 0.242}}, {"type": "Feature", "geometry": {"type": "Point", "coordinates": [32.37469905, -69.52875595]}, "properties": {"id": 369, "src_line": 31497.5, "src_sample": 5505.5, "fit_residual_px": 0.471, "heldout_residual_px": 0.4519}}, {"type": "Feature", "geometry": {"type": "Point", "coordinates": [32.3647204, -69.52850874]}, "properties": {"id": 370, "src_line": 31497.5, "src_sample": 5889.5, "fit_residual_px": 0.5044, "heldout_residual_px": 0.4838}}, {"type": "Feature", "geometry": {"type": "Point", "coordinates": [32.35480309, -69.5282463]}, "properties": {"id": 371, "src_line": 31497.5, "src_sample": 6273.5, "fit_residual_px": 0.2582, "heldout_residual_px": 0.2779}}, {"type": "Feature", "geometry": {"type": "Point", "coordinates": [32.34483931, -69.52800859]}, "properties": {"id": 372, "src_line": 31497.5, "src_sample": 6657.5, "fit_residual_px": 0.2728, "heldout_residual_px": 0.2326}}, {"type": "Feature", "geometry": {"type": "Point", "coordinates": [32.33482119, -69.52773303]}, "properties": {"id": 373, "src_line": 31497.5, "src_sample": 7041.5, "fit_residual_px": 0.3971, "heldout_residual_px": 0.4509}}, {"type": "Feature", "geometry": {"type": "Point", "coordinates": [32.32468748, -69.52745383]}, "properties": {"id": 374, "src_line": 31497.5, "src_sample": 7425.5, "fit_residual_px": 0.5461, "heldout_residual_px": 0.626}}, {"type": "Feature", "geometry": {"type": "Point", "coordinates": [32.31438643, -69.52716783]}, "properties": {"id": 375, "src_line": 31497.5, "src_sample": 7809.5, "fit_residual_px": 0.3851, "heldout_residual_px": 0.4927}}, {"type": "Feature", "geometry": {"type": "Point", "coordinates": [32.30394704, -69.52687063]}, "properties": {"id": 376, "src_line": 31497.5, "src_sample": 8193.5, "fit_residual_px": 0.1536, "heldout_residual_px": 0.0178}}, {"type": "Feature", "geometry": {"type": "Point", "coordinates": [32.29367244, -69.52657216]}, "properties": {"id": 377, "src_line": 31497.5, "src_sample": 8577.5, "fit_residual_px": 0.1932, "heldout_residual_px": 0.2737}}, {"type": "Feature", "geometry": {"type": "Point", "coordinates": [32.28354199, -69.52630114]}, "properties": {"id": 378, "src_line": 31497.5, "src_sample": 8961.5, "fit_residual_px": 0.1987, "heldout_residual_px": 0.3537}}, {"type": "Feature", "geometry": {"type": "Point", "coordinates": [32.27341674, -69.52602927]}, "properties": {"id": 379, "src_line": 31497.5, "src_sample": 9345.5, "fit_residual_px": 0.3846, "heldout_residual_px": 0.6925}}, {"type": "Feature", "geometry": {"type": "Point", "coordinates": [32.26317272, -69.52574729]}, "properties": {"id": 380, "src_line": 31497.5, "src_sample": 9729.5, "fit_residual_px": 0.4853, "heldout_residual_px": 0.8808}}, {"type": "Feature", "geometry": {"type": "Point", "coordinates": [32.25293247, -69.52548457]}, "properties": {"id": 381, "src_line": 31497.5, "src_sample": 10113.5, "fit_residual_px": 0.5366, "heldout_residual_px": 0.8819}}, {"type": "Feature", "geometry": {"type": "Point", "coordinates": [32.24271284, -69.52519129]}, "properties": {"id": 382, "src_line": 31497.5, "src_sample": 10497.5, "fit_residual_px": 0.4255, "heldout_residual_px": 1.0245}}, {"type": "Feature", "geometry": {"type": "Point", "coordinates": [32.23242793, -69.52489843]}, "properties": {"id": 383, "src_line": 31497.5, "src_sample": 10881.5, "fit_residual_px": 0.428, "heldout_residual_px": 1.1206}}, {"type": "Feature", "geometry": {"type": "Point", "coordinates": [32.2221464, -69.52460871]}, "properties": {"id": 384, "src_line": 31497.5, "src_sample": 11265.5, "fit_residual_px": 0.6922, "heldout_residual_px": 1.5046}}, {"type": "Feature", "geometry": {"type": "Point", "coordinates": [32.21178951, -69.52432649]}, "properties": {"id": 385, "src_line": 31497.5, "src_sample": 11649.5, "fit_residual_px": 0.6275, "heldout_residual_px": 1.5483}}, {"type": "Feature", "geometry": {"type": "Point", "coordinates": [32.44715632, -69.52740348]}, "properties": {"id": 386, "src_line": 31881.5, "src_sample": 2817.5, "fit_residual_px": 0.2549, "heldout_residual_px": 0.6615}}, {"type": "Feature", "geometry": {"type": "Point", "coordinates": [32.43688257, -69.52711571]}, "properties": {"id": 387, "src_line": 31881.5, "src_sample": 3201.5, "fit_residual_px": 0.394, "heldout_residual_px": 0.0774}}, {"type": "Feature", "geometry": {"type": "Point", "coordinates": [32.42665161, -69.52681933]}, "properties": {"id": 388, "src_line": 31881.5, "src_sample": 3585.5, "fit_residual_px": 0.0802, "heldout_residual_px": 0.2088}}, {"type": "Feature", "geometry": {"type": "Point", "coordinates": [32.41627866, -69.52650452]}, "properties": {"id": 389, "src_line": 31881.5, "src_sample": 3969.5, "fit_residual_px": 0.3174, "heldout_residual_px": 0.5165}}, {"type": "Feature", "geometry": {"type": "Point", "coordinates": [32.40593445, -69.52622054]}, "properties": {"id": 390, "src_line": 31881.5, "src_sample": 4353.5, "fit_residual_px": 0.3202, "heldout_residual_px": 0.3337}}, {"type": "Feature", "geometry": {"type": "Point", "coordinates": [32.39569211, -69.52592265]}, "properties": {"id": 391, "src_line": 31881.5, "src_sample": 4737.5, "fit_residual_px": 0.4324, "heldout_residual_px": 0.351}}, {"type": "Feature", "geometry": {"type": "Point", "coordinates": [32.38541652, -69.52561963]}, "properties": {"id": 392, "src_line": 31881.5, "src_sample": 5121.5, "fit_residual_px": 0.1434, "heldout_residual_px": 0.1904}}, {"type": "Feature", "geometry": {"type": "Point", "coordinates": [32.37517321, -69.52534691]}, "properties": {"id": 393, "src_line": 31881.5, "src_sample": 5505.5, "fit_residual_px": 0.3421, "heldout_residual_px": 0.3039}}, {"type": "Feature", "geometry": {"type": "Point", "coordinates": [32.36518824, -69.52507731]}, "properties": {"id": 394, "src_line": 31881.5, "src_sample": 5889.5, "fit_residual_px": 0.0363, "heldout_residual_px": 0.0652}}, {"type": "Feature", "geometry": {"type": "Point", "coordinates": [32.35531617, -69.52484576]}, "properties": {"id": 395, "src_line": 31881.5, "src_sample": 6273.5, "fit_residual_px": 0.2763, "heldout_residual_px": 0.2199}}, {"type": "Feature", "geometry": {"type": "Point", "coordinates": [32.31479118, -69.52373463]}, "properties": {"id": 396, "src_line": 31881.5, "src_sample": 7809.5, "fit_residual_px": 0.3187, "heldout_residual_px": 0.4558}}, {"type": "Feature", "geometry": {"type": "Point", "coordinates": [32.30436175, -69.52341755]}, "properties": {"id": 397, "src_line": 31881.5, "src_sample": 8193.5, "fit_residual_px": 0.5457, "heldout_residual_px": 0.6895}}, {"type": "Feature", "geometry": {"type": "Point", "coordinates": [32.29409245, -69.52314961]}, "properties": {"id": 398, "src_line": 31881.5, "src_sample": 8577.5, "fit_residual_px": 0.5165, "heldout_residual_px": 0.6798}}, {"type": "Feature", "geometry": {"type": "Point", "coordinates": [32.28389743, -69.52284414]}, "properties": {"id": 399, "src_line": 31881.5, "src_sample": 8961.5, "fit_residual_px": 0.8047, "heldout_residual_px": 0.8062}}, {"type": "Feature", "geometry": {"type": "Point", "coordinates": [32.27380092, -69.52260741]}, "properties": {"id": 400, "src_line": 31881.5, "src_sample": 9345.5, "fit_residual_px": 0.4655, "heldout_residual_px": 0.7432}}, {"type": "Feature", "geometry": {"type": "Point", "coordinates": [32.26349896, -69.5223065]}, "properties": {"id": 401, "src_line": 31881.5, "src_sample": 9729.5, "fit_residual_px": 0.3115, "heldout_residual_px": 0.315}}, {"type": "Feature", "geometry": {"type": "Point", "coordinates": [32.25338481, -69.5220576]}, "properties": {"id": 402, "src_line": 31881.5, "src_sample": 10113.5, "fit_residual_px": 0.4374, "heldout_residual_px": 0.7249}}, {"type": "Feature", "geometry": {"type": "Point", "coordinates": [32.24322632, -69.52178455]}, "properties": {"id": 403, "src_line": 31881.5, "src_sample": 10497.5, "fit_residual_px": 0.5895, "heldout_residual_px": 1.022}}, {"type": "Feature", "geometry": {"type": "Point", "coordinates": [32.23305474, -69.52150433]}, "properties": {"id": 404, "src_line": 31881.5, "src_sample": 10881.5, "fit_residual_px": 0.5541, "heldout_residual_px": 1.1492}}, {"type": "Feature", "geometry": {"type": "Point", "coordinates": [32.22274668, -69.52122219]}, "properties": {"id": 405, "src_line": 31881.5, "src_sample": 11265.5, "fit_residual_px": 0.3779, "heldout_residual_px": 0.9605}}, {"type": "Feature", "geometry": {"type": "Point", "coordinates": [32.21246604, -69.52091467]}, "properties": {"id": 406, "src_line": 31881.5, "src_sample": 11649.5, "fit_residual_px": 0.7051, "heldout_residual_px": 1.5867}}, {"type": "Feature", "geometry": {"type": "Point", "coordinates": [32.44785886, -69.5240178]}, "properties": {"id": 407, "src_line": 32265.5, "src_sample": 2817.5, "fit_residual_px": 0.0841, "heldout_residual_px": 0.2987}}, {"type": "Feature", "geometry": {"type": "Point", "coordinates": [32.43756178, -69.52371756]}, "properties": {"id": 408, "src_line": 32265.5, "src_sample": 3201.5, "fit_residual_px": 0.258, "heldout_residual_px": 0.0899}}, {"type": "Feature", "geometry": {"type": "Point", "coordinates": [32.42729631, -69.52341574]}, "properties": {"id": 409, "src_line": 32265.5, "src_sample": 3585.5, "fit_residual_px": 0.2014, "heldout_residual_px": 0.4404}}, {"type": "Feature", "geometry": {"type": "Point", "coordinates": [32.41692505, -69.52310049]}, "properties": {"id": 410, "src_line": 32265.5, "src_sample": 3969.5, "fit_residual_px": 0.3442, "heldout_residual_px": 0.4858}}, {"type": "Feature", "geometry": {"type": "Point", "coordinates": [32.40655291, -69.52278542]}, "properties": {"id": 411, "src_line": 32265.5, "src_sample": 4353.5, "fit_residual_px": 0.5585, "heldout_residual_px": 0.6467}}, {"type": "Feature", "geometry": {"type": "Point", "coordinates": [32.39627224, -69.52250072]}, "properties": {"id": 412, "src_line": 32265.5, "src_sample": 4737.5, "fit_residual_px": 0.2868, "heldout_residual_px": 0.374}}, {"type": "Feature", "geometry": {"type": "Point", "coordinates": [32.38598488, -69.52221145]}, "properties": {"id": 413, "src_line": 32265.5, "src_sample": 5121.5, "fit_residual_px": 0.1583, "heldout_residual_px": 0.1792}}, {"type": "Feature", "geometry": {"type": "Point", "coordinates": [32.37581387, -69.52193764]}, "properties": {"id": 414, "src_line": 32265.5, "src_sample": 5505.5, "fit_residual_px": 0.2094, "heldout_residual_px": 0.1589}}, {"type": "Feature", "geometry": {"type": "Point", "coordinates": [32.36580461, -69.52166153]}, "properties": {"id": 415, "src_line": 32265.5, "src_sample": 5889.5, "fit_residual_px": 0.3612, "heldout_residual_px": 0.415}}, {"type": "Feature", "geometry": {"type": "Point", "coordinates": [32.35586486, -69.5214275]}, "properties": {"id": 416, "src_line": 32265.5, "src_sample": 6273.5, "fit_residual_px": 0.3884, "heldout_residual_px": 0.3184}}, {"type": "Feature", "geometry": {"type": "Point", "coordinates": [32.34592964, -69.5211717]}, "properties": {"id": 417, "src_line": 32265.5, "src_sample": 6657.5, "fit_residual_px": 0.0568, "heldout_residual_px": 0.1359}}, {"type": "Feature", "geometry": {"type": "Point", "coordinates": [32.32560559, -69.52061377]}, "properties": {"id": 418, "src_line": 32265.5, "src_sample": 7425.5, "fit_residual_px": 0.2838, "heldout_residual_px": 0.4173}}, {"type": "Feature", "geometry": {"type": "Point", "coordinates": [32.31520483, -69.52032353]}, "properties": {"id": 419, "src_line": 32265.5, "src_sample": 7809.5, "fit_residual_px": 0.2723, "heldout_residual_px": 0.2404}}, {"type": "Feature", "geometry": {"type": "Point", "coordinates": [32.30483247, -69.52000127]}, "properties": {"id": 420, "src_line": 32265.5, "src_sample": 8193.5, "fit_residual_px": 0.2997, "heldout_residual_px": 0.4546}}, {"type": "Feature", "geometry": {"type": "Point", "coordinates": [32.29448322, -69.51970242]}, "properties": {"id": 421, "src_line": 32265.5, "src_sample": 8577.5, "fit_residual_px": 0.4467, "heldout_residual_px": 0.4414}}, {"type": "Feature", "geometry": {"type": "Point", "coordinates": [32.28430195, -69.51944168]}, "properties": {"id": 422, "src_line": 32265.5, "src_sample": 8961.5, "fit_residual_px": 0.1448, "heldout_residual_px": 0.2835}}, {"type": "Feature", "geometry": {"type": "Point", "coordinates": [32.27407152, -69.51915942]}, "properties": {"id": 423, "src_line": 32265.5, "src_sample": 9345.5, "fit_residual_px": 0.4166, "heldout_residual_px": 0.6715}}, {"type": "Feature", "geometry": {"type": "Point", "coordinates": [32.26379429, -69.51886536]}, "properties": {"id": 424, "src_line": 32265.5, "src_sample": 9729.5, "fit_residual_px": 0.0858, "heldout_residual_px": 0.4489}}, {"type": "Feature", "geometry": {"type": "Point", "coordinates": [32.25361177, -69.51859677]}, "properties": {"id": 425, "src_line": 32265.5, "src_sample": 10113.5, "fit_residual_px": 0.2889, "heldout_residual_px": 0.1643}}, {"type": "Feature", "geometry": {"type": "Point", "coordinates": [32.24367031, -69.51833983]}, "properties": {"id": 426, "src_line": 32265.5, "src_sample": 10497.5, "fit_residual_px": 0.4289, "heldout_residual_px": 0.9353}}, {"type": "Feature", "geometry": {"type": "Point", "coordinates": [32.23346802, -69.5180621]}, "properties": {"id": 427, "src_line": 32265.5, "src_sample": 10881.5, "fit_residual_px": 0.1748, "heldout_residual_px": 0.7096}}, {"type": "Feature", "geometry": {"type": "Point", "coordinates": [32.22319268, -69.51778055]}, "properties": {"id": 428, "src_line": 32265.5, "src_sample": 11265.5, "fit_residual_px": 0.2636, "heldout_residual_px": 0.9619}}, {"type": "Feature", "geometry": {"type": "Point", "coordinates": [32.21291352, -69.51749004]}, "properties": {"id": 429, "src_line": 32265.5, "src_sample": 11649.5, "fit_residual_px": 0.4113, "heldout_residual_px": 1.2124}}, {"type": "Feature", "geometry": {"type": "Point", "coordinates": [32.44834435, -69.52058828]}, "properties": {"id": 430, "src_line": 32649.5, "src_sample": 2817.5, "fit_residual_px": 0.2222, "heldout_residual_px": 0.4547}}, {"type": "Feature", "geometry": {"type": "Point", "coordinates": [32.4381366, -69.52031754]}, "properties": {"id": 431, "src_line": 32649.5, "src_sample": 3201.5, "fit_residual_px": 0.2808, "heldout_residual_px": 0.1601}}, {"type": "Feature", "geometry": {"type": "Point", "coordinates": [32.42783541, -69.52001896]}, "properties": {"id": 432, "src_line": 32649.5, "src_sample": 3585.5, "fit_residual_px": 0.4157, "heldout_residual_px": 0.2014}}, {"type": "Feature", "geometry": {"type": "Point", "coordinates": [32.41743725, -69.51969711]}, "properties": {"id": 433, "src_line": 32649.5, "src_sample": 3969.5, "fit_residual_px": 0.263, "heldout_residual_px": 0.1719}}, {"type": "Feature", "geometry": {"type": "Point", "coordinates": [32.40707936, -69.51938568]}, "properties": {"id": 434, "src_line": 32649.5, "src_sample": 4353.5, "fit_residual_px": 0.2177, "heldout_residual_px": 0.2667}}, {"type": "Feature", "geometry": {"type": "Point", "coordinates": [32.39672521, -69.5190804]}, "properties": {"id": 435, "src_line": 32649.5, "src_sample": 4737.5, "fit_residual_px": 0.2198, "heldout_residual_px": 0.2765}}, {"type": "Feature", "geometry": {"type": "Point", "coordinates": [32.38644384, -69.51879684]}, "properties": {"id": 436, "src_line": 32649.5, "src_sample": 5121.5, "fit_residual_px": 0.0981, "heldout_residual_px": 0.0663}}, {"type": "Feature", "geometry": {"type": "Point", "coordinates": [32.37640267, -69.51853289]}, "properties": {"id": 437, "src_line": 32649.5, "src_sample": 5505.5, "fit_residual_px": 0.1422, "heldout_residual_px": 0.0549}}, {"type": "Feature", "geometry": {"type": "Point", "coordinates": [32.36648013, -69.51826287]}, "properties": {"id": 438, "src_line": 32649.5, "src_sample": 5889.5, "fit_residual_px": 0.418, "heldout_residual_px": 0.5134}}, {"type": "Feature", "geometry": {"type": "Point", "coordinates": [32.35650481, -69.51801683]}, "properties": {"id": 439, "src_line": 32649.5, "src_sample": 6273.5, "fit_residual_px": 0.1913, "heldout_residual_px": 0.3076}}, {"type": "Feature", "geometry": {"type": "Point", "coordinates": [32.34639681, -69.51775573]}, "properties": {"id": 440, "src_line": 32649.5, "src_sample": 6657.5, "fit_residual_px": 0.2031, "heldout_residual_px": 0.0856}}, {"type": "Feature", "geometry": {"type": "Point", "coordinates": [32.33627434, -69.51747911]}, "properties": {"id": 441, "src_line": 32649.5, "src_sample": 7041.5, "fit_residual_px": 0.0228, "heldout_residual_px": 0.123}}, {"type": "Feature", "geometry": {"type": "Point", "coordinates": [32.32607336, -69.51718277]}, "properties": {"id": 442, "src_line": 32649.5, "src_sample": 7425.5, "fit_residual_px": 0.5235, "heldout_residual_px": 0.6789}}, {"type": "Feature", "geometry": {"type": "Point", "coordinates": [32.31571732, -69.51687646]}, "properties": {"id": 443, "src_line": 32649.5, "src_sample": 7809.5, "fit_residual_px": 0.6069, "heldout_residual_px": 0.7698}}, {"type": "Feature", "geometry": {"type": "Point", "coordinates": [32.30535157, -69.51660384]}, "properties": {"id": 444, "src_line": 32649.5, "src_sample": 8193.5, "fit_residual_px": 0.2503, "heldout_residual_px": 0.2776}}, {"type": "Feature", "geometry": {"type": "Point", "coordinates": [32.29500975, -69.51631004]}, "properties": {"id": 445, "src_line": 32649.5, "src_sample": 8577.5, "fit_residual_px": 0.337, "heldout_residual_px": 0.231}}, {"type": "Feature", "geometry": {"type": "Point", "coordinates": [32.28481757, -69.51601485]}, "properties": {"id": 446, "src_line": 32649.5, "src_sample": 8961.5, "fit_residual_px": 0.1219, "heldout_residual_px": 0.3475}}, {"type": "Feature", "geometry": {"type": "Point", "coordinates": [32.27452808, -69.5157395]}, "properties": {"id": 447, "src_line": 32649.5, "src_sample": 9345.5, "fit_residual_px": 0.3601, "heldout_residual_px": 0.1449}}, {"type": "Feature", "geometry": {"type": "Point", "coordinates": [32.26424257, -69.51544006]}, "properties": {"id": 448, "src_line": 32649.5, "src_sample": 9729.5, "fit_residual_px": 0.3111, "heldout_residual_px": 0.1444}}, {"type": "Feature", "geometry": {"type": "Point", "coordinates": [32.25410259, -69.51516764]}, "properties": {"id": 449, "src_line": 32649.5, "src_sample": 10113.5, "fit_residual_px": 0.1261, "heldout_residual_px": 0.3299}}, {"type": "Feature", "geometry": {"type": "Point", "coordinates": [32.2439083, -69.51489468]}, "properties": {"id": 450, "src_line": 32649.5, "src_sample": 10497.5, "fit_residual_px": 0.3712, "heldout_residual_px": 0.1431}}, {"type": "Feature", "geometry": {"type": "Point", "coordinates": [32.23368825, -69.51462136]}, "properties": {"id": 451, "src_line": 32649.5, "src_sample": 10881.5, "fit_residual_px": 0.2618, "heldout_residual_px": 0.667}}, {"type": "Feature", "geometry": {"type": "Point", "coordinates": [32.22345404, -69.51432746]}, "properties": {"id": 452, "src_line": 32649.5, "src_sample": 11265.5, "fit_residual_px": 0.1858, "heldout_residual_px": 0.5784}}, {"type": "Feature", "geometry": {"type": "Point", "coordinates": [32.21327963, -69.51406134]}, "properties": {"id": 453, "src_line": 32649.5, "src_sample": 11649.5, "fit_residual_px": 0.2884, "heldout_residual_px": 0.424}}, {"type": "Feature", "geometry": {"type": "Point", "coordinates": [32.44865559, -69.51715843]}, "properties": {"id": 454, "src_line": 33033.5, "src_sample": 2817.5, "fit_residual_px": 0.4765, "heldout_residual_px": 0.2961}}, {"type": "Feature", "geometry": {"type": "Point", "coordinates": [32.43854726, -69.51687218]}, "properties": {"id": 455, "src_line": 33033.5, "src_sample": 3201.5, "fit_residual_px": 0.2809, "heldout_residual_px": 0.4643}}, {"type": "Feature", "geometry": {"type": "Point", "coordinates": [32.42829843, -69.51659185]}, "properties": {"id": 456, "src_line": 33033.5, "src_sample": 3585.5, "fit_residual_px": 0.1909, "heldout_residual_px": 0.3372}}, {"type": "Feature", "geometry": {"type": "Point", "coordinates": [32.41800303, -69.51627853]}, "properties": {"id": 457, "src_line": 33033.5, "src_sample": 3969.5, "fit_residual_px": 0.3966, "heldout_residual_px": 0.5517}}, {"type": "Feature", "geometry": {"type": "Point", "coordinates": [32.40750538, -69.5159679]}, "properties": {"id": 458, "src_line": 33033.5, "src_sample": 4353.5, "fit_residual_px": 0.3631, "heldout_residual_px": 0.2988}}, {"type": "Feature", "geometry": {"type": "Point", "coordinates": [32.39708179, -69.51566298]}, "properties": {"id": 459, "src_line": 33033.5, "src_sample": 4737.5, "fit_residual_px": 0.2883, "heldout_residual_px": 0.1917}}, {"type": "Feature", "geometry": {"type": "Point", "coordinates": [32.38688552, -69.51537787]}, "properties": {"id": 460, "src_line": 33033.5, "src_sample": 5121.5, "fit_residual_px": 0.2185, "heldout_residual_px": 0.1326}}, {"type": "Feature", "geometry": {"type": "Point", "coordinates": [32.37689496, -69.51510764]}, "properties": {"id": 461, "src_line": 33033.5, "src_sample": 5505.5, "fit_residual_px": 0.1797, "heldout_residual_px": 0.2049}}, {"type": "Feature", "geometry": {"type": "Point", "coordinates": [32.36698298, -69.51485611]}, "properties": {"id": 462, "src_line": 33033.5, "src_sample": 5889.5, "fit_residual_px": 0.2915, "heldout_residual_px": 0.3906}}, {"type": "Feature", "geometry": {"type": "Point", "coordinates": [32.35702573, -69.51460164]}, "properties": {"id": 463, "src_line": 33033.5, "src_sample": 6273.5, "fit_residual_px": 0.2815, "heldout_residual_px": 0.4057}}, {"type": "Feature", "geometry": {"type": "Point", "coordinates": [32.3469331, -69.51433003]}, "properties": {"id": 464, "src_line": 33033.5, "src_sample": 6657.5, "fit_residual_px": 0.3794, "heldout_residual_px": 0.5143}}, {"type": "Feature", "geometry": {"type": "Point", "coordinates": [32.3367045, -69.51405646]}, "properties": {"id": 465, "src_line": 33033.5, "src_sample": 7041.5, "fit_residual_px": 0.0901, "heldout_residual_px": 0.1292}}, {"type": "Feature", "geometry": {"type": "Point", "coordinates": [32.32650133, -69.51375892]}, "properties": {"id": 466, "src_line": 33033.5, "src_sample": 7425.5, "fit_residual_px": 0.3806, "heldout_residual_px": 0.5346}}, {"type": "Feature", "geometry": {"type": "Point", "coordinates": [32.31617519, -69.51346762]}, "properties": {"id": 467, "src_line": 33033.5, "src_sample": 7809.5, "fit_residual_px": 0.2644, "heldout_residual_px": 0.4364}}, {"type": "Feature", "geometry": {"type": "Point", "coordinates": [32.30585346, -69.51317541]}, "properties": {"id": 468, "src_line": 33033.5, "src_sample": 8193.5, "fit_residual_px": 0.1027, "heldout_residual_px": 0.2874}}, {"type": "Feature", "geometry": {"type": "Point", "coordinates": [32.29550027, -69.51287734]}, "properties": {"id": 469, "src_line": 33033.5, "src_sample": 8577.5, "fit_residual_px": 0.0601, "heldout_residual_px": 0.2538}}, {"type": "Feature", "geometry": {"type": "Point", "coordinates": [32.28529295, -69.51258387]}, "properties": {"id": 470, "src_line": 33033.5, "src_sample": 8961.5, "fit_residual_px": 0.5705, "heldout_residual_px": 0.7948}}, {"type": "Feature", "geometry": {"type": "Point", "coordinates": [32.27490075, -69.51230008]}, "properties": {"id": 471, "src_line": 33033.5, "src_sample": 9345.5, "fit_residual_px": 0.4483, "heldout_residual_px": 0.1998}}, {"type": "Feature", "geometry": {"type": "Point", "coordinates": [32.26468758, -69.51200812]}, "properties": {"id": 472, "src_line": 33033.5, "src_sample": 9729.5, "fit_residual_px": 0.2748, "heldout_residual_px": 0.5608}}, {"type": "Feature", "geometry": {"type": "Point", "coordinates": [32.25440661, -69.51172951]}, "properties": {"id": 473, "src_line": 33033.5, "src_sample": 10113.5, "fit_residual_px": 0.2743, "heldout_residual_px": 0.0923}}, {"type": "Feature", "geometry": {"type": "Point", "coordinates": [32.24415256, -69.51144585]}, "properties": {"id": 474, "src_line": 33033.5, "src_sample": 10497.5, "fit_residual_px": 0.0816, "heldout_residual_px": 0.3289}}, {"type": "Feature", "geometry": {"type": "Point", "coordinates": [32.23388274, -69.51115672]}, "properties": {"id": 475, "src_line": 33033.5, "src_sample": 10881.5, "fit_residual_px": 0.3816, "heldout_residual_px": 0.174}}, {"type": "Feature", "geometry": {"type": "Point", "coordinates": [32.22374325, -69.51088499]}, "properties": {"id": 476, "src_line": 33033.5, "src_sample": 11265.5, "fit_residual_px": 0.3459, "heldout_residual_px": 0.2917}}, {"type": "Feature", "geometry": {"type": "Point", "coordinates": [32.2137126, -69.51064073]}, "properties": {"id": 477, "src_line": 33033.5, "src_sample": 11649.5, "fit_residual_px": 0.2057, "heldout_residual_px": 0.6051}}, {"type": "Feature", "geometry": {"type": "Point", "coordinates": [32.44881633, -69.51371037]}, "properties": {"id": 478, "src_line": 33417.5, "src_sample": 2817.5, "fit_residual_px": 0.2765, "heldout_residual_px": 0.5589}}, {"type": "Feature", "geometry": {"type": "Point", "coordinates": [32.43874998, -69.5134312]}, "properties": {"id": 479, "src_line": 33417.5, "src_sample": 3201.5, "fit_residual_px": 0.2273, "heldout_residual_px": 0.4119}}, {"type": "Feature", "geometry": {"type": "Point", "coordinates": [32.42863467, -69.5131666]}, "properties": {"id": 480, "src_line": 33417.5, "src_sample": 3585.5, "fit_residual_px": 0.3863, "heldout_residual_px": 0.4962}}, {"type": "Feature", "geometry": {"type": "Point", "coordinates": [32.41828877, -69.51284165]}, "properties": {"id": 481, "src_line": 33417.5, "src_sample": 3969.5, "fit_residual_px": 0.5017, "heldout_residual_px": 0.4956}}, {"type": "Feature", "geometry": {"type": "Point", "coordinates": [32.40786944, -69.5125355]}, "properties": {"id": 482, "src_line": 33417.5, "src_sample": 4353.5, "fit_residual_px": 0.4083, "heldout_residual_px": 0.4804}}, {"type": "Feature", "geometry": {"type": "Point", "coordinates": [32.39748228, -69.51223417]}, "properties": {"id": 483, "src_line": 33417.5, "src_sample": 4737.5, "fit_residual_px": 0.4303, "heldout_residual_px": 0.4375}}, {"type": "Feature", "geometry": {"type": "Point", "coordinates": [32.38732061, -69.51194127]}, "properties": {"id": 484, "src_line": 33417.5, "src_sample": 5121.5, "fit_residual_px": 0.335, "heldout_residual_px": 0.4176}}, {"type": "Feature", "geometry": {"type": "Point", "coordinates": [32.37733313, -69.51167409]}, "properties": {"id": 485, "src_line": 33417.5, "src_sample": 5505.5, "fit_residual_px": 0.5847, "heldout_residual_px": 0.6784}}, {"type": "Feature", "geometry": {"type": "Point", "coordinates": [32.36737486, -69.51142997]}, "properties": {"id": 486, "src_line": 33417.5, "src_sample": 5889.5, "fit_residual_px": 0.1436, "heldout_residual_px": 0.3117}}, {"type": "Feature", "geometry": {"type": "Point", "coordinates": [32.35740036, -69.51118588]}, "properties": {"id": 487, "src_line": 33417.5, "src_sample": 6273.5, "fit_residual_px": 0.2733, "heldout_residual_px": 0.3948}}, {"type": "Feature", "geometry": {"type": "Point", "coordinates": [32.34732668, -69.51089442]}, "properties": {"id": 488, "src_line": 33417.5, "src_sample": 6657.5, "fit_residual_px": 0.5553, "heldout_residual_px": 0.7125}}, {"type": "Feature", "geometry": {"type": "Point", "coordinates": [32.33712388, -69.51061075]}, "properties": {"id": 489, "src_line": 33417.5, "src_sample": 7041.5, "fit_residual_px": 0.4857, "heldout_residual_px": 0.5876}}, {"type": "Feature", "geometry": {"type": "Point", "coordinates": [32.32688547, -69.51034516]}, "properties": {"id": 490, "src_line": 33417.5, "src_sample": 7425.5, "fit_residual_px": 0.2893, "heldout_residual_px": 0.427}}, {"type": "Feature", "geometry": {"type": "Point", "coordinates": [32.3165717, -69.51005753]}, "properties": {"id": 491, "src_line": 33417.5, "src_sample": 7809.5, "fit_residual_px": 0.3999, "heldout_residual_px": 0.465}}, {"type": "Feature", "geometry": {"type": "Point", "coordinates": [32.30623973, -69.50974351]}, "properties": {"id": 492, "src_line": 33417.5, "src_sample": 8193.5, "fit_residual_px": 0.3776, "heldout_residual_px": 0.3794}}, {"type": "Feature", "geometry": {"type": "Point", "coordinates": [32.29576795, -69.50943622]}, "properties": {"id": 493, "src_line": 33417.5, "src_sample": 8577.5, "fit_residual_px": 0.1322, "heldout_residual_px": 0.2569}}, {"type": "Feature", "geometry": {"type": "Point", "coordinates": [32.2854258, -69.50914382]}, "properties": {"id": 494, "src_line": 33417.5, "src_sample": 8961.5, "fit_residual_px": 0.5177, "heldout_residual_px": 0.7251}}, {"type": "Feature", "geometry": {"type": "Point", "coordinates": [32.2752428, -69.50884917]}, "properties": {"id": 495, "src_line": 33417.5, "src_sample": 9345.5, "fit_residual_px": 0.4581, "heldout_residual_px": 0.7078}}, {"type": "Feature", "geometry": {"type": "Point", "coordinates": [32.26503662, -69.50857692]}, "properties": {"id": 496, "src_line": 33417.5, "src_sample": 9729.5, "fit_residual_px": 0.0462, "heldout_residual_px": 0.4543}}, {"type": "Feature", "geometry": {"type": "Point", "coordinates": [32.25484783, -69.50828946]}, "properties": {"id": 497, "src_line": 33417.5, "src_sample": 10113.5, "fit_residual_px": 0.4041, "heldout_residual_px": 0.3003}}, {"type": "Feature", "geometry": {"type": "Point", "coordinates": [32.24452222, -69.50802284]}, "properties": {"id": 498, "src_line": 33417.5, "src_sample": 10497.5, "fit_residual_px": 0.4059, "heldout_residual_px": 0.9229}}, {"type": "Feature", "geometry": {"type": "Point", "coordinates": [32.23434858, -69.50773651]}, "properties": {"id": 499, "src_line": 33417.5, "src_sample": 10881.5, "fit_residual_px": 0.4348, "heldout_residual_px": 1.2676}}, {"type": "Feature", "geometry": {"type": "Point", "coordinates": [32.22426774, -69.50745984]}, "properties": {"id": 500, "src_line": 33417.5, "src_sample": 11265.5, "fit_residual_px": 0.3679, "heldout_residual_px": 1.1385}}, {"type": "Feature", "geometry": {"type": "Point", "coordinates": [32.21408312, -69.50719364]}, "properties": {"id": 501, "src_line": 33417.5, "src_sample": 11649.5, "fit_residual_px": 0.4801, "heldout_residual_px": 1.5796}}, {"type": "Feature", "geometry": {"type": "Point", "coordinates": [32.44897605, -69.51023927]}, "properties": {"id": 502, "src_line": 33801.5, "src_sample": 2817.5, "fit_residual_px": 0.0972, "heldout_residual_px": 0.2757}}, {"type": "Feature", "geometry": {"type": "Point", "coordinates": [32.43899114, -69.50998243]}, "properties": {"id": 503, "src_line": 33801.5, "src_sample": 3201.5, "fit_residual_px": 0.1223, "heldout_residual_px": 0.3142}}, {"type": "Feature", "geometry": {"type": "Point", "coordinates": [32.4289897, -69.50970508]}, "properties": {"id": 504, "src_line": 33801.5, "src_sample": 3585.5, "fit_residual_px": 0.2792, "heldout_residual_px": 0.1199}}, {"type": "Feature", "geometry": {"type": "Point", "coordinates": [32.41866315, -69.50940158]}, "properties": {"id": 505, "src_line": 33801.5, "src_sample": 3969.5, "fit_residual_px": 0.4278, "heldout_residual_px": 0.3395}}, {"type": "Feature", "geometry": {"type": "Point", "coordinates": [32.40820714, -69.50908941]}, "properties": {"id": 506, "src_line": 33801.5, "src_sample": 4353.5, "fit_residual_px": 0.5354, "heldout_residual_px": 0.5406}}, {"type": "Feature", "geometry": {"type": "Point", "coordinates": [32.39787081, -69.50877948]}, "properties": {"id": 507, "src_line": 33801.5, "src_sample": 4737.5, "fit_residual_px": 0.3249, "heldout_residual_px": 0.2196}}, {"type": "Feature", "geometry": {"type": "Point", "coordinates": [32.38768461, -69.50851624]}, "properties": {"id": 508, "src_line": 33801.5, "src_sample": 5121.5, "fit_residual_px": 0.2431, "heldout_residual_px": 0.3304}}, {"type": "Feature", "geometry": {"type": "Point", "coordinates": [32.37767039, -69.50824177]}, "properties": {"id": 509, "src_line": 33801.5, "src_sample": 5505.5, "fit_residual_px": 0.1024, "heldout_residual_px": 0.1367}}, {"type": "Feature", "geometry": {"type": "Point", "coordinates": [32.36768869, -69.50799418]}, "properties": {"id": 510, "src_line": 33801.5, "src_sample": 5889.5, "fit_residual_px": 0.1704, "heldout_residual_px": 0.2576}}, {"type": "Feature", "geometry": {"type": "Point", "coordinates": [32.35780962, -69.50773334]}, "properties": {"id": 511, "src_line": 33801.5, "src_sample": 6273.5, "fit_residual_px": 0.4813, "heldout_residual_px": 0.6114}}, {"type": "Feature", "geometry": {"type": "Point", "coordinates": [32.34768712, -69.50746944]}, "properties": {"id": 512, "src_line": 33801.5, "src_sample": 6657.5, "fit_residual_px": 0.0393, "heldout_residual_px": 0.1471}}, {"type": "Feature", "geometry": {"type": "Point", "coordinates": [32.33753112, -69.50720296]}, "properties": {"id": 513, "src_line": 33801.5, "src_sample": 7041.5, "fit_residual_px": 0.3489, "heldout_residual_px": 0.4891}}, {"type": "Feature", "geometry": {"type": "Point", "coordinates": [32.32727654, -69.50690762]}, "properties": {"id": 514, "src_line": 33801.5, "src_sample": 7425.5, "fit_residual_px": 0.1647, "heldout_residual_px": 0.2857}}, {"type": "Feature", "geometry": {"type": "Point", "coordinates": [32.31695711, -69.50659728]}, "properties": {"id": 515, "src_line": 33801.5, "src_sample": 7809.5, "fit_residual_px": 0.542, "heldout_residual_px": 0.5804}}, {"type": "Feature", "geometry": {"type": "Point", "coordinates": [32.30647715, -69.50630687]}, "properties": {"id": 516, "src_line": 33801.5, "src_sample": 8193.5, "fit_residual_px": 0.4217, "heldout_residual_px": 0.4984}}, {"type": "Feature", "geometry": {"type": "Point", "coordinates": [32.29610913, -69.5059836]}, "properties": {"id": 517, "src_line": 33801.5, "src_sample": 8577.5, "fit_residual_px": 0.1785, "heldout_residual_px": 0.1569}}, {"type": "Feature", "geometry": {"type": "Point", "coordinates": [32.2858189, -69.50570871]}, "properties": {"id": 518, "src_line": 33801.5, "src_sample": 8961.5, "fit_residual_px": 0.3306, "heldout_residual_px": 0.5522}}, {"type": "Feature", "geometry": {"type": "Point", "coordinates": [32.27573455, -69.50542217]}, "properties": {"id": 519, "src_line": 33801.5, "src_sample": 9345.5, "fit_residual_px": 0.33, "heldout_residual_px": 0.2665}}, {"type": "Feature", "geometry": {"type": "Point", "coordinates": [32.2654954, -69.50515503]}, "properties": {"id": 520, "src_line": 33801.5, "src_sample": 9729.5, "fit_residual_px": 0.459, "heldout_residual_px": 0.8786}}, {"type": "Feature", "geometry": {"type": "Point", "coordinates": [32.25533493, -69.50487417]}, "properties": {"id": 521, "src_line": 33801.5, "src_sample": 10113.5, "fit_residual_px": 0.1898, "heldout_residual_px": 0.7054}}, {"type": "Feature", "geometry": {"type": "Point", "coordinates": [32.24513814, -69.50460311]}, "properties": {"id": 522, "src_line": 33801.5, "src_sample": 10497.5, "fit_residual_px": 0.1096, "heldout_residual_px": 0.7539}}, {"type": "Feature", "geometry": {"type": "Point", "coordinates": [32.23495573, -69.50433635]}, "properties": {"id": 523, "src_line": 33801.5, "src_sample": 10881.5, "fit_residual_px": 0.3997, "heldout_residual_px": 1.1442}}, {"type": "Feature", "geometry": {"type": "Point", "coordinates": [32.22486791, -69.50405459]}, "properties": {"id": 524, "src_line": 33801.5, "src_sample": 11265.5, "fit_residual_px": 0.1939, "heldout_residual_px": 1.0296}}, {"type": "Feature", "geometry": {"type": "Point", "coordinates": [32.21461988, -69.50379276]}, "properties": {"id": 525, "src_line": 33801.5, "src_sample": 11649.5, "fit_residual_px": 0.4783, "heldout_residual_px": 1.543}}, {"type": "Feature", "geometry": {"type": "Point", "coordinates": [32.44911946, -69.50678516]}, "properties": {"id": 526, "src_line": 34185.5, "src_sample": 2817.5, "fit_residual_px": 0.2506, "heldout_residual_px": 0.6429}}, {"type": "Feature", "geometry": {"type": "Point", "coordinates": [32.43931435, -69.50653355]}, "properties": {"id": 527, "src_line": 34185.5, "src_sample": 3201.5, "fit_residual_px": 0.1602, "heldout_residual_px": 0.1233}}, {"type": "Feature", "geometry": {"type": "Point", "coordinates": [32.42924559, -69.50627344]}, "properties": {"id": 528, "src_line": 34185.5, "src_sample": 3585.5, "fit_residual_px": 0.4363, "heldout_residual_px": 0.6124}}, {"type": "Feature", "geometry": {"type": "Point", "coordinates": [32.41912895, -69.50598939]}, "properties": {"id": 529, "src_line": 34185.5, "src_sample": 3969.5, "fit_residual_px": 0.2352, "heldout_residual_px": 0.2576}}, {"type": "Feature", "geometry": {"type": "Point", "coordinates": [32.40879041, -69.50568285]}, "properties": {"id": 530, "src_line": 34185.5, "src_sample": 4353.5, "fit_residual_px": 0.0842, "heldout_residual_px": 0.1056}}, {"type": "Feature", "geometry": {"type": "Point", "coordinates": [32.39847403, -69.50538619]}, "properties": {"id": 531, "src_line": 34185.5, "src_sample": 4737.5, "fit_residual_px": 0.1012, "heldout_residual_px": 0.1814}}, {"type": "Feature", "geometry": {"type": "Point", "coordinates": [32.3881656, -69.50508368]}, "properties": {"id": 532, "src_line": 34185.5, "src_sample": 5121.5, "fit_residual_px": 0.6414, "heldout_residual_px": 0.5736}}, {"type": "Feature", "geometry": {"type": "Point", "coordinates": [32.37813549, -69.50482592]}, "properties": {"id": 533, "src_line": 34185.5, "src_sample": 5505.5, "fit_residual_px": 0.2645, "heldout_residual_px": 0.2588}}, {"type": "Feature", "geometry": {"type": "Point", "coordinates": [32.36814144, -69.50455622]}, "properties": {"id": 534, "src_line": 34185.5, "src_sample": 5889.5, "fit_residual_px": 0.1628, "heldout_residual_px": 0.2202}}, {"type": "Feature", "geometry": {"type": "Point", "coordinates": [32.35814369, -69.50430294]}, "properties": {"id": 535, "src_line": 34185.5, "src_sample": 6273.5, "fit_residual_px": 0.0326, "heldout_residual_px": 0.192}}, {"type": "Feature", "geometry": {"type": "Point", "coordinates": [32.34814258, -69.50403403]}, "properties": {"id": 536, "src_line": 34185.5, "src_sample": 6657.5, "fit_residual_px": 0.4131, "heldout_residual_px": 0.5262}}, {"type": "Feature", "geometry": {"type": "Point", "coordinates": [32.33795866, -69.50377268]}, "properties": {"id": 537, "src_line": 34185.5, "src_sample": 7041.5, "fit_residual_px": 0.2786, "heldout_residual_px": 0.3498}}, {"type": "Feature", "geometry": {"type": "Point", "coordinates": [32.32763941, -69.50348334]}, "properties": {"id": 538, "src_line": 34185.5, "src_sample": 7425.5, "fit_residual_px": 0.568, "heldout_residual_px": 0.5655}}, {"type": "Feature", "geometry": {"type": "Point", "coordinates": [32.31732211, -69.50317506]}, "properties": {"id": 539, "src_line": 34185.5, "src_sample": 7809.5, "fit_residual_px": 0.1768, "heldout_residual_px": 0.2468}}, {"type": "Feature", "geometry": {"type": "Point", "coordinates": [32.30691066, -69.50288093]}, "properties": {"id": 540, "src_line": 34185.5, "src_sample": 8193.5, "fit_residual_px": 0.5408, "heldout_residual_px": 0.6289}}, {"type": "Feature", "geometry": {"type": "Point", "coordinates": [32.2964872, -69.50256872]}, "properties": {"id": 541, "src_line": 34185.5, "src_sample": 8577.5, "fit_residual_px": 0.4011, "heldout_residual_px": 0.5157}}, {"type": "Feature", "geometry": {"type": "Point", "coordinates": [32.28632997, -69.50227986]}, "properties": {"id": 542, "src_line": 34185.5, "src_sample": 8961.5, "fit_residual_px": 0.0697, "heldout_residual_px": 0.309}}, {"type": "Feature", "geometry": {"type": "Point", "coordinates": [32.27620645, -69.50202496]}, "properties": {"id": 543, "src_line": 34185.5, "src_sample": 9345.5, "fit_residual_px": 0.57, "heldout_residual_px": 0.8528}}, {"type": "Feature", "geometry": {"type": "Point", "coordinates": [32.26613098, -69.50174142]}, "properties": {"id": 544, "src_line": 34185.5, "src_sample": 9729.5, "fit_residual_px": 0.1982, "heldout_residual_px": 0.5569}}, {"type": "Feature", "geometry": {"type": "Point", "coordinates": [32.25592276, -69.50146768]}, "properties": {"id": 545, "src_line": 34185.5, "src_sample": 10113.5, "fit_residual_px": 0.1735, "heldout_residual_px": 0.4044}}, {"type": "Feature", "geometry": {"type": "Point", "coordinates": [32.24574152, -69.50119653]}, "properties": {"id": 546, "src_line": 34185.5, "src_sample": 10497.5, "fit_residual_px": 0.3392, "heldout_residual_px": 0.9567}}, {"type": "Feature", "geometry": {"type": "Point", "coordinates": [32.23562449, -69.50092614]}, "properties": {"id": 547, "src_line": 34185.5, "src_sample": 10881.5, "fit_residual_px": 0.4991, "heldout_residual_px": 1.2438}}, {"type": "Feature", "geometry": {"type": "Point", "coordinates": [32.22541247, -69.50065328]}, "properties": {"id": 548, "src_line": 34185.5, "src_sample": 11265.5, "fit_residual_px": 0.5323, "heldout_residual_px": 1.4316}}, {"type": "Feature", "geometry": {"type": "Point", "coordinates": [32.21507471, -69.50037494]}, "properties": {"id": 549, "src_line": 34185.5, "src_sample": 11649.5, "fit_residual_px": 0.7343, "heldout_residual_px": 1.6909}}, {"type": "Feature", "geometry": {"type": "Point", "coordinates": [32.44955757, -69.503349]}, "properties": {"id": 550, "src_line": 34569.5, "src_sample": 2817.5, "fit_residual_px": 0.2527, "heldout_residual_px": 0.1726}}, {"type": "Feature", "geometry": {"type": "Point", "coordinates": [32.43965347, -69.50310997]}, "properties": {"id": 551, "src_line": 34569.5, "src_sample": 3201.5, "fit_residual_px": 0.2562, "heldout_residual_px": 0.5358}}, {"type": "Feature", "geometry": {"type": "Point", "coordinates": [32.42960628, -69.50283586]}, "properties": {"id": 552, "src_line": 34569.5, "src_sample": 3585.5, "fit_residual_px": 0.121, "heldout_residual_px": 0.3289}}, {"type": "Feature", "geometry": {"type": "Point", "coordinates": [32.41953688, -69.50256202]}, "properties": {"id": 553, "src_line": 34569.5, "src_sample": 3969.5, "fit_residual_px": 0.0949, "heldout_residual_px": 0.207}}, {"type": "Feature", "geometry": {"type": "Point", "coordinates": [32.40929377, -69.5022842]}, "properties": {"id": 554, "src_line": 34569.5, "src_sample": 4353.5, "fit_residual_px": 0.464, "heldout_residual_px": 0.5938}}, {"type": "Feature", "geometry": {"type": "Point", "coordinates": [32.39904641, -69.50198299]}, "properties": {"id": 555, "src_line": 34569.5, "src_sample": 4737.5, "fit_residual_px": 0.3589, "heldout_residual_px": 0.4532}}, {"type": "Feature", "geometry": {"type": "Point", "coordinates": [32.38882946, -69.50168598]}, "properties": {"id": 556, "src_line": 34569.5, "src_sample": 5121.5, "fit_residual_px": 0.0848, "heldout_residual_px": 0.0785}}, {"type": "Feature", "geometry": {"type": "Point", "coordinates": [32.37868155, -69.50141556]}, "properties": {"id": 557, "src_line": 34569.5, "src_sample": 5505.5, "fit_residual_px": 0.2073, "heldout_residual_px": 0.2876}}, {"type": "Feature", "geometry": {"type": "Point", "coordinates": [32.36861421, -69.50114464]}, "properties": {"id": 558, "src_line": 34569.5, "src_sample": 5889.5, "fit_residual_px": 0.1333, "heldout_residual_px": 0.2541}}, {"type": "Feature", "geometry": {"type": "Point", "coordinates": [32.35860555, -69.50087083]}, "properties": {"id": 559, "src_line": 34569.5, "src_sample": 6273.5, "fit_residual_px": 0.2443, "heldout_residual_px": 0.2708}}, {"type": "Feature", "geometry": {"type": "Point", "coordinates": [32.34851556, -69.50061575]}, "properties": {"id": 560, "src_line": 34569.5, "src_sample": 6657.5, "fit_residual_px": 0.1929, "heldout_residual_px": 0.3042}}, {"type": "Feature", "geometry": {"type": "Point", "coordinates": [32.33845139, -69.50034999]}, "properties": {"id": 561, "src_line": 34569.5, "src_sample": 7041.5, "fit_residual_px": 0.2664, "heldout_residual_px": 0.382}}, {"type": "Feature", "geometry": {"type": "Point", "coordinates": [32.32820323, -69.5000565]}, "properties": {"id": 562, "src_line": 34569.5, "src_sample": 7425.5, "fit_residual_px": 0.2922, "heldout_residual_px": 0.3823}}, {"type": "Feature", "geometry": {"type": "Point", "coordinates": [32.31788019, -69.49974604]}, "properties": {"id": 563, "src_line": 34569.5, "src_sample": 7809.5, "fit_residual_px": 0.2995, "heldout_residual_px": 0.2493}}, {"type": "Feature", "geometry": {"type": "Point", "coordinates": [32.30746413, -69.49946667]}, "properties": {"id": 564, "src_line": 34569.5, "src_sample": 8193.5, "fit_residual_px": 0.5334, "heldout_residual_px": 0.6234}}, {"type": "Feature", "geometry": {"type": "Point", "coordinates": [32.29716736, -69.4991694]}, "properties": {"id": 565, "src_line": 34569.5, "src_sample": 8577.5, "fit_residual_px": 0.3441, "heldout_residual_px": 0.4541}}, {"type": "Feature", "geometry": {"type": "Point", "coordinates": [32.28698507, -69.49887431]}, "properties": {"id": 566, "src_line": 34569.5, "src_sample": 8961.5, "fit_residual_px": 0.456, "heldout_residual_px": 0.6158}}, {"type": "Feature", "geometry": {"type": "Point", "coordinates": [32.27690125, -69.49862702]}, "properties": {"id": 567, "src_line": 34569.5, "src_sample": 9345.5, "fit_residual_px": 0.4555, "heldout_residual_px": 0.7044}}, {"type": "Feature", "geometry": {"type": "Point", "coordinates": [32.26680673, -69.49833526]}, "properties": {"id": 568, "src_line": 34569.5, "src_sample": 9729.5, "fit_residual_px": 0.3303, "heldout_residual_px": 0.5054}}, {"type": "Feature", "geometry": {"type": "Point", "coordinates": [32.25658767, -69.4980612]}, "properties": {"id": 569, "src_line": 34569.5, "src_sample": 10113.5, "fit_residual_px": 0.1627, "heldout_residual_px": 0.5507}}, {"type": "Feature", "geometry": {"type": "Point", "coordinates": [32.24642208, -69.49777857]}, "properties": {"id": 570, "src_line": 34569.5, "src_sample": 10497.5, "fit_residual_px": 0.4152, "heldout_residual_px": 0.7904}}, {"type": "Feature", "geometry": {"type": "Point", "coordinates": [32.23614549, -69.49750598]}, "properties": {"id": 571, "src_line": 34569.5, "src_sample": 10881.5, "fit_residual_px": 0.2223, "heldout_residual_px": 0.5437}}, {"type": "Feature", "geometry": {"type": "Point", "coordinates": [32.22580143, -69.49719776]}, "properties": {"id": 572, "src_line": 34569.5, "src_sample": 11265.5, "fit_residual_px": 0.3525, "heldout_residual_px": 0.7044}}, {"type": "Feature", "geometry": {"type": "Point", "coordinates": [32.21557204, -69.4969423]}, "properties": {"id": 573, "src_line": 34569.5, "src_sample": 11649.5, "fit_residual_px": 0.3343, "heldout_residual_px": 1.2415}}, {"type": "Feature", "geometry": {"type": "Point", "coordinates": [32.45003418, -69.49994245]}, "properties": {"id": 574, "src_line": 34953.5, "src_sample": 2817.5, "fit_residual_px": 0.3729, "heldout_residual_px": 0.4895}}, {"type": "Feature", "geometry": {"type": "Point", "coordinates": [32.44016127, -69.49968947]}, "properties": {"id": 575, "src_line": 34953.5, "src_sample": 3201.5, "fit_residual_px": 0.1348, "heldout_residual_px": 0.3862}}, {"type": "Feature", "geometry": {"type": "Point", "coordinates": [32.43018942, -69.49941111]}, "properties": {"id": 576, "src_line": 34953.5, "src_sample": 3585.5, "fit_residual_px": 0.3768, "heldout_residual_px": 0.3243}}, {"type": "Feature", "geometry": {"type": "Point", "coordinates": [32.42011898, -69.49916494]}, "properties": {"id": 577, "src_line": 34953.5, "src_sample": 3969.5, "fit_residual_px": 0.3459, "heldout_residual_px": 0.4858}}, {"type": "Feature", "geometry": {"type": "Point", "coordinates": [32.40988907, -69.49885779]}, "properties": {"id": 578, "src_line": 34953.5, "src_sample": 4353.5, "fit_residual_px": 0.0948, "heldout_residual_px": 0.0562}}, {"type": "Feature", "geometry": {"type": "Point", "coordinates": [32.39966005, -69.4985599]}, "properties": {"id": 579, "src_line": 34953.5, "src_sample": 4737.5, "fit_residual_px": 0.316, "heldout_residual_px": 0.1976}}, {"type": "Feature", "geometry": {"type": "Point", "coordinates": [32.38948198, -69.49828596]}, "properties": {"id": 580, "src_line": 34953.5, "src_sample": 5121.5, "fit_residual_px": 0.0592, "heldout_residual_px": 0.1052}}, {"type": "Feature", "geometry": {"type": "Point", "coordinates": [32.37931193, -69.49800641]}, "properties": {"id": 581, "src_line": 34953.5, "src_sample": 5505.5, "fit_residual_px": 0.0237, "heldout_residual_px": 0.1386}}, {"type": "Feature", "geometry": {"type": "Point", "coordinates": [32.36920695, -69.49772309]}, "properties": {"id": 582, "src_line": 34953.5, "src_sample": 5889.5, "fit_residual_px": 0.2845, "heldout_residual_px": 0.174}}, {"type": "Feature", "geometry": {"type": "Point", "coordinates": [32.35912097, -69.49746663]}, "properties": {"id": 583, "src_line": 34953.5, "src_sample": 6273.5, "fit_residual_px": 0.2701, "heldout_residual_px": 0.2354}}, {"type": "Feature", "geometry": {"type": "Point", "coordinates": [32.34911252, -69.49719124]}, "properties": {"id": 584, "src_line": 34953.5, "src_sample": 6657.5, "fit_residual_px": 0.3005, "heldout_residual_px": 0.3101}}, {"type": "Feature", "geometry": {"type": "Point", "coordinates": [32.33903649, -69.49692622]}, "properties": {"id": 585, "src_line": 34953.5, "src_sample": 7041.5, "fit_residual_px": 0.2508, "heldout_residual_px": 0.2927}}, {"type": "Feature", "geometry": {"type": "Point", "coordinates": [32.3288346, -69.4966429]}, "properties": {"id": 586, "src_line": 34953.5, "src_sample": 7425.5, "fit_residual_px": 0.297, "heldout_residual_px": 0.3233}}, {"type": "Feature", "geometry": {"type": "Point", "coordinates": [32.31852359, -69.49635323]}, "properties": {"id": 587, "src_line": 34953.5, "src_sample": 7809.5, "fit_residual_px": 0.09, "heldout_residual_px": 0.0981}}, {"type": "Feature", "geometry": {"type": "Point", "coordinates": [32.30816365, -69.49607418]}, "properties": {"id": 588, "src_line": 34953.5, "src_sample": 8193.5, "fit_residual_px": 0.5385, "heldout_residual_px": 0.608}}, {"type": "Feature", "geometry": {"type": "Point", "coordinates": [32.29788759, -69.49575733]}, "properties": {"id": 589, "src_line": 34953.5, "src_sample": 8577.5, "fit_residual_px": 0.2898, "heldout_residual_px": 0.1609}}, {"type": "Feature", "geometry": {"type": "Point", "coordinates": [32.28766107, -69.49548965]}, "properties": {"id": 590, "src_line": 34953.5, "src_sample": 8961.5, "fit_residual_px": 0.5874, "heldout_residual_px": 0.7599}}, {"type": "Feature", "geometry": {"type": "Point", "coordinates": [32.27760484, -69.49520959]}, "properties": {"id": 591, "src_line": 34953.5, "src_sample": 9345.5, "fit_residual_px": 0.2255, "heldout_residual_px": 0.218}}, {"type": "Feature", "geometry": {"type": "Point", "coordinates": [32.26748397, -69.49493539]}, "properties": {"id": 592, "src_line": 34953.5, "src_sample": 9729.5, "fit_residual_px": 0.3435, "heldout_residual_px": 0.3663}}, {"type": "Feature", "geometry": {"type": "Point", "coordinates": [32.25731882, -69.4946672]}, "properties": {"id": 593, "src_line": 34953.5, "src_sample": 10113.5, "fit_residual_px": 0.1818, "heldout_residual_px": 0.4264}}, {"type": "Feature", "geometry": {"type": "Point", "coordinates": [32.24710049, -69.49439178]}, "properties": {"id": 594, "src_line": 34953.5, "src_sample": 10497.5, "fit_residual_px": 0.0899, "heldout_residual_px": 0.4147}}, {"type": "Feature", "geometry": {"type": "Point", "coordinates": [32.23688337, -69.4941164]}, "properties": {"id": 595, "src_line": 34953.5, "src_sample": 10881.5, "fit_residual_px": 0.1208, "heldout_residual_px": 0.5364}}, {"type": "Feature", "geometry": {"type": "Point", "coordinates": [32.22650331, -69.49381978]}, "properties": {"id": 596, "src_line": 34953.5, "src_sample": 11265.5, "fit_residual_px": 0.1343, "heldout_residual_px": 0.8187}}, {"type": "Feature", "geometry": {"type": "Point", "coordinates": [32.2158531, -69.49348968]}, "properties": {"id": 597, "src_line": 34953.5, "src_sample": 11649.5, "fit_residual_px": 0.398, "heldout_residual_px": 1.3398}}, {"type": "Feature", "geometry": {"type": "Point", "coordinates": [32.45062836, -69.49654176]}, "properties": {"id": 598, "src_line": 35337.5, "src_sample": 2817.5, "fit_residual_px": 0.6349, "heldout_residual_px": 0.9839}}, {"type": "Feature", "geometry": {"type": "Point", "coordinates": [32.44079769, -69.49628912]}, "properties": {"id": 599, "src_line": 35337.5, "src_sample": 3201.5, "fit_residual_px": 0.1248, "heldout_residual_px": 0.3541}}, {"type": "Feature", "geometry": {"type": "Point", "coordinates": [32.43075927, -69.49600834]}, "properties": {"id": 600, "src_line": 35337.5, "src_sample": 3585.5, "fit_residual_px": 0.3258, "heldout_residual_px": 0.3691}}, {"type": "Feature", "geometry": {"type": "Point", "coordinates": [32.42073025, -69.49574992]}, "properties": {"id": 601, "src_line": 35337.5, "src_sample": 3969.5, "fit_residual_px": 0.1264, "heldout_residual_px": 0.1873}}, {"type": "Feature", "geometry": {"type": "Point", "coordinates": [32.4105253, -69.49545476]}, "properties": {"id": 602, "src_line": 35337.5, "src_sample": 4353.5, "fit_residual_px": 0.2643, "heldout_residual_px": 0.2021}}, {"type": "Feature", "geometry": {"type": "Point", "coordinates": [32.40028264, -69.49517627]}, "properties": {"id": 603, "src_line": 35337.5, "src_sample": 4737.5, "fit_residual_px": 0.2202, "heldout_residual_px": 0.3332}}, {"type": "Feature", "geometry": {"type": "Point", "coordinates": [32.39012298, -69.49490053]}, "properties": {"id": 604, "src_line": 35337.5, "src_sample": 5121.5, "fit_residual_px": 0.4468, "heldout_residual_px": 0.5161}}, {"type": "Feature", "geometry": {"type": "Point", "coordinates": [32.38006871, -69.49460854]}, "properties": {"id": 605, "src_line": 35337.5, "src_sample": 5505.5, "fit_residual_px": 0.3185, "heldout_residual_px": 0.2852}}, {"type": "Feature", "geometry": {"type": "Point", "coordinates": [32.36990633, -69.49435351]}, "properties": {"id": 606, "src_line": 35337.5, "src_sample": 5889.5, "fit_residual_px": 0.3939, "heldout_residual_px": 0.4703}}, {"type": "Feature", "geometry": {"type": "Point", "coordinates": [32.3597869, -69.494069]}, "properties": {"id": 607, "src_line": 35337.5, "src_sample": 6273.5, "fit_residual_px": 0.1428, "heldout_residual_px": 0.1969}}, {"type": "Feature", "geometry": {"type": "Point", "coordinates": [32.34973221, -69.49380558]}, "properties": {"id": 608, "src_line": 35337.5, "src_sample": 6657.5, "fit_residual_px": 0.2471, "heldout_residual_px": 0.3383}}, {"type": "Feature", "geometry": {"type": "Point", "coordinates": [32.33960243, -69.49351772]}, "properties": {"id": 609, "src_line": 35337.5, "src_sample": 7041.5, "fit_residual_px": 0.1499, "heldout_residual_px": 0.1055}}, {"type": "Feature", "geometry": {"type": "Point", "coordinates": [32.32939584, -69.4932495]}, "properties": {"id": 610, "src_line": 35337.5, "src_sample": 7425.5, "fit_residual_px": 0.2688, "heldout_residual_px": 0.3263}}, {"type": "Feature", "geometry": {"type": "Point", "coordinates": [32.31908751, -69.49294495]}, "properties": {"id": 611, "src_line": 35337.5, "src_sample": 7809.5, "fit_residual_px": 0.1039, "heldout_residual_px": 0.1379}}, {"type": "Feature", "geometry": {"type": "Point", "coordinates": [32.30876242, -69.49265083]}, "properties": {"id": 612, "src_line": 35337.5, "src_sample": 8193.5, "fit_residual_px": 0.1067, "heldout_residual_px": 0.1785}}, {"type": "Feature", "geometry": {"type": "Point", "coordinates": [32.29846663, -69.49236665]}, "properties": {"id": 613, "src_line": 35337.5, "src_sample": 8577.5, "fit_residual_px": 0.4975, "heldout_residual_px": 0.6057}}, {"type": "Feature", "geometry": {"type": "Point", "coordinates": [32.28835148, -69.49209344]}, "properties": {"id": 614, "src_line": 35337.5, "src_sample": 8961.5, "fit_residual_px": 0.3638, "heldout_residual_px": 0.5082}}, {"type": "Feature", "geometry": {"type": "Point", "coordinates": [32.27823312, -69.49181802]}, "properties": {"id": 615, "src_line": 35337.5, "src_sample": 9345.5, "fit_residual_px": 0.2748, "heldout_residual_px": 0.1834}}, {"type": "Feature", "geometry": {"type": "Point", "coordinates": [32.26804476, -69.49152456]}, "properties": {"id": 616, "src_line": 35337.5, "src_sample": 9729.5, "fit_residual_px": 0.3411, "heldout_residual_px": 0.2643}}, {"type": "Feature", "geometry": {"type": "Point", "coordinates": [32.25792257, -69.4912688]}, "properties": {"id": 617, "src_line": 35337.5, "src_sample": 10113.5, "fit_residual_px": 0.1197, "heldout_residual_px": 0.2463}}, {"type": "Feature", "geometry": {"type": "Point", "coordinates": [32.2477156, -69.49099608]}, "properties": {"id": 618, "src_line": 35337.5, "src_sample": 10497.5, "fit_residual_px": 0.4543, "heldout_residual_px": 0.3073}}, {"type": "Feature", "geometry": {"type": "Point", "coordinates": [32.23750085, -69.49069515]}, "properties": {"id": 619, "src_line": 35337.5, "src_sample": 10881.5, "fit_residual_px": 0.3915, "heldout_residual_px": 0.4286}}, {"type": "Feature", "geometry": {"type": "Point", "coordinates": [32.22700658, -69.49038817]}, "properties": {"id": 620, "src_line": 35337.5, "src_sample": 11265.5, "fit_residual_px": 0.7829, "heldout_residual_px": 0.1332}}, {"type": "Feature", "geometry": {"type": "Point", "coordinates": [32.21644087, -69.49007322]}, "properties": {"id": 621, "src_line": 35337.5, "src_sample": 11649.5, "fit_residual_px": 0.243, "heldout_residual_px": 0.5612}}, {"type": "Feature", "geometry": {"type": "Point", "coordinates": [32.45143347, -69.49314084]}, "properties": {"id": 622, "src_line": 35721.5, "src_sample": 2817.5, "fit_residual_px": 0.1865, "heldout_residual_px": 0.1995}}, {"type": "Feature", "geometry": {"type": "Point", "coordinates": [32.44149447, -69.49289574]}, "properties": {"id": 623, "src_line": 35721.5, "src_sample": 3201.5, "fit_residual_px": 0.3153, "heldout_residual_px": 0.3324}}, {"type": "Feature", "geometry": {"type": "Point", "coordinates": [32.43149369, -69.49263217]}, "properties": {"id": 624, "src_line": 35721.5, "src_sample": 3585.5, "fit_residual_px": 0.2261, "heldout_residual_px": 0.2384}}, {"type": "Feature", "geometry": {"type": "Point", "coordinates": [32.42135713, -69.49235634]}, "properties": {"id": 625, "src_line": 35721.5, "src_sample": 3969.5, "fit_residual_px": 0.358, "heldout_residual_px": 0.3703}}, {"type": "Feature", "geometry": {"type": "Point", "coordinates": [32.41119269, -69.49205803]}, "properties": {"id": 626, "src_line": 35721.5, "src_sample": 4353.5, "fit_residual_px": 0.1839, "heldout_residual_px": 0.1705}}, {"type": "Feature", "geometry": {"type": "Point", "coordinates": [32.40094741, -69.49177532]}, "properties": {"id": 627, "src_line": 35721.5, "src_sample": 4737.5, "fit_residual_px": 0.1611, "heldout_residual_px": 0.1579}}, {"type": "Feature", "geometry": {"type": "Point", "coordinates": [32.39093921, -69.49149567]}, "properties": {"id": 628, "src_line": 35721.5, "src_sample": 5121.5, "fit_residual_px": 0.2895, "heldout_residual_px": 0.3031}}, {"type": "Feature", "geometry": {"type": "Point", "coordinates": [32.38084005, -69.49123684]}, "properties": {"id": 629, "src_line": 35721.5, "src_sample": 5505.5, "fit_residual_px": 0.2033, "heldout_residual_px": 0.1701}}, {"type": "Feature", "geometry": {"type": "Point", "coordinates": [32.37067538, -69.49095701]}, "properties": {"id": 630, "src_line": 35721.5, "src_sample": 5889.5, "fit_residual_px": 0.287, "heldout_residual_px": 0.2554}}, {"type": "Feature", "geometry": {"type": "Point", "coordinates": [32.3605038, -69.49065831]}, "properties": {"id": 631, "src_line": 35721.5, "src_sample": 6273.5, "fit_residual_px": 0.344, "heldout_residual_px": 0.3584}}, {"type": "Feature", "geometry": {"type": "Point", "coordinates": [32.35035749, -69.49040548]}, "properties": {"id": 632, "src_line": 35721.5, "src_sample": 6657.5, "fit_residual_px": 0.4862, "heldout_residual_px": 0.4823}}, {"type": "Feature", "geometry": {"type": "Point", "coordinates": [32.34027201, -69.49011576]}, "properties": {"id": 633, "src_line": 35721.5, "src_sample": 7041.5, "fit_residual_px": 0.6076, "heldout_residual_px": 0.6133}}, {"type": "Feature", "geometry": {"type": "Point", "coordinates": [32.33006257, -69.48984748]}, "properties": {"id": 634, "src_line": 35721.5, "src_sample": 7425.5, "fit_residual_px": 0.2244, "heldout_residual_px": 0.2041}}, {"type": "Feature", "geometry": {"type": "Point", "coordinates": [32.31978884, -69.48954937]}, "properties": {"id": 635, "src_line": 35721.5, "src_sample": 7809.5, "fit_residual_px": 0.2005, "heldout_residual_px": 0.2104}}, {"type": "Feature", "geometry": {"type": "Point", "coordinates": [32.30949534, -69.48923795]}, "properties": {"id": 636, "src_line": 35721.5, "src_sample": 8193.5, "fit_residual_px": 0.4596, "heldout_residual_px": 0.4824}}, {"type": "Feature", "geometry": {"type": "Point", "coordinates": [32.29923688, -69.48897207]}, "properties": {"id": 637, "src_line": 35721.5, "src_sample": 8577.5, "fit_residual_px": 0.2544, "heldout_residual_px": 0.2663}}, {"type": "Feature", "geometry": {"type": "Point", "coordinates": [32.28900324, -69.48868364]}, "properties": {"id": 638, "src_line": 35721.5, "src_sample": 8961.5, "fit_residual_px": 0.0467, "heldout_residual_px": 0.033}}, {"type": "Feature", "geometry": {"type": "Point", "coordinates": [32.27883932, -69.48839359]}, "properties": {"id": 639, "src_line": 35721.5, "src_sample": 9345.5, "fit_residual_px": 0.4072, "heldout_residual_px": 0.4626}}, {"type": "Feature", "geometry": {"type": "Point", "coordinates": [32.26863626, -69.48813561]}, "properties": {"id": 640, "src_line": 35721.5, "src_sample": 9729.5, "fit_residual_px": 0.2731, "heldout_residual_px": 0.2119}}, {"type": "Feature", "geometry": {"type": "Point", "coordinates": [32.25857473, -69.48786122]}, "properties": {"id": 641, "src_line": 35721.5, "src_sample": 10113.5, "fit_residual_px": 0.3554, "heldout_residual_px": 0.4379}}, {"type": "Feature", "geometry": {"type": "Point", "coordinates": [32.24843203, -69.48757886]}, "properties": {"id": 642, "src_line": 35721.5, "src_sample": 10497.5, "fit_residual_px": 0.5417, "heldout_residual_px": 0.6401}}, {"type": "Feature", "geometry": {"type": "Point", "coordinates": [32.23817466, -69.4873076]}, "properties": {"id": 643, "src_line": 35721.5, "src_sample": 10881.5, "fit_residual_px": 0.1791, "heldout_residual_px": 0.3038}}, {"type": "Feature", "geometry": {"type": "Point", "coordinates": [32.22781358, -69.48700331]}, "properties": {"id": 644, "src_line": 35721.5, "src_sample": 11265.5, "fit_residual_px": 0.649, "heldout_residual_px": 0.8106}}, {"type": "Feature", "geometry": {"type": "Point", "coordinates": [32.21712869, -69.48668103]}, "properties": {"id": 645, "src_line": 35721.5, "src_sample": 11649.5, "fit_residual_px": 0.1856, "heldout_residual_px": 0.3106}}, {"type": "Feature", "geometry": {"type": "Point", "coordinates": [32.45178914, -69.48971746]}, "properties": {"id": 646, "src_line": 36105.5, "src_sample": 2817.5, "fit_residual_px": 0.1919, "heldout_residual_px": 0.199}}, {"type": "Feature", "geometry": {"type": "Point", "coordinates": [32.44186738, -69.48945745]}, "properties": {"id": 647, "src_line": 36105.5, "src_sample": 3201.5, "fit_residual_px": 0.4008, "heldout_residual_px": 0.3644}}, {"type": "Feature", "geometry": {"type": "Point", "coordinates": [32.43202705, -69.48921692]}, "properties": {"id": 648, "src_line": 36105.5, "src_sample": 3585.5, "fit_residual_px": 0.3591, "heldout_residual_px": 0.3801}}, {"type": "Feature", "geometry": {"type": "Point", "coordinates": [32.42206929, -69.48894694]}, "properties": {"id": 649, "src_line": 36105.5, "src_sample": 3969.5, "fit_residual_px": 0.2686, "heldout_residual_px": 0.3074}}, {"type": "Feature", "geometry": {"type": "Point", "coordinates": [32.41182358, -69.48866406]}, "properties": {"id": 650, "src_line": 36105.5, "src_sample": 4353.5, "fit_residual_px": 0.2866, "heldout_residual_px": 0.3122}}, {"type": "Feature", "geometry": {"type": "Point", "coordinates": [32.40169291, -69.48837384]}, "properties": {"id": 651, "src_line": 36105.5, "src_sample": 4737.5, "fit_residual_px": 0.3369, "heldout_residual_px": 0.3634}}, {"type": "Feature", "geometry": {"type": "Point", "coordinates": [32.39160339, -69.48811071]}, "properties": {"id": 652, "src_line": 36105.5, "src_sample": 5121.5, "fit_residual_px": 0.3218, "heldout_residual_px": 0.3405}}, {"type": "Feature", "geometry": {"type": "Point", "coordinates": [32.38149964, -69.48784858]}, "properties": {"id": 653, "src_line": 36105.5, "src_sample": 5505.5, "fit_residual_px": 0.5005, "heldout_residual_px": 0.5011}}, {"type": "Feature", "geometry": {"type": "Point", "coordinates": [32.37132498, -69.48756854]}, "properties": {"id": 654, "src_line": 36105.5, "src_sample": 5889.5, "fit_residual_px": 0.5066, "heldout_residual_px": 0.4882}}, {"type": "Feature", "geometry": {"type": "Point", "coordinates": [32.3612029, -69.4872621]}, "properties": {"id": 655, "src_line": 36105.5, "src_sample": 6273.5, "fit_residual_px": 0.325, "heldout_residual_px": 0.3482}}, {"type": "Feature", "geometry": {"type": "Point", "coordinates": [32.35103333, -69.48700346]}, "properties": {"id": 656, "src_line": 36105.5, "src_sample": 6657.5, "fit_residual_px": 0.2606, "heldout_residual_px": 0.2391}}, {"type": "Feature", "geometry": {"type": "Point", "coordinates": [32.34087262, -69.48672674]}, "properties": {"id": 657, "src_line": 36105.5, "src_sample": 7041.5, "fit_residual_px": 0.3222, "heldout_residual_px": 0.3012}}, {"type": "Feature", "geometry": {"type": "Point", "coordinates": [32.33067329, -69.48645243]}, "properties": {"id": 658, "src_line": 36105.5, "src_sample": 7425.5, "fit_residual_px": 0.5558, "heldout_residual_px": 0.5325}}, {"type": "Feature", "geometry": {"type": "Point", "coordinates": [32.32029665, -69.48612233]}, "properties": {"id": 659, "src_line": 36105.5, "src_sample": 7809.5, "fit_residual_px": 0.1426, "heldout_residual_px": 0.169}}, {"type": "Feature", "geometry": {"type": "Point", "coordinates": [32.31007944, -69.48583493]}, "properties": {"id": 660, "src_line": 36105.5, "src_sample": 8193.5, "fit_residual_px": 0.2936, "heldout_residual_px": 0.3026}}, {"type": "Feature", "geometry": {"type": "Point", "coordinates": [32.29982721, -69.48556617]}, "properties": {"id": 661, "src_line": 36105.5, "src_sample": 8577.5, "fit_residual_px": 0.3312, "heldout_residual_px": 0.2929}}, {"type": "Feature", "geometry": {"type": "Point", "coordinates": [32.28953988, -69.48525879]}, "properties": {"id": 662, "src_line": 36105.5, "src_sample": 8961.5, "fit_residual_px": 0.1927, "heldout_residual_px": 0.1966}}, {"type": "Feature", "geometry": {"type": "Point", "coordinates": [32.27931963, -69.48497892]}, "properties": {"id": 663, "src_line": 36105.5, "src_sample": 9345.5, "fit_residual_px": 0.0857, "heldout_residual_px": 0.1174}}, {"type": "Feature", "geometry": {"type": "Point", "coordinates": [32.26920595, -69.48472338]}, "properties": {"id": 664, "src_line": 36105.5, "src_sample": 9729.5, "fit_residual_px": 0.2792, "heldout_residual_px": 0.238}}, {"type": "Feature", "geometry": {"type": "Point", "coordinates": [32.25919334, -69.4844585]}, "properties": {"id": 665, "src_line": 36105.5, "src_sample": 10113.5, "fit_residual_px": 0.0923, "heldout_residual_px": 0.1595}}, {"type": "Feature", "geometry": {"type": "Point", "coordinates": [32.24901768, -69.48418721]}, "properties": {"id": 666, "src_line": 36105.5, "src_sample": 10497.5, "fit_residual_px": 0.1818, "heldout_residual_px": 0.2308}}, {"type": "Feature", "geometry": {"type": "Point", "coordinates": [32.23881251, -69.48391488]}, "properties": {"id": 667, "src_line": 36105.5, "src_sample": 10881.5, "fit_residual_px": 0.4975, "heldout_residual_px": 0.5679}}, {"type": "Feature", "geometry": {"type": "Point", "coordinates": [32.2284301, -69.48361536]}, "properties": {"id": 668, "src_line": 36105.5, "src_sample": 11265.5, "fit_residual_px": 0.4307, "heldout_residual_px": 0.5053}}, {"type": "Feature", "geometry": {"type": "Point", "coordinates": [32.21789124, -69.48327958]}, "properties": {"id": 669, "src_line": 36105.5, "src_sample": 11649.5, "fit_residual_px": 0.337, "heldout_residual_px": 0.4912}}, {"type": "Feature", "geometry": {"type": "Point", "coordinates": [32.42272222, -69.48554276]}, "properties": {"id": 670, "src_line": 36489.5, "src_sample": 3969.5, "fit_residual_px": 0.3493, "heldout_residual_px": 0.3797}}, {"type": "Feature", "geometry": {"type": "Point", "coordinates": [32.41246068, -69.48525232]}, "properties": {"id": 671, "src_line": 36489.5, "src_sample": 4353.5, "fit_residual_px": 0.3812, "heldout_residual_px": 0.4176}}, {"type": "Feature", "geometry": {"type": "Point", "coordinates": [32.4024061, -69.48498366]}, "properties": {"id": 672, "src_line": 36489.5, "src_sample": 4737.5, "fit_residual_px": 0.1774, "heldout_residual_px": 0.2082}}, {"type": "Feature", "geometry": {"type": "Point", "coordinates": [32.39235356, -69.48471575]}, "properties": {"id": 673, "src_line": 36489.5, "src_sample": 5121.5, "fit_residual_px": 0.1492, "heldout_residual_px": 0.1441}}, {"type": "Feature", "geometry": {"type": "Point", "coordinates": [32.38219519, -69.48443507]}, "properties": {"id": 674, "src_line": 36489.5, "src_sample": 5505.5, "fit_residual_px": 0.0968, "heldout_residual_px": 0.1063}}, {"type": "Feature", "geometry": {"type": "Point", "coordinates": [32.37200608, -69.48415073]}, "properties": {"id": 675, "src_line": 36489.5, "src_sample": 5889.5, "fit_residual_px": 0.1047, "heldout_residual_px": 0.1297}}, {"type": "Feature", "geometry": {"type": "Point", "coordinates": [32.36179598, -69.48388048]}, "properties": {"id": 676, "src_line": 36489.5, "src_sample": 6273.5, "fit_residual_px": 0.3424, "heldout_residual_px": 0.3221}}, {"type": "Feature", "geometry": {"type": "Point", "coordinates": [32.35165929, -69.48359095]}, "properties": {"id": 677, "src_line": 36489.5, "src_sample": 6657.5, "fit_residual_px": 0.2814, "heldout_residual_px": 0.2887}}, {"type": "Feature", "geometry": {"type": "Point", "coordinates": [32.34157078, -69.48331582]}, "properties": {"id": 678, "src_line": 36489.5, "src_sample": 7041.5, "fit_residual_px": 0.216, "heldout_residual_px": 0.2337}}, {"type": "Feature", "geometry": {"type": "Point", "coordinates": [32.33129226, -69.48303309]}, "properties": {"id": 679, "src_line": 36489.5, "src_sample": 7425.5, "fit_residual_px": 0.2164, "heldout_residual_px": 0.2014}}, {"type": "Feature", "geometry": {"type": "Point", "coordinates": [32.32095438, -69.48271064]}, "properties": {"id": 680, "src_line": 36489.5, "src_sample": 7809.5, "fit_residual_px": 0.4862, "heldout_residual_px": 0.5069}}, {"type": "Feature", "geometry": {"type": "Point", "coordinates": [32.31068624, -69.48244103]}, "properties": {"id": 681, "src_line": 36489.5, "src_sample": 8193.5, "fit_residual_px": 0.0757, "heldout_residual_px": 0.0577}}, {"type": "Feature", "geometry": {"type": "Point", "coordinates": [32.30034891, -69.48214293]}, "properties": {"id": 682, "src_line": 36489.5, "src_sample": 8577.5, "fit_residual_px": 0.0829, "heldout_residual_px": 0.0767}}, {"type": "Feature", "geometry": {"type": "Point", "coordinates": [32.290085, -69.48184362]}, "properties": {"id": 683, "src_line": 36489.5, "src_sample": 8961.5, "fit_residual_px": 0.2585, "heldout_residual_px": 0.2599}}, {"type": "Feature", "geometry": {"type": "Point", "coordinates": [32.27981041, -69.48156727]}, "properties": {"id": 684, "src_line": 36489.5, "src_sample": 9345.5, "fit_residual_px": 0.1538, "heldout_residual_px": 0.1145}}, {"type": "Feature", "geometry": {"type": "Point", "coordinates": [32.26974922, -69.48130658]}, "properties": {"id": 685, "src_line": 36489.5, "src_sample": 9729.5, "fit_residual_px": 0.206, "heldout_residual_px": 0.1614}}, {"type": "Feature", "geometry": {"type": "Point", "coordinates": [32.25968638, -69.48102573]}, "properties": {"id": 686, "src_line": 36489.5, "src_sample": 10113.5, "fit_residual_px": 0.3129, "heldout_residual_px": 0.3466}}, {"type": "Feature", "geometry": {"type": "Point", "coordinates": [32.2495556, -69.48076564]}, "properties": {"id": 687, "src_line": 36489.5, "src_sample": 10497.5, "fit_residual_px": 0.1697, "heldout_residual_px": 0.2485}}, {"type": "Feature", "geometry": {"type": "Point", "coordinates": [32.23933504, -69.48049128]}, "properties": {"id": 688, "src_line": 36489.5, "src_sample": 10881.5, "fit_residual_px": 0.3556, "heldout_residual_px": 0.4363}}, {"type": "Feature", "geometry": {"type": "Point", "coordinates": [32.22904194, -69.48019526]}, "properties": {"id": 689, "src_line": 36489.5, "src_sample": 11265.5, "fit_residual_px": 0.5071, "heldout_residual_px": 0.6183}}, {"type": "Feature", "geometry": {"type": "Point", "coordinates": [32.21869661, -69.47990761]}, "properties": {"id": 690, "src_line": 36489.5, "src_sample": 11649.5, "fit_residual_px": 0.6391, "heldout_residual_px": 0.7482}}, {"type": "Feature", "geometry": {"type": "Point", "coordinates": [32.42340568, -69.48215676]}, "properties": {"id": 691, "src_line": 36873.5, "src_sample": 3969.5, "fit_residual_px": 0.3233, "heldout_residual_px": 0.302}}, {"type": "Feature", "geometry": {"type": "Point", "coordinates": [32.41319263, -69.48185509]}, "properties": {"id": 692, "src_line": 36873.5, "src_sample": 4353.5, "fit_residual_px": 0.4658, "heldout_residual_px": 0.4761}}, {"type": "Feature", "geometry": {"type": "Point", "coordinates": [32.40311467, -69.48160299]}, "properties": {"id": 693, "src_line": 36873.5, "src_sample": 4737.5, "fit_residual_px": 0.2966, "heldout_residual_px": 0.2602}}, {"type": "Feature", "geometry": {"type": "Point", "coordinates": [32.39301949, -69.48131809]}, "properties": {"id": 694, "src_line": 36873.5, "src_sample": 5121.5, "fit_residual_px": 0.2772, "heldout_residual_px": 0.2753}}, {"type": "Feature", "geometry": {"type": "Point", "coordinates": [32.38286645, -69.48104169]}, "properties": {"id": 695, "src_line": 36873.5, "src_sample": 5505.5, "fit_residual_px": 0.2721, "heldout_residual_px": 0.2576}}, {"type": "Feature", "geometry": {"type": "Point", "coordinates": [32.37259618, -69.48075459]}, "properties": {"id": 696, "src_line": 36873.5, "src_sample": 5889.5, "fit_residual_px": 0.3373, "heldout_residual_px": 0.3155}}, {"type": "Feature", "geometry": {"type": "Point", "coordinates": [32.36247539, -69.48046693]}, "properties": {"id": 697, "src_line": 36873.5, "src_sample": 6273.5, "fit_residual_px": 0.2026, "heldout_residual_px": 0.2236}}, {"type": "Feature", "geometry": {"type": "Point", "coordinates": [32.3523033, -69.48018549]}, "properties": {"id": 698, "src_line": 36873.5, "src_sample": 6657.5, "fit_residual_px": 0.2348, "heldout_residual_px": 0.2511}}, {"type": "Feature", "geometry": {"type": "Point", "coordinates": [32.34211638, -69.47990354]}, "properties": {"id": 699, "src_line": 36873.5, "src_sample": 7041.5, "fit_residual_px": 0.2349, "heldout_residual_px": 0.2527}}, {"type": "Feature", "geometry": {"type": "Point", "coordinates": [32.33178389, -69.47960598]}, "properties": {"id": 700, "src_line": 36873.5, "src_sample": 7425.5, "fit_residual_px": 0.159, "heldout_residual_px": 0.1788}}, {"type": "Feature", "geometry": {"type": "Point", "coordinates": [32.32152138, -69.47931088]}, "properties": {"id": 701, "src_line": 36873.5, "src_sample": 7809.5, "fit_residual_px": 0.2956, "heldout_residual_px": 0.3205}}, {"type": "Feature", "geometry": {"type": "Point", "coordinates": [32.31124948, -69.4790267]}, "properties": {"id": 702, "src_line": 36873.5, "src_sample": 8193.5, "fit_residual_px": 0.3588, "heldout_residual_px": 0.3896}}, {"type": "Feature", "geometry": {"type": "Point", "coordinates": [32.30085711, -69.47871656]}, "properties": {"id": 703, "src_line": 36873.5, "src_sample": 8577.5, "fit_residual_px": 0.255, "heldout_residual_px": 0.2667}}, {"type": "Feature", "geometry": {"type": "Point", "coordinates": [32.29046955, -69.4784297]}, "properties": {"id": 704, "src_line": 36873.5, "src_sample": 8961.5, "fit_residual_px": 0.2514, "heldout_residual_px": 0.2172}}, {"type": "Feature", "geometry": {"type": "Point", "coordinates": [32.28026633, -69.47815061]}, "properties": {"id": 705, "src_line": 36873.5, "src_sample": 9345.5, "fit_residual_px": 0.3268, "heldout_residual_px": 0.2823}}, {"type": "Feature", "geometry": {"type": "Point", "coordinates": [32.27016863, -69.47785352]}, "properties": {"id": 706, "src_line": 36873.5, "src_sample": 9729.5, "fit_residual_px": 0.5354, "heldout_residual_px": 0.5569}}, {"type": "Feature", "geometry": {"type": "Point", "coordinates": [32.26011541, -69.47762047]}, "properties": {"id": 707, "src_line": 36873.5, "src_sample": 10113.5, "fit_residual_px": 0.4351, "heldout_residual_px": 0.4704}}, {"type": "Feature", "geometry": {"type": "Point", "coordinates": [32.25002409, -69.47733535]}, "properties": {"id": 708, "src_line": 36873.5, "src_sample": 10497.5, "fit_residual_px": 0.3603, "heldout_residual_px": 0.4085}}, {"type": "Feature", "geometry": {"type": "Point", "coordinates": [32.23972935, -69.47706035]}, "properties": {"id": 709, "src_line": 36873.5, "src_sample": 10881.5, "fit_residual_px": 0.8079, "heldout_residual_px": 0.8969}}, {"type": "Feature", "geometry": {"type": "Point", "coordinates": [32.22941686, -69.47677164]}, "properties": {"id": 710, "src_line": 36873.5, "src_sample": 11265.5, "fit_residual_px": 0.3602, "heldout_residual_px": 0.4345}}, {"type": "Feature", "geometry": {"type": "Point", "coordinates": [32.21928312, -69.47650312]}, "properties": {"id": 711, "src_line": 36873.5, "src_sample": 11649.5, "fit_residual_px": 0.693, "heldout_residual_px": 0.7824}}, {"type": "Feature", "geometry": {"type": "Point", "coordinates": [32.4540444, -69.47955787]}, "properties": {"id": 712, "src_line": 37257.5, "src_sample": 2817.5, "fit_residual_px": 0.2201, "heldout_residual_px": 0.184}}, {"type": "Feature", "geometry": {"type": "Point", "coordinates": [32.44398654, -69.47929175]}, "properties": {"id": 713, "src_line": 37257.5, "src_sample": 3201.5, "fit_residual_px": 0.4019, "heldout_residual_px": 0.4251}}, {"type": "Feature", "geometry": {"type": "Point", "coordinates": [32.43405133, -69.47902814]}, "properties": {"id": 714, "src_line": 37257.5, "src_sample": 3585.5, "fit_residual_px": 0.0935, "heldout_residual_px": 0.0658}}, {"type": "Feature", "geometry": {"type": "Point", "coordinates": [32.42391318, -69.47875171]}, "properties": {"id": 715, "src_line": 37257.5, "src_sample": 3969.5, "fit_residual_px": 0.2551, "heldout_residual_px": 0.2743}}, {"type": "Feature", "geometry": {"type": "Point", "coordinates": [32.41386714, -69.47845701]}, "properties": {"id": 716, "src_line": 37257.5, "src_sample": 4353.5, "fit_residual_px": 0.5431, "heldout_residual_px": 0.5604}}, {"type": "Feature", "geometry": {"type": "Point", "coordinates": [32.40383762, -69.47819173]}, "properties": {"id": 717, "src_line": 37257.5, "src_sample": 4737.5, "fit_residual_px": 0.5017, "heldout_residual_px": 0.5171}}, {"type": "Feature", "geometry": {"type": "Point", "coordinates": [32.39367323, -69.47793246]}, "properties": {"id": 718, "src_line": 37257.5, "src_sample": 5121.5, "fit_residual_px": 0.19, "heldout_residual_px": 0.1956}}, {"type": "Feature", "geometry": {"type": "Point", "coordinates": [32.38352169, -69.47763887]}, "properties": {"id": 719, "src_line": 37257.5, "src_sample": 5505.5, "fit_residual_px": 0.4441, "heldout_residual_px": 0.4355}}, {"type": "Feature", "geometry": {"type": "Point", "coordinates": [32.37322748, -69.47736179]}, "properties": {"id": 720, "src_line": 37257.5, "src_sample": 5889.5, "fit_residual_px": 0.3537, "heldout_residual_px": 0.3403}}, {"type": "Feature", "geometry": {"type": "Point", "coordinates": [32.36295436, -69.47704619]}, "properties": {"id": 721, "src_line": 37257.5, "src_sample": 6273.5, "fit_residual_px": 0.3102, "heldout_residual_px": 0.3198}}, {"type": "Feature", "geometry": {"type": "Point", "coordinates": [32.3528494, -69.47677369]}, "properties": {"id": 722, "src_line": 37257.5, "src_sample": 6657.5, "fit_residual_px": 0.2166, "heldout_residual_px": 0.2381}}, {"type": "Feature", "geometry": {"type": "Point", "coordinates": [32.34260302, -69.47649918]}, "properties": {"id": 723, "src_line": 37257.5, "src_sample": 7041.5, "fit_residual_px": 0.2055, "heldout_residual_px": 0.1854}}, {"type": "Feature", "geometry": {"type": "Point", "coordinates": [32.33229009, -69.47620287]}, "properties": {"id": 724, "src_line": 37257.5, "src_sample": 7425.5, "fit_residual_px": 0.2813, "heldout_residual_px": 0.2646}}, {"type": "Feature", "geometry": {"type": "Point", "coordinates": [32.32208075, -69.47590355]}, "properties": {"id": 725, "src_line": 37257.5, "src_sample": 7809.5, "fit_residual_px": 0.2527, "heldout_residual_px": 0.2754}}, {"type": "Feature", "geometry": {"type": "Point", "coordinates": [32.31166113, -69.4756003]}, "properties": {"id": 726, "src_line": 37257.5, "src_sample": 8193.5, "fit_residual_px": 0.2643, "heldout_residual_px": 0.287}}, {"type": "Feature", "geometry": {"type": "Point", "coordinates": [32.30132446, -69.47529714]}, "properties": {"id": 727, "src_line": 37257.5, "src_sample": 8577.5, "fit_residual_px": 0.2834, "heldout_residual_px": 0.2832}}, {"type": "Feature", "geometry": {"type": "Point", "coordinates": [32.29091044, -69.47500538]}, "properties": {"id": 728, "src_line": 37257.5, "src_sample": 8961.5, "fit_residual_px": 0.3491, "heldout_residual_px": 0.3156}}, {"type": "Feature", "geometry": {"type": "Point", "coordinates": [32.28071331, -69.47471509]}, "properties": {"id": 729, "src_line": 37257.5, "src_sample": 9345.5, "fit_residual_px": 0.0243, "heldout_residual_px": 0.0594}}, {"type": "Feature", "geometry": {"type": "Point", "coordinates": [32.27060148, -69.47445644]}, "properties": {"id": 730, "src_line": 37257.5, "src_sample": 9729.5, "fit_residual_px": 0.2572, "heldout_residual_px": 0.2311}}, {"type": "Feature", "geometry": {"type": "Point", "coordinates": [32.2298334, -69.47334577]}, "properties": {"id": 731, "src_line": 37257.5, "src_sample": 11265.5, "fit_residual_px": 0.4828, "heldout_residual_px": 0.5352}}, {"type": "Feature", "geometry": {"type": "Point", "coordinates": [32.21962717, -69.47305162]}, "properties": {"id": 732, "src_line": 37257.5, "src_sample": 11649.5, "fit_residual_px": 0.7953, "heldout_residual_px": 0.8706}}, {"type": "Feature", "geometry": {"type": "Point", "coordinates": [32.4545256, -69.47612622]}, "properties": {"id": 733, "src_line": 37641.5, "src_sample": 2817.5, "fit_residual_px": 0.8289, "heldout_residual_px": 0.8984}}, {"type": "Feature", "geometry": {"type": "Point", "coordinates": [32.44459759, -69.47585727]}, "properties": {"id": 734, "src_line": 37641.5, "src_sample": 3201.5, "fit_residual_px": 0.7272, "heldout_residual_px": 0.7952}}, {"type": "Feature", "geometry": {"type": "Point", "coordinates": [32.43450391, -69.47559989]}, "properties": {"id": 735, "src_line": 37641.5, "src_sample": 3585.5, "fit_residual_px": 0.2843, "heldout_residual_px": 0.3567}}, {"type": "Feature", "geometry": {"type": "Point", "coordinates": [32.42445995, -69.47532371]}, "properties": {"id": 736, "src_line": 37641.5, "src_sample": 3969.5, "fit_residual_px": 0.3324, "heldout_residual_px": 0.3891}}, {"type": "Feature", "geometry": {"type": "Point", "coordinates": [32.41440544, -69.47506545]}, "properties": {"id": 737, "src_line": 37641.5, "src_sample": 4353.5, "fit_residual_px": 0.168, "heldout_residual_px": 0.1099}}, {"type": "Feature", "geometry": {"type": "Point", "coordinates": [32.40430047, -69.47480037]}, "properties": {"id": 738, "src_line": 37641.5, "src_sample": 4737.5, "fit_residual_px": 0.3393, "heldout_residual_px": 0.2902}}, {"type": "Feature", "geometry": {"type": "Point", "coordinates": [32.39421357, -69.47450305]}, "properties": {"id": 739, "src_line": 37641.5, "src_sample": 5121.5, "fit_residual_px": 0.4499, "heldout_residual_px": 0.439}}, {"type": "Feature", "geometry": {"type": "Point", "coordinates": [32.38407139, -69.47424823]}, "properties": {"id": 740, "src_line": 37641.5, "src_sample": 5505.5, "fit_residual_px": 0.3803, "heldout_residual_px": 0.3841}}, {"type": "Feature", "geometry": {"type": "Point", "coordinates": [32.37387765, -69.47393538]}, "properties": {"id": 741, "src_line": 37641.5, "src_sample": 5889.5, "fit_residual_px": 0.4802, "heldout_residual_px": 0.5259}}, {"type": "Feature", "geometry": {"type": "Point", "coordinates": [32.36361383, -69.47365521]}, "properties": {"id": 742, "src_line": 37641.5, "src_sample": 6273.5, "fit_residual_px": 0.1546, "heldout_residual_px": 0.1962}}, {"type": "Feature", "geometry": {"type": "Point", "coordinates": [32.35339111, -69.47335453]}, "properties": {"id": 743, "src_line": 37641.5, "src_sample": 6657.5, "fit_residual_px": 0.3932, "heldout_residual_px": 0.3878}}, {"type": "Feature", "geometry": {"type": "Point", "coordinates": [32.34314625, -69.47308429]}, "properties": {"id": 744, "src_line": 37641.5, "src_sample": 7041.5, "fit_residual_px": 0.1458, "heldout_residual_px": 0.1462}}, {"type": "Feature", "geometry": {"type": "Point", "coordinates": [32.33281082, -69.47276324]}, "properties": {"id": 745, "src_line": 37641.5, "src_sample": 7425.5, "fit_residual_px": 0.5047, "heldout_residual_px": 0.5034}}, {"type": "Feature", "geometry": {"type": "Point", "coordinates": [32.32259815, -69.47247726]}, "properties": {"id": 746, "src_line": 37641.5, "src_sample": 7809.5, "fit_residual_px": 0.4574, "heldout_residual_px": 0.4509}}, {"type": "Feature", "geometry": {"type": "Point", "coordinates": [32.31225897, -69.47219924]}, "properties": {"id": 747, "src_line": 37641.5, "src_sample": 8193.5, "fit_residual_px": 0.1419, "heldout_residual_px": 0.1661}}, {"type": "Feature", "geometry": {"type": "Point", "coordinates": [32.30183232, -69.47188134]}, "properties": {"id": 748, "src_line": 37641.5, "src_sample": 8577.5, "fit_residual_px": 0.2228, "heldout_residual_px": 0.1822}}, {"type": "Feature", "geometry": {"type": "Point", "coordinates": [32.2915089, -69.47158821]}, "properties": {"id": 749, "src_line": 37641.5, "src_sample": 8961.5, "fit_residual_px": 0.1454, "heldout_residual_px": 0.0868}}, {"type": "Feature", "geometry": {"type": "Point", "coordinates": [32.28135708, -69.471302]}, "properties": {"id": 750, "src_line": 37641.5, "src_sample": 9345.5, "fit_residual_px": 0.3288, "heldout_residual_px": 0.3232}}, {"type": "Feature", "geometry": {"type": "Point", "coordinates": [32.27118396, -69.47102387]}, "properties": {"id": 751, "src_line": 37641.5, "src_sample": 9729.5, "fit_residual_px": 0.4087, "heldout_residual_px": 0.4421}}, {"type": "Feature", "geometry": {"type": "Point", "coordinates": [32.24075918, -69.47022966]}, "properties": {"id": 752, "src_line": 37641.5, "src_sample": 10881.5, "fit_residual_px": 0.5787, "heldout_residual_px": 0.4125}}, {"type": "Feature", "geometry": {"type": "Point", "coordinates": [32.23045653, -69.46992871]}, "properties": {"id": 753, "src_line": 37641.5, "src_sample": 11265.5, "fit_residual_px": 0.6065, "heldout_residual_px": 0.4006}}, {"type": "Feature", "geometry": {"type": "Point", "coordinates": [32.21999781, -69.46960876]}, "properties": {"id": 754, "src_line": 37641.5, "src_sample": 11649.5, "fit_residual_px": 1.1423, "heldout_residual_px": 0.9164}}, {"type": "Feature", "geometry": {"type": "Point", "coordinates": [32.45502902, -69.47272935]}, "properties": {"id": 755, "src_line": 38025.5, "src_sample": 2817.5, "fit_residual_px": 0.1967, "heldout_residual_px": 0.1715}}, {"type": "Feature", "geometry": {"type": "Point", "coordinates": [32.44495419, -69.47243887]}, "properties": {"id": 756, "src_line": 38025.5, "src_sample": 3201.5, "fit_residual_px": 0.3456, "heldout_residual_px": 0.358}}, {"type": "Feature", "geometry": {"type": "Point", "coordinates": [32.43495004, -69.47217942]}, "properties": {"id": 757, "src_line": 38025.5, "src_sample": 3585.5, "fit_residual_px": 0.1787, "heldout_residual_px": 0.2347}}, {"type": "Feature", "geometry": {"type": "Point", "coordinates": [32.42493562, -69.47191718]}, "properties": {"id": 758, "src_line": 38025.5, "src_sample": 3969.5, "fit_residual_px": 0.2017, "heldout_residual_px": 0.2398}}, {"type": "Feature", "geometry": {"type": "Point", "coordinates": [32.41495858, -69.47165592]}, "properties": {"id": 759, "src_line": 38025.5, "src_sample": 4353.5, "fit_residual_px": 0.1057, "heldout_residual_px": 0.05}}, {"type": "Feature", "geometry": {"type": "Point", "coordinates": [32.40478034, -69.47134788]}, "properties": {"id": 760, "src_line": 38025.5, "src_sample": 4737.5, "fit_residual_px": 0.584, "heldout_residual_px": 0.5875}}, {"type": "Feature", "geometry": {"type": "Point", "coordinates": [32.39464936, -69.47109221]}, "properties": {"id": 761, "src_line": 38025.5, "src_sample": 5121.5, "fit_residual_px": 0.3647, "heldout_residual_px": 0.3028}}, {"type": "Feature", "geometry": {"type": "Point", "coordinates": [32.38461862, -69.47082813]}, "properties": {"id": 762, "src_line": 38025.5, "src_sample": 5505.5, "fit_residual_px": 0.2068, "heldout_residual_px": 0.1652}}, {"type": "Feature", "geometry": {"type": "Point", "coordinates": [32.37442791, -69.47052712]}, "properties": {"id": 763, "src_line": 38025.5, "src_sample": 5889.5, "fit_residual_px": 0.3284, "heldout_residual_px": 0.3692}}, {"type": "Feature", "geometry": {"type": "Point", "coordinates": [32.36409117, -69.47024322]}, "properties": {"id": 764, "src_line": 38025.5, "src_sample": 6273.5, "fit_residual_px": 0.4653, "heldout_residual_px": 0.5038}}, {"type": "Feature", "geometry": {"type": "Point", "coordinates": [32.35396258, -69.46995208]}, "properties": {"id": 765, "src_line": 38025.5, "src_sample": 6657.5, "fit_residual_px": 0.1604, "heldout_residual_px": 0.1537}}, {"type": "Feature", "geometry": {"type": "Point", "coordinates": [32.34380491, -69.4696776]}, "properties": {"id": 766, "src_line": 38025.5, "src_sample": 7041.5, "fit_residual_px": 0.0516, "heldout_residual_px": 0.0347}}, {"type": "Feature", "geometry": {"type": "Point", "coordinates": [32.33351558, -69.46938827]}, "properties": {"id": 767, "src_line": 38025.5, "src_sample": 7425.5, "fit_residual_px": 0.1246, "heldout_residual_px": 0.1296}}, {"type": "Feature", "geometry": {"type": "Point", "coordinates": [32.32322338, -69.46910264]}, "properties": {"id": 768, "src_line": 38025.5, "src_sample": 7809.5, "fit_residual_px": 0.3984, "heldout_residual_px": 0.4085}}, {"type": "Feature", "geometry": {"type": "Point", "coordinates": [32.31288728, -69.46877814]}, "properties": {"id": 769, "src_line": 38025.5, "src_sample": 8193.5, "fit_residual_px": 0.322, "heldout_residual_px": 0.3064}}, {"type": "Feature", "geometry": {"type": "Point", "coordinates": [32.30236804, -69.46846362]}, "properties": {"id": 770, "src_line": 38025.5, "src_sample": 8577.5, "fit_residual_px": 0.1663, "heldout_residual_px": 0.1339}}, {"type": "Feature", "geometry": {"type": "Point", "coordinates": [32.29203877, -69.4681819]}, "properties": {"id": 771, "src_line": 38025.5, "src_sample": 8961.5, "fit_residual_px": 0.5909, "heldout_residual_px": 0.6386}}, {"type": "Feature", "geometry": {"type": "Point", "coordinates": [32.2819033, -69.46790003]}, "properties": {"id": 772, "src_line": 38025.5, "src_sample": 9345.5, "fit_residual_px": 0.398, "heldout_residual_px": 0.4631}}, {"type": "Feature", "geometry": {"type": "Point", "coordinates": [32.27177945, -69.46762281]}, "properties": {"id": 773, "src_line": 38025.5, "src_sample": 9729.5, "fit_residual_px": 0.1606, "heldout_residual_px": 0.147}}, {"type": "Feature", "geometry": {"type": "Point", "coordinates": [32.2614798, -69.46734356]}, "properties": {"id": 774, "src_line": 38025.5, "src_sample": 10113.5, "fit_residual_px": 0.2088, "heldout_residual_px": 0.1877}}, {"type": "Feature", "geometry": {"type": "Point", "coordinates": [32.25131489, -69.4670529]}, "properties": {"id": 775, "src_line": 38025.5, "src_sample": 10497.5, "fit_residual_px": 0.398, "heldout_residual_px": 0.2907}}, {"type": "Feature", "geometry": {"type": "Point", "coordinates": [32.24110219, -69.46679716]}, "properties": {"id": 776, "src_line": 38025.5, "src_sample": 10881.5, "fit_residual_px": 0.3898, "heldout_residual_px": 0.3797}}, {"type": "Feature", "geometry": {"type": "Point", "coordinates": [32.23081008, -69.46649488]}, "properties": {"id": 777, "src_line": 38025.5, "src_sample": 11265.5, "fit_residual_px": 0.1538, "heldout_residual_px": 0.0411}}, {"type": "Feature", "geometry": {"type": "Point", "coordinates": [32.22047022, -69.46618769]}, "properties": {"id": 778, "src_line": 38025.5, "src_sample": 11649.5, "fit_residual_px": 0.8277, "heldout_residual_px": 0.6286}}, {"type": "Feature", "geometry": {"type": "Point", "coordinates": [32.45553865, -69.46930596]}, "properties": {"id": 779, "src_line": 38409.5, "src_sample": 2817.5, "fit_residual_px": 0.0833, "heldout_residual_px": 0.0754}}, {"type": "Feature", "geometry": {"type": "Point", "coordinates": [32.44543299, -69.46903105]}, "properties": {"id": 780, "src_line": 38409.5, "src_sample": 3201.5, "fit_residual_px": 0.2716, "heldout_residual_px": 0.2159}}, {"type": "Feature", "geometry": {"type": "Point", "coordinates": [32.43535562, -69.46874912]}, "properties": {"id": 781, "src_line": 38409.5, "src_sample": 3585.5, "fit_residual_px": 0.2349, "heldout_residual_px": 0.2099}}, {"type": "Feature", "geometry": {"type": "Point", "coordinates": [32.42538571, -69.46850081]}, "properties": {"id": 782, "src_line": 38409.5, "src_sample": 3969.5, "fit_residual_px": 0.3155, "heldout_residual_px": 0.2699}}, {"type": "Feature", "geometry": {"type": "Point", "coordinates": [32.41540592, -69.46823896]}, "properties": {"id": 783, "src_line": 38409.5, "src_sample": 4353.5, "fit_residual_px": 0.7719, "heldout_residual_px": 0.7055}}, {"type": "Feature", "geometry": {"type": "Point", "coordinates": [32.40542703, -69.46795997]}, "properties": {"id": 784, "src_line": 38409.5, "src_sample": 4737.5, "fit_residual_px": 0.4434, "heldout_residual_px": 0.4083}}, {"type": "Feature", "geometry": {"type": "Point", "coordinates": [32.39529585, -69.46768378]}, "properties": {"id": 785, "src_line": 38409.5, "src_sample": 5121.5, "fit_residual_px": 0.168, "heldout_residual_px": 0.1444}}, {"type": "Feature", "geometry": {"type": "Point", "coordinates": [32.38504728, -69.46740472]}, "properties": {"id": 786, "src_line": 38409.5, "src_sample": 5505.5, "fit_residual_px": 0.3918, "heldout_residual_px": 0.3519}}, {"type": "Feature", "geometry": {"type": "Point", "coordinates": [32.37490074, -69.46711389]}, "properties": {"id": 787, "src_line": 38409.5, "src_sample": 5889.5, "fit_residual_px": 0.3148, "heldout_residual_px": 0.3552}}, {"type": "Feature", "geometry": {"type": "Point", "coordinates": [32.36471256, -69.46682758]}, "properties": {"id": 788, "src_line": 38409.5, "src_sample": 6273.5, "fit_residual_px": 0.101, "heldout_residual_px": 0.1371}}, {"type": "Feature", "geometry": {"type": "Point", "coordinates": [32.35454189, -69.46654695]}, "properties": {"id": 789, "src_line": 38409.5, "src_sample": 6657.5, "fit_residual_px": 0.0273, "heldout_residual_px": 0.0117}}, {"type": "Feature", "geometry": {"type": "Point", "coordinates": [32.34435161, -69.46626042]}, "properties": {"id": 790, "src_line": 38409.5, "src_sample": 7041.5, "fit_residual_px": 0.2931, "heldout_residual_px": 0.2731}}, {"type": "Feature", "geometry": {"type": "Point", "coordinates": [32.33411981, -69.46596121]}, "properties": {"id": 791, "src_line": 38409.5, "src_sample": 7425.5, "fit_residual_px": 0.407, "heldout_residual_px": 0.4002}}, {"type": "Feature", "geometry": {"type": "Point", "coordinates": [32.32379371, -69.46568865]}, "properties": {"id": 792, "src_line": 38409.5, "src_sample": 7809.5, "fit_residual_px": 0.3084, "heldout_residual_px": 0.3162}}, {"type": "Feature", "geometry": {"type": "Point", "coordinates": [32.31341219, -69.46535866]}, "properties": {"id": 793, "src_line": 38409.5, "src_sample": 8193.5, "fit_residual_px": 0.4029, "heldout_residual_px": 0.3966}}, {"type": "Feature", "geometry": {"type": "Point", "coordinates": [32.30291574, -69.46506006]}, "properties": {"id": 794, "src_line": 38409.5, "src_sample": 8577.5, "fit_residual_px": 0.2044, "heldout_residual_px": 0.2385}}, {"type": "Feature", "geometry": {"type": "Point", "coordinates": [32.29263182, -69.46476385]}, "properties": {"id": 795, "src_line": 38409.5, "src_sample": 8961.5, "fit_residual_px": 0.1506, "heldout_residual_px": 0.1247}}, {"type": "Feature", "geometry": {"type": "Point", "coordinates": [32.28236951, -69.46446241]}, "properties": {"id": 796, "src_line": 38409.5, "src_sample": 9345.5, "fit_residual_px": 0.3089, "heldout_residual_px": 0.2983}}, {"type": "Feature", "geometry": {"type": "Point", "coordinates": [32.27218011, -69.46420593]}, "properties": {"id": 797, "src_line": 38409.5, "src_sample": 9729.5, "fit_residual_px": 0.5447, "heldout_residual_px": 0.6114}}, {"type": "Feature", "geometry": {"type": "Point", "coordinates": [32.26205248, -69.46392715]}, "properties": {"id": 798, "src_line": 38409.5, "src_sample": 10113.5, "fit_residual_px": 0.1056, "heldout_residual_px": 0.077}}, {"type": "Feature", "geometry": {"type": "Point", "coordinates": [32.25177784, -69.46363119]}, "properties": {"id": 799, "src_line": 38409.5, "src_sample": 10497.5, "fit_residual_px": 0.1882, "heldout_residual_px": 0.1389}}, {"type": "Feature", "geometry": {"type": "Point", "coordinates": [32.2415641, -69.46335477]}, "properties": {"id": 800, "src_line": 38409.5, "src_sample": 10881.5, "fit_residual_px": 0.3829, "heldout_residual_px": 0.2453}}, {"type": "Feature", "geometry": {"type": "Point", "coordinates": [32.23127348, -69.46305849]}, "properties": {"id": 801, "src_line": 38409.5, "src_sample": 11265.5, "fit_residual_px": 0.4758, "heldout_residual_px": 0.3476}}, {"type": "Feature", "geometry": {"type": "Point", "coordinates": [32.22093996, -69.46276546]}, "properties": {"id": 802, "src_line": 38409.5, "src_sample": 11649.5, "fit_residual_px": 0.454, "heldout_residual_px": 0.3168}}, {"type": "Feature", "geometry": {"type": "Point", "coordinates": [32.45606798, -69.46588929]}, "properties": {"id": 803, "src_line": 38793.5, "src_sample": 2817.5, "fit_residual_px": 0.1074, "heldout_residual_px": 0.1538}}, {"type": "Feature", "geometry": {"type": "Point", "coordinates": [32.44594735, -69.46561585]}, "properties": {"id": 804, "src_line": 38793.5, "src_sample": 3201.5, "fit_residual_px": 0.1999, "heldout_residual_px": 0.2018}}, {"type": "Feature", "geometry": {"type": "Point", "coordinates": [32.43589674, -69.46534179]}, "properties": {"id": 805, "src_line": 38793.5, "src_sample": 3585.5, "fit_residual_px": 0.0801, "heldout_residual_px": 0.0651}}, {"type": "Feature", "geometry": {"type": "Point", "coordinates": [32.42586869, -69.4650929]}, "properties": {"id": 806, "src_line": 38793.5, "src_sample": 3969.5, "fit_residual_px": 0.8271, "heldout_residual_px": 0.7677}}, {"type": "Feature", "geometry": {"type": "Point", "coordinates": [32.41593361, -69.46482151]}, "properties": {"id": 807, "src_line": 38793.5, "src_sample": 4353.5, "fit_residual_px": 0.2874, "heldout_residual_px": 0.2364}}, {"type": "Feature", "geometry": {"type": "Point", "coordinates": [32.40592525, -69.46456188]}, "properties": {"id": 808, "src_line": 38793.5, "src_sample": 4737.5, "fit_residual_px": 0.4172, "heldout_residual_px": 0.3744}}, {"type": "Feature", "geometry": {"type": "Point", "coordinates": [32.39576216, -69.46426115]}, "properties": {"id": 809, "src_line": 38793.5, "src_sample": 5121.5, "fit_residual_px": 0.1268, "heldout_residual_px": 0.1703}}, {"type": "Feature", "geometry": {"type": "Point", "coordinates": [32.38556038, -69.46396426]}, "properties": {"id": 810, "src_line": 38793.5, "src_sample": 5505.5, "fit_residual_px": 0.3692, "heldout_residual_px": 0.3968}}, {"type": "Feature", "geometry": {"type": "Point", "coordinates": [32.37519252, -69.46366918]}, "properties": {"id": 811, "src_line": 38793.5, "src_sample": 5889.5, "fit_residual_px": 0.1833, "heldout_residual_px": 0.2254}}, {"type": "Feature", "geometry": {"type": "Point", "coordinates": [32.36504164, -69.46339748]}, "properties": {"id": 812, "src_line": 38793.5, "src_sample": 6273.5, "fit_residual_px": 0.3893, "heldout_residual_px": 0.3515}}, {"type": "Feature", "geometry": {"type": "Point", "coordinates": [32.35507378, -69.46312747]}, "properties": {"id": 813, "src_line": 38793.5, "src_sample": 6657.5, "fit_residual_px": 0.1495, "heldout_residual_px": 0.1482}}, {"type": "Feature", "geometry": {"type": "Point", "coordinates": [32.34489911, -69.4628489]}, "properties": {"id": 814, "src_line": 38793.5, "src_sample": 7041.5, "fit_residual_px": 0.0744, "heldout_residual_px": 0.0833}}, {"type": "Feature", "geometry": {"type": "Point", "coordinates": [32.33464665, -69.46256391]}, "properties": {"id": 815, "src_line": 38793.5, "src_sample": 7425.5, "fit_residual_px": 0.0821, "heldout_residual_px": 0.0873}}, {"type": "Feature", "geometry": {"type": "Point", "coordinates": [32.32432975, -69.46227233]}, "properties": {"id": 816, "src_line": 38793.5, "src_sample": 7809.5, "fit_residual_px": 0.2477, "heldout_residual_px": 0.2554}}, {"type": "Feature", "geometry": {"type": "Point", "coordinates": [32.31390899, -69.46195026]}, "properties": {"id": 817, "src_line": 38793.5, "src_sample": 8193.5, "fit_residual_px": 0.1324, "heldout_residual_px": 0.1214}}, {"type": "Feature", "geometry": {"type": "Point", "coordinates": [32.30339959, -69.46162199]}, "properties": {"id": 818, "src_line": 38793.5, "src_sample": 8577.5, "fit_residual_px": 0.5566, "heldout_residual_px": 0.56}}, {"type": "Feature", "geometry": {"type": "Point", "coordinates": [32.29312675, -69.46132799]}, "properties": {"id": 819, "src_line": 38793.5, "src_sample": 8961.5, "fit_residual_px": 0.4166, "heldout_residual_px": 0.3874}}, {"type": "Feature", "geometry": {"type": "Point", "coordinates": [32.28272738, -69.46103529]}, "properties": {"id": 820, "src_line": 38793.5, "src_sample": 9345.5, "fit_residual_px": 0.0532, "heldout_residual_px": 0.0588}}, {"type": "Feature", "geometry": {"type": "Point", "coordinates": [32.27238387, -69.46074275]}, "properties": {"id": 821, "src_line": 38793.5, "src_sample": 9729.5, "fit_residual_px": 0.1819, "heldout_residual_px": 0.2387}}, {"type": "Feature", "geometry": {"type": "Point", "coordinates": [32.26236971, -69.46049011]}, "properties": {"id": 822, "src_line": 38793.5, "src_sample": 10113.5, "fit_residual_px": 0.2577, "heldout_residual_px": 0.3148}}, {"type": "Feature", "geometry": {"type": "Point", "coordinates": [32.25224221, -69.46021655]}, "properties": {"id": 823, "src_line": 38793.5, "src_sample": 10497.5, "fit_residual_px": 0.335, "heldout_residual_px": 0.258}}, {"type": "Feature", "geometry": {"type": "Point", "coordinates": [32.2213694, -69.45933982]}, "properties": {"id": 824, "src_line": 38793.5, "src_sample": 11649.5, "fit_residual_px": 0.3927, "heldout_residual_px": 0.2713}}, {"type": "Feature", "geometry": {"type": "Point", "coordinates": [32.45660709, -69.4624867]}, "properties": {"id": 825, "src_line": 39177.5, "src_sample": 2817.5, "fit_residual_px": 0.4123, "heldout_residual_px": 0.4117}}, {"type": "Feature", "geometry": {"type": "Point", "coordinates": [32.4465167, -69.46219006]}, "properties": {"id": 826, "src_line": 39177.5, "src_sample": 3201.5, "fit_residual_px": 0.3444, "heldout_residual_px": 0.389}}, {"type": "Feature", "geometry": {"type": "Point", "coordinates": [32.43647442, -69.46193994]}, "properties": {"id": 827, "src_line": 39177.5, "src_sample": 3585.5, "fit_residual_px": 0.5637, "heldout_residual_px": 0.5607}}, {"type": "Feature", "geometry": {"type": "Point", "coordinates": [32.4264836, -69.461656]}, "properties": {"id": 828, "src_line": 39177.5, "src_sample": 3969.5, "fit_residual_px": 0.3697, "heldout_residual_px": 0.4116}}, {"type": "Feature", "geometry": {"type": "Point", "coordinates": [32.41645965, -69.46140997]}, "properties": {"id": 829, "src_line": 39177.5, "src_sample": 4353.5, "fit_residual_px": 0.3261, "heldout_residual_px": 0.2865}}, {"type": "Feature", "geometry": {"type": "Point", "coordinates": [32.40644578, -69.46114563]}, "properties": {"id": 830, "src_line": 39177.5, "src_sample": 4737.5, "fit_residual_px": 0.3325, "heldout_residual_px": 0.3131}}, {"type": "Feature", "geometry": {"type": "Point", "coordinates": [32.39627917, -69.46085442]}, "properties": {"id": 831, "src_line": 39177.5, "src_sample": 5121.5, "fit_residual_px": 0.2849, "heldout_residual_px": 0.2506}}, {"type": "Feature", "geometry": {"type": "Point", "coordinates": [32.38610266, -69.4605565]}, "properties": {"id": 832, "src_line": 39177.5, "src_sample": 5505.5, "fit_residual_px": 0.5964, "heldout_residual_px": 0.6399}}, {"type": "Feature", "geometry": {"type": "Point", "coordinates": [32.37576618, -69.46027246]}, "properties": {"id": 833, "src_line": 39177.5, "src_sample": 5889.5, "fit_residual_px": 0.3636, "heldout_residual_px": 0.3733}}, {"type": "Feature", "geometry": {"type": "Point", "coordinates": [32.36556018, -69.45997904]}, "properties": {"id": 834, "src_line": 39177.5, "src_sample": 6273.5, "fit_residual_px": 0.4426, "heldout_residual_px": 0.4216}}, {"type": "Feature", "geometry": {"type": "Point", "coordinates": [32.35560669, -69.4597173]}, "properties": {"id": 835, "src_line": 39177.5, "src_sample": 6657.5, "fit_residual_px": 0.3852, "heldout_residual_px": 0.3948}}, {"type": "Feature", "geometry": {"type": "Point", "coordinates": [32.34551347, -69.45943587]}, "properties": {"id": 836, "src_line": 39177.5, "src_sample": 7041.5, "fit_residual_px": 0.3868, "heldout_residual_px": 0.395}}, {"type": "Feature", "geometry": {"type": "Point", "coordinates": [32.33516829, -69.45914974]}, "properties": {"id": 837, "src_line": 39177.5, "src_sample": 7425.5, "fit_residual_px": 0.3245, "heldout_residual_px": 0.3425}}, {"type": "Feature", "geometry": {"type": "Point", "coordinates": [32.32473332, -69.45884358]}, "properties": {"id": 838, "src_line": 39177.5, "src_sample": 7809.5, "fit_residual_px": 0.6101, "heldout_residual_px": 0.6406}}, {"type": "Feature", "geometry": {"type": "Point", "coordinates": [32.31421541, -69.45851346]}, "properties": {"id": 839, "src_line": 39177.5, "src_sample": 8193.5, "fit_residual_px": 0.4762, "heldout_residual_px": 0.4911}}, {"type": "Feature", "geometry": {"type": "Point", "coordinates": [32.30386388, -69.45819635]}, "properties": {"id": 840, "src_line": 39177.5, "src_sample": 8577.5, "fit_residual_px": 0.3543, "heldout_residual_px": 0.3347}}, {"type": "Feature", "geometry": {"type": "Point", "coordinates": [32.2935234, -69.45791788]}, "properties": {"id": 841, "src_line": 39177.5, "src_sample": 8961.5, "fit_residual_px": 0.4342, "heldout_residual_px": 0.4355}}, {"type": "Feature", "geometry": {"type": "Point", "coordinates": [32.28317188, -69.45761533]}, "properties": {"id": 842, "src_line": 39177.5, "src_sample": 9345.5, "fit_residual_px": 0.2872, "heldout_residual_px": 0.3222}}, {"type": "Feature", "geometry": {"type": "Point", "coordinates": [32.27282604, -69.45732169]}, "properties": {"id": 843, "src_line": 39177.5, "src_sample": 9729.5, "fit_residual_px": 0.297, "heldout_residual_px": 0.3388}}, {"type": "Feature", "geometry": {"type": "Point", "coordinates": [32.26284329, -69.45706206]}, "properties": {"id": 844, "src_line": 39177.5, "src_sample": 10113.5, "fit_residual_px": 0.1299, "heldout_residual_px": 0.0969}}, {"type": "Feature", "geometry": {"type": "Point", "coordinates": [32.25269703, -69.45679099]}, "properties": {"id": 845, "src_line": 39177.5, "src_sample": 10497.5, "fit_residual_px": 0.0969, "heldout_residual_px": 0.106}}, {"type": "Feature", "geometry": {"type": "Point", "coordinates": [32.22177089, -69.4559268]}, "properties": {"id": 846, "src_line": 39177.5, "src_sample": 11649.5, "fit_residual_px": 0.4442, "heldout_residual_px": 0.3817}}, {"type": "Feature", "geometry": {"type": "Point", "coordinates": [32.45691279, -69.45904987]}, "properties": {"id": 847, "src_line": 39561.5, "src_sample": 2817.5, "fit_residual_px": 0.2594, "heldout_residual_px": 0.3412}}, {"type": "Feature", "geometry": {"type": "Point", "coordinates": [32.44697128, -69.45877714]}, "properties": {"id": 848, "src_line": 39561.5, "src_sample": 3201.5, "fit_residual_px": 0.4761, "heldout_residual_px": 0.5161}}, {"type": "Feature", "geometry": {"type": "Point", "coordinates": [32.43698795, -69.45851712]}, "properties": {"id": 849, "src_line": 39561.5, "src_sample": 3585.5, "fit_residual_px": 0.1037, "heldout_residual_px": 0.1592}}, {"type": "Feature", "geometry": {"type": "Point", "coordinates": [32.42703236, -69.45824761]}, "properties": {"id": 850, "src_line": 39561.5, "src_sample": 3969.5, "fit_residual_px": 0.2412, "heldout_residual_px": 0.1914}}, {"type": "Feature", "geometry": {"type": "Point", "coordinates": [32.41701844, -69.45800253]}, "properties": {"id": 851, "src_line": 39561.5, "src_sample": 4353.5, "fit_residual_px": 0.3875, "heldout_residual_px": 0.4214}}, {"type": "Feature", "geometry": {"type": "Point", "coordinates": [32.40700846, -69.45773739]}, "properties": {"id": 852, "src_line": 39561.5, "src_sample": 4737.5, "fit_residual_px": 0.3751, "heldout_residual_px": 0.4022}}, {"type": "Feature", "geometry": {"type": "Point", "coordinates": [32.39679698, -69.45743773]}, "properties": {"id": 853, "src_line": 39561.5, "src_sample": 5121.5, "fit_residual_px": 0.1284, "heldout_residual_px": 0.1631}}, {"type": "Feature", "geometry": {"type": "Point", "coordinates": [32.38664351, -69.4571389]}, "properties": {"id": 854, "src_line": 39561.5, "src_sample": 5505.5, "fit_residual_px": 0.3629, "heldout_residual_px": 0.3579}}, {"type": "Feature", "geometry": {"type": "Point", "coordinates": [32.37632155, -69.45685709]}, "properties": {"id": 855, "src_line": 39561.5, "src_sample": 5889.5, "fit_residual_px": 0.2673, "heldout_residual_px": 0.2965}}, {"type": "Feature", "geometry": {"type": "Point", "coordinates": [32.36605259, -69.4565658]}, "properties": {"id": 856, "src_line": 39561.5, "src_sample": 6273.5, "fit_residual_px": 0.3358, "heldout_residual_px": 0.363}}, {"type": "Feature", "geometry": {"type": "Point", "coordinates": [32.35595907, -69.45628737]}, "properties": {"id": 857, "src_line": 39561.5, "src_sample": 6657.5, "fit_residual_px": 0.1866, "heldout_residual_px": 0.1663}}, {"type": "Feature", "geometry": {"type": "Point", "coordinates": [32.34592838, -69.45602955]}, "properties": {"id": 858, "src_line": 39561.5, "src_sample": 7041.5, "fit_residual_px": 0.3109, "heldout_residual_px": 0.3164}}, {"type": "Feature", "geometry": {"type": "Point", "coordinates": [32.33558926, -69.45572518]}, "properties": {"id": 859, "src_line": 39561.5, "src_sample": 7425.5, "fit_residual_px": 0.3979, "heldout_residual_px": 0.4278}}, {"type": "Feature", "geometry": {"type": "Point", "coordinates": [32.32511295, -69.45540638]}, "properties": {"id": 860, "src_line": 39561.5, "src_sample": 7809.5, "fit_residual_px": 0.4093, "heldout_residual_px": 0.4302}}, {"type": "Feature", "geometry": {"type": "Point", "coordinates": [32.31466011, -69.45507073]}, "properties": {"id": 861, "src_line": 39561.5, "src_sample": 8193.5, "fit_residual_px": 0.5196, "heldout_residual_px": 0.5306}}, {"type": "Feature", "geometry": {"type": "Point", "coordinates": [32.30435444, -69.45478387]}, "properties": {"id": 862, "src_line": 39561.5, "src_sample": 8577.5, "fit_residual_px": 0.2296, "heldout_residual_px": 0.2404}}, {"type": "Feature", "geometry": {"type": "Point", "coordinates": [32.29411173, -69.4545071]}, "properties": {"id": 863, "src_line": 39561.5, "src_sample": 8961.5, "fit_residual_px": 0.1493, "heldout_residual_px": 0.1425}}, {"type": "Feature", "geometry": {"type": "Point", "coordinates": [32.28395589, -69.45422909]}, "properties": {"id": 864, "src_line": 39561.5, "src_sample": 9345.5, "fit_residual_px": 0.1173, "heldout_residual_px": 0.0858}}, {"type": "Feature", "geometry": {"type": "Point", "coordinates": [32.27365416, -69.45393788]}, "properties": {"id": 865, "src_line": 39561.5, "src_sample": 9729.5, "fit_residual_px": 0.1384, "heldout_residual_px": 0.0969}}, {"type": "Feature", "geometry": {"type": "Point", "coordinates": [32.26350189, -69.45365325]}, "properties": {"id": 866, "src_line": 39561.5, "src_sample": 10113.5, "fit_residual_px": 0.1649, "heldout_residual_px": 0.2021}}, {"type": "Feature", "geometry": {"type": "Point", "coordinates": [32.2531673, -69.45337667]}, "properties": {"id": 867, "src_line": 39561.5, "src_sample": 10497.5, "fit_residual_px": 0.3584, "heldout_residual_px": 0.3054}}, {"type": "Feature", "geometry": {"type": "Point", "coordinates": [32.242796, -69.45307581]}, "properties": {"id": 868, "src_line": 39561.5, "src_sample": 10881.5, "fit_residual_px": 0.4689, "heldout_residual_px": 0.5066}}, {"type": "Feature", "geometry": {"type": "Point", "coordinates": [32.23246455, -69.45278302]}, "properties": {"id": 869, "src_line": 39561.5, "src_sample": 11265.5, "fit_residual_px": 0.3492, "heldout_residual_px": 0.3002}}, {"type": "Feature", "geometry": {"type": "Point", "coordinates": [32.22229673, -69.45249394]}, "properties": {"id": 870, "src_line": 39561.5, "src_sample": 11649.5, "fit_residual_px": 0.0791, "heldout_residual_px": 0.1573}}, {"type": "Feature", "geometry": {"type": "Point", "coordinates": [32.45738116, -69.45563843]}, "properties": {"id": 871, "src_line": 39945.5, "src_sample": 2817.5, "fit_residual_px": 0.6482, "heldout_residual_px": 0.7651}}, {"type": "Feature", "geometry": {"type": "Point", "coordinates": [32.44749265, -69.45535916]}, "properties": {"id": 872, "src_line": 39945.5, "src_sample": 3201.5, "fit_residual_px": 0.4286, "heldout_residual_px": 0.456}}, {"type": "Feature", "geometry": {"type": "Point", "coordinates": [32.43746013, -69.45510919]}, "properties": {"id": 873, "src_line": 39945.5, "src_sample": 3585.5, "fit_residual_px": 0.4511, "heldout_residual_px": 0.5227}}, {"type": "Feature", "geometry": {"type": "Point", "coordinates": [32.42751305, -69.45483873]}, "properties": {"id": 874, "src_line": 39945.5, "src_sample": 3969.5, "fit_residual_px": 0.1812, "heldout_residual_px": 0.2202}}, {"type": "Feature", "geometry": {"type": "Point", "coordinates": [32.41757779, -69.45457296]}, "properties": {"id": 875, "src_line": 39945.5, "src_sample": 4353.5, "fit_residual_px": 0.1561, "heldout_residual_px": 0.1205}}, {"type": "Feature", "geometry": {"type": "Point", "coordinates": [32.40742287, -69.45430464]}, "properties": {"id": 876, "src_line": 39945.5, "src_sample": 4737.5, "fit_residual_px": 0.5325, "heldout_residual_px": 0.5422}}, {"type": "Feature", "geometry": {"type": "Point", "coordinates": [32.39731123, -69.4540183]}, "properties": {"id": 877, "src_line": 39945.5, "src_sample": 5121.5, "fit_residual_px": 0.3582, "heldout_residual_px": 0.3795}}, {"type": "Feature", "geometry": {"type": "Point", "coordinates": [32.3870499, -69.45372808]}, "properties": {"id": 878, "src_line": 39945.5, "src_sample": 5505.5, "fit_residual_px": 0.1904, "heldout_residual_px": 0.1991}}, {"type": "Feature", "geometry": {"type": "Point", "coordinates": [32.37676511, -69.45343193]}, "properties": {"id": 879, "src_line": 39945.5, "src_sample": 5889.5, "fit_residual_px": 0.2146, "heldout_residual_px": 0.2241}}, {"type": "Feature", "geometry": {"type": "Point", "coordinates": [32.36657061, -69.45312487]}, "properties": {"id": 880, "src_line": 39945.5, "src_sample": 6273.5, "fit_residual_px": 0.3908, "heldout_residual_px": 0.3894}}, {"type": "Feature", "geometry": {"type": "Point", "coordinates": [32.35634666, -69.45285521]}, "properties": {"id": 881, "src_line": 39945.5, "src_sample": 6657.5, "fit_residual_px": 0.1548, "heldout_residual_px": 0.1544}}, {"type": "Feature", "geometry": {"type": "Point", "coordinates": [32.34626341, -69.45259757]}, "properties": {"id": 882, "src_line": 39945.5, "src_sample": 7041.5, "fit_residual_px": 0.5142, "heldout_residual_px": 0.503}}, {"type": "Feature", "geometry": {"type": "Point", "coordinates": [32.33600685, -69.45227216]}, "properties": {"id": 883, "src_line": 39945.5, "src_sample": 7425.5, "fit_residual_px": 0.431, "heldout_residual_px": 0.4465}}, {"type": "Feature", "geometry": {"type": "Point", "coordinates": [32.32565528, -69.45196952]}, "properties": {"id": 884, "src_line": 39945.5, "src_sample": 7809.5, "fit_residual_px": 0.4721, "heldout_residual_px": 0.4932}}, {"type": "Feature", "geometry": {"type": "Point", "coordinates": [32.31521344, -69.45165765]}, "properties": {"id": 885, "src_line": 39945.5, "src_sample": 8193.5, "fit_residual_px": 0.3774, "heldout_residual_px": 0.3851}}, {"type": "Feature", "geometry": {"type": "Point", "coordinates": [32.30490373, -69.45136722]}, "properties": {"id": 886, "src_line": 39945.5, "src_sample": 8577.5, "fit_residual_px": 0.2435, "heldout_residual_px": 0.2566}}, {"type": "Feature", "geometry": {"type": "Point", "coordinates": [32.29463563, -69.45108872]}, "properties": {"id": 887, "src_line": 39945.5, "src_sample": 8961.5, "fit_residual_px": 0.0983, "heldout_residual_px": 0.0886}}, {"type": "Feature", "geometry": {"type": "Point", "coordinates": [32.28448218, -69.45079946]}, "properties": {"id": 888, "src_line": 39945.5, "src_sample": 9345.5, "fit_residual_px": 0.2912, "heldout_residual_px": 0.3217}}, {"type": "Feature", "geometry": {"type": "Point", "coordinates": [32.27429453, -69.45054181]}, "properties": {"id": 889, "src_line": 39945.5, "src_sample": 9729.5, "fit_residual_px": 0.3994, "heldout_residual_px": 0.3973}}, {"type": "Feature", "geometry": {"type": "Point", "coordinates": [32.26408755, -69.45024206]}, "properties": {"id": 890, "src_line": 39945.5, "src_sample": 10113.5, "fit_residual_px": 0.2031, "heldout_residual_px": 0.2392}}, {"type": "Feature", "geometry": {"type": "Point", "coordinates": [32.25372847, -69.44996135]}, "properties": {"id": 891, "src_line": 39945.5, "src_sample": 10497.5, "fit_residual_px": 0.5154, "heldout_residual_px": 0.5489}}, {"type": "Feature", "geometry": {"type": "Point", "coordinates": [32.24346808, -69.44963973]}, "properties": {"id": 892, "src_line": 39945.5, "src_sample": 10881.5, "fit_residual_px": 0.6591, "heldout_residual_px": 0.7124}}, {"type": "Feature", "geometry": {"type": "Point", "coordinates": [32.23316402, -69.44936681]}, "properties": {"id": 893, "src_line": 39945.5, "src_sample": 11265.5, "fit_residual_px": 0.3861, "heldout_residual_px": 0.3418}}, {"type": "Feature", "geometry": {"type": "Point", "coordinates": [32.22289466, -69.44908908]}, "properties": {"id": 894, "src_line": 39945.5, "src_sample": 11649.5, "fit_residual_px": 0.1897, "heldout_residual_px": 0.2896}}, {"type": "Feature", "geometry": {"type": "Point", "coordinates": [32.45797847, -69.45222368]}, "properties": {"id": 895, "src_line": 40329.5, "src_sample": 2817.5, "fit_residual_px": 0.266, "heldout_residual_px": 0.3396}}, {"type": "Feature", "geometry": {"type": "Point", "coordinates": [32.44803568, -69.45194999]}, "properties": {"id": 896, "src_line": 40329.5, "src_sample": 3201.5, "fit_residual_px": 0.3491, "heldout_residual_px": 0.3831}}, {"type": "Feature", "geometry": {"type": "Point", "coordinates": [32.43798125, -69.45168913]}, "properties": {"id": 897, "src_line": 40329.5, "src_sample": 3585.5, "fit_residual_px": 0.4865, "heldout_residual_px": 0.5545}}, {"type": "Feature", "geometry": {"type": "Point", "coordinates": [32.41800405, -69.45116621]}, "properties": {"id": 898, "src_line": 40329.5, "src_sample": 4353.5, "fit_residual_px": 0.4718, "heldout_residual_px": 0.5046}}, {"type": "Feature", "geometry": {"type": "Point", "coordinates": [32.40792608, -69.4508668]}, "properties": {"id": 899, "src_line": 40329.5, "src_sample": 4737.5, "fit_residual_px": 0.3537, "heldout_residual_px": 0.3216}}, {"type": "Feature", "geometry": {"type": "Point", "coordinates": [32.39767733, -69.450575]}, "properties": {"id": 900, "src_line": 40329.5, "src_sample": 5121.5, "fit_residual_px": 0.2426, "heldout_residual_px": 0.2087}}, {"type": "Feature", "geometry": {"type": "Point", "coordinates": [32.38735911, -69.45029454]}, "properties": {"id": 901, "src_line": 40329.5, "src_sample": 5505.5, "fit_residual_px": 0.3642, "heldout_residual_px": 0.3956}}, {"type": "Feature", "geometry": {"type": "Point", "coordinates": [32.37717583, -69.45000526]}, "properties": {"id": 902, "src_line": 40329.5, "src_sample": 5889.5, "fit_residual_px": 0.3967, "heldout_residual_px": 0.3913}}, {"type": "Feature", "geometry": {"type": "Point", "coordinates": [32.36693833, -69.44970848]}, "properties": {"id": 903, "src_line": 40329.5, "src_sample": 6273.5, "fit_residual_px": 0.1423, "heldout_residual_px": 0.1414}}, {"type": "Feature", "geometry": {"type": "Point", "coordinates": [32.35679148, -69.44943311]}, "properties": {"id": 904, "src_line": 40329.5, "src_sample": 6657.5, "fit_residual_px": 0.2304, "heldout_residual_px": 0.2277}}, {"type": "Feature", "geometry": {"type": "Point", "coordinates": [32.34671001, -69.44916078]}, "properties": {"id": 905, "src_line": 40329.5, "src_sample": 7041.5, "fit_residual_px": 0.3469, "heldout_residual_px": 0.381}}, {"type": "Feature", "geometry": {"type": "Point", "coordinates": [32.33639608, -69.44885918]}, "properties": {"id": 906, "src_line": 40329.5, "src_sample": 7425.5, "fit_residual_px": 0.099, "heldout_residual_px": 0.1037}}, {"type": "Feature", "geometry": {"type": "Point", "coordinates": [32.32610418, -69.44856671]}, "properties": {"id": 907, "src_line": 40329.5, "src_sample": 7809.5, "fit_residual_px": 0.2231, "heldout_residual_px": 0.2042}}, {"type": "Feature", "geometry": {"type": "Point", "coordinates": [32.31580427, -69.44825723]}, "properties": {"id": 908, "src_line": 40329.5, "src_sample": 8193.5, "fit_residual_px": 0.2359, "heldout_residual_px": 0.2542}}, {"type": "Feature", "geometry": {"type": "Point", "coordinates": [32.30545531, -69.44795532]}, "properties": {"id": 909, "src_line": 40329.5, "src_sample": 8577.5, "fit_residual_px": 0.2333, "heldout_residual_px": 0.2459}}, {"type": "Feature", "geometry": {"type": "Point", "coordinates": [32.29514713, -69.4476607]}, "properties": {"id": 910, "src_line": 40329.5, "src_sample": 8961.5, "fit_residual_px": 0.5005, "heldout_residual_px": 0.5126}}, {"type": "Feature", "geometry": {"type": "Point", "coordinates": [32.2849948, -69.44739815]}, "properties": {"id": 911, "src_line": 40329.5, "src_sample": 9345.5, "fit_residual_px": 0.1662, "heldout_residual_px": 0.1387}}, {"type": "Feature", "geometry": {"type": "Point", "coordinates": [32.27476533, -69.44710946]}, "properties": {"id": 912, "src_line": 40329.5, "src_sample": 9729.5, "fit_residual_px": 0.0575, "heldout_residual_px": 0.0195}}, {"type": "Feature", "geometry": {"type": "Point", "coordinates": [32.26452058, -69.44683381]}, "properties": {"id": 913, "src_line": 40329.5, "src_sample": 10113.5, "fit_residual_px": 0.3528, "heldout_residual_px": 0.339}}, {"type": "Feature", "geometry": {"type": "Point", "coordinates": [32.25427785, -69.4465428]}, "properties": {"id": 914, "src_line": 40329.5, "src_sample": 10497.5, "fit_residual_px": 0.172, "heldout_residual_px": 0.1715}}, {"type": "Feature", "geometry": {"type": "Point", "coordinates": [32.24395999, -69.44625641]}, "properties": {"id": 915, "src_line": 40329.5, "src_sample": 10881.5, "fit_residual_px": 0.34, "heldout_residual_px": 0.3056}}, {"type": "Feature", "geometry": {"type": "Point", "coordinates": [32.2337111, -69.44594812]}, "properties": {"id": 916, "src_line": 40329.5, "src_sample": 11265.5, "fit_residual_px": 0.3772, "heldout_residual_px": 0.3736}}, {"type": "Feature", "geometry": {"type": "Point", "coordinates": [32.22348228, -69.44568656]}, "properties": {"id": 917, "src_line": 40329.5, "src_sample": 11649.5, "fit_residual_px": 0.2305, "heldout_residual_px": 0.2218}}, {"type": "Feature", "geometry": {"type": "Point", "coordinates": [32.45861541, -69.44881754]}, "properties": {"id": 918, "src_line": 40713.5, "src_sample": 2817.5, "fit_residual_px": 0.2232, "heldout_residual_px": 0.32}}, {"type": "Feature", "geometry": {"type": "Point", "coordinates": [32.44862543, -69.44855985]}, "properties": {"id": 919, "src_line": 40713.5, "src_sample": 3201.5, "fit_residual_px": 0.3064, "heldout_residual_px": 0.3868}}, {"type": "Feature", "geometry": {"type": "Point", "coordinates": [32.43861484, -69.44828878]}, "properties": {"id": 920, "src_line": 40713.5, "src_sample": 3585.5, "fit_residual_px": 0.2255, "heldout_residual_px": 0.2865}}, {"type": "Feature", "geometry": {"type": "Point", "coordinates": [32.42858336, -69.44801419]}, "properties": {"id": 921, "src_line": 40713.5, "src_sample": 3969.5, "fit_residual_px": 0.128, "heldout_residual_px": 0.1776}}, {"type": "Feature", "geometry": {"type": "Point", "coordinates": [32.41850566, -69.44772683]}, "properties": {"id": 922, "src_line": 40713.5, "src_sample": 4353.5, "fit_residual_px": 0.2348, "heldout_residual_px": 0.1922}}, {"type": "Feature", "geometry": {"type": "Point", "coordinates": [32.40839555, -69.44745693]}, "properties": {"id": 923, "src_line": 40713.5, "src_sample": 4737.5, "fit_residual_px": 0.1636, "heldout_residual_px": 0.1788}}, {"type": "Feature", "geometry": {"type": "Point", "coordinates": [32.39811896, -69.44715807]}, "properties": {"id": 924, "src_line": 40713.5, "src_sample": 5121.5, "fit_residual_px": 0.1674, "heldout_residual_px": 0.1837}}, {"type": "Feature", "geometry": {"type": "Point", "coordinates": [32.38788771, -69.4468612]}, "properties": {"id": 925, "src_line": 40713.5, "src_sample": 5505.5, "fit_residual_px": 0.2274, "heldout_residual_px": 0.2264}}, {"type": "Feature", "geometry": {"type": "Point", "coordinates": [32.3777138, -69.44657083]}, "properties": {"id": 926, "src_line": 40713.5, "src_sample": 5889.5, "fit_residual_px": 0.3213, "heldout_residual_px": 0.3053}}, {"type": "Feature", "geometry": {"type": "Point", "coordinates": [32.36748736, -69.44629927]}, "properties": {"id": 927, "src_line": 40713.5, "src_sample": 6273.5, "fit_residual_px": 0.1958, "heldout_residual_px": 0.1981}}, {"type": "Feature", "geometry": {"type": "Point", "coordinates": [32.35730872, -69.44601418]}, "properties": {"id": 928, "src_line": 40713.5, "src_sample": 6657.5, "fit_residual_px": 0.1298, "heldout_residual_px": 0.1413}}, {"type": "Feature", "geometry": {"type": "Point", "coordinates": [32.34708076, -69.44571407]}, "properties": {"id": 929, "src_line": 40713.5, "src_sample": 7041.5, "fit_residual_px": 0.3191, "heldout_residual_px": 0.2981}}, {"type": "Feature", "geometry": {"type": "Point", "coordinates": [32.33678521, -69.44542583]}, "properties": {"id": 930, "src_line": 40713.5, "src_sample": 7425.5, "fit_residual_px": 0.2332, "heldout_residual_px": 0.2147}}, {"type": "Feature", "geometry": {"type": "Point", "coordinates": [32.3265284, -69.44513749]}, "properties": {"id": 931, "src_line": 40713.5, "src_sample": 7809.5, "fit_residual_px": 0.1846, "heldout_residual_px": 0.1669}}, {"type": "Feature", "geometry": {"type": "Point", "coordinates": [32.31633753, -69.44484156]}, "properties": {"id": 932, "src_line": 40713.5, "src_sample": 8193.5, "fit_residual_px": 0.3812, "heldout_residual_px": 0.4001}}, {"type": "Feature", "geometry": {"type": "Point", "coordinates": [32.30603148, -69.44455015]}, "properties": {"id": 933, "src_line": 40713.5, "src_sample": 8577.5, "fit_residual_px": 0.1007, "heldout_residual_px": 0.1145}}, {"type": "Feature", "geometry": {"type": "Point", "coordinates": [32.29568954, -69.44424914]}, "properties": {"id": 934, "src_line": 40713.5, "src_sample": 8961.5, "fit_residual_px": 0.1478, "heldout_residual_px": 0.1597}}, {"type": "Feature", "geometry": {"type": "Point", "coordinates": [32.28540105, -69.44396297]}, "properties": {"id": 935, "src_line": 40713.5, "src_sample": 9345.5, "fit_residual_px": 0.2902, "heldout_residual_px": 0.3087}}, {"type": "Feature", "geometry": {"type": "Point", "coordinates": [32.27510859, -69.44367754]}, "properties": {"id": 936, "src_line": 40713.5, "src_sample": 9729.5, "fit_residual_px": 0.3627, "heldout_residual_px": 0.3586}}, {"type": "Feature", "geometry": {"type": "Point", "coordinates": [32.26504514, -69.44339198]}, "properties": {"id": 937, "src_line": 40713.5, "src_sample": 10113.5, "fit_residual_px": 0.3882, "heldout_residual_px": 0.4318}}, {"type": "Feature", "geometry": {"type": "Point", "coordinates": [32.25487601, -69.4431278]}, "properties": {"id": 938, "src_line": 40713.5, "src_sample": 10497.5, "fit_residual_px": 0.3705, "heldout_residual_px": 0.3343}}, {"type": "Feature", "geometry": {"type": "Point", "coordinates": [32.24459782, -69.44284212]}, "properties": {"id": 939, "src_line": 40713.5, "src_sample": 10881.5, "fit_residual_px": 0.1008, "heldout_residual_px": 0.1427}}, {"type": "Feature", "geometry": {"type": "Point", "coordinates": [32.23433619, -69.44254769]}, "properties": {"id": 940, "src_line": 40713.5, "src_sample": 11265.5, "fit_residual_px": 0.192, "heldout_residual_px": 0.266}}, {"type": "Feature", "geometry": {"type": "Point", "coordinates": [32.22410124, -69.44226299]}, "properties": {"id": 941, "src_line": 40713.5, "src_sample": 11649.5, "fit_residual_px": 0.3244, "heldout_residual_px": 0.3156}}, {"type": "Feature", "geometry": {"type": "Point", "coordinates": [32.4591972, -69.44539447]}, "properties": {"id": 942, "src_line": 41097.5, "src_sample": 2817.5, "fit_residual_px": 0.4047, "heldout_residual_px": 0.3367}}, {"type": "Feature", "geometry": {"type": "Point", "coordinates": [32.44921921, -69.44513845]}, "properties": {"id": 943, "src_line": 41097.5, "src_sample": 3201.5, "fit_residual_px": 0.1737, "heldout_residual_px": 0.1189}}, {"type": "Feature", "geometry": {"type": "Point", "coordinates": [32.4391923, -69.44486156]}, "properties": {"id": 944, "src_line": 41097.5, "src_sample": 3585.5, "fit_residual_px": 0.3918, "heldout_residual_px": 0.3299}}, {"type": "Feature", "geometry": {"type": "Point", "coordinates": [32.4291003, -69.44459451]}, "properties": {"id": 945, "src_line": 41097.5, "src_sample": 3969.5, "fit_residual_px": 0.1251, "heldout_residual_px": 0.0926}}, {"type": "Feature", "geometry": {"type": "Point", "coordinates": [32.41887514, -69.44431297]}, "properties": {"id": 946, "src_line": 41097.5, "src_sample": 4353.5, "fit_residual_px": 0.464, "heldout_residual_px": 0.4914}}, {"type": "Feature", "geometry": {"type": "Point", "coordinates": [32.40882072, -69.44403496]}, "properties": {"id": 947, "src_line": 41097.5, "src_sample": 4737.5, "fit_residual_px": 0.1075, "heldout_residual_px": 0.1245}}, {"type": "Feature", "geometry": {"type": "Point", "coordinates": [32.3984993, -69.44372815]}, "properties": {"id": 948, "src_line": 41097.5, "src_sample": 5121.5, "fit_residual_px": 0.4853, "heldout_residual_px": 0.5102}}, {"type": "Feature", "geometry": {"type": "Point", "coordinates": [32.3883252, -69.44343774]}, "properties": {"id": 949, "src_line": 41097.5, "src_sample": 5505.5, "fit_residual_px": 0.1661, "heldout_residual_px": 0.1444}}, {"type": "Feature", "geometry": {"type": "Point", "coordinates": [32.37824895, -69.44315872]}, "properties": {"id": 950, "src_line": 41097.5, "src_sample": 5889.5, "fit_residual_px": 0.3411, "heldout_residual_px": 0.3248}}, {"type": "Feature", "geometry": {"type": "Point", "coordinates": [32.36810519, -69.44288358]}, "properties": {"id": 951, "src_line": 41097.5, "src_sample": 6273.5, "fit_residual_px": 0.2101, "heldout_residual_px": 0.2024}}, {"type": "Feature", "geometry": {"type": "Point", "coordinates": [32.35786726, -69.44260747]}, "properties": {"id": 952, "src_line": 41097.5, "src_sample": 6657.5, "fit_residual_px": 0.2694, "heldout_residual_px": 0.2959}}, {"type": "Feature", "geometry": {"type": "Point", "coordinates": [32.34753122, -69.44229852]}, "properties": {"id": 953, "src_line": 41097.5, "src_sample": 7041.5, "fit_residual_px": 0.0824, "heldout_residual_px": 0.0609}}, {"type": "Feature", "geometry": {"type": "Point", "coordinates": [32.33727347, -69.44200064]}, "properties": {"id": 954, "src_line": 41097.5, "src_sample": 7425.5, "fit_residual_px": 0.1844, "heldout_residual_px": 0.1989}}, {"type": "Feature", "geometry": {"type": "Point", "coordinates": [32.3269872, -69.44170851]}, "properties": {"id": 955, "src_line": 41097.5, "src_sample": 7809.5, "fit_residual_px": 0.1411, "heldout_residual_px": 0.1545}}, {"type": "Feature", "geometry": {"type": "Point", "coordinates": [32.3168711, -69.44142068]}, "properties": {"id": 956, "src_line": 41097.5, "src_sample": 8193.5, "fit_residual_px": 0.4589, "heldout_residual_px": 0.47}}, {"type": "Feature", "geometry": {"type": "Point", "coordinates": [32.30658987, -69.44113628]}, "properties": {"id": 957, "src_line": 41097.5, "src_sample": 8577.5, "fit_residual_px": 0.2126, "heldout_residual_px": 0.2286}}, {"type": "Feature", "geometry": {"type": "Point", "coordinates": [32.29623985, -69.44083219]}, "properties": {"id": 958, "src_line": 41097.5, "src_sample": 8961.5, "fit_residual_px": 0.3669, "heldout_residual_px": 0.3866}}, {"type": "Feature", "geometry": {"type": "Point", "coordinates": [32.28572988, -69.44051343]}, "properties": {"id": 959, "src_line": 41097.5, "src_sample": 9345.5, "fit_residual_px": 0.3422, "heldout_residual_px": 0.3321}}, {"type": "Feature", "geometry": {"type": "Point", "coordinates": [32.27565802, -69.4402644]}, "properties": {"id": 960, "src_line": 41097.5, "src_sample": 9729.5, "fit_residual_px": 0.283, "heldout_residual_px": 0.2833}}, {"type": "Feature", "geometry": {"type": "Point", "coordinates": [32.26566575, -69.44000356]}, "properties": {"id": 961, "src_line": 41097.5, "src_sample": 10113.5, "fit_residual_px": 0.1852, "heldout_residual_px": 0.1526}}, {"type": "Feature", "geometry": {"type": "Point", "coordinates": [32.25542221, -69.43972812]}, "properties": {"id": 962, "src_line": 41097.5, "src_sample": 10497.5, "fit_residual_px": 0.3034, "heldout_residual_px": 0.2729}}, {"type": "Feature", "geometry": {"type": "Point", "coordinates": [32.24522234, -69.43945081]}, "properties": {"id": 963, "src_line": 41097.5, "src_sample": 10881.5, "fit_residual_px": 0.453, "heldout_residual_px": 0.3912}}, {"type": "Feature", "geometry": {"type": "Point", "coordinates": [32.23500982, -69.43914395]}, "properties": {"id": 964, "src_line": 41097.5, "src_sample": 11265.5, "fit_residual_px": 0.371, "heldout_residual_px": 0.3982}}, {"type": "Feature", "geometry": {"type": "Point", "coordinates": [32.22478665, -69.43886277]}, "properties": {"id": 965, "src_line": 41097.5, "src_sample": 11649.5, "fit_residual_px": 0.3793, "heldout_residual_px": 0.4497}}, {"type": "Feature", "geometry": {"type": "Point", "coordinates": [32.45979097, -69.44200647]}, "properties": {"id": 966, "src_line": 41481.5, "src_sample": 2817.5, "fit_residual_px": 0.0604, "heldout_residual_px": 0.1715}}, {"type": "Feature", "geometry": {"type": "Point", "coordinates": [32.44972442, -69.44171542]}, "properties": {"id": 967, "src_line": 41481.5, "src_sample": 3201.5, "fit_residual_px": 0.4155, "heldout_residual_px": 0.5216}}, {"type": "Feature", "geometry": {"type": "Point", "coordinates": [32.43972048, -69.44144567]}, "properties": {"id": 968, "src_line": 41481.5, "src_sample": 3585.5, "fit_residual_px": 0.4363, "heldout_residual_px": 0.4729}}, {"type": "Feature", "geometry": {"type": "Point", "coordinates": [32.42965488, -69.4411896]}, "properties": {"id": 969, "src_line": 41481.5, "src_sample": 3969.5, "fit_residual_px": 0.2277, "heldout_residual_px": 0.2722}}, {"type": "Feature", "geometry": {"type": "Point", "coordinates": [32.41939768, -69.44089377]}, "properties": {"id": 970, "src_line": 41481.5, "src_sample": 4353.5, "fit_residual_px": 0.1659, "heldout_residual_px": 0.1732}}, {"type": "Feature", "geometry": {"type": "Point", "coordinates": [32.40926653, -69.44061406]}, "properties": {"id": 971, "src_line": 41481.5, "src_sample": 4737.5, "fit_residual_px": 0.1722, "heldout_residual_px": 0.1665}}, {"type": "Feature", "geometry": {"type": "Point", "coordinates": [32.39900616, -69.44030642]}, "properties": {"id": 972, "src_line": 41481.5, "src_sample": 5121.5, "fit_residual_px": 0.1608, "heldout_residual_px": 0.1614}}, {"type": "Feature", "geometry": {"type": "Point", "coordinates": [32.38876702, -69.44001411]}, "properties": {"id": 973, "src_line": 41481.5, "src_sample": 5505.5, "fit_residual_px": 0.3951, "heldout_residual_px": 0.4327}}, {"type": "Feature", "geometry": {"type": "Point", "coordinates": [32.37858333, -69.43972975]}, "properties": {"id": 974, "src_line": 41481.5, "src_sample": 5889.5, "fit_residual_px": 0.2076, "heldout_residual_px": 0.2352}}, {"type": "Feature", "geometry": {"type": "Point", "coordinates": [32.36857002, -69.43947054]}, "properties": {"id": 975, "src_line": 41481.5, "src_sample": 6273.5, "fit_residual_px": 0.1651, "heldout_residual_px": 0.1282}}, {"type": "Feature", "geometry": {"type": "Point", "coordinates": [32.35831969, -69.43918537]}, "properties": {"id": 976, "src_line": 41481.5, "src_sample": 6657.5, "fit_residual_px": 0.2501, "heldout_residual_px": 0.2478}}, {"type": "Feature", "geometry": {"type": "Point", "coordinates": [32.3480991, -69.43887513]}, "properties": {"id": 977, "src_line": 41481.5, "src_sample": 7041.5, "fit_residual_px": 0.3654, "heldout_residual_px": 0.3421}}, {"type": "Feature", "geometry": {"type": "Point", "coordinates": [32.33778748, -69.43857393]}, "properties": {"id": 978, "src_line": 41481.5, "src_sample": 7425.5, "fit_residual_px": 0.4143, "heldout_residual_px": 0.3948}}, {"type": "Feature", "geometry": {"type": "Point", "coordinates": [32.32754698, -69.4382987]}, "properties": {"id": 979, "src_line": 41481.5, "src_sample": 7809.5, "fit_residual_px": 0.2988, "heldout_residual_px": 0.323}}, {"type": "Feature", "geometry": {"type": "Point", "coordinates": [32.31737306, -69.43801759]}, "properties": {"id": 980, "src_line": 41481.5, "src_sample": 8193.5, "fit_residual_px": 0.1194, "heldout_residual_px": 0.1097}}, {"type": "Feature", "geometry": {"type": "Point", "coordinates": [32.30717701, -69.43773713]}, "properties": {"id": 981, "src_line": 41481.5, "src_sample": 8577.5, "fit_residual_px": 0.2502, "heldout_residual_px": 0.2649}}, {"type": "Feature", "geometry": {"type": "Point", "coordinates": [32.2967671, -69.43743687]}, "properties": {"id": 982, "src_line": 41481.5, "src_sample": 8961.5, "fit_residual_px": 0.3068, "heldout_residual_px": 0.2792}}, {"type": "Feature", "geometry": {"type": "Point", "coordinates": [32.28646719, -69.43714956]}, "properties": {"id": 983, "src_line": 41481.5, "src_sample": 9345.5, "fit_residual_px": 0.5314, "heldout_residual_px": 0.4847}}, {"type": "Feature", "geometry": {"type": "Point", "coordinates": [32.2763661, -69.43687319]}, "properties": {"id": 984, "src_line": 41481.5, "src_sample": 9729.5, "fit_residual_px": 0.2751, "heldout_residual_px": 0.2796}}, {"type": "Feature", "geometry": {"type": "Point", "coordinates": [32.26621391, -69.43658384]}, "properties": {"id": 985, "src_line": 41481.5, "src_sample": 10113.5, "fit_residual_px": 0.2523, "heldout_residual_px": 0.4014}}, {"type": "Feature", "geometry": {"type": "Point", "coordinates": [32.25601287, -69.43631903]}, "properties": {"id": 986, "src_line": 41481.5, "src_sample": 10497.5, "fit_residual_px": 0.3171, "heldout_residual_px": 0.2205}}, {"type": "Feature", "geometry": {"type": "Point", "coordinates": [32.24594169, -69.4360347]}, "properties": {"id": 987, "src_line": 41481.5, "src_sample": 10881.5, "fit_residual_px": 0.4551, "heldout_residual_px": 0.7068}}, {"type": "Feature", "geometry": {"type": "Point", "coordinates": [32.2357431, -69.43575773]}, "properties": {"id": 988, "src_line": 41481.5, "src_sample": 11265.5, "fit_residual_px": 0.2737, "heldout_residual_px": 0.5791}}, {"type": "Feature", "geometry": {"type": "Point", "coordinates": [32.22559279, -69.43547612]}, "properties": {"id": 989, "src_line": 41481.5, "src_sample": 11649.5, "fit_residual_px": 0.6447, "heldout_residual_px": 1.0164}}, {"type": "Feature", "geometry": {"type": "Point", "coordinates": [32.46028386, -69.43859203]}, "properties": {"id": 990, "src_line": 41865.5, "src_sample": 2817.5, "fit_residual_px": 0.3475, "heldout_residual_px": 0.2033}}, {"type": "Feature", "geometry": {"type": "Point", "coordinates": [32.45020626, -69.43832809]}, "properties": {"id": 991, "src_line": 41865.5, "src_sample": 3201.5, "fit_residual_px": 0.688, "heldout_residual_px": 0.5846}}, {"type": "Feature", "geometry": {"type": "Point", "coordinates": [32.44026734, -69.43803526]}, "properties": {"id": 992, "src_line": 41865.5, "src_sample": 3585.5, "fit_residual_px": 0.3147, "heldout_residual_px": 0.3601}}, {"type": "Feature", "geometry": {"type": "Point", "coordinates": [32.43017957, -69.43776611]}, "properties": {"id": 993, "src_line": 41865.5, "src_sample": 3969.5, "fit_residual_px": 0.1728, "heldout_residual_px": 0.2379}}, {"type": "Feature", "geometry": {"type": "Point", "coordinates": [32.41999334, -69.43747261]}, "properties": {"id": 994, "src_line": 41865.5, "src_sample": 4353.5, "fit_residual_px": 0.2286, "heldout_residual_px": 0.2551}}, {"type": "Feature", "geometry": {"type": "Point", "coordinates": [32.40969839, -69.43719263]}, "properties": {"id": 995, "src_line": 41865.5, "src_sample": 4737.5, "fit_residual_px": 0.3523, "heldout_residual_px": 0.3423}}, {"type": "Feature", "geometry": {"type": "Point", "coordinates": [32.3994776, -69.4368902]}, "properties": {"id": 996, "src_line": 41865.5, "src_sample": 5121.5, "fit_residual_px": 0.1515, "heldout_residual_px": 0.1335}}, {"type": "Feature", "geometry": {"type": "Point", "coordinates": [32.38926343, -69.43659293]}, "properties": {"id": 997, "src_line": 41865.5, "src_sample": 5505.5, "fit_residual_px": 0.1381, "heldout_residual_px": 0.1442}}, {"type": "Feature", "geometry": {"type": "Point", "coordinates": [32.37917104, -69.43632564]}, "properties": {"id": 998, "src_line": 41865.5, "src_sample": 5889.5, "fit_residual_px": 0.1541, "heldout_residual_px": 0.1925}}, {"type": "Feature", "geometry": {"type": "Point", "coordinates": [32.36900486, -69.43604725]}, "properties": {"id": 999, "src_line": 41865.5, "src_sample": 6273.5, "fit_residual_px": 0.1892, "heldout_residual_px": 0.2093}}, {"type": "Feature", "geometry": {"type": "Point", "coordinates": [32.3588265, -69.43575636]}, "properties": {"id": 1000, "src_line": 41865.5, "src_sample": 6657.5, "fit_residual_px": 0.0531, "heldout_residual_px": 0.1014}}, {"type": "Feature", "geometry": {"type": "Point", "coordinates": [32.34853624, -69.4354635]}, "properties": {"id": 1001, "src_line": 41865.5, "src_sample": 7041.5, "fit_residual_px": 0.4057, "heldout_residual_px": 0.4577}}, {"type": "Feature", "geometry": {"type": "Point", "coordinates": [32.33827395, -69.43517955]}, "properties": {"id": 1002, "src_line": 41865.5, "src_sample": 7425.5, "fit_residual_px": 0.538, "heldout_residual_px": 0.5741}}, {"type": "Feature", "geometry": {"type": "Point", "coordinates": [32.32818831, -69.43488476]}, "properties": {"id": 1003, "src_line": 41865.5, "src_sample": 7809.5, "fit_residual_px": 0.4018, "heldout_residual_px": 0.3786}}, {"type": "Feature", "geometry": {"type": "Point", "coordinates": [32.31800022, -69.43461848]}, "properties": {"id": 1004, "src_line": 41865.5, "src_sample": 8193.5, "fit_residual_px": 0.2189, "heldout_residual_px": 0.2184}}, {"type": "Feature", "geometry": {"type": "Point", "coordinates": [32.30774771, -69.4343242]}, "properties": {"id": 1005, "src_line": 41865.5, "src_sample": 8577.5, "fit_residual_px": 0.1079, "heldout_residual_px": 0.0923}}, {"type": "Feature", "geometry": {"type": "Point", "coordinates": [32.29732901, -69.43401946]}, "properties": {"id": 1006, "src_line": 41865.5, "src_sample": 8961.5, "fit_residual_px": 0.4245, "heldout_residual_px": 0.3976}}, {"type": "Feature", "geometry": {"type": "Point", "coordinates": [32.28704558, -69.43373321]}, "properties": {"id": 1007, "src_line": 41865.5, "src_sample": 9345.5, "fit_residual_px": 0.3724, "heldout_residual_px": 0.3422}}, {"type": "Feature", "geometry": {"type": "Point", "coordinates": [32.27693313, -69.43345737]}, "properties": {"id": 1008, "src_line": 41865.5, "src_sample": 9729.5, "fit_residual_px": 0.241, "heldout_residual_px": 0.1982}}, {"type": "Feature", "geometry": {"type": "Point", "coordinates": [32.26666165, -69.4331581]}, "properties": {"id": 1009, "src_line": 41865.5, "src_sample": 10113.5, "fit_residual_px": 0.1145, "heldout_residual_px": 0.2393}}, {"type": "Feature", "geometry": {"type": "Point", "coordinates": [32.25668437, -69.43290976]}, "properties": {"id": 1010, "src_line": 41865.5, "src_sample": 10497.5, "fit_residual_px": 0.345, "heldout_residual_px": 0.143}}, {"type": "Feature", "geometry": {"type": "Point", "coordinates": [32.24662498, -69.43264653]}, "properties": {"id": 1011, "src_line": 41865.5, "src_sample": 10881.5, "fit_residual_px": 0.1042, "heldout_residual_px": 0.2147}}, {"type": "Feature", "geometry": {"type": "Point", "coordinates": [32.23639227, -69.43236037]}, "properties": {"id": 1012, "src_line": 41865.5, "src_sample": 11265.5, "fit_residual_px": 0.0455, "heldout_residual_px": 0.2679}}, {"type": "Feature", "geometry": {"type": "Point", "coordinates": [32.2262509, -69.43207925]}, "properties": {"id": 1013, "src_line": 41865.5, "src_sample": 11649.5, "fit_residual_px": 0.3487, "heldout_residual_px": 0.7028}}, {"type": "Feature", "geometry": {"type": "Point", "coordinates": [32.46082767, -69.43515504]}, "properties": {"id": 1014, "src_line": 42249.5, "src_sample": 2817.5, "fit_residual_px": 0.419, "heldout_residual_px": 0.4779}}, {"type": "Feature", "geometry": {"type": "Point", "coordinates": [32.45073896, -69.43489674]}, "properties": {"id": 1015, "src_line": 42249.5, "src_sample": 3201.5, "fit_residual_px": 0.1259, "heldout_residual_px": 0.1285}}, {"type": "Feature", "geometry": {"type": "Point", "coordinates": [32.44071259, -69.43463367]}, "properties": {"id": 1016, "src_line": 42249.5, "src_sample": 3585.5, "fit_residual_px": 0.5216, "heldout_residual_px": 0.4328}}, {"type": "Feature", "geometry": {"type": "Point", "coordinates": [32.43057525, -69.43433487]}, "properties": {"id": 1017, "src_line": 42249.5, "src_sample": 3969.5, "fit_residual_px": 0.2923, "heldout_residual_px": 0.3498}}, {"type": "Feature", "geometry": {"type": "Point", "coordinates": [32.42025656, -69.43404287]}, "properties": {"id": 1018, "src_line": 42249.5, "src_sample": 4353.5, "fit_residual_px": 0.2717, "heldout_residual_px": 0.2501}}, {"type": "Feature", "geometry": {"type": "Point", "coordinates": [32.41024824, -69.43378082]}, "properties": {"id": 1019, "src_line": 42249.5, "src_sample": 4737.5, "fit_residual_px": 0.3636, "heldout_residual_px": 0.3502}}, {"type": "Feature", "geometry": {"type": "Point", "coordinates": [32.39997455, -69.43346612]}, "properties": {"id": 1020, "src_line": 42249.5, "src_sample": 5121.5, "fit_residual_px": 0.1412, "heldout_residual_px": 0.1228}}, {"type": "Feature", "geometry": {"type": "Point", "coordinates": [32.38979059, -69.43319418]}, "properties": {"id": 1021, "src_line": 42249.5, "src_sample": 5505.5, "fit_residual_px": 0.3785, "heldout_residual_px": 0.4018}}, {"type": "Feature", "geometry": {"type": "Point", "coordinates": [32.37967609, -69.43289717]}, "properties": {"id": 1022, "src_line": 42249.5, "src_sample": 5889.5, "fit_residual_px": 0.3899, "heldout_residual_px": 0.4169}}, {"type": "Feature", "geometry": {"type": "Point", "coordinates": [32.36949577, -69.43261354]}, "properties": {"id": 1023, "src_line": 42249.5, "src_sample": 6273.5, "fit_residual_px": 0.2344, "heldout_residual_px": 0.2589}}, {"type": "Feature", "geometry": {"type": "Point", "coordinates": [32.35942856, -69.43235875]}, "properties": {"id": 1024, "src_line": 42249.5, "src_sample": 6657.5, "fit_residual_px": 0.2498, "heldout_residual_px": 0.2543}}, {"type": "Feature", "geometry": {"type": "Point", "coordinates": [32.34912335, -69.43206087]}, "properties": {"id": 1025, "src_line": 42249.5, "src_sample": 7041.5, "fit_residual_px": 0.2844, "heldout_residual_px": 0.2958}}, {"type": "Feature", "geometry": {"type": "Point", "coordinates": [32.33882536, -69.43176328]}, "properties": {"id": 1026, "src_line": 42249.5, "src_sample": 7425.5, "fit_residual_px": 0.291, "heldout_residual_px": 0.3136}}, {"type": "Feature", "geometry": {"type": "Point", "coordinates": [32.32864983, -69.43146566]}, "properties": {"id": 1027, "src_line": 42249.5, "src_sample": 7809.5, "fit_residual_px": 0.1672, "heldout_residual_px": 0.1421}}, {"type": "Feature", "geometry": {"type": "Point", "coordinates": [32.31857553, -69.43119569]}, "properties": {"id": 1028, "src_line": 42249.5, "src_sample": 8193.5, "fit_residual_px": 0.2501, "heldout_residual_px": 0.2444}}, {"type": "Feature", "geometry": {"type": "Point", "coordinates": [32.30830584, -69.4309283]}, "properties": {"id": 1029, "src_line": 42249.5, "src_sample": 8577.5, "fit_residual_px": 0.5181, "heldout_residual_px": 0.5072}}, {"type": "Feature", "geometry": {"type": "Point", "coordinates": [32.29799201, -69.43061865]}, "properties": {"id": 1030, "src_line": 42249.5, "src_sample": 8961.5, "fit_residual_px": 0.1869, "heldout_residual_px": 0.1845}}, {"type": "Feature", "geometry": {"type": "Point", "coordinates": [32.28741423, -69.43027179]}, "properties": {"id": 1031, "src_line": 42249.5, "src_sample": 9345.5, "fit_residual_px": 0.2999, "heldout_residual_px": 0.293}}, {"type": "Feature", "geometry": {"type": "Point", "coordinates": [32.27743174, -69.4300273]}, "properties": {"id": 1032, "src_line": 42249.5, "src_sample": 9729.5, "fit_residual_px": 0.2106, "heldout_residual_px": 0.1295}}, {"type": "Feature", "geometry": {"type": "Point", "coordinates": [32.26719571, -69.42973788]}, "properties": {"id": 1033, "src_line": 42249.5, "src_sample": 10113.5, "fit_residual_px": 0.0978, "heldout_residual_px": 0.1955}}, {"type": "Feature", "geometry": {"type": "Point", "coordinates": [32.2571938, -69.4294843]}, "properties": {"id": 1034, "src_line": 42249.5, "src_sample": 10497.5, "fit_residual_px": 0.2598, "heldout_residual_px": 0.1269}}, {"type": "Feature", "geometry": {"type": "Point", "coordinates": [32.24720808, -69.42923583]}, "properties": {"id": 1035, "src_line": 42249.5, "src_sample": 10881.5, "fit_residual_px": 0.1331, "heldout_residual_px": 0.2478}}, {"type": "Feature", "geometry": {"type": "Point", "coordinates": [32.23698388, -69.4289523]}, "properties": {"id": 1036, "src_line": 42249.5, "src_sample": 11265.5, "fit_residual_px": 0.1106, "heldout_residual_px": 0.2287}}, {"type": "Feature", "geometry": {"type": "Point", "coordinates": [32.22685226, -69.4286751]}, "properties": {"id": 1037, "src_line": 42249.5, "src_sample": 11649.5, "fit_residual_px": 0.1711, "heldout_residual_px": 0.5088}}, {"type": "Feature", "geometry": {"type": "Point", "coordinates": [32.46128739, -69.43175421]}, "properties": {"id": 1038, "src_line": 42633.5, "src_sample": 2817.5, "fit_residual_px": 0.3089, "heldout_residual_px": 0.4222}}, {"type": "Feature", "geometry": {"type": "Point", "coordinates": [32.45124916, -69.43147644]}, "properties": {"id": 1039, "src_line": 42633.5, "src_sample": 3201.5, "fit_residual_px": 0.1807, "heldout_residual_px": 0.2763}}, {"type": "Feature", "geometry": {"type": "Point", "coordinates": [32.44125832, -69.4312154]}, "properties": {"id": 1040, "src_line": 42633.5, "src_sample": 3585.5, "fit_residual_px": 0.0574, "heldout_residual_px": 0.1067}}, {"type": "Feature", "geometry": {"type": "Point", "coordinates": [32.43113903, -69.43093282]}, "properties": {"id": 1041, "src_line": 42633.5, "src_sample": 3969.5, "fit_residual_px": 0.0629, "heldout_residual_px": 0.1107}}, {"type": "Feature", "geometry": {"type": "Point", "coordinates": [32.42090004, -69.43064544]}, "properties": {"id": 1042, "src_line": 42633.5, "src_sample": 4353.5, "fit_residual_px": 0.2719, "heldout_residual_px": 0.248}}, {"type": "Feature", "geometry": {"type": "Point", "coordinates": [32.41072478, -69.43032678]}, "properties": {"id": 1043, "src_line": 42633.5, "src_sample": 4737.5, "fit_residual_px": 0.7451, "heldout_residual_px": 0.7457}}, {"type": "Feature", "geometry": {"type": "Point", "coordinates": [32.40053338, -69.43006532]}, "properties": {"id": 1044, "src_line": 42633.5, "src_sample": 5121.5, "fit_residual_px": 0.3265, "heldout_residual_px": 0.315}}, {"type": "Feature", "geometry": {"type": "Point", "coordinates": [32.39036528, -69.42977387]}, "properties": {"id": 1045, "src_line": 42633.5, "src_sample": 5505.5, "fit_residual_px": 0.2565, "heldout_residual_px": 0.2275}}, {"type": "Feature", "geometry": {"type": "Point", "coordinates": [32.38032165, -69.42950046]}, "properties": {"id": 1046, "src_line": 42633.5, "src_sample": 5889.5, "fit_residual_px": 0.2925, "heldout_residual_px": 0.3119}}, {"type": "Feature", "geometry": {"type": "Point", "coordinates": [32.37028308, -69.4292299]}, "properties": {"id": 1047, "src_line": 42633.5, "src_sample": 6273.5, "fit_residual_px": 0.4323, "heldout_residual_px": 0.4208}}, {"type": "Feature", "geometry": {"type": "Point", "coordinates": [32.35997304, -69.42892386]}, "properties": {"id": 1048, "src_line": 42633.5, "src_sample": 6657.5, "fit_residual_px": 0.4381, "heldout_residual_px": 0.4373}}, {"type": "Feature", "geometry": {"type": "Point", "coordinates": [32.34965757, -69.4286285]}, "properties": {"id": 1049, "src_line": 42633.5, "src_sample": 7041.5, "fit_residual_px": 0.4903, "heldout_residual_px": 0.4559}}, {"type": "Feature", "geometry": {"type": "Point", "coordinates": [32.33929948, -69.42834146]}, "properties": {"id": 1050, "src_line": 42633.5, "src_sample": 7425.5, "fit_residual_px": 0.2292, "heldout_residual_px": 0.2239}}, {"type": "Feature", "geometry": {"type": "Point", "coordinates": [32.32906298, -69.42801939]}, "properties": {"id": 1051, "src_line": 42633.5, "src_sample": 7809.5, "fit_residual_px": 0.6823, "heldout_residual_px": 0.6789}}, {"type": "Feature", "geometry": {"type": "Point", "coordinates": [32.31912278, -69.42778306]}, "properties": {"id": 1052, "src_line": 42633.5, "src_sample": 8193.5, "fit_residual_px": 0.4818, "heldout_residual_px": 0.4636}}, {"type": "Feature", "geometry": {"type": "Point", "coordinates": [32.30890426, -69.42750473]}, "properties": {"id": 1053, "src_line": 42633.5, "src_sample": 8577.5, "fit_residual_px": 0.0804, "heldout_residual_px": 0.0758}}, {"type": "Feature", "geometry": {"type": "Point", "coordinates": [32.29863467, -69.42721288]}, "properties": {"id": 1054, "src_line": 42633.5, "src_sample": 8961.5, "fit_residual_px": 0.2856, "heldout_residual_px": 0.315}}, {"type": "Feature", "geometry": {"type": "Point", "coordinates": [32.28829619, -69.42692546]}, "properties": {"id": 1055, "src_line": 42633.5, "src_sample": 9345.5, "fit_residual_px": 0.5292, "heldout_residual_px": 0.484}}, {"type": "Feature", "geometry": {"type": "Point", "coordinates": [32.27824267, -69.42666044]}, "properties": {"id": 1056, "src_line": 42633.5, "src_sample": 9729.5, "fit_residual_px": 0.2931, "heldout_residual_px": 0.2712}}, {"type": "Feature", "geometry": {"type": "Point", "coordinates": [32.2678446, -69.42635016]}, "properties": {"id": 1057, "src_line": 42633.5, "src_sample": 10113.5, "fit_residual_px": 0.2664, "heldout_residual_px": 0.1743}}, {"type": "Feature", "geometry": {"type": "Point", "coordinates": [32.25780819, -69.42609072]}, "properties": {"id": 1058, "src_line": 42633.5, "src_sample": 10497.5, "fit_residual_px": 0.3513, "heldout_residual_px": 0.2058}}, {"type": "Feature", "geometry": {"type": "Point", "coordinates": [32.24776221, -69.42582682]}, "properties": {"id": 1059, "src_line": 42633.5, "src_sample": 10881.5, "fit_residual_px": 0.2177, "heldout_residual_px": 0.343}}, {"type": "Feature", "geometry": {"type": "Point", "coordinates": [32.23760948, -69.42553881]}, "properties": {"id": 1060, "src_line": 42633.5, "src_sample": 11265.5, "fit_residual_px": 0.307, "heldout_residual_px": 0.5447}}, {"type": "Feature", "geometry": {"type": "Point", "coordinates": [32.22745551, -69.42525]}, "properties": {"id": 1061, "src_line": 42633.5, "src_sample": 11649.5, "fit_residual_px": 0.7172, "heldout_residual_px": 0.9818}}, {"type": "Feature", "geometry": {"type": "Point", "coordinates": [32.46179131, -69.42833159]}, "properties": {"id": 1062, "src_line": 43017.5, "src_sample": 2817.5, "fit_residual_px": 0.1549, "heldout_residual_px": 0.1923}}, {"type": "Feature", "geometry": {"type": "Point", "coordinates": [32.45175996, -69.42805795]}, "properties": {"id": 1063, "src_line": 43017.5, "src_sample": 3201.5, "fit_residual_px": 0.2122, "heldout_residual_px": 0.2821}}, {"type": "Feature", "geometry": {"type": "Point", "coordinates": [32.44179911, -69.42780466]}, "properties": {"id": 1064, "src_line": 43017.5, "src_sample": 3585.5, "fit_residual_px": 0.2217, "heldout_residual_px": 0.2744}}, {"type": "Feature", "geometry": {"type": "Point", "coordinates": [32.4317081, -69.4275064]}, "properties": {"id": 1065, "src_line": 43017.5, "src_sample": 3969.5, "fit_residual_px": 0.6413, "heldout_residual_px": 0.685}}, {"type": "Feature", "geometry": {"type": "Point", "coordinates": [32.42161292, -69.42723248]}, "properties": {"id": 1066, "src_line": 43017.5, "src_sample": 4353.5, "fit_residual_px": 0.3923, "heldout_residual_px": 0.4213}}, {"type": "Feature", "geometry": {"type": "Point", "coordinates": [32.41141944, -69.42696392]}, "properties": {"id": 1067, "src_line": 43017.5, "src_sample": 4737.5, "fit_residual_px": 0.2105, "heldout_residual_px": 0.1993}}, {"type": "Feature", "geometry": {"type": "Point", "coordinates": [32.40116849, -69.42667553]}, "properties": {"id": 1068, "src_line": 43017.5, "src_sample": 5121.5, "fit_residual_px": 0.4703, "heldout_residual_px": 0.4548}}, {"type": "Feature", "geometry": {"type": "Point", "coordinates": [32.39109385, -69.42638919]}, "properties": {"id": 1069, "src_line": 43017.5, "src_sample": 5505.5, "fit_residual_px": 0.0481, "heldout_residual_px": 0.0656}}, {"type": "Feature", "geometry": {"type": "Point", "coordinates": [32.3708484, -69.42584421]}, "properties": {"id": 1070, "src_line": 43017.5, "src_sample": 6273.5, "fit_residual_px": 0.3344, "heldout_residual_px": 0.3245}}, {"type": "Feature", "geometry": {"type": "Point", "coordinates": [32.36056116, -69.42552473]}, "properties": {"id": 1071, "src_line": 43017.5, "src_sample": 6657.5, "fit_residual_px": 0.3407, "heldout_residual_px": 0.3219}}, {"type": "Feature", "geometry": {"type": "Point", "coordinates": [32.35015806, -69.42520248]}, "properties": {"id": 1072, "src_line": 43017.5, "src_sample": 7041.5, "fit_residual_px": 0.5223, "heldout_residual_px": 0.5119}}, {"type": "Feature", "geometry": {"type": "Point", "coordinates": [32.33989046, -69.42491432]}, "properties": {"id": 1073, "src_line": 43017.5, "src_sample": 7425.5, "fit_residual_px": 0.5095, "heldout_residual_px": 0.4783}}, {"type": "Feature", "geometry": {"type": "Point", "coordinates": [32.32961594, -69.42462636]}, "properties": {"id": 1074, "src_line": 43017.5, "src_sample": 7809.5, "fit_residual_px": 0.1805, "heldout_residual_px": 0.1693}}, {"type": "Feature", "geometry": {"type": "Point", "coordinates": [32.31957527, -69.42438325]}, "properties": {"id": 1075, "src_line": 43017.5, "src_sample": 8193.5, "fit_residual_px": 0.4179, "heldout_residual_px": 0.4241}}, {"type": "Feature", "geometry": {"type": "Point", "coordinates": [32.3094598, -69.42407584]}, "properties": {"id": 1076, "src_line": 43017.5, "src_sample": 8577.5, "fit_residual_px": 0.5155, "heldout_residual_px": 0.5232}}, {"type": "Feature", "geometry": {"type": "Point", "coordinates": [32.29913276, -69.42377635]}, "properties": {"id": 1077, "src_line": 43017.5, "src_sample": 8961.5, "fit_residual_px": 0.4932, "heldout_residual_px": 0.4934}}, {"type": "Feature", "geometry": {"type": "Point", "coordinates": [32.28896093, -69.4235222]}, "properties": {"id": 1078, "src_line": 43017.5, "src_sample": 9345.5, "fit_residual_px": 0.1973, "heldout_residual_px": 0.1777}}, {"type": "Feature", "geometry": {"type": "Point", "coordinates": [32.27886311, -69.42324497]}, "properties": {"id": 1079, "src_line": 43017.5, "src_sample": 9729.5, "fit_residual_px": 0.0719, "heldout_residual_px": 0.1409}}, {"type": "Feature", "geometry": {"type": "Point", "coordinates": [32.26857126, -69.42295568]}, "properties": {"id": 1080, "src_line": 43017.5, "src_sample": 10113.5, "fit_residual_px": 0.1477, "heldout_residual_px": 0.0741}}, {"type": "Feature", "geometry": {"type": "Point", "coordinates": [32.2585201, -69.42267352]}, "properties": {"id": 1081, "src_line": 43017.5, "src_sample": 10497.5, "fit_residual_px": 0.4629, "heldout_residual_px": 0.5664}}, {"type": "Feature", "geometry": {"type": "Point", "coordinates": [32.24835948, -69.42240332]}, "properties": {"id": 1082, "src_line": 43017.5, "src_sample": 10881.5, "fit_residual_px": 0.5153, "heldout_residual_px": 0.6802}}, {"type": "Feature", "geometry": {"type": "Point", "coordinates": [32.23812317, -69.42213583]}, "properties": {"id": 1083, "src_line": 43017.5, "src_sample": 11265.5, "fit_residual_px": 0.3449, "heldout_residual_px": 0.4897}}, {"type": "Feature", "geometry": {"type": "Point", "coordinates": [32.22792936, -69.42183855]}, "properties": {"id": 1084, "src_line": 43017.5, "src_sample": 11649.5, "fit_residual_px": 0.2996, "heldout_residual_px": 0.5026}}, {"type": "Feature", "geometry": {"type": "Point", "coordinates": [32.46239049, -69.42491659]}, "properties": {"id": 1085, "src_line": 43401.5, "src_sample": 2817.5, "fit_residual_px": 0.3922, "heldout_residual_px": 0.3647}}, {"type": "Feature", "geometry": {"type": "Point", "coordinates": [32.45228094, -69.4246369]}, "properties": {"id": 1086, "src_line": 43401.5, "src_sample": 3201.5, "fit_residual_px": 0.3707, "heldout_residual_px": 0.345}}, {"type": "Feature", "geometry": {"type": "Point", "coordinates": [32.43229696, -69.42410745]}, "properties": {"id": 1087, "src_line": 43401.5, "src_sample": 3969.5, "fit_residual_px": 0.2612, "heldout_residual_px": 0.229}}, {"type": "Feature", "geometry": {"type": "Point", "coordinates": [32.42214536, -69.42381739]}, "properties": {"id": 1088, "src_line": 43401.5, "src_sample": 4353.5, "fit_residual_px": 0.3976, "heldout_residual_px": 0.3763}}, {"type": "Feature", "geometry": {"type": "Point", "coordinates": [32.41199886, -69.42355687]}, "properties": {"id": 1089, "src_line": 43401.5, "src_sample": 4737.5, "fit_residual_px": 0.3177, "heldout_residual_px": 0.369}}, {"type": "Feature", "geometry": {"type": "Point", "coordinates": [32.40184947, -69.42327608]}, "properties": {"id": 1090, "src_line": 43401.5, "src_sample": 5121.5, "fit_residual_px": 0.2972, "heldout_residual_px": 0.3209}}, {"type": "Feature", "geometry": {"type": "Point", "coordinates": [32.39172735, -69.42299602]}, "properties": {"id": 1091, "src_line": 43401.5, "src_sample": 5505.5, "fit_residual_px": 0.2893, "heldout_residual_px": 0.3153}}, {"type": "Feature", "geometry": {"type": "Point", "coordinates": [32.38161813, -69.42270363]}, "properties": {"id": 1092, "src_line": 43401.5, "src_sample": 5889.5, "fit_residual_px": 0.1366, "heldout_residual_px": 0.1237}}, {"type": "Feature", "geometry": {"type": "Point", "coordinates": [32.37148311, -69.42241185]}, "properties": {"id": 1093, "src_line": 43401.5, "src_sample": 6273.5, "fit_residual_px": 0.6123, "heldout_residual_px": 0.6767}}, {"type": "Feature", "geometry": {"type": "Point", "coordinates": [32.3611387, -69.42210164]}, "properties": {"id": 1094, "src_line": 43401.5, "src_sample": 6657.5, "fit_residual_px": 0.7879, "heldout_residual_px": 0.7422}}, {"type": "Feature", "geometry": {"type": "Point", "coordinates": [32.35079527, -69.421829]}, "properties": {"id": 1095, "src_line": 43401.5, "src_sample": 7041.5, "fit_residual_px": 0.2805, "heldout_residual_px": 0.3006}}, {"type": "Feature", "geometry": {"type": "Point", "coordinates": [32.34057173, -69.42151281]}, "properties": {"id": 1096, "src_line": 43401.5, "src_sample": 7425.5, "fit_residual_px": 0.4691, "heldout_residual_px": 0.4745}}, {"type": "Feature", "geometry": {"type": "Point", "coordinates": [32.3302903, -69.42122471]}, "properties": {"id": 1097, "src_line": 43401.5, "src_sample": 7809.5, "fit_residual_px": 0.352, "heldout_residual_px": 0.3184}}, {"type": "Feature", "geometry": {"type": "Point", "coordinates": [32.32022639, -69.42095351]}, "properties": {"id": 1098, "src_line": 43401.5, "src_sample": 8193.5, "fit_residual_px": 0.3579, "heldout_residual_px": 0.3607}}, {"type": "Feature", "geometry": {"type": "Point", "coordinates": [32.31002974, -69.42068069]}, "properties": {"id": 1099, "src_line": 43401.5, "src_sample": 8577.5, "fit_residual_px": 0.2751, "heldout_residual_px": 0.2578}}, {"type": "Feature", "geometry": {"type": "Point", "coordinates": [32.29973518, -69.42037949]}, "properties": {"id": 1100, "src_line": 43401.5, "src_sample": 8961.5, "fit_residual_px": 0.1745, "heldout_residual_px": 0.1561}}, {"type": "Feature", "geometry": {"type": "Point", "coordinates": [32.28955211, -69.42011496]}, "properties": {"id": 1101, "src_line": 43401.5, "src_sample": 9345.5, "fit_residual_px": 0.2837, "heldout_residual_px": 0.3077}}, {"type": "Feature", "geometry": {"type": "Point", "coordinates": [32.27933339, -69.41982678]}, "properties": {"id": 1102, "src_line": 43401.5, "src_sample": 9729.5, "fit_residual_px": 0.2325, "heldout_residual_px": 0.277}}, {"type": "Feature", "geometry": {"type": "Point", "coordinates": [32.26909363, -69.41952954]}, "properties": {"id": 1103, "src_line": 43401.5, "src_sample": 10113.5, "fit_residual_px": 0.1857, "heldout_residual_px": 0.2364}}, {"type": "Feature", "geometry": {"type": "Point", "coordinates": [32.25903711, -69.41926719]}, "properties": {"id": 1104, "src_line": 43401.5, "src_sample": 10497.5, "fit_residual_px": 0.0396, "heldout_residual_px": 0.0748}}, {"type": "Feature", "geometry": {"type": "Point", "coordinates": [32.24880482, -69.41898004]}, "properties": {"id": 1105, "src_line": 43401.5, "src_sample": 10881.5, "fit_residual_px": 0.21, "heldout_residual_px": 0.0952}}, {"type": "Feature", "geometry": {"type": "Point", "coordinates": [32.23870157, -69.41872291]}, "properties": {"id": 1106, "src_line": 43401.5, "src_sample": 11265.5, "fit_residual_px": 0.322, "heldout_residual_px": 0.4403}}, {"type": "Feature", "geometry": {"type": "Point", "coordinates": [32.22849527, -69.41842305]}, "properties": {"id": 1107, "src_line": 43401.5, "src_sample": 11649.5, "fit_residual_px": 0.3225, "heldout_residual_px": 0.2573}}, {"type": "Feature", "geometry": {"type": "Point", "coordinates": [32.46295228, -69.42151145]}, "properties": {"id": 1108, "src_line": 43785.5, "src_sample": 2817.5, "fit_residual_px": 0.2444, "heldout_residual_px": 0.2207}}, {"type": "Feature", "geometry": {"type": "Point", "coordinates": [32.4528129, -69.42122027]}, "properties": {"id": 1109, "src_line": 43785.5, "src_sample": 3201.5, "fit_residual_px": 0.4441, "heldout_residual_px": 0.4204}}, {"type": "Feature", "geometry": {"type": "Point", "coordinates": [32.44277338, -69.42096763]}, "properties": {"id": 1110, "src_line": 43785.5, "src_sample": 3585.5, "fit_residual_px": 0.1688, "heldout_residual_px": 0.24}}, {"type": "Feature", "geometry": {"type": "Point", "coordinates": [32.43272563, -69.42070176]}, "properties": {"id": 1111, "src_line": 43785.5, "src_sample": 3969.5, "fit_residual_px": 0.7361, "heldout_residual_px": 0.7422}}, {"type": "Feature", "geometry": {"type": "Point", "coordinates": [32.4226526, -69.42041863]}, "properties": {"id": 1112, "src_line": 43785.5, "src_sample": 4353.5, "fit_residual_px": 0.1488, "heldout_residual_px": 0.1963}}, {"type": "Feature", "geometry": {"type": "Point", "coordinates": [32.41242849, -69.4201341]}, "properties": {"id": 1113, "src_line": 43785.5, "src_sample": 4737.5, "fit_residual_px": 0.3677, "heldout_residual_px": 0.3916}}, {"type": "Feature", "geometry": {"type": "Point", "coordinates": [32.40237408, -69.41985506]}, "properties": {"id": 1114, "src_line": 43785.5, "src_sample": 5121.5, "fit_residual_px": 0.2426, "heldout_residual_px": 0.2186}}, {"type": "Feature", "geometry": {"type": "Point", "coordinates": [32.39225696, -69.41958409]}, "properties": {"id": 1115, "src_line": 43785.5, "src_sample": 5505.5, "fit_residual_px": 0.3842, "heldout_residual_px": 0.3907}}, {"type": "Feature", "geometry": {"type": "Point", "coordinates": [32.38211635, -69.41930038]}, "properties": {"id": 1116, "src_line": 43785.5, "src_sample": 5889.5, "fit_residual_px": 0.3354, "heldout_residual_px": 0.3208}}, {"type": "Feature", "geometry": {"type": "Point", "coordinates": [32.37192592, -69.41899289]}, "properties": {"id": 1117, "src_line": 43785.5, "src_sample": 6273.5, "fit_residual_px": 0.3743, "heldout_residual_px": 0.4374}}, {"type": "Feature", "geometry": {"type": "Point", "coordinates": [32.36180819, -69.41871851]}, "properties": {"id": 1118, "src_line": 43785.5, "src_sample": 6657.5, "fit_residual_px": 0.1677, "heldout_residual_px": 0.1545}}, {"type": "Feature", "geometry": {"type": "Point", "coordinates": [32.35155589, -69.41843318]}, "properties": {"id": 1119, "src_line": 43785.5, "src_sample": 7041.5, "fit_residual_px": 0.1548, "heldout_residual_px": 0.2231}}, {"type": "Feature", "geometry": {"type": "Point", "coordinates": [32.34126456, -69.41813839]}, "properties": {"id": 1120, "src_line": 43785.5, "src_sample": 7425.5, "fit_residual_px": 0.1486, "heldout_residual_px": 0.177}}, {"type": "Feature", "geometry": {"type": "Point", "coordinates": [32.33095814, -69.41783802]}, "properties": {"id": 1121, "src_line": 43785.5, "src_sample": 7809.5, "fit_residual_px": 0.1765, "heldout_residual_px": 0.1496}}, {"type": "Feature", "geometry": {"type": "Point", "coordinates": [32.32078295, -69.41755629]}, "properties": {"id": 1122, "src_line": 43785.5, "src_sample": 8193.5, "fit_residual_px": 0.212, "heldout_residual_px": 0.1887}}, {"type": "Feature", "geometry": {"type": "Point", "coordinates": [32.3104906, -69.41726615]}, "properties": {"id": 1123, "src_line": 43785.5, "src_sample": 8577.5, "fit_residual_px": 0.498, "heldout_residual_px": 0.4926}}, {"type": "Feature", "geometry": {"type": "Point", "coordinates": [32.30027805, -69.4169742]}, "properties": {"id": 1124, "src_line": 43785.5, "src_sample": 8961.5, "fit_residual_px": 0.4138, "heldout_residual_px": 0.4255}}, {"type": "Feature", "geometry": {"type": "Point", "coordinates": [32.29011936, -69.41670164]}, "properties": {"id": 1125, "src_line": 43785.5, "src_sample": 9345.5, "fit_residual_px": 0.3657, "heldout_residual_px": 0.3984}}, {"type": "Feature", "geometry": {"type": "Point", "coordinates": [32.27967836, -69.41637181]}, "properties": {"id": 1126, "src_line": 43785.5, "src_sample": 9729.5, "fit_residual_px": 0.2176, "heldout_residual_px": 0.233}}, {"type": "Feature", "geometry": {"type": "Point", "coordinates": [32.26957138, -69.41609557]}, "properties": {"id": 1127, "src_line": 43785.5, "src_sample": 10113.5, "fit_residual_px": 0.336, "heldout_residual_px": 0.3044}}, {"type": "Feature", "geometry": {"type": "Point", "coordinates": [32.25956173, -69.4158392]}, "properties": {"id": 1128, "src_line": 43785.5, "src_sample": 10497.5, "fit_residual_px": 0.3069, "heldout_residual_px": 0.3212}}, {"type": "Feature", "geometry": {"type": "Point", "coordinates": [32.22909862, -69.41501793]}, "properties": {"id": 1129, "src_line": 43785.5, "src_sample": 11649.5, "fit_residual_px": 0.1826, "heldout_residual_px": 0.2041}}, {"type": "Feature", "geometry": {"type": "Point", "coordinates": [32.46348812, -69.41810277]}, "properties": {"id": 1130, "src_line": 44169.5, "src_sample": 2817.5, "fit_residual_px": 0.1349, "heldout_residual_px": 0.1345}}, {"type": "Feature", "geometry": {"type": "Point", "coordinates": [32.45331336, -69.41782517]}, "properties": {"id": 1131, "src_line": 44169.5, "src_sample": 3201.5, "fit_residual_px": 0.2052, "heldout_residual_px": 0.2923}}, {"type": "Feature", "geometry": {"type": "Point", "coordinates": [32.44317373, -69.41754251]}, "properties": {"id": 1132, "src_line": 44169.5, "src_sample": 3585.5, "fit_residual_px": 0.258, "heldout_residual_px": 0.3412}}, {"type": "Feature", "geometry": {"type": "Point", "coordinates": [32.43318083, -69.41727284]}, "properties": {"id": 1133, "src_line": 44169.5, "src_sample": 3969.5, "fit_residual_px": 0.1768, "heldout_residual_px": 0.2368}}, {"type": "Feature", "geometry": {"type": "Point", "coordinates": [32.42306013, -69.41699197]}, "properties": {"id": 1134, "src_line": 44169.5, "src_sample": 4353.5, "fit_residual_px": 0.2229, "heldout_residual_px": 0.2721}}, {"type": "Feature", "geometry": {"type": "Point", "coordinates": [32.41301776, -69.41669607]}, "properties": {"id": 1135, "src_line": 44169.5, "src_sample": 4737.5, "fit_residual_px": 0.5187, "heldout_residual_px": 0.506}}, {"type": "Feature", "geometry": {"type": "Point", "coordinates": [32.38261215, -69.41587323]}, "properties": {"id": 1136, "src_line": 44169.5, "src_sample": 5889.5, "fit_residual_px": 0.1374, "heldout_residual_px": 0.2003}}, {"type": "Feature", "geometry": {"type": "Point", "coordinates": [32.37235578, -69.41558397]}, "properties": {"id": 1137, "src_line": 44169.5, "src_sample": 6273.5, "fit_residual_px": 0.4035, "heldout_residual_px": 0.3557}}, {"type": "Feature", "geometry": {"type": "Point", "coordinates": [32.36236183, -69.41533051]}, "properties": {"id": 1138, "src_line": 44169.5, "src_sample": 6657.5, "fit_residual_px": 0.5056, "heldout_residual_px": 0.5218}}, {"type": "Feature", "geometry": {"type": "Point", "coordinates": [32.35215874, -69.41503277]}, "properties": {"id": 1139, "src_line": 44169.5, "src_sample": 7041.5, "fit_residual_px": 0.235, "heldout_residual_px": 0.2634}}, {"type": "Feature", "geometry": {"type": "Point", "coordinates": [32.34190719, -69.41472847]}, "properties": {"id": 1140, "src_line": 44169.5, "src_sample": 7425.5, "fit_residual_px": 0.1879, "heldout_residual_px": 0.1324}}, {"type": "Feature", "geometry": {"type": "Point", "coordinates": [32.33161534, -69.41443485]}, "properties": {"id": 1141, "src_line": 44169.5, "src_sample": 7809.5, "fit_residual_px": 0.2013, "heldout_residual_px": 0.249}}, {"type": "Feature", "geometry": {"type": "Point", "coordinates": [32.32135023, -69.41414986]}, "properties": {"id": 1142, "src_line": 44169.5, "src_sample": 8193.5, "fit_residual_px": 0.243, "heldout_residual_px": 0.2513}}, {"type": "Feature", "geometry": {"type": "Point", "coordinates": [32.31102069, -69.41384556]}, "properties": {"id": 1143, "src_line": 44169.5, "src_sample": 8577.5, "fit_residual_px": 0.1513, "heldout_residual_px": 0.1684}}, {"type": "Feature", "geometry": {"type": "Point", "coordinates": [32.30085266, -69.41356903]}, "properties": {"id": 1144, "src_line": 44169.5, "src_sample": 8961.5, "fit_residual_px": 0.324, "heldout_residual_px": 0.339}}, {"type": "Feature", "geometry": {"type": "Point", "coordinates": [32.29066356, -69.41328306]}, "properties": {"id": 1145, "src_line": 44169.5, "src_sample": 9345.5, "fit_residual_px": 0.5454, "heldout_residual_px": 0.5662}}, {"type": "Feature", "geometry": {"type": "Point", "coordinates": [32.28037339, -69.41298007]}, "properties": {"id": 1146, "src_line": 44169.5, "src_sample": 9729.5, "fit_residual_px": 0.3764, "heldout_residual_px": 0.3236}}, {"type": "Feature", "geometry": {"type": "Point", "coordinates": [32.27012441, -69.41269658]}, "properties": {"id": 1147, "src_line": 44169.5, "src_sample": 10113.5, "fit_residual_px": 0.1952, "heldout_residual_px": 0.2794}}, {"type": "Feature", "geometry": {"type": "Point", "coordinates": [32.26007933, -69.41243582]}, "properties": {"id": 1148, "src_line": 44169.5, "src_sample": 10497.5, "fit_residual_px": 0.1893, "heldout_residual_px": 0.2839}}, {"type": "Feature", "geometry": {"type": "Point", "coordinates": [32.22970028, -69.4116197]}, "properties": {"id": 1149, "src_line": 44169.5, "src_sample": 11649.5, "fit_residual_px": 0.3197, "heldout_residual_px": 0.2023}}, {"type": "Feature", "geometry": {"type": "Point", "coordinates": [32.46400883, -69.41470326]}, "properties": {"id": 1150, "src_line": 44553.5, "src_sample": 2817.5, "fit_residual_px": 0.2906, "heldout_residual_px": 0.4221}}, {"type": "Feature", "geometry": {"type": "Point", "coordinates": [32.45392017, -69.41441353]}, "properties": {"id": 1151, "src_line": 44553.5, "src_sample": 3201.5, "fit_residual_px": 0.0633, "heldout_residual_px": 0.0681}}, {"type": "Feature", "geometry": {"type": "Point", "coordinates": [32.44380809, -69.4141333]}, "properties": {"id": 1152, "src_line": 44553.5, "src_sample": 3585.5, "fit_residual_px": 0.1992, "heldout_residual_px": 0.194}}, {"type": "Feature", "geometry": {"type": "Point", "coordinates": [32.43365329, -69.41384361]}, "properties": {"id": 1153, "src_line": 44553.5, "src_sample": 3969.5, "fit_residual_px": 0.0841, "heldout_residual_px": 0.0354}}, {"type": "Feature", "geometry": {"type": "Point", "coordinates": [32.42351862, -69.41357771]}, "properties": {"id": 1154, "src_line": 44553.5, "src_sample": 4353.5, "fit_residual_px": 0.5364, "heldout_residual_px": 0.5708}}, {"type": "Feature", "geometry": {"type": "Point", "coordinates": [32.41355053, -69.41330296]}, "properties": {"id": 1155, "src_line": 44553.5, "src_sample": 4737.5, "fit_residual_px": 0.0728, "heldout_residual_px": 0.1198}}, {"type": "Feature", "geometry": {"type": "Point", "coordinates": [32.38322451, -69.41245945]}, "properties": {"id": 1156, "src_line": 44553.5, "src_sample": 5889.5, "fit_residual_px": 0.3243, "heldout_residual_px": 0.3921}}, {"type": "Feature", "geometry": {"type": "Point", "coordinates": [32.37308985, -69.41218054]}, "properties": {"id": 1157, "src_line": 44553.5, "src_sample": 6273.5, "fit_residual_px": 0.2182, "heldout_residual_px": 0.2862}}, {"type": "Feature", "geometry": {"type": "Point", "coordinates": [32.36293732, -69.41189771]}, "properties": {"id": 1158, "src_line": 44553.5, "src_sample": 6657.5, "fit_residual_px": 0.1321, "heldout_residual_px": 0.1689}}, {"type": "Feature", "geometry": {"type": "Point", "coordinates": [32.35272222, -69.41162387]}, "properties": {"id": 1159, "src_line": 44553.5, "src_sample": 7041.5, "fit_residual_px": 0.3138, "heldout_residual_px": 0.3509}}, {"type": "Feature", "geometry": {"type": "Point", "coordinates": [32.34255777, -69.41132647]}, "properties": {"id": 1160, "src_line": 44553.5, "src_sample": 7425.5, "fit_residual_px": 0.4295, "heldout_residual_px": 0.5026}}, {"type": "Feature", "geometry": {"type": "Point", "coordinates": [32.33221933, -69.41101056]}, "properties": {"id": 1161, "src_line": 44553.5, "src_sample": 7809.5, "fit_residual_px": 0.4637, "heldout_residual_px": 0.4732}}, {"type": "Feature", "geometry": {"type": "Point", "coordinates": [32.3219578, -69.41073033]}, "properties": {"id": 1162, "src_line": 44553.5, "src_sample": 8193.5, "fit_residual_px": 0.1384, "heldout_residual_px": 0.1545}}, {"type": "Feature", "geometry": {"type": "Point", "coordinates": [32.31169854, -69.4104243]}, "properties": {"id": 1163, "src_line": 44553.5, "src_sample": 8577.5, "fit_residual_px": 0.4995, "heldout_residual_px": 0.4927}}, {"type": "Feature", "geometry": {"type": "Point", "coordinates": [32.30140831, -69.4101576]}, "properties": {"id": 1164, "src_line": 44553.5, "src_sample": 8961.5, "fit_residual_px": 0.5284, "heldout_residual_px": 0.5421}}, {"type": "Feature", "geometry": {"type": "Point", "coordinates": [32.29127508, -69.40986706]}, "properties": {"id": 1165, "src_line": 44553.5, "src_sample": 9345.5, "fit_residual_px": 0.1852, "heldout_residual_px": 0.1894}}, {"type": "Feature", "geometry": {"type": "Point", "coordinates": [32.281041, -69.40958806]}, "properties": {"id": 1166, "src_line": 44553.5, "src_sample": 9729.5, "fit_residual_px": 0.4612, "heldout_residual_px": 0.4274}}, {"type": "Feature", "geometry": {"type": "Point", "coordinates": [32.27078396, -69.40929351]}, "properties": {"id": 1167, "src_line": 44553.5, "src_sample": 10113.5, "fit_residual_px": 0.138, "heldout_residual_px": 0.2112}}, {"type": "Feature", "geometry": {"type": "Point", "coordinates": [32.2606922, -69.40901442]}, "properties": {"id": 1168, "src_line": 44553.5, "src_sample": 10497.5, "fit_residual_px": 0.2946, "heldout_residual_px": 0.2515}}, {"type": "Feature", "geometry": {"type": "Point", "coordinates": [32.25060991, -69.40876633]}, "properties": {"id": 1169, "src_line": 44553.5, "src_sample": 10881.5, "fit_residual_px": 0.335, "heldout_residual_px": 0.4273}}, {"type": "Feature", "geometry": {"type": "Point", "coordinates": [32.24054502, -69.40847984]}, "properties": {"id": 1170, "src_line": 44553.5, "src_sample": 11265.5, "fit_residual_px": 0.4056, "heldout_residual_px": 0.3363}}, {"type": "Feature", "geometry": {"type": "Point", "coordinates": [32.23024376, -69.40821873]}, "properties": {"id": 1171, "src_line": 44553.5, "src_sample": 11649.5, "fit_residual_px": 0.4737, "heldout_residual_px": 0.5669}}, {"type": "Feature", "geometry": {"type": "Point", "coordinates": [32.46450739, -69.41128159]}, "properties": {"id": 1172, "src_line": 44937.5, "src_sample": 2817.5, "fit_residual_px": 0.0949, "heldout_residual_px": 0.2211}}, {"type": "Feature", "geometry": {"type": "Point", "coordinates": [32.45442475, -69.41098408]}, "properties": {"id": 1173, "src_line": 44937.5, "src_sample": 3201.5, "fit_residual_px": 0.4981, "heldout_residual_px": 0.3923}}, {"type": "Feature", "geometry": {"type": "Point", "coordinates": [32.4442395, -69.410713]}, "properties": {"id": 1174, "src_line": 44937.5, "src_sample": 3585.5, "fit_residual_px": 0.1452, "heldout_residual_px": 0.1997}}, {"type": "Feature", "geometry": {"type": "Point", "coordinates": [32.43408892, -69.41042253]}, "properties": {"id": 1175, "src_line": 44937.5, "src_sample": 3969.5, "fit_residual_px": 0.0685, "heldout_residual_px": 0.1107}}, {"type": "Feature", "geometry": {"type": "Point", "coordinates": [32.42410861, -69.41014328]}, "properties": {"id": 1176, "src_line": 44937.5, "src_sample": 4353.5, "fit_residual_px": 0.4338, "heldout_residual_px": 0.3915}}, {"type": "Feature", "geometry": {"type": "Point", "coordinates": [32.41411458, -69.40989154]}, "properties": {"id": 1177, "src_line": 44937.5, "src_sample": 4737.5, "fit_residual_px": 0.0856, "heldout_residual_px": 0.0493}}, {"type": "Feature", "geometry": {"type": "Point", "coordinates": [32.40404703, -69.40961003]}, "properties": {"id": 1178, "src_line": 44937.5, "src_sample": 5121.5, "fit_residual_px": 0.2394, "heldout_residual_px": 0.2031}}, {"type": "Feature", "geometry": {"type": "Point", "coordinates": [32.39392749, -69.40933473]}, "properties": {"id": 1179, "src_line": 44937.5, "src_sample": 5505.5, "fit_residual_px": 0.0967, "heldout_residual_px": 0.1329}}, {"type": "Feature", "geometry": {"type": "Point", "coordinates": [32.38371996, -69.40906057]}, "properties": {"id": 1180, "src_line": 44937.5, "src_sample": 5889.5, "fit_residual_px": 0.3415, "heldout_residual_px": 0.3572}}, {"type": "Feature", "geometry": {"type": "Point", "coordinates": [32.37359966, -69.40878231]}, "properties": {"id": 1181, "src_line": 44937.5, "src_sample": 6273.5, "fit_residual_px": 0.36, "heldout_residual_px": 0.3573}}, {"type": "Feature", "geometry": {"type": "Point", "coordinates": [32.36350228, -69.40849457]}, "properties": {"id": 1182, "src_line": 44937.5, "src_sample": 6657.5, "fit_residual_px": 0.1366, "heldout_residual_px": 0.2113}}, {"type": "Feature", "geometry": {"type": "Point", "coordinates": [32.35334734, -69.40819613]}, "properties": {"id": 1183, "src_line": 44937.5, "src_sample": 7041.5, "fit_residual_px": 0.5753, "heldout_residual_px": 0.6357}}, {"type": "Feature", "geometry": {"type": "Point", "coordinates": [32.34310035, -69.40791346]}, "properties": {"id": 1184, "src_line": 44937.5, "src_sample": 7425.5, "fit_residual_px": 0.7053, "heldout_residual_px": 0.7655}}, {"type": "Feature", "geometry": {"type": "Point", "coordinates": [32.3328069, -69.40761798]}, "properties": {"id": 1185, "src_line": 44937.5, "src_sample": 7809.5, "fit_residual_px": 0.1548, "heldout_residual_px": 0.1997}}, {"type": "Feature", "geometry": {"type": "Point", "coordinates": [32.32254278, -69.40732838]}, "properties": {"id": 1186, "src_line": 44937.5, "src_sample": 8193.5, "fit_residual_px": 0.2083, "heldout_residual_px": 0.241}}, {"type": "Feature", "geometry": {"type": "Point", "coordinates": [32.31225743, -69.40703696]}, "properties": {"id": 1187, "src_line": 44937.5, "src_sample": 8577.5, "fit_residual_px": 0.1924, "heldout_residual_px": 0.1941}}, {"type": "Feature", "geometry": {"type": "Point", "coordinates": [32.30205956, -69.40674597]}, "properties": {"id": 1188, "src_line": 44937.5, "src_sample": 8961.5, "fit_residual_px": 0.0851, "heldout_residual_px": 0.0849}}, {"type": "Feature", "geometry": {"type": "Point", "coordinates": [32.29183981, -69.40645629]}, "properties": {"id": 1189, "src_line": 44937.5, "src_sample": 9345.5, "fit_residual_px": 0.1644, "heldout_residual_px": 0.1694}}, {"type": "Feature", "geometry": {"type": "Point", "coordinates": [32.28154716, -69.40616349]}, "properties": {"id": 1190, "src_line": 44937.5, "src_sample": 9729.5, "fit_residual_px": 0.184, "heldout_residual_px": 0.2225}}, {"type": "Feature", "geometry": {"type": "Point", "coordinates": [32.27137241, -69.40589004]}, "properties": {"id": 1191, "src_line": 44937.5, "src_sample": 10113.5, "fit_residual_px": 0.1059, "heldout_residual_px": 0.1368}}, {"type": "Feature", "geometry": {"type": "Point", "coordinates": [32.26135153, -69.40561497]}, "properties": {"id": 1192, "src_line": 44937.5, "src_sample": 10497.5, "fit_residual_px": 0.4299, "heldout_residual_px": 0.3539}}, {"type": "Feature", "geometry": {"type": "Point", "coordinates": [32.25115992, -69.40535055]}, "properties": {"id": 1193, "src_line": 44937.5, "src_sample": 10881.5, "fit_residual_px": 0.3307, "heldout_residual_px": 0.427}}, {"type": "Feature", "geometry": {"type": "Point", "coordinates": [32.24101137, -69.40506786]}, "properties": {"id": 1194, "src_line": 44937.5, "src_sample": 11265.5, "fit_residual_px": 0.1152, "heldout_residual_px": 0.0449}}, {"type": "Feature", "geometry": {"type": "Point", "coordinates": [32.23090726, -69.40479426]}, "properties": {"id": 1195, "src_line": 44937.5, "src_sample": 11649.5, "fit_residual_px": 0.3625, "heldout_residual_px": 0.2306}}, {"type": "Feature", "geometry": {"type": "Point", "coordinates": [32.46494064, -69.40786067]}, "properties": {"id": 1196, "src_line": 45321.5, "src_sample": 2817.5, "fit_residual_px": 0.2472, "heldout_residual_px": 0.371}}, {"type": "Feature", "geometry": {"type": "Point", "coordinates": [32.45480495, -69.40757896]}, "properties": {"id": 1197, "src_line": 45321.5, "src_sample": 3201.5, "fit_residual_px": 0.3142, "heldout_residual_px": 0.4074}}, {"type": "Feature", "geometry": {"type": "Point", "coordinates": [32.44466172, -69.40728585]}, "properties": {"id": 1198, "src_line": 45321.5, "src_sample": 3585.5, "fit_residual_px": 0.1311, "heldout_residual_px": 0.2074}}, {"type": "Feature", "geometry": {"type": "Point", "coordinates": [32.43460248, -69.40702567]}, "properties": {"id": 1199, "src_line": 45321.5, "src_sample": 3969.5, "fit_residual_px": 0.534, "heldout_residual_px": 0.5928}}, {"type": "Feature", "geometry": {"type": "Point", "coordinates": [32.42464365, -69.40674619]}, "properties": {"id": 1200, "src_line": 45321.5, "src_sample": 4353.5, "fit_residual_px": 0.1563, "heldout_residual_px": 0.1837}}, {"type": "Feature", "geometry": {"type": "Point", "coordinates": [32.41467449, -69.40649014]}, "properties": {"id": 1201, "src_line": 45321.5, "src_sample": 4737.5, "fit_residual_px": 0.3237, "heldout_residual_px": 0.3202}}, {"type": "Feature", "geometry": {"type": "Point", "coordinates": [32.40470311, -69.40620719]}, "properties": {"id": 1202, "src_line": 45321.5, "src_sample": 5121.5, "fit_residual_px": 0.3256, "heldout_residual_px": 0.3487}}, {"type": "Feature", "geometry": {"type": "Point", "coordinates": [32.39447753, -69.40592323]}, "properties": {"id": 1203, "src_line": 45321.5, "src_sample": 5505.5, "fit_residual_px": 0.1838, "heldout_residual_px": 0.2414}}, {"type": "Feature", "geometry": {"type": "Point", "coordinates": [32.38415705, -69.40562991]}, "properties": {"id": 1204, "src_line": 45321.5, "src_sample": 5889.5, "fit_residual_px": 0.2833, "heldout_residual_px": 0.3162}}, {"type": "Feature", "geometry": {"type": "Point", "coordinates": [32.37400558, -69.40533556]}, "properties": {"id": 1205, "src_line": 45321.5, "src_sample": 6273.5, "fit_residual_px": 0.1442, "heldout_residual_px": 0.1805}}, {"type": "Feature", "geometry": {"type": "Point", "coordinates": [32.36397942, -69.40508]}, "properties": {"id": 1206, "src_line": 45321.5, "src_sample": 6657.5, "fit_residual_px": 0.3817, "heldout_residual_px": 0.3325}}, {"type": "Feature", "geometry": {"type": "Point", "coordinates": [32.34371948, -69.40448933]}, "properties": {"id": 1207, "src_line": 45321.5, "src_sample": 7425.5, "fit_residual_px": 0.6585, "heldout_residual_px": 0.6949}}, {"type": "Feature", "geometry": {"type": "Point", "coordinates": [32.33344214, -69.40420003]}, "properties": {"id": 1208, "src_line": 45321.5, "src_sample": 7809.5, "fit_residual_px": 0.4822, "heldout_residual_px": 0.5086}}, {"type": "Feature", "geometry": {"type": "Point", "coordinates": [32.32313912, -69.40392749]}, "properties": {"id": 1209, "src_line": 45321.5, "src_sample": 8193.5, "fit_residual_px": 0.2923, "heldout_residual_px": 0.3078}}, {"type": "Feature", "geometry": {"type": "Point", "coordinates": [32.31291266, -69.40362917]}, "properties": {"id": 1210, "src_line": 45321.5, "src_sample": 8577.5, "fit_residual_px": 0.0561, "heldout_residual_px": 0.0404}}, {"type": "Feature", "geometry": {"type": "Point", "coordinates": [32.30273293, -69.40334796]}, "properties": {"id": 1211, "src_line": 45321.5, "src_sample": 8961.5, "fit_residual_px": 0.0137, "heldout_residual_px": 0.0185}}, {"type": "Feature", "geometry": {"type": "Point", "coordinates": [32.29239029, -69.40303965]}, "properties": {"id": 1212, "src_line": 45321.5, "src_sample": 9345.5, "fit_residual_px": 0.2012, "heldout_residual_px": 0.1732}}, {"type": "Feature", "geometry": {"type": "Point", "coordinates": [32.28222626, -69.4027635]}, "properties": {"id": 1213, "src_line": 45321.5, "src_sample": 9729.5, "fit_residual_px": 0.0907, "heldout_residual_px": 0.0639}}, {"type": "Feature", "geometry": {"type": "Point", "coordinates": [32.27204311, -69.40248181]}, "properties": {"id": 1214, "src_line": 45321.5, "src_sample": 10113.5, "fit_residual_px": 0.109, "heldout_residual_px": 0.1081}}, {"type": "Feature", "geometry": {"type": "Point", "coordinates": [32.26194571, -69.40222526]}, "properties": {"id": 1215, "src_line": 45321.5, "src_sample": 10497.5, "fit_residual_px": 0.2461, "heldout_residual_px": 0.2849}}, {"type": "Feature", "geometry": {"type": "Point", "coordinates": [32.2516428, -69.40194054]}, "properties": {"id": 1216, "src_line": 45321.5, "src_sample": 10881.5, "fit_residual_px": 0.4988, "heldout_residual_px": 0.5372}}, {"type": "Feature", "geometry": {"type": "Point", "coordinates": [32.24141727, -69.40164665]}, "properties": {"id": 1217, "src_line": 45321.5, "src_sample": 11265.5, "fit_residual_px": 0.2711, "heldout_residual_px": 0.3627}}, {"type": "Feature", "geometry": {"type": "Point", "coordinates": [32.23136395, -69.40138834]}, "properties": {"id": 1218, "src_line": 45321.5, "src_sample": 11649.5, "fit_residual_px": 0.4246, "heldout_residual_px": 0.5272}}, {"type": "Feature", "geometry": {"type": "Point", "coordinates": [32.46548559, -69.40443444]}, "properties": {"id": 1219, "src_line": 45705.5, "src_sample": 2817.5, "fit_residual_px": 0.1721, "heldout_residual_px": 0.1377}}, {"type": "Feature", "geometry": {"type": "Point", "coordinates": [32.45530727, -69.40415345]}, "properties": {"id": 1220, "src_line": 45705.5, "src_sample": 3201.5, "fit_residual_px": 0.107, "heldout_residual_px": 0.1464}}, {"type": "Feature", "geometry": {"type": "Point", "coordinates": [32.44518316, -69.40386771]}, "properties": {"id": 1221, "src_line": 45705.5, "src_sample": 3585.5, "fit_residual_px": 0.3229, "heldout_residual_px": 0.3483}}, {"type": "Feature", "geometry": {"type": "Point", "coordinates": [32.43516242, -69.40358853]}, "properties": {"id": 1222, "src_line": 45705.5, "src_sample": 3969.5, "fit_residual_px": 0.3501, "heldout_residual_px": 0.3539}}, {"type": "Feature", "geometry": {"type": "Point", "coordinates": [32.42523273, -69.40334797]}, "properties": {"id": 1223, "src_line": 45705.5, "src_sample": 4353.5, "fit_residual_px": 0.3301, "heldout_residual_px": 0.3687}}, {"type": "Feature", "geometry": {"type": "Point", "coordinates": [32.41529753, -69.40307514]}, "properties": {"id": 1224, "src_line": 45705.5, "src_sample": 4737.5, "fit_residual_px": 0.1403, "heldout_residual_px": 0.1621}}, {"type": "Feature", "geometry": {"type": "Point", "coordinates": [32.4052576, -69.40279452]}, "properties": {"id": 1225, "src_line": 45705.5, "src_sample": 5121.5, "fit_residual_px": 0.3195, "heldout_residual_px": 0.2777}}, {"type": "Feature", "geometry": {"type": "Point", "coordinates": [32.39502587, -69.40250964]}, "properties": {"id": 1226, "src_line": 45705.5, "src_sample": 5505.5, "fit_residual_px": 0.101, "heldout_residual_px": 0.1295}}, {"type": "Feature", "geometry": {"type": "Point", "coordinates": [32.38471147, -69.4022178]}, "properties": {"id": 1227, "src_line": 45705.5, "src_sample": 5889.5, "fit_residual_px": 0.438, "heldout_residual_px": 0.4896}}, {"type": "Feature", "geometry": {"type": "Point", "coordinates": [32.37454774, -69.40193466]}, "properties": {"id": 1228, "src_line": 45705.5, "src_sample": 6273.5, "fit_residual_px": 0.3453, "heldout_residual_px": 0.381}}, {"type": "Feature", "geometry": {"type": "Point", "coordinates": [32.36452993, -69.40166847]}, "properties": {"id": 1229, "src_line": 45705.5, "src_sample": 6657.5, "fit_residual_px": 0.4068, "heldout_residual_px": 0.4423}}, {"type": "Feature", "geometry": {"type": "Point", "coordinates": [32.35438717, -69.40138801]}, "properties": {"id": 1230, "src_line": 45705.5, "src_sample": 7041.5, "fit_residual_px": 0.3406, "heldout_residual_px": 0.3678}}, {"type": "Feature", "geometry": {"type": "Point", "coordinates": [32.34421614, -69.40110148]}, "properties": {"id": 1231, "src_line": 45705.5, "src_sample": 7425.5, "fit_residual_px": 0.322, "heldout_residual_px": 0.3491}}, {"type": "Feature", "geometry": {"type": "Point", "coordinates": [32.33400554, -69.40078682]}, "properties": {"id": 1232, "src_line": 45705.5, "src_sample": 7809.5, "fit_residual_px": 0.5227, "heldout_residual_px": 0.5234}}, {"type": "Feature", "geometry": {"type": "Point", "coordinates": [32.32370104, -69.40050987]}, "properties": {"id": 1233, "src_line": 45705.5, "src_sample": 8193.5, "fit_residual_px": 0.275, "heldout_residual_px": 0.2672}}, {"type": "Feature", "geometry": {"type": "Point", "coordinates": [32.31356379, -69.40021938]}, "properties": {"id": 1234, "src_line": 45705.5, "src_sample": 8577.5, "fit_residual_px": 0.2131, "heldout_residual_px": 0.2036}}, {"type": "Feature", "geometry": {"type": "Point", "coordinates": [32.3033182, -69.39994183]}, "properties": {"id": 1235, "src_line": 45705.5, "src_sample": 8961.5, "fit_residual_px": 0.1501, "heldout_residual_px": 0.1569}}, {"type": "Feature", "geometry": {"type": "Point", "coordinates": [32.29307957, -69.39963688]}, "properties": {"id": 1236, "src_line": 45705.5, "src_sample": 9345.5, "fit_residual_px": 0.3278, "heldout_residual_px": 0.3241}}, {"type": "Feature", "geometry": {"type": "Point", "coordinates": [32.28290054, -69.39935786]}, "properties": {"id": 1237, "src_line": 45705.5, "src_sample": 9729.5, "fit_residual_px": 0.3185, "heldout_residual_px": 0.315}}, {"type": "Feature", "geometry": {"type": "Point", "coordinates": [32.27268886, -69.39908855]}, "properties": {"id": 1238, "src_line": 45705.5, "src_sample": 10113.5, "fit_residual_px": 0.23, "heldout_residual_px": 0.2084}}, {"type": "Feature", "geometry": {"type": "Point", "coordinates": [32.26256699, -69.3988086]}, "properties": {"id": 1239, "src_line": 45705.5, "src_sample": 10497.5, "fit_residual_px": 0.0345, "heldout_residual_px": 0.0425}}, {"type": "Feature", "geometry": {"type": "Point", "coordinates": [32.25230377, -69.39852951]}, "properties": {"id": 1240, "src_line": 45705.5, "src_sample": 10881.5, "fit_residual_px": 0.2519, "heldout_residual_px": 0.2332}}, {"type": "Feature", "geometry": {"type": "Point", "coordinates": [32.24208195, -69.39823956]}, "properties": {"id": 1241, "src_line": 45705.5, "src_sample": 11265.5, "fit_residual_px": 0.205, "heldout_residual_px": 0.2427}}, {"type": "Feature", "geometry": {"type": "Point", "coordinates": [32.23183852, -69.39796766]}, "properties": {"id": 1242, "src_line": 45705.5, "src_sample": 11649.5, "fit_residual_px": 0.5064, "heldout_residual_px": 0.4521}}, {"type": "Feature", "geometry": {"type": "Point", "coordinates": [32.46600377, -69.40103768]}, "properties": {"id": 1243, "src_line": 46089.5, "src_sample": 2817.5, "fit_residual_px": 0.3766, "heldout_residual_px": 0.411}}, {"type": "Feature", "geometry": {"type": "Point", "coordinates": [32.45591135, -69.4007411]}, "properties": {"id": 1244, "src_line": 46089.5, "src_sample": 3201.5, "fit_residual_px": 0.2004, "heldout_residual_px": 0.1692}}, {"type": "Feature", "geometry": {"type": "Point", "coordinates": [32.44581087, -69.40046347]}, "properties": {"id": 1245, "src_line": 46089.5, "src_sample": 3585.5, "fit_residual_px": 0.1438, "heldout_residual_px": 0.1099}}, {"type": "Feature", "geometry": {"type": "Point", "coordinates": [32.43580475, -69.40019313]}, "properties": {"id": 1246, "src_line": 46089.5, "src_sample": 3969.5, "fit_residual_px": 0.1095, "heldout_residual_px": 0.0808}}, {"type": "Feature", "geometry": {"type": "Point", "coordinates": [32.42579421, -69.39991856]}, "properties": {"id": 1247, "src_line": 46089.5, "src_sample": 4353.5, "fit_residual_px": 0.2642, "heldout_residual_px": 0.2377}}, {"type": "Feature", "geometry": {"type": "Point", "coordinates": [32.41580217, -69.39967231]}, "properties": {"id": 1248, "src_line": 46089.5, "src_sample": 4737.5, "fit_residual_px": 0.3103, "heldout_residual_px": 0.3581}}, {"type": "Feature", "geometry": {"type": "Point", "coordinates": [32.40570907, -69.39938249]}, "properties": {"id": 1249, "src_line": 46089.5, "src_sample": 5121.5, "fit_residual_px": 0.0781, "heldout_residual_px": 0.1079}}, {"type": "Feature", "geometry": {"type": "Point", "coordinates": [32.39548252, -69.39909758]}, "properties": {"id": 1250, "src_line": 46089.5, "src_sample": 5505.5, "fit_residual_px": 0.2499, "heldout_residual_px": 0.2669}}, {"type": "Feature", "geometry": {"type": "Point", "coordinates": [32.38525576, -69.39881125]}, "properties": {"id": 1251, "src_line": 46089.5, "src_sample": 5889.5, "fit_residual_px": 0.5411, "heldout_residual_px": 0.598}}, {"type": "Feature", "geometry": {"type": "Point", "coordinates": [32.37507941, -69.39852219]}, "properties": {"id": 1252, "src_line": 46089.5, "src_sample": 6273.5, "fit_residual_px": 0.3456, "heldout_residual_px": 0.3848}}, {"type": "Feature", "geometry": {"type": "Point", "coordinates": [32.36502563, -69.39824298]}, "properties": {"id": 1253, "src_line": 46089.5, "src_sample": 6657.5, "fit_residual_px": 0.1647, "heldout_residual_px": 0.2065}}, {"type": "Feature", "geometry": {"type": "Point", "coordinates": [32.35490385, -69.397966]}, "properties": {"id": 1254, "src_line": 46089.5, "src_sample": 7041.5, "fit_residual_px": 0.2143, "heldout_residual_px": 0.2544}}, {"type": "Feature", "geometry": {"type": "Point", "coordinates": [32.34472903, -69.39768033]}, "properties": {"id": 1255, "src_line": 46089.5, "src_sample": 7425.5, "fit_residual_px": 0.1764, "heldout_residual_px": 0.2112}}, {"type": "Feature", "geometry": {"type": "Point", "coordinates": [32.33449821, -69.3973895]}, "properties": {"id": 1256, "src_line": 46089.5, "src_sample": 7809.5, "fit_residual_px": 0.3159, "heldout_residual_px": 0.3055}}, {"type": "Feature", "geometry": {"type": "Point", "coordinates": [32.324306, -69.39709831]}, "properties": {"id": 1257, "src_line": 46089.5, "src_sample": 8193.5, "fit_residual_px": 0.1608, "heldout_residual_px": 0.142}}, {"type": "Feature", "geometry": {"type": "Point", "coordinates": [32.31410487, -69.39680629]}, "properties": {"id": 1258, "src_line": 46089.5, "src_sample": 8577.5, "fit_residual_px": 0.3932, "heldout_residual_px": 0.3951}}, {"type": "Feature", "geometry": {"type": "Point", "coordinates": [32.30390404, -69.396514]}, "properties": {"id": 1259, "src_line": 46089.5, "src_sample": 8961.5, "fit_residual_px": 0.424, "heldout_residual_px": 0.4184}}, {"type": "Feature", "geometry": {"type": "Point", "coordinates": [32.293672, -69.39624191]}, "properties": {"id": 1260, "src_line": 46089.5, "src_sample": 9345.5, "fit_residual_px": 0.2537, "heldout_residual_px": 0.2577}}, {"type": "Feature", "geometry": {"type": "Point", "coordinates": [32.28346495, -69.39596845]}, "properties": {"id": 1261, "src_line": 46089.5, "src_sample": 9729.5, "fit_residual_px": 0.3465, "heldout_residual_px": 0.3363}}, {"type": "Feature", "geometry": {"type": "Point", "coordinates": [32.27329833, -69.39569689]}, "properties": {"id": 1262, "src_line": 46089.5, "src_sample": 10113.5, "fit_residual_px": 0.499, "heldout_residual_px": 0.489}}, {"type": "Feature", "geometry": {"type": "Point", "coordinates": [32.26306796, -69.39538458]}, "properties": {"id": 1263, "src_line": 46089.5, "src_sample": 10497.5, "fit_residual_px": 0.5289, "heldout_residual_px": 0.5633}}, {"type": "Feature", "geometry": {"type": "Point", "coordinates": [32.25270449, -69.39507344]}, "properties": {"id": 1264, "src_line": 46089.5, "src_sample": 10881.5, "fit_residual_px": 0.4973, "heldout_residual_px": 0.5343}}, {"type": "Feature", "geometry": {"type": "Point", "coordinates": [32.24227296, -69.39477901]}, "properties": {"id": 1265, "src_line": 46089.5, "src_sample": 11265.5, "fit_residual_px": 0.1942, "heldout_residual_px": 0.2512}}, {"type": "Feature", "geometry": {"type": "Point", "coordinates": [32.23216615, -69.39451135]}, "properties": {"id": 1266, "src_line": 46089.5, "src_sample": 11649.5, "fit_residual_px": 0.2746, "heldout_residual_px": 0.2057}}, {"type": "Feature", "geometry": {"type": "Point", "coordinates": [32.46665186, -69.39764216]}, "properties": {"id": 1267, "src_line": 46473.5, "src_sample": 2817.5, "fit_residual_px": 0.2396, "heldout_residual_px": 0.279}}, {"type": "Feature", "geometry": {"type": "Point", "coordinates": [32.45655664, -69.3973424]}, "properties": {"id": 1268, "src_line": 46473.5, "src_sample": 3201.5, "fit_residual_px": 0.3651, "heldout_residual_px": 0.3261}}, {"type": "Feature", "geometry": {"type": "Point", "coordinates": [32.44647874, -69.39707104]}, "properties": {"id": 1269, "src_line": 46473.5, "src_sample": 3585.5, "fit_residual_px": 0.2561, "heldout_residual_px": 0.2327}}, {"type": "Feature", "geometry": {"type": "Point", "coordinates": [32.43646821, -69.39680033]}, "properties": {"id": 1270, "src_line": 46473.5, "src_sample": 3969.5, "fit_residual_px": 0.1166, "heldout_residual_px": 0.0702}}, {"type": "Feature", "geometry": {"type": "Point", "coordinates": [32.4264594, -69.39652808]}, "properties": {"id": 1271, "src_line": 46473.5, "src_sample": 4353.5, "fit_residual_px": 0.1904, "heldout_residual_px": 0.1382}}, {"type": "Feature", "geometry": {"type": "Point", "coordinates": [32.41643006, -69.39624578]}, "properties": {"id": 1272, "src_line": 46473.5, "src_sample": 4737.5, "fit_residual_px": 0.4766, "heldout_residual_px": 0.429}}, {"type": "Feature", "geometry": {"type": "Point", "coordinates": [32.4062826, -69.39596092]}, "properties": {"id": 1273, "src_line": 46473.5, "src_sample": 5121.5, "fit_residual_px": 0.4748, "heldout_residual_px": 0.4266}}, {"type": "Feature", "geometry": {"type": "Point", "coordinates": [32.3960076, -69.39568323]}, "properties": {"id": 1274, "src_line": 46473.5, "src_sample": 5505.5, "fit_residual_px": 0.1556, "heldout_residual_px": 0.1811}}, {"type": "Feature", "geometry": {"type": "Point", "coordinates": [32.38577119, -69.3953925]}, "properties": {"id": 1275, "src_line": 46473.5, "src_sample": 5889.5, "fit_residual_px": 0.5291, "heldout_residual_px": 0.5828}}, {"type": "Feature", "geometry": {"type": "Point", "coordinates": [32.37568489, -69.39510647]}, "properties": {"id": 1276, "src_line": 46473.5, "src_sample": 6273.5, "fit_residual_px": 0.163, "heldout_residual_px": 0.1907}}, {"type": "Feature", "geometry": {"type": "Point", "coordinates": [32.36556347, -69.39483119]}, "properties": {"id": 1277, "src_line": 46473.5, "src_sample": 6657.5, "fit_residual_px": 0.102, "heldout_residual_px": 0.1469}}, {"type": "Feature", "geometry": {"type": "Point", "coordinates": [32.35553583, -69.39454527]}, "properties": {"id": 1278, "src_line": 46473.5, "src_sample": 7041.5, "fit_residual_px": 0.5505, "heldout_residual_px": 0.5089}}, {"type": "Feature", "geometry": {"type": "Point", "coordinates": [32.34523539, -69.39426178]}, "properties": {"id": 1279, "src_line": 46473.5, "src_sample": 7425.5, "fit_residual_px": 0.1351, "heldout_residual_px": 0.165}}, {"type": "Feature", "geometry": {"type": "Point", "coordinates": [32.33499979, -69.3939639]}, "properties": {"id": 1280, "src_line": 46473.5, "src_sample": 7809.5, "fit_residual_px": 0.1785, "heldout_residual_px": 0.1717}}, {"type": "Feature", "geometry": {"type": "Point", "coordinates": [32.32478216, -69.39368629]}, "properties": {"id": 1281, "src_line": 46473.5, "src_sample": 8193.5, "fit_residual_px": 0.1219, "heldout_residual_px": 0.136}}, {"type": "Feature", "geometry": {"type": "Point", "coordinates": [32.31454869, -69.3933852]}, "properties": {"id": 1282, "src_line": 46473.5, "src_sample": 8577.5, "fit_residual_px": 0.1821, "heldout_residual_px": 0.173}}, {"type": "Feature", "geometry": {"type": "Point", "coordinates": [32.3044274, -69.39312076]}, "properties": {"id": 1283, "src_line": 46473.5, "src_sample": 8961.5, "fit_residual_px": 0.1761, "heldout_residual_px": 0.1776}}, {"type": "Feature", "geometry": {"type": "Point", "coordinates": [32.29426861, -69.39282025]}, "properties": {"id": 1284, "src_line": 46473.5, "src_sample": 9345.5, "fit_residual_px": 0.4669, "heldout_residual_px": 0.468}}, {"type": "Feature", "geometry": {"type": "Point", "coordinates": [32.28411088, -69.39254614]}, "properties": {"id": 1285, "src_line": 46473.5, "src_sample": 9729.5, "fit_residual_px": 0.4442, "heldout_residual_px": 0.4555}}, {"type": "Feature", "geometry": {"type": "Point", "coordinates": [32.2738728, -69.39224091]}, "properties": {"id": 1286, "src_line": 46473.5, "src_sample": 10113.5, "fit_residual_px": 0.8765, "heldout_residual_px": 0.9068}}, {"type": "Feature", "geometry": {"type": "Point", "coordinates": [32.26348397, -69.39197227]}, "properties": {"id": 1287, "src_line": 46473.5, "src_sample": 10497.5, "fit_residual_px": 0.285, "heldout_residual_px": 0.2501}}, {"type": "Feature", "geometry": {"type": "Point", "coordinates": [32.25282983, -69.39161772]}, "properties": {"id": 1288, "src_line": 46473.5, "src_sample": 10881.5, "fit_residual_px": 0.2554, "heldout_residual_px": 0.2844}}, {"type": "Feature", "geometry": {"type": "Point", "coordinates": [32.46721319, -69.39423615]}, "properties": {"id": 1289, "src_line": 46857.5, "src_sample": 2817.5, "fit_residual_px": 0.3671, "heldout_residual_px": 0.4148}}, {"type": "Feature", "geometry": {"type": "Point", "coordinates": [32.45716739, -69.39394869]}, "properties": {"id": 1290, "src_line": 46857.5, "src_sample": 3201.5, "fit_residual_px": 0.1442, "heldout_residual_px": 0.1658}}, {"type": "Feature", "geometry": {"type": "Point", "coordinates": [32.44708605, -69.39367232]}, "properties": {"id": 1291, "src_line": 46857.5, "src_sample": 3585.5, "fit_residual_px": 0.3193, "heldout_residual_px": 0.3531}}, {"type": "Feature", "geometry": {"type": "Point", "coordinates": [32.43690168, -69.39337562]}, "properties": {"id": 1292, "src_line": 46857.5, "src_sample": 3969.5, "fit_residual_px": 0.0527, "heldout_residual_px": 0.0453}}, {"type": "Feature", "geometry": {"type": "Point", "coordinates": [32.42690402, -69.3931053]}, "properties": {"id": 1293, "src_line": 46857.5, "src_sample": 4353.5, "fit_residual_px": 0.2578, "heldout_residual_px": 0.2214}}, {"type": "Feature", "geometry": {"type": "Point", "coordinates": [32.41695528, -69.39284843]}, "properties": {"id": 1294, "src_line": 46857.5, "src_sample": 4737.5, "fit_residual_px": 0.12, "heldout_residual_px": 0.1686}}, {"type": "Feature", "geometry": {"type": "Point", "coordinates": [32.40676706, -69.39255611]}, "properties": {"id": 1295, "src_line": 46857.5, "src_sample": 5121.5, "fit_residual_px": 0.0486, "heldout_residual_px": 0.0865}}, {"type": "Feature", "geometry": {"type": "Point", "coordinates": [32.3965469, -69.39226641]}, "properties": {"id": 1296, "src_line": 46857.5, "src_sample": 5505.5, "fit_residual_px": 0.1142, "heldout_residual_px": 0.1397}}, {"type": "Feature", "geometry": {"type": "Point", "coordinates": [32.38631074, -69.39198203]}, "properties": {"id": 1297, "src_line": 46857.5, "src_sample": 5889.5, "fit_residual_px": 0.3739, "heldout_residual_px": 0.4194}}, {"type": "Feature", "geometry": {"type": "Point", "coordinates": [32.37615293, -69.39168681]}, "properties": {"id": 1298, "src_line": 46857.5, "src_sample": 6273.5, "fit_residual_px": 0.2752, "heldout_residual_px": 0.3204}}, {"type": "Feature", "geometry": {"type": "Point", "coordinates": [32.36613963, -69.39142787]}, "properties": {"id": 1299, "src_line": 46857.5, "src_sample": 6657.5, "fit_residual_px": 0.294, "heldout_residual_px": 0.3361}}, {"type": "Feature", "geometry": {"type": "Point", "coordinates": [32.35603946, -69.39113661]}, "properties": {"id": 1300, "src_line": 46857.5, "src_sample": 7041.5, "fit_residual_px": 0.1602, "heldout_residual_px": 0.1646}}, {"type": "Feature", "geometry": {"type": "Point", "coordinates": [32.34584076, -69.39084713]}, "properties": {"id": 1301, "src_line": 46857.5, "src_sample": 7425.5, "fit_residual_px": 0.4085, "heldout_residual_px": 0.3753}}, {"type": "Feature", "geometry": {"type": "Point", "coordinates": [32.33553577, -69.39054448]}, "properties": {"id": 1302, "src_line": 46857.5, "src_sample": 7809.5, "fit_residual_px": 0.2982, "heldout_residual_px": 0.2675}}, {"type": "Feature", "geometry": {"type": "Point", "coordinates": [32.3252038, -69.3902594]}, "properties": {"id": 1303, "src_line": 46857.5, "src_sample": 8193.5, "fit_residual_px": 0.4078, "heldout_residual_px": 0.403}}, {"type": "Feature", "geometry": {"type": "Point", "coordinates": [32.31489349, -69.38995764]}, "properties": {"id": 1304, "src_line": 46857.5, "src_sample": 8577.5, "fit_residual_px": 0.1881, "heldout_residual_px": 0.2054}}, {"type": "Feature", "geometry": {"type": "Point", "coordinates": [32.30487706, -69.3896941]}, "properties": {"id": 1305, "src_line": 46857.5, "src_sample": 8961.5, "fit_residual_px": 0.1377, "heldout_residual_px": 0.1442}}, {"type": "Feature", "geometry": {"type": "Point", "coordinates": [32.29475144, -69.38942457]}, "properties": {"id": 1306, "src_line": 46857.5, "src_sample": 9345.5, "fit_residual_px": 0.4573, "heldout_residual_px": 0.4491}}, {"type": "Feature", "geometry": {"type": "Point", "coordinates": [32.28457568, -69.38912871]}, "properties": {"id": 1307, "src_line": 46857.5, "src_sample": 9729.5, "fit_residual_px": 0.1648, "heldout_residual_px": 0.1804}}, {"type": "Feature", "geometry": {"type": "Point", "coordinates": [32.26404703, -69.38854214]}, "properties": {"id": 1308, "src_line": 46857.5, "src_sample": 10497.5, "fit_residual_px": 0.2586, "heldout_residual_px": 0.2927}}, {"type": "Feature", "geometry": {"type": "Point", "coordinates": [32.25344736, -69.38823364]}, "properties": {"id": 1309, "src_line": 46857.5, "src_sample": 10881.5, "fit_residual_px": 0.3644, "heldout_residual_px": 0.3434}}, {"type": "Feature", "geometry": {"type": "Point", "coordinates": [32.46773811, -69.39081614]}, "properties": {"id": 1310, "src_line": 47241.5, "src_sample": 2817.5, "fit_residual_px": 0.2813, "heldout_residual_px": 0.3236}}, {"type": "Feature", "geometry": {"type": "Point", "coordinates": [32.45772585, -69.39054138]}, "properties": {"id": 1311, "src_line": 47241.5, "src_sample": 3201.5, "fit_residual_px": 0.1427, "heldout_residual_px": 0.1925}}, {"type": "Feature", "geometry": {"type": "Point", "coordinates": [32.44769544, -69.39025698]}, "properties": {"id": 1312, "src_line": 47241.5, "src_sample": 3585.5, "fit_residual_px": 0.2052, "heldout_residual_px": 0.1849}}, {"type": "Feature", "geometry": {"type": "Point", "coordinates": [32.43754423, -69.38997309]}, "properties": {"id": 1313, "src_line": 47241.5, "src_sample": 3969.5, "fit_residual_px": 0.2344, "heldout_residual_px": 0.2219}}, {"type": "Feature", "geometry": {"type": "Point", "coordinates": [32.42741019, -69.38968066]}, "properties": {"id": 1314, "src_line": 47241.5, "src_sample": 4353.5, "fit_residual_px": 0.269, "heldout_residual_px": 0.2385}}, {"type": "Feature", "geometry": {"type": "Point", "coordinates": [32.41743234, -69.38944065]}, "properties": {"id": 1315, "src_line": 47241.5, "src_sample": 4737.5, "fit_residual_px": 0.4744, "heldout_residual_px": 0.5275}}, {"type": "Feature", "geometry": {"type": "Point", "coordinates": [32.40731495, -69.38914195]}, "properties": {"id": 1316, "src_line": 47241.5, "src_sample": 5121.5, "fit_residual_px": 0.0094, "heldout_residual_px": 0.0452}}, {"type": "Feature", "geometry": {"type": "Point", "coordinates": [32.39707085, -69.38884748]}, "properties": {"id": 1317, "src_line": 47241.5, "src_sample": 5505.5, "fit_residual_px": 0.0804, "heldout_residual_px": 0.1009}}, {"type": "Feature", "geometry": {"type": "Point", "coordinates": [32.38683599, -69.38855819]}, "properties": {"id": 1318, "src_line": 47241.5, "src_sample": 5889.5, "fit_residual_px": 0.2435, "heldout_residual_px": 0.2952}}, {"type": "Feature", "geometry": {"type": "Point", "coordinates": [32.37677449, -69.38828011]}, "properties": {"id": 1319, "src_line": 47241.5, "src_sample": 6273.5, "fit_residual_px": 0.1716, "heldout_residual_px": 0.2168}}, {"type": "Feature", "geometry": {"type": "Point", "coordinates": [32.3666979, -69.38801531]}, "properties": {"id": 1320, "src_line": 47241.5, "src_sample": 6657.5, "fit_residual_px": 0.3106, "heldout_residual_px": 0.3424}}, {"type": "Feature", "geometry": {"type": "Point", "coordinates": [32.35653575, -69.38773191]}, "properties": {"id": 1321, "src_line": 47241.5, "src_sample": 7041.5, "fit_residual_px": 0.3273, "heldout_residual_px": 0.3626}}, {"type": "Feature", "geometry": {"type": "Point", "coordinates": [32.34635624, -69.38743965]}, "properties": {"id": 1322, "src_line": 47241.5, "src_sample": 7425.5, "fit_residual_px": 0.1689, "heldout_residual_px": 0.2095}}, {"type": "Feature", "geometry": {"type": "Point", "coordinates": [32.3361075, -69.38713617]}, "properties": {"id": 1323, "src_line": 47241.5, "src_sample": 7809.5, "fit_residual_px": 0.1437, "heldout_residual_px": 0.1153}}, {"type": "Feature", "geometry": {"type": "Point", "coordinates": [32.32580105, -69.3868335]}, "properties": {"id": 1324, "src_line": 47241.5, "src_sample": 8193.5, "fit_residual_px": 0.2853, "heldout_residual_px": 0.2877}}, {"type": "Feature", "geometry": {"type": "Point", "coordinates": [32.31553251, -69.38654285]}, "properties": {"id": 1325, "src_line": 47241.5, "src_sample": 8577.5, "fit_residual_px": 0.2535, "heldout_residual_px": 0.2597}}, {"type": "Feature", "geometry": {"type": "Point", "coordinates": [32.30542998, -69.38628232]}, "properties": {"id": 1326, "src_line": 47241.5, "src_sample": 8961.5, "fit_residual_px": 0.2306, "heldout_residual_px": 0.2371}}, {"type": "Feature", "geometry": {"type": "Point", "coordinates": [32.29530557, -69.38600811]}, "properties": {"id": 1327, "src_line": 47241.5, "src_sample": 9345.5, "fit_residual_px": 0.3378, "heldout_residual_px": 0.334}}, {"type": "Feature", "geometry": {"type": "Point", "coordinates": [32.28509862, -69.38569615]}, "properties": {"id": 1328, "src_line": 47241.5, "src_sample": 9729.5, "fit_residual_px": 0.5252, "heldout_residual_px": 0.5353}}, {"type": "Feature", "geometry": {"type": "Point", "coordinates": [32.27477722, -69.38540298]}, "properties": {"id": 1329, "src_line": 47241.5, "src_sample": 10113.5, "fit_residual_px": 0.3334, "heldout_residual_px": 0.3508}}, {"type": "Feature", "geometry": {"type": "Point", "coordinates": [32.26450341, -69.38511684]}, "properties": {"id": 1330, "src_line": 47241.5, "src_sample": 10497.5, "fit_residual_px": 0.3253, "heldout_residual_px": 0.361}}, {"type": "Feature", "geometry": {"type": "Point", "coordinates": [32.25440864, -69.38486073]}, "properties": {"id": 1331, "src_line": 47241.5, "src_sample": 10881.5, "fit_residual_px": 0.1851, "heldout_residual_px": 0.1903}}, {"type": "Feature", "geometry": {"type": "Point", "coordinates": [32.4682223, -69.38739246]}, "properties": {"id": 1332, "src_line": 47625.5, "src_sample": 2817.5, "fit_residual_px": 0.0988, "heldout_residual_px": 0.0748}}, {"type": "Feature", "geometry": {"type": "Point", "coordinates": [32.45825134, -69.38712647]}, "properties": {"id": 1333, "src_line": 47625.5, "src_sample": 3201.5, "fit_residual_px": 0.1828, "heldout_residual_px": 0.1388}}, {"type": "Feature", "geometry": {"type": "Point", "coordinates": [32.44822455, -69.38684171]}, "properties": {"id": 1334, "src_line": 47625.5, "src_sample": 3585.5, "fit_residual_px": 0.2013, "heldout_residual_px": 0.2848}}, {"type": "Feature", "geometry": {"type": "Point", "coordinates": [32.438122, -69.3865623]}, "properties": {"id": 1335, "src_line": 47625.5, "src_sample": 3969.5, "fit_residual_px": 0.2286, "heldout_residual_px": 0.2767}}, {"type": "Feature", "geometry": {"type": "Point", "coordinates": [32.42794729, -69.38628922]}, "properties": {"id": 1336, "src_line": 47625.5, "src_sample": 4353.5, "fit_residual_px": 0.3689, "heldout_residual_px": 0.3184}}, {"type": "Feature", "geometry": {"type": "Point", "coordinates": [32.41790668, -69.38598952]}, "properties": {"id": 1337, "src_line": 47625.5, "src_sample": 4737.5, "fit_residual_px": 0.3591, "heldout_residual_px": 0.4001}}, {"type": "Feature", "geometry": {"type": "Point", "coordinates": [32.40782612, -69.38571971]}, "properties": {"id": 1338, "src_line": 47625.5, "src_sample": 5121.5, "fit_residual_px": 0.4311, "heldout_residual_px": 0.4397}}, {"type": "Feature", "geometry": {"type": "Point", "coordinates": [32.39760412, -69.38542954]}, "properties": {"id": 1339, "src_line": 47625.5, "src_sample": 5505.5, "fit_residual_px": 0.1675, "heldout_residual_px": 0.1805}}, {"type": "Feature", "geometry": {"type": "Point", "coordinates": [32.38741796, -69.38515499]}, "properties": {"id": 1340, "src_line": 47625.5, "src_sample": 5889.5, "fit_residual_px": 0.3523, "heldout_residual_px": 0.3416}}, {"type": "Feature", "geometry": {"type": "Point", "coordinates": [32.37731858, -69.38486571]}, "properties": {"id": 1341, "src_line": 47625.5, "src_sample": 6273.5, "fit_residual_px": 0.1174, "heldout_residual_px": 0.1193}}, {"type": "Feature", "geometry": {"type": "Point", "coordinates": [32.36722954, -69.38460127]}, "properties": {"id": 1342, "src_line": 47625.5, "src_sample": 6657.5, "fit_residual_px": 0.3304, "heldout_residual_px": 0.3314}}, {"type": "Feature", "geometry": {"type": "Point", "coordinates": [32.35706023, -69.38431204]}, "properties": {"id": 1343, "src_line": 47625.5, "src_sample": 7041.5, "fit_residual_px": 0.2202, "heldout_residual_px": 0.2253}}, {"type": "Feature", "geometry": {"type": "Point", "coordinates": [32.34688207, -69.38401948]}, "properties": {"id": 1344, "src_line": 47625.5, "src_sample": 7425.5, "fit_residual_px": 0.1846, "heldout_residual_px": 0.1894}}, {"type": "Feature", "geometry": {"type": "Point", "coordinates": [32.33663876, -69.38373454]}, "properties": {"id": 1345, "src_line": 47625.5, "src_sample": 7809.5, "fit_residual_px": 0.4305, "heldout_residual_px": 0.444}}, {"type": "Feature", "geometry": {"type": "Point", "coordinates": [32.32640724, -69.3834384]}, "properties": {"id": 1346, "src_line": 47625.5, "src_sample": 8193.5, "fit_residual_px": 0.1116, "heldout_residual_px": 0.1202}}, {"type": "Feature", "geometry": {"type": "Point", "coordinates": [32.31621182, -69.38314621]}, "properties": {"id": 1347, "src_line": 47625.5, "src_sample": 8577.5, "fit_residual_px": 0.3232, "heldout_residual_px": 0.3216}}, {"type": "Feature", "geometry": {"type": "Point", "coordinates": [32.3060577, -69.38286998]}, "properties": {"id": 1348, "src_line": 47625.5, "src_sample": 8961.5, "fit_residual_px": 0.2963, "heldout_residual_px": 0.2986}}, {"type": "Feature", "geometry": {"type": "Point", "coordinates": [32.29594854, -69.38257824]}, "properties": {"id": 1349, "src_line": 47625.5, "src_sample": 9345.5, "fit_residual_px": 0.6036, "heldout_residual_px": 0.6058}}, {"type": "Feature", "geometry": {"type": "Point", "coordinates": [32.28557213, -69.38230631]}, "properties": {"id": 1350, "src_line": 47625.5, "src_sample": 9729.5, "fit_residual_px": 0.5324, "heldout_residual_px": 0.5264}}, {"type": "Feature", "geometry": {"type": "Point", "coordinates": [32.27510013, -69.38197105]}, "properties": {"id": 1351, "src_line": 47625.5, "src_sample": 10113.5, "fit_residual_px": 0.6446, "heldout_residual_px": 0.6761}}, {"type": "Feature", "geometry": {"type": "Point", "coordinates": [32.26496866, -69.38170046]}, "properties": {"id": 1352, "src_line": 47625.5, "src_sample": 10497.5, "fit_residual_px": 0.415, "heldout_residual_px": 0.3879}}, {"type": "Feature", "geometry": {"type": "Point", "coordinates": [32.25497932, -69.38144991]}, "properties": {"id": 1353, "src_line": 47625.5, "src_sample": 10881.5, "fit_residual_px": 0.1691, "heldout_residual_px": 0.1332}}, {"type": "Feature", "geometry": {"type": "Point", "coordinates": [32.244849, -69.38116523]}, "properties": {"id": 1354, "src_line": 47625.5, "src_sample": 11265.5, "fit_residual_px": 0.3907, "heldout_residual_px": 0.4197}}, {"type": "Feature", "geometry": {"type": "Point", "coordinates": [32.23457344, -69.38088505]}, "properties": {"id": 1355, "src_line": 47625.5, "src_sample": 11649.5, "fit_residual_px": 0.1364, "heldout_residual_px": 0.1095}}, {"type": "Feature", "geometry": {"type": "Point", "coordinates": [32.46853463, -69.38394347]}, "properties": {"id": 1356, "src_line": 48009.5, "src_sample": 2817.5, "fit_residual_px": 0.3391, "heldout_residual_px": 0.4025}}, {"type": "Feature", "geometry": {"type": "Point", "coordinates": [32.45874487, -69.38370362]}, "properties": {"id": 1357, "src_line": 48009.5, "src_sample": 3201.5, "fit_residual_px": 0.0898, "heldout_residual_px": 0.1701}}, {"type": "Feature", "geometry": {"type": "Point", "coordinates": [32.44875862, -69.3834294]}, "properties": {"id": 1358, "src_line": 48009.5, "src_sample": 3585.5, "fit_residual_px": 0.1923, "heldout_residual_px": 0.2805}}, {"type": "Feature", "geometry": {"type": "Point", "coordinates": [32.43860936, -69.38314472]}, "properties": {"id": 1359, "src_line": 48009.5, "src_sample": 3969.5, "fit_residual_px": 0.2701, "heldout_residual_px": 0.3033}}, {"type": "Feature", "geometry": {"type": "Point", "coordinates": [32.42824806, -69.38283435]}, "properties": {"id": 1360, "src_line": 48009.5, "src_sample": 4353.5, "fit_residual_px": 0.3117, "heldout_residual_px": 0.3204}}, {"type": "Feature", "geometry": {"type": "Point", "coordinates": [32.41809013, -69.38254474]}, "properties": {"id": 1361, "src_line": 48009.5, "src_sample": 4737.5, "fit_residual_px": 0.3329, "heldout_residual_px": 0.3502}}, {"type": "Feature", "geometry": {"type": "Point", "coordinates": [32.40826191, -69.38229182]}, "properties": {"id": 1362, "src_line": 48009.5, "src_sample": 5121.5, "fit_residual_px": 0.2338, "heldout_residual_px": 0.2656}}, {"type": "Feature", "geometry": {"type": "Point", "coordinates": [32.3982157, -69.38201727]}, "properties": {"id": 1363, "src_line": 48009.5, "src_sample": 5505.5, "fit_residual_px": 0.3008, "heldout_residual_px": 0.3243}}, {"type": "Feature", "geometry": {"type": "Point", "coordinates": [32.38802502, -69.38174204]}, "properties": {"id": 1364, "src_line": 48009.5, "src_sample": 5889.5, "fit_residual_px": 0.108, "heldout_residual_px": 0.0943}}, {"type": "Feature", "geometry": {"type": "Point", "coordinates": [32.37785018, -69.38144724]}, "properties": {"id": 1365, "src_line": 48009.5, "src_sample": 6273.5, "fit_residual_px": 0.2487, "heldout_residual_px": 0.2538}}, {"type": "Feature", "geometry": {"type": "Point", "coordinates": [32.3677538, -69.38116445]}, "properties": {"id": 1366, "src_line": 48009.5, "src_sample": 6657.5, "fit_residual_px": 0.3184, "heldout_residual_px": 0.3147}}, {"type": "Feature", "geometry": {"type": "Point", "coordinates": [32.35758857, -69.38089169]}, "properties": {"id": 1367, "src_line": 48009.5, "src_sample": 7041.5, "fit_residual_px": 0.1457, "heldout_residual_px": 0.1508}}, {"type": "Feature", "geometry": {"type": "Point", "coordinates": [32.34735824, -69.38060907]}, "properties": {"id": 1368, "src_line": 48009.5, "src_sample": 7425.5, "fit_residual_px": 0.3987, "heldout_residual_px": 0.4105}}, {"type": "Feature", "geometry": {"type": "Point", "coordinates": [32.33719023, -69.38030548]}, "properties": {"id": 1369, "src_line": 48009.5, "src_sample": 7809.5, "fit_residual_px": 0.2295, "heldout_residual_px": 0.2202}}, {"type": "Feature", "geometry": {"type": "Point", "coordinates": [32.3269806, -69.38002986]}, "properties": {"id": 1370, "src_line": 48009.5, "src_sample": 8193.5, "fit_residual_px": 0.1013, "heldout_residual_px": 0.1107}}, {"type": "Feature", "geometry": {"type": "Point", "coordinates": [32.31676418, -69.37975105]}, "properties": {"id": 1371, "src_line": 48009.5, "src_sample": 8577.5, "fit_residual_px": 0.5054, "heldout_residual_px": 0.5095}}, {"type": "Feature", "geometry": {"type": "Point", "coordinates": [32.30662795, -69.37946167]}, "properties": {"id": 1372, "src_line": 48009.5, "src_sample": 8961.5, "fit_residual_px": 0.179, "heldout_residual_px": 0.1806}}, {"type": "Feature", "geometry": {"type": "Point", "coordinates": [32.29645445, -69.3791763]}, "properties": {"id": 1373, "src_line": 48009.5, "src_sample": 9345.5, "fit_residual_px": 0.2173, "heldout_residual_px": 0.2206}}, {"type": "Feature", "geometry": {"type": "Point", "coordinates": [32.2757483, -69.37857934]}, "properties": {"id": 1374, "src_line": 48009.5, "src_sample": 10113.5, "fit_residual_px": 0.164, "heldout_residual_px": 0.1562}}, {"type": "Feature", "geometry": {"type": "Point", "coordinates": [32.26562338, -69.3782912]}, "properties": {"id": 1375, "src_line": 48009.5, "src_sample": 10497.5, "fit_residual_px": 0.3045, "heldout_residual_px": 0.3269}}, {"type": "Feature", "geometry": {"type": "Point", "coordinates": [32.25545909, -69.37803709]}, "properties": {"id": 1376, "src_line": 48009.5, "src_sample": 10881.5, "fit_residual_px": 0.3915, "heldout_residual_px": 0.3571}}, {"type": "Feature", "geometry": {"type": "Point", "coordinates": [32.2453103, -69.37774252]}, "properties": {"id": 1377, "src_line": 48009.5, "src_sample": 11265.5, "fit_residual_px": 0.1967, "heldout_residual_px": 0.2398}}, {"type": "Feature", "geometry": {"type": "Point", "coordinates": [32.23511727, -69.37746337]}, "properties": {"id": 1378, "src_line": 48009.5, "src_sample": 11649.5, "fit_residual_px": 0.1672, "heldout_residual_px": 0.2246}}, {"type": "Feature", "geometry": {"type": "Point", "coordinates": [32.46906639, -69.38053279]}, "properties": {"id": 1379, "src_line": 48393.5, "src_sample": 2817.5, "fit_residual_px": 0.1885, "heldout_residual_px": 0.2873}}, {"type": "Feature", "geometry": {"type": "Point", "coordinates": [32.45918403, -69.38028533]}, "properties": {"id": 1380, "src_line": 48393.5, "src_sample": 3201.5, "fit_residual_px": 0.1723, "heldout_residual_px": 0.1494}}, {"type": "Feature", "geometry": {"type": "Point", "coordinates": [32.44922907, -69.38002124]}, "properties": {"id": 1381, "src_line": 48393.5, "src_sample": 3585.5, "fit_residual_px": 0.1751, "heldout_residual_px": 0.1388}}, {"type": "Feature", "geometry": {"type": "Point", "coordinates": [32.43910134, -69.37971729]}, "properties": {"id": 1382, "src_line": 48393.5, "src_sample": 3969.5, "fit_residual_px": 0.3981, "heldout_residual_px": 0.4622}}, {"type": "Feature", "geometry": {"type": "Point", "coordinates": [32.42870633, -69.37940213]}, "properties": {"id": 1383, "src_line": 48393.5, "src_sample": 4353.5, "fit_residual_px": 0.2988, "heldout_residual_px": 0.3476}}, {"type": "Feature", "geometry": {"type": "Point", "coordinates": [32.41860493, -69.37912986]}, "properties": {"id": 1384, "src_line": 48393.5, "src_sample": 4737.5, "fit_residual_px": 0.1377, "heldout_residual_px": 0.1532}}, {"type": "Feature", "geometry": {"type": "Point", "coordinates": [32.40879602, -69.3788843]}, "properties": {"id": 1385, "src_line": 48393.5, "src_sample": 5121.5, "fit_residual_px": 0.283, "heldout_residual_px": 0.297}}, {"type": "Feature", "geometry": {"type": "Point", "coordinates": [32.39881885, -69.37862415]}, "properties": {"id": 1386, "src_line": 48393.5, "src_sample": 5505.5, "fit_residual_px": 0.0536, "heldout_residual_px": 0.0614}}, {"type": "Feature", "geometry": {"type": "Point", "coordinates": [32.38864791, -69.37833054]}, "properties": {"id": 1387, "src_line": 48393.5, "src_sample": 5889.5, "fit_residual_px": 0.1749, "heldout_residual_px": 0.1867}}, {"type": "Feature", "geometry": {"type": "Point", "coordinates": [32.37847915, -69.3780636]}, "properties": {"id": 1388, "src_line": 48393.5, "src_sample": 6273.5, "fit_residual_px": 0.3707, "heldout_residual_px": 0.3614}}, {"type": "Feature", "geometry": {"type": "Point", "coordinates": [32.36836693, -69.37776782]}, "properties": {"id": 1389, "src_line": 48393.5, "src_sample": 6657.5, "fit_residual_px": 0.0878, "heldout_residual_px": 0.0934}}, {"type": "Feature", "geometry": {"type": "Point", "coordinates": [32.35814933, -69.37748426]}, "properties": {"id": 1390, "src_line": 48393.5, "src_sample": 7041.5, "fit_residual_px": 0.1439, "heldout_residual_px": 0.1416}}, {"type": "Feature", "geometry": {"type": "Point", "coordinates": [32.34788338, -69.37719128]}, "properties": {"id": 1391, "src_line": 48393.5, "src_sample": 7425.5, "fit_residual_px": 0.235, "heldout_residual_px": 0.2424}}, {"type": "Feature", "geometry": {"type": "Point", "coordinates": [32.33763762, -69.37688414]}, "properties": {"id": 1392, "src_line": 48393.5, "src_sample": 7809.5, "fit_residual_px": 0.1556, "heldout_residual_px": 0.1469}}, {"type": "Feature", "geometry": {"type": "Point", "coordinates": [32.32741718, -69.37660522]}, "properties": {"id": 1393, "src_line": 48393.5, "src_sample": 8193.5, "fit_residual_px": 0.1256, "heldout_residual_px": 0.1346}}, {"type": "Feature", "geometry": {"type": "Point", "coordinates": [32.31734572, -69.37632721]}, "properties": {"id": 1394, "src_line": 48393.5, "src_sample": 8577.5, "fit_residual_px": 0.0774, "heldout_residual_px": 0.0722}}, {"type": "Feature", "geometry": {"type": "Point", "coordinates": [32.30717339, -69.37604312]}, "properties": {"id": 1395, "src_line": 48393.5, "src_sample": 8961.5, "fit_residual_px": 0.3517, "heldout_residual_px": 0.3548}}, {"type": "Feature", "geometry": {"type": "Point", "coordinates": [32.29691102, -69.37575248]}, "properties": {"id": 1396, "src_line": 48393.5, "src_sample": 9345.5, "fit_residual_px": 0.0889, "heldout_residual_px": 0.0914}}, {"type": "Feature", "geometry": {"type": "Point", "coordinates": [32.28668822, -69.37546084]}, "properties": {"id": 1397, "src_line": 48393.5, "src_sample": 9729.5, "fit_residual_px": 0.3759, "heldout_residual_px": 0.3886}}, {"type": "Feature", "geometry": {"type": "Point", "coordinates": [32.27633326, -69.3751769]}, "properties": {"id": 1398, "src_line": 48393.5, "src_sample": 10113.5, "fit_residual_px": 0.3009, "heldout_residual_px": 0.2873}}, {"type": "Feature", "geometry": {"type": "Point", "coordinates": [32.26610822, -69.37487683]}, "properties": {"id": 1399, "src_line": 48393.5, "src_sample": 10497.5, "fit_residual_px": 0.1062, "heldout_residual_px": 0.1191}}, {"type": "Feature", "geometry": {"type": "Point", "coordinates": [32.25597006, -69.3745899]}, "properties": {"id": 1400, "src_line": 48393.5, "src_sample": 10881.5, "fit_residual_px": 0.4645, "heldout_residual_px": 0.4957}}, {"type": "Feature", "geometry": {"type": "Point", "coordinates": [32.24580373, -69.37433949]}, "properties": {"id": 1401, "src_line": 48393.5, "src_sample": 11265.5, "fit_residual_px": 0.3644, "heldout_residual_px": 0.3356}}, {"type": "Feature", "geometry": {"type": "Point", "coordinates": [32.2356207, -69.37405689]}, "properties": {"id": 1402, "src_line": 48393.5, "src_sample": 11649.5, "fit_residual_px": 0.2044, "heldout_residual_px": 0.1439}}, {"type": "Feature", "geometry": {"type": "Point", "coordinates": [32.4696989, -69.37712385]}, "properties": {"id": 1403, "src_line": 48777.5, "src_sample": 2817.5, "fit_residual_px": 0.3881, "heldout_residual_px": 0.4933}}, {"type": "Feature", "geometry": {"type": "Point", "coordinates": [32.45970879, -69.37684745]}, "properties": {"id": 1404, "src_line": 48777.5, "src_sample": 3201.5, "fit_residual_px": 0.5542, "heldout_residual_px": 0.6435}}, {"type": "Feature", "geometry": {"type": "Point", "coordinates": [32.44975447, -69.37659131]}, "properties": {"id": 1405, "src_line": 48777.5, "src_sample": 3585.5, "fit_residual_px": 0.4233, "heldout_residual_px": 0.4781}}, {"type": "Feature", "geometry": {"type": "Point", "coordinates": [32.43966841, -69.37631269]}, "properties": {"id": 1406, "src_line": 48777.5, "src_sample": 3969.5, "fit_residual_px": 0.3354, "heldout_residual_px": 0.3874}}, {"type": "Feature", "geometry": {"type": "Point", "coordinates": [32.42946468, -69.37602813]}, "properties": {"id": 1407, "src_line": 48777.5, "src_sample": 4353.5, "fit_residual_px": 0.1362, "heldout_residual_px": 0.1509}}, {"type": "Feature", "geometry": {"type": "Point", "coordinates": [32.41940865, -69.37574128]}, "properties": {"id": 1408, "src_line": 48777.5, "src_sample": 4737.5, "fit_residual_px": 0.3092, "heldout_residual_px": 0.3481}}, {"type": "Feature", "geometry": {"type": "Point", "coordinates": [32.40936049, -69.3754794]}, "properties": {"id": 1409, "src_line": 48777.5, "src_sample": 5121.5, "fit_residual_px": 0.0224, "heldout_residual_px": 0.0184}}, {"type": "Feature", "geometry": {"type": "Point", "coordinates": [32.39936529, -69.37521423]}, "properties": {"id": 1410, "src_line": 48777.5, "src_sample": 5505.5, "fit_residual_px": 0.2153, "heldout_residual_px": 0.2033}}, {"type": "Feature", "geometry": {"type": "Point", "coordinates": [32.38924089, -69.3749336]}, "properties": {"id": 1411, "src_line": 48777.5, "src_sample": 5889.5, "fit_residual_px": 0.1901, "heldout_residual_px": 0.1764}}, {"type": "Feature", "geometry": {"type": "Point", "coordinates": [32.37908713, -69.37464392]}, "properties": {"id": 1412, "src_line": 48777.5, "src_sample": 6273.5, "fit_residual_px": 0.0799, "heldout_residual_px": 0.0822}}, {"type": "Feature", "geometry": {"type": "Point", "coordinates": [32.36887064, -69.37436428]}, "properties": {"id": 1413, "src_line": 48777.5, "src_sample": 6657.5, "fit_residual_px": 0.3015, "heldout_residual_px": 0.2941}}, {"type": "Feature", "geometry": {"type": "Point", "coordinates": [32.35869655, -69.37407219]}, "properties": {"id": 1414, "src_line": 48777.5, "src_sample": 7041.5, "fit_residual_px": 0.1328, "heldout_residual_px": 0.134}}, {"type": "Feature", "geometry": {"type": "Point", "coordinates": [32.34845133, -69.37376142]}, "properties": {"id": 1415, "src_line": 48777.5, "src_sample": 7425.5, "fit_residual_px": 0.4453, "heldout_residual_px": 0.4467}}, {"type": "Feature", "geometry": {"type": "Point", "coordinates": [32.3381313, -69.37347444]}, "properties": {"id": 1416, "src_line": 48777.5, "src_sample": 7809.5, "fit_residual_px": 0.1223, "heldout_residual_px": 0.1239}}, {"type": "Feature", "geometry": {"type": "Point", "coordinates": [32.3279309, -69.37315396]}, "properties": {"id": 1417, "src_line": 48777.5, "src_sample": 8193.5, "fit_residual_px": 0.8739, "heldout_residual_px": 0.8631}}, {"type": "Feature", "geometry": {"type": "Point", "coordinates": [32.31783596, -69.37289508]}, "properties": {"id": 1418, "src_line": 48777.5, "src_sample": 8577.5, "fit_residual_px": 0.4426, "heldout_residual_px": 0.4394}}, {"type": "Feature", "geometry": {"type": "Point", "coordinates": [32.30766901, -69.37261126]}, "properties": {"id": 1419, "src_line": 48777.5, "src_sample": 8961.5, "fit_residual_px": 0.4877, "heldout_residual_px": 0.4878}}, {"type": "Feature", "geometry": {"type": "Point", "coordinates": [32.2974093, -69.37232612]}, "properties": {"id": 1420, "src_line": 48777.5, "src_sample": 9345.5, "fit_residual_px": 0.3012, "heldout_residual_px": 0.3042}}, {"type": "Feature", "geometry": {"type": "Point", "coordinates": [32.28703091, -69.37203292]}, "properties": {"id": 1421, "src_line": 48777.5, "src_sample": 9729.5, "fit_residual_px": 0.0753, "heldout_residual_px": 0.0695}}, {"type": "Feature", "geometry": {"type": "Point", "coordinates": [32.27673899, -69.37173769]}, "properties": {"id": 1422, "src_line": 48777.5, "src_sample": 10113.5, "fit_residual_px": 0.1832, "heldout_residual_px": 0.1777}}, {"type": "Feature", "geometry": {"type": "Point", "coordinates": [32.2665575, -69.3714556]}, "properties": {"id": 1423, "src_line": 48777.5, "src_sample": 10497.5, "fit_residual_px": 0.03, "heldout_residual_px": 0.0112}}, {"type": "Feature", "geometry": {"type": "Point", "coordinates": [32.25641982, -69.37116849]}, "properties": {"id": 1424, "src_line": 48777.5, "src_sample": 10881.5, "fit_residual_px": 0.5297, "heldout_residual_px": 0.5417}}, {"type": "Feature", "geometry": {"type": "Point", "coordinates": [32.24624383, -69.37090711]}, "properties": {"id": 1425, "src_line": 48777.5, "src_sample": 11265.5, "fit_residual_px": 0.286, "heldout_residual_px": 0.2558}}, {"type": "Feature", "geometry": {"type": "Point", "coordinates": [32.23607445, -69.37063693]}, "properties": {"id": 1426, "src_line": 48777.5, "src_sample": 11649.5, "fit_residual_px": 0.3657, "heldout_residual_px": 0.3252}}, {"type": "Feature", "geometry": {"type": "Point", "coordinates": [32.47015921, -69.37370824]}, "properties": {"id": 1427, "src_line": 49161.5, "src_sample": 2817.5, "fit_residual_px": 0.3205, "heldout_residual_px": 0.3666}}, {"type": "Feature", "geometry": {"type": "Point", "coordinates": [32.46015265, -69.37345258]}, "properties": {"id": 1428, "src_line": 49161.5, "src_sample": 3201.5, "fit_residual_px": 0.347, "heldout_residual_px": 0.2883}}, {"type": "Feature", "geometry": {"type": "Point", "coordinates": [32.45015962, -69.37317742]}, "properties": {"id": 1429, "src_line": 49161.5, "src_sample": 3585.5, "fit_residual_px": 0.1773, "heldout_residual_px": 0.1304}}, {"type": "Feature", "geometry": {"type": "Point", "coordinates": [32.44007113, -69.37290061]}, "properties": {"id": 1430, "src_line": 49161.5, "src_sample": 3969.5, "fit_residual_px": 0.3459, "heldout_residual_px": 0.3093}}, {"type": "Feature", "geometry": {"type": "Point", "coordinates": [32.43006601, -69.37262408]}, "properties": {"id": 1431, "src_line": 49161.5, "src_sample": 4353.5, "fit_residual_px": 0.2649, "heldout_residual_px": 0.2574}}, {"type": "Feature", "geometry": {"type": "Point", "coordinates": [32.42001088, -69.37236484]}, "properties": {"id": 1432, "src_line": 49161.5, "src_sample": 4737.5, "fit_residual_px": 0.5839, "heldout_residual_px": 0.552}}, {"type": "Feature", "geometry": {"type": "Point", "coordinates": [32.40998067, -69.37206296]}, "properties": {"id": 1433, "src_line": 49161.5, "src_sample": 5121.5, "fit_residual_px": 0.2798, "heldout_residual_px": 0.312}}, {"type": "Feature", "geometry": {"type": "Point", "coordinates": [32.3998665, -69.37180408]}, "properties": {"id": 1434, "src_line": 49161.5, "src_sample": 5505.5, "fit_residual_px": 0.3354, "heldout_residual_px": 0.3135}}, {"type": "Feature", "geometry": {"type": "Point", "coordinates": [32.38977046, -69.37151342]}, "properties": {"id": 1435, "src_line": 49161.5, "src_sample": 5889.5, "fit_residual_px": 0.1702, "heldout_residual_px": 0.1666}}, {"type": "Feature", "geometry": {"type": "Point", "coordinates": [32.37949763, -69.37120348]}, "properties": {"id": 1436, "src_line": 49161.5, "src_sample": 6273.5, "fit_residual_px": 0.4124, "heldout_residual_px": 0.4235}}, {"type": "Feature", "geometry": {"type": "Point", "coordinates": [32.36936986, -69.37093369]}, "properties": {"id": 1437, "src_line": 49161.5, "src_sample": 6657.5, "fit_residual_px": 0.2291, "heldout_residual_px": 0.2357}}, {"type": "Feature", "geometry": {"type": "Point", "coordinates": [32.35915244, -69.37064369]}, "properties": {"id": 1438, "src_line": 49161.5, "src_sample": 7041.5, "fit_residual_px": 0.1559, "heldout_residual_px": 0.1616}}, {"type": "Feature", "geometry": {"type": "Point", "coordinates": [32.34891752, -69.37037048]}, "properties": {"id": 1439, "src_line": 49161.5, "src_sample": 7425.5, "fit_residual_px": 0.6171, "heldout_residual_px": 0.6192}}, {"type": "Feature", "geometry": {"type": "Point", "coordinates": [32.33873747, -69.37005473]}, "properties": {"id": 1440, "src_line": 49161.5, "src_sample": 7809.5, "fit_residual_px": 0.2273, "heldout_residual_px": 0.2259}}, {"type": "Feature", "geometry": {"type": "Point", "coordinates": [32.32856617, -69.36976599]}, "properties": {"id": 1441, "src_line": 49161.5, "src_sample": 8193.5, "fit_residual_px": 0.4025, "heldout_residual_px": 0.4018}}, {"type": "Feature", "geometry": {"type": "Point", "coordinates": [32.31837114, -69.3695005]}, "properties": {"id": 1442, "src_line": 49161.5, "src_sample": 8577.5, "fit_residual_px": 0.2227, "heldout_residual_px": 0.2222}}, {"type": "Feature", "geometry": {"type": "Point", "coordinates": [32.30818199, -69.36920748]}, "properties": {"id": 1443, "src_line": 49161.5, "src_sample": 8961.5, "fit_residual_px": 0.1665, "heldout_residual_px": 0.1673}}, {"type": "Feature", "geometry": {"type": "Point", "coordinates": [32.29788013, -69.36890996]}, "properties": {"id": 1444, "src_line": 49161.5, "src_sample": 9345.5, "fit_residual_px": 0.1484, "heldout_residual_px": 0.1504}}, {"type": "Feature", "geometry": {"type": "Point", "coordinates": [32.28752413, -69.36862075]}, "properties": {"id": 1445, "src_line": 49161.5, "src_sample": 9729.5, "fit_residual_px": 0.3567, "heldout_residual_px": 0.3523}}, {"type": "Feature", "geometry": {"type": "Point", "coordinates": [32.27718732, -69.36829412]}, "properties": {"id": 1446, "src_line": 49161.5, "src_sample": 10113.5, "fit_residual_px": 0.3629, "heldout_residual_px": 0.3702}}, {"type": "Feature", "geometry": {"type": "Point", "coordinates": [32.26692318, -69.36802851]}, "properties": {"id": 1447, "src_line": 49161.5, "src_sample": 10497.5, "fit_residual_px": 0.4311, "heldout_residual_px": 0.4152}}, {"type": "Feature", "geometry": {"type": "Point", "coordinates": [32.25689785, -69.36775153]}, "properties": {"id": 1448, "src_line": 49161.5, "src_sample": 10881.5, "fit_residual_px": 0.1746, "heldout_residual_px": 0.1867}}, {"type": "Feature", "geometry": {"type": "Point", "coordinates": [32.24682583, -69.36748525]}, "properties": {"id": 1449, "src_line": 49161.5, "src_sample": 11265.5, "fit_residual_px": 0.2113, "heldout_residual_px": 0.2336}}, {"type": "Feature", "geometry": {"type": "Point", "coordinates": [32.23661295, -69.36721096]}, "properties": {"id": 1450, "src_line": 49161.5, "src_sample": 11649.5, "fit_residual_px": 0.3062, "heldout_residual_px": 0.2858}}, {"type": "Feature", "geometry": {"type": "Point", "coordinates": [32.47067575, -69.37029295]}, "properties": {"id": 1451, "src_line": 49545.5, "src_sample": 2817.5, "fit_residual_px": 0.2736, "heldout_residual_px": 0.2766}}, {"type": "Feature", "geometry": {"type": "Point", "coordinates": [32.46067981, -69.37001683]}, "properties": {"id": 1452, "src_line": 49545.5, "src_sample": 3201.5, "fit_residual_px": 0.3153, "heldout_residual_px": 0.2972}}, {"type": "Feature", "geometry": {"type": "Point", "coordinates": [32.4505981, -69.36975737]}, "properties": {"id": 1453, "src_line": 49545.5, "src_sample": 3585.5, "fit_residual_px": 0.3836, "heldout_residual_px": 0.3956}}, {"type": "Feature", "geometry": {"type": "Point", "coordinates": [32.44063245, -69.36947573]}, "properties": {"id": 1454, "src_line": 49545.5, "src_sample": 3969.5, "fit_residual_px": 0.1494, "heldout_residual_px": 0.1634}}, {"type": "Feature", "geometry": {"type": "Point", "coordinates": [32.43053632, -69.36921572]}, "properties": {"id": 1455, "src_line": 49545.5, "src_sample": 4353.5, "fit_residual_px": 0.5733, "heldout_residual_px": 0.5674}}, {"type": "Feature", "geometry": {"type": "Point", "coordinates": [32.4205096, -69.36891785]}, "properties": {"id": 1456, "src_line": 49545.5, "src_sample": 4737.5, "fit_residual_px": 0.4039, "heldout_residual_px": 0.4366}}, {"type": "Feature", "geometry": {"type": "Point", "coordinates": [32.41042444, -69.36864688]}, "properties": {"id": 1457, "src_line": 49545.5, "src_sample": 5121.5, "fit_residual_px": 0.1507, "heldout_residual_px": 0.2037}}, {"type": "Feature", "geometry": {"type": "Point", "coordinates": [32.40036009, -69.36838019]}, "properties": {"id": 1458, "src_line": 49545.5, "src_sample": 5505.5, "fit_residual_px": 0.4512, "heldout_residual_px": 0.5095}}, {"type": "Feature", "geometry": {"type": "Point", "coordinates": [32.3902546, -69.36808039]}, "properties": {"id": 1459, "src_line": 49545.5, "src_sample": 5889.5, "fit_residual_px": 0.335, "heldout_residual_px": 0.3179}}, {"type": "Feature", "geometry": {"type": "Point", "coordinates": [32.38005015, -69.36779884]}, "properties": {"id": 1460, "src_line": 49545.5, "src_sample": 6273.5, "fit_residual_px": 0.1213, "heldout_residual_px": 0.1634}}, {"type": "Feature", "geometry": {"type": "Point", "coordinates": [32.3698033, -69.36750766]}, "properties": {"id": 1461, "src_line": 49545.5, "src_sample": 6657.5, "fit_residual_px": 0.1604, "heldout_residual_px": 0.1218}}, {"type": "Feature", "geometry": {"type": "Point", "coordinates": [32.35961448, -69.36721978]}, "properties": {"id": 1462, "src_line": 49545.5, "src_sample": 7041.5, "fit_residual_px": 0.1939, "heldout_residual_px": 0.2419}}, {"type": "Feature", "geometry": {"type": "Point", "coordinates": [32.34944137, -69.366944]}, "properties": {"id": 1463, "src_line": 49545.5, "src_sample": 7425.5, "fit_residual_px": 0.4948, "heldout_residual_px": 0.4666}}, {"type": "Feature", "geometry": {"type": "Point", "coordinates": [32.33932273, -69.36665422]}, "properties": {"id": 1464, "src_line": 49545.5, "src_sample": 7809.5, "fit_residual_px": 0.2988, "heldout_residual_px": 0.3406}}, {"type": "Feature", "geometry": {"type": "Point", "coordinates": [32.32914441, -69.3663622]}, "properties": {"id": 1465, "src_line": 49545.5, "src_sample": 8193.5, "fit_residual_px": 0.2586, "heldout_residual_px": 0.2768}}, {"type": "Feature", "geometry": {"type": "Point", "coordinates": [32.31895103, -69.36606725]}, "properties": {"id": 1466, "src_line": 49545.5, "src_sample": 8577.5, "fit_residual_px": 0.4502, "heldout_residual_px": 0.4392}}, {"type": "Feature", "geometry": {"type": "Point", "coordinates": [32.30865953, -69.36579404]}, "properties": {"id": 1467, "src_line": 49545.5, "src_sample": 8961.5, "fit_residual_px": 0.2143, "heldout_residual_px": 0.2351}}, {"type": "Feature", "geometry": {"type": "Point", "coordinates": [32.29836409, -69.36549535]}, "properties": {"id": 1468, "src_line": 49545.5, "src_sample": 9345.5, "fit_residual_px": 0.4533, "heldout_residual_px": 0.446}}, {"type": "Feature", "geometry": {"type": "Point", "coordinates": [32.28805438, -69.36519559]}, "properties": {"id": 1469, "src_line": 49545.5, "src_sample": 9729.5, "fit_residual_px": 0.1821, "heldout_residual_px": 0.1966}}, {"type": "Feature", "geometry": {"type": "Point", "coordinates": [32.27767486, -69.36490278]}, "properties": {"id": 1470, "src_line": 49545.5, "src_sample": 10113.5, "fit_residual_px": 0.4812, "heldout_residual_px": 0.5016}}, {"type": "Feature", "geometry": {"type": "Point", "coordinates": [32.26748907, -69.36460358]}, "properties": {"id": 1471, "src_line": 49545.5, "src_sample": 10497.5, "fit_residual_px": 0.0174, "heldout_residual_px": 0.0276}}, {"type": "Feature", "geometry": {"type": "Point", "coordinates": [32.23710364, -69.36379742]}, "properties": {"id": 1472, "src_line": 49545.5, "src_sample": 11649.5, "fit_residual_px": 0.3903, "heldout_residual_px": 0.413}}, {"type": "Feature", "geometry": {"type": "Point", "coordinates": [32.47116307, -69.36688335]}, "properties": {"id": 1473, "src_line": 49929.5, "src_sample": 2817.5, "fit_residual_px": 0.4481, "heldout_residual_px": 0.4364}}, {"type": "Feature", "geometry": {"type": "Point", "coordinates": [32.46122422, -69.36660964]}, "properties": {"id": 1474, "src_line": 49929.5, "src_sample": 3201.5, "fit_residual_px": 0.3545, "heldout_residual_px": 0.3666}}, {"type": "Feature", "geometry": {"type": "Point", "coordinates": [32.4511411, -69.36633408]}, "properties": {"id": 1475, "src_line": 49929.5, "src_sample": 3585.5, "fit_residual_px": 0.2995, "heldout_residual_px": 0.3389}}, {"type": "Feature", "geometry": {"type": "Point", "coordinates": [32.44111754, -69.36604554]}, "properties": {"id": 1476, "src_line": 49929.5, "src_sample": 3969.5, "fit_residual_px": 0.445, "heldout_residual_px": 0.4133}}, {"type": "Feature", "geometry": {"type": "Point", "coordinates": [32.43107309, -69.36578732]}, "properties": {"id": 1477, "src_line": 49929.5, "src_sample": 4353.5, "fit_residual_px": 0.6455, "heldout_residual_px": 0.6948}}, {"type": "Feature", "geometry": {"type": "Point", "coordinates": [32.42095269, -69.36550454]}, "properties": {"id": 1478, "src_line": 49929.5, "src_sample": 4737.5, "fit_residual_px": 0.0597, "heldout_residual_px": 0.1198}}, {"type": "Feature", "geometry": {"type": "Point", "coordinates": [32.41093395, -69.36522345]}, "properties": {"id": 1479, "src_line": 49929.5, "src_sample": 5121.5, "fit_residual_px": 0.2647, "heldout_residual_px": 0.2665}}, {"type": "Feature", "geometry": {"type": "Point", "coordinates": [32.40084341, -69.36495306]}, "properties": {"id": 1480, "src_line": 49929.5, "src_sample": 5505.5, "fit_residual_px": 0.0352, "heldout_residual_px": 0.0516}}, {"type": "Feature", "geometry": {"type": "Point", "coordinates": [32.39070465, -69.36466432]}, "properties": {"id": 1481, "src_line": 49929.5, "src_sample": 5889.5, "fit_residual_px": 0.1616, "heldout_residual_px": 0.1511}}, {"type": "Feature", "geometry": {"type": "Point", "coordinates": [32.38054912, -69.36439965]}, "properties": {"id": 1482, "src_line": 49929.5, "src_sample": 6273.5, "fit_residual_px": 0.4126, "heldout_residual_px": 0.449}}, {"type": "Feature", "geometry": {"type": "Point", "coordinates": [32.3703144, -69.36411068]}, "properties": {"id": 1483, "src_line": 49929.5, "src_sample": 6657.5, "fit_residual_px": 0.5354, "heldout_residual_px": 0.5463}}, {"type": "Feature", "geometry": {"type": "Point", "coordinates": [32.36013962, -69.36379926]}, "properties": {"id": 1484, "src_line": 49929.5, "src_sample": 7041.5, "fit_residual_px": 0.1437, "heldout_residual_px": 0.1602}}, {"type": "Feature", "geometry": {"type": "Point", "coordinates": [32.34988105, -69.36352317]}, "properties": {"id": 1485, "src_line": 49929.5, "src_sample": 7425.5, "fit_residual_px": 0.4993, "heldout_residual_px": 0.4823}}, {"type": "Feature", "geometry": {"type": "Point", "coordinates": [32.33975649, -69.36325031]}, "properties": {"id": 1486, "src_line": 49929.5, "src_sample": 7809.5, "fit_residual_px": 0.5833, "heldout_residual_px": 0.5796}}, {"type": "Feature", "geometry": {"type": "Point", "coordinates": [32.32967496, -69.3629447]}, "properties": {"id": 1487, "src_line": 49929.5, "src_sample": 8193.5, "fit_residual_px": 0.3172, "heldout_residual_px": 0.3085}}, {"type": "Feature", "geometry": {"type": "Point", "coordinates": [32.31951451, -69.36266033]}, "properties": {"id": 1488, "src_line": 49929.5, "src_sample": 8577.5, "fit_residual_px": 0.4391, "heldout_residual_px": 0.4519}}, {"type": "Feature", "geometry": {"type": "Point", "coordinates": [32.30927268, -69.36237577]}, "properties": {"id": 1489, "src_line": 49929.5, "src_sample": 8961.5, "fit_residual_px": 0.3221, "heldout_residual_px": 0.3476}}, {"type": "Feature", "geometry": {"type": "Point", "coordinates": [32.29895098, -69.36207456]}, "properties": {"id": 1490, "src_line": 49929.5, "src_sample": 9345.5, "fit_residual_px": 0.2283, "heldout_residual_px": 0.2151}}, {"type": "Feature", "geometry": {"type": "Point", "coordinates": [32.28859398, -69.3617794]}, "properties": {"id": 1491, "src_line": 49929.5, "src_sample": 9729.5, "fit_residual_px": 0.1709, "heldout_residual_px": 0.1646}}, {"type": "Feature", "geometry": {"type": "Point", "coordinates": [32.27837393, -69.36148593]}, "properties": {"id": 1492, "src_line": 49929.5, "src_sample": 10113.5, "fit_residual_px": 0.209, "heldout_residual_px": 0.1933}}, {"type": "Feature", "geometry": {"type": "Point", "coordinates": [32.26823704, -69.36121751]}, "properties": {"id": 1493, "src_line": 49929.5, "src_sample": 10497.5, "fit_residual_px": 0.1346, "heldout_residual_px": 0.1325}}, {"type": "Feature", "geometry": {"type": "Point", "coordinates": [32.23765114, -69.3603875]}, "properties": {"id": 1494, "src_line": 49929.5, "src_sample": 11649.5, "fit_residual_px": 0.4038, "heldout_residual_px": 0.421}}, {"type": "Feature", "geometry": {"type": "Point", "coordinates": [32.47172619, -69.363484]}, "properties": {"id": 1495, "src_line": 50313.5, "src_sample": 2817.5, "fit_residual_px": 0.4015, "heldout_residual_px": 0.4209}}, {"type": "Feature", "geometry": {"type": "Point", "coordinates": [32.46175698, -69.36321508]}, "properties": {"id": 1496, "src_line": 50313.5, "src_sample": 3201.5, "fit_residual_px": 0.2978, "heldout_residual_px": 0.3437}}, {"type": "Feature", "geometry": {"type": "Point", "coordinates": [32.45168282, -69.36293995]}, "properties": {"id": 1497, "src_line": 50313.5, "src_sample": 3585.5, "fit_residual_px": 0.4577, "heldout_residual_px": 0.4821}}, {"type": "Feature", "geometry": {"type": "Point", "coordinates": [32.44167825, -69.36264356]}, "properties": {"id": 1498, "src_line": 50313.5, "src_sample": 3969.5, "fit_residual_px": 0.2942, "heldout_residual_px": 0.3}}, {"type": "Feature", "geometry": {"type": "Point", "coordinates": [32.43157155, -69.36238064]}, "properties": {"id": 1499, "src_line": 50313.5, "src_sample": 4353.5, "fit_residual_px": 0.3518, "heldout_residual_px": 0.3475}}, {"type": "Feature", "geometry": {"type": "Point", "coordinates": [32.42152917, -69.36210259]}, "properties": {"id": 1500, "src_line": 50313.5, "src_sample": 4737.5, "fit_residual_px": 0.4383, "heldout_residual_px": 0.5036}}, {"type": "Feature", "geometry": {"type": "Point", "coordinates": [32.41147312, -69.36181213]}, "properties": {"id": 1501, "src_line": 50313.5, "src_sample": 5121.5, "fit_residual_px": 0.2883, "heldout_residual_px": 0.3156}}, {"type": "Feature", "geometry": {"type": "Point", "coordinates": [32.40123675, -69.36151683]}, "properties": {"id": 1502, "src_line": 50313.5, "src_sample": 5505.5, "fit_residual_px": 0.238, "heldout_residual_px": 0.2649}}, {"type": "Feature", "geometry": {"type": "Point", "coordinates": [32.39119605, -69.36125947]}, "properties": {"id": 1503, "src_line": 50313.5, "src_sample": 5889.5, "fit_residual_px": 0.2107, "heldout_residual_px": 0.2548}}, {"type": "Feature", "geometry": {"type": "Point", "coordinates": [32.3810317, -69.36096819]}, "properties": {"id": 1504, "src_line": 50313.5, "src_sample": 6273.5, "fit_residual_px": 0.0764, "heldout_residual_px": 0.1235}}, {"type": "Feature", "geometry": {"type": "Point", "coordinates": [32.37084345, -69.36069375]}, "properties": {"id": 1505, "src_line": 50313.5, "src_sample": 6657.5, "fit_residual_px": 0.4555, "heldout_residual_px": 0.4702}}, {"type": "Feature", "geometry": {"type": "Point", "coordinates": [32.36057452, -69.36039281]}, "properties": {"id": 1506, "src_line": 50313.5, "src_sample": 7041.5, "fit_residual_px": 0.5852, "heldout_residual_px": 0.5619}}, {"type": "Feature", "geometry": {"type": "Point", "coordinates": [32.35043685, -69.36009587]}, "properties": {"id": 1507, "src_line": 50313.5, "src_sample": 7425.5, "fit_residual_px": 0.0754, "heldout_residual_px": 0.1171}}, {"type": "Feature", "geometry": {"type": "Point", "coordinates": [32.34025946, -69.35980267]}, "properties": {"id": 1508, "src_line": 50313.5, "src_sample": 7809.5, "fit_residual_px": 0.2545, "heldout_residual_px": 0.2588}}, {"type": "Feature", "geometry": {"type": "Point", "coordinates": [32.33010484, -69.3595179]}, "properties": {"id": 1509, "src_line": 50313.5, "src_sample": 8193.5, "fit_residual_px": 0.3247, "heldout_residual_px": 0.3074}}, {"type": "Feature", "geometry": {"type": "Point", "coordinates": [32.31988893, -69.35924133]}, "properties": {"id": 1510, "src_line": 50313.5, "src_sample": 8577.5, "fit_residual_px": 0.1463, "heldout_residual_px": 0.1823}}, {"type": "Feature", "geometry": {"type": "Point", "coordinates": [32.30984177, -69.3589699]}, "properties": {"id": 1511, "src_line": 50313.5, "src_sample": 8961.5, "fit_residual_px": 0.2365, "heldout_residual_px": 0.2677}}, {"type": "Feature", "geometry": {"type": "Point", "coordinates": [32.29953562, -69.35866756]}, "properties": {"id": 1512, "src_line": 50313.5, "src_sample": 9345.5, "fit_residual_px": 0.2083, "heldout_residual_px": 0.2099}}, {"type": "Feature", "geometry": {"type": "Point", "coordinates": [32.28925259, -69.35837545]}, "properties": {"id": 1513, "src_line": 50313.5, "src_sample": 9729.5, "fit_residual_px": 0.2185, "heldout_residual_px": 0.229}}, {"type": "Feature", "geometry": {"type": "Point", "coordinates": [32.27908722, -69.35809734]}, "properties": {"id": 1514, "src_line": 50313.5, "src_sample": 10113.5, "fit_residual_px": 0.2474, "heldout_residual_px": 0.2525}}, {"type": "Feature", "geometry": {"type": "Point", "coordinates": [32.26891411, -69.3578172]}, "properties": {"id": 1515, "src_line": 50313.5, "src_sample": 10497.5, "fit_residual_px": 0.2897, "heldout_residual_px": 0.2893}}, {"type": "Feature", "geometry": {"type": "Point", "coordinates": [32.25874542, -69.35755623]}, "properties": {"id": 1516, "src_line": 50313.5, "src_sample": 10881.5, "fit_residual_px": 0.4134, "heldout_residual_px": 0.4209}}, {"type": "Feature", "geometry": {"type": "Point", "coordinates": [32.24854241, -69.35726983]}, "properties": {"id": 1517, "src_line": 50313.5, "src_sample": 11265.5, "fit_residual_px": 0.3246, "heldout_residual_px": 0.3297}}, {"type": "Feature", "geometry": {"type": "Point", "coordinates": [32.23834883, -69.35698507]}, "properties": {"id": 1518, "src_line": 50313.5, "src_sample": 11649.5, "fit_residual_px": 0.2776, "heldout_residual_px": 0.2947}}, {"type": "Feature", "geometry": {"type": "Point", "coordinates": [32.47226334, -69.36007078]}, "properties": {"id": 1519, "src_line": 50697.5, "src_sample": 2817.5, "fit_residual_px": 0.4205, "heldout_residual_px": 0.4393}}, {"type": "Feature", "geometry": {"type": "Point", "coordinates": [32.46229409, -69.35980162]}, "properties": {"id": 1520, "src_line": 50697.5, "src_sample": 3201.5, "fit_residual_px": 0.3071, "heldout_residual_px": 0.3418}}, {"type": "Feature", "geometry": {"type": "Point", "coordinates": [32.45218418, -69.35950033]}, "properties": {"id": 1521, "src_line": 50697.5, "src_sample": 3585.5, "fit_residual_px": 0.2522, "heldout_residual_px": 0.27}}, {"type": "Feature", "geometry": {"type": "Point", "coordinates": [32.44210649, -69.35921603]}, "properties": {"id": 1522, "src_line": 50697.5, "src_sample": 3969.5, "fit_residual_px": 0.3097, "heldout_residual_px": 0.3072}}, {"type": "Feature", "geometry": {"type": "Point", "coordinates": [32.43203878, -69.35895173]}, "properties": {"id": 1523, "src_line": 50697.5, "src_sample": 4353.5, "fit_residual_px": 0.1266, "heldout_residual_px": 0.1384}}, {"type": "Feature", "geometry": {"type": "Point", "coordinates": [32.42188776, -69.35865271]}, "properties": {"id": 1524, "src_line": 50697.5, "src_sample": 4737.5, "fit_residual_px": 0.4903, "heldout_residual_px": 0.521}}, {"type": "Feature", "geometry": {"type": "Point", "coordinates": [32.41192561, -69.35839604]}, "properties": {"id": 1525, "src_line": 50697.5, "src_sample": 5121.5, "fit_residual_px": 0.0949, "heldout_residual_px": 0.0348}}, {"type": "Feature", "geometry": {"type": "Point", "coordinates": [32.40182116, -69.35811492]}, "properties": {"id": 1526, "src_line": 50697.5, "src_sample": 5505.5, "fit_residual_px": 0.0526, "heldout_residual_px": 0.0176}}, {"type": "Feature", "geometry": {"type": "Point", "coordinates": [32.39168407, -69.35782592]}, "properties": {"id": 1527, "src_line": 50697.5, "src_sample": 5889.5, "fit_residual_px": 0.1773, "heldout_residual_px": 0.1991}}, {"type": "Feature", "geometry": {"type": "Point", "coordinates": [32.3815088, -69.35755512]}, "properties": {"id": 1528, "src_line": 50697.5, "src_sample": 6273.5, "fit_residual_px": 0.4099, "heldout_residual_px": 0.3821}}, {"type": "Feature", "geometry": {"type": "Point", "coordinates": [32.37134372, -69.35726324]}, "properties": {"id": 1529, "src_line": 50697.5, "src_sample": 6657.5, "fit_residual_px": 0.1541, "heldout_residual_px": 0.1615}}, {"type": "Feature", "geometry": {"type": "Point", "coordinates": [32.36120562, -69.35695961]}, "properties": {"id": 1530, "src_line": 50697.5, "src_sample": 7041.5, "fit_residual_px": 0.4525, "heldout_residual_px": 0.4608}}, {"type": "Feature", "geometry": {"type": "Point", "coordinates": [32.3509963, -69.35668419]}, "properties": {"id": 1531, "src_line": 50697.5, "src_sample": 7425.5, "fit_residual_px": 0.0398, "heldout_residual_px": 0.0775}}, {"type": "Feature", "geometry": {"type": "Point", "coordinates": [32.34073363, -69.35640846]}, "properties": {"id": 1532, "src_line": 50697.5, "src_sample": 7809.5, "fit_residual_px": 0.5193, "heldout_residual_px": 0.5263}}, {"type": "Feature", "geometry": {"type": "Point", "coordinates": [32.33062521, -69.35612074]}, "properties": {"id": 1533, "src_line": 50697.5, "src_sample": 8193.5, "fit_residual_px": 0.2374, "heldout_residual_px": 0.2304}}, {"type": "Feature", "geometry": {"type": "Point", "coordinates": [32.32050658, -69.35582151]}, "properties": {"id": 1534, "src_line": 50697.5, "src_sample": 8577.5, "fit_residual_px": 0.3837, "heldout_residual_px": 0.3732}}, {"type": "Feature", "geometry": {"type": "Point", "coordinates": [32.31034016, -69.35553704]}, "properties": {"id": 1535, "src_line": 50697.5, "src_sample": 8961.5, "fit_residual_px": 0.4553, "heldout_residual_px": 0.4571}}, {"type": "Feature", "geometry": {"type": "Point", "coordinates": [32.30012458, -69.35526407]}, "properties": {"id": 1536, "src_line": 50697.5, "src_sample": 9345.5, "fit_residual_px": 0.1036, "heldout_residual_px": 0.1272}}, {"type": "Feature", "geometry": {"type": "Point", "coordinates": [32.28990814, -69.35496689]}, "properties": {"id": 1537, "src_line": 50697.5, "src_sample": 9729.5, "fit_residual_px": 0.3692, "heldout_residual_px": 0.3721}}, {"type": "Feature", "geometry": {"type": "Point", "coordinates": [32.27974971, -69.35468927]}, "properties": {"id": 1538, "src_line": 50697.5, "src_sample": 10113.5, "fit_residual_px": 0.3208, "heldout_residual_px": 0.3226}}, {"type": "Feature", "geometry": {"type": "Point", "coordinates": [32.26944095, -69.35440987]}, "properties": {"id": 1539, "src_line": 50697.5, "src_sample": 10497.5, "fit_residual_px": 0.4531, "heldout_residual_px": 0.4557}}, {"type": "Feature", "geometry": {"type": "Point", "coordinates": [32.25933322, -69.35412627]}, "properties": {"id": 1540, "src_line": 50697.5, "src_sample": 10881.5, "fit_residual_px": 0.1468, "heldout_residual_px": 0.1394}}, {"type": "Feature", "geometry": {"type": "Point", "coordinates": [32.24917665, -69.35385373]}, "properties": {"id": 1541, "src_line": 50697.5, "src_sample": 11265.5, "fit_residual_px": 0.1318, "heldout_residual_px": 0.1333}}, {"type": "Feature", "geometry": {"type": "Point", "coordinates": [32.23895737, -69.35356282]}, "properties": {"id": 1542, "src_line": 50697.5, "src_sample": 11649.5, "fit_residual_px": 0.1807, "heldout_residual_px": 0.1758}}, {"type": "Feature", "geometry": {"type": "Point", "coordinates": [32.47285776, -69.35664965]}, "properties": {"id": 1543, "src_line": 51081.5, "src_sample": 2817.5, "fit_residual_px": 0.2662, "heldout_residual_px": 0.2184}}, {"type": "Feature", "geometry": {"type": "Point", "coordinates": [32.46287813, -69.35638029]}, "properties": {"id": 1544, "src_line": 51081.5, "src_sample": 3201.5, "fit_residual_px": 0.1037, "heldout_residual_px": 0.0424}}, {"type": "Feature", "geometry": {"type": "Point", "coordinates": [32.45274696, -69.35610792]}, "properties": {"id": 1545, "src_line": 51081.5, "src_sample": 3585.5, "fit_residual_px": 0.3432, "heldout_residual_px": 0.3938}}, {"type": "Feature", "geometry": {"type": "Point", "coordinates": [32.44260851, -69.35579533]}, "properties": {"id": 1546, "src_line": 51081.5, "src_sample": 3969.5, "fit_residual_px": 0.3686, "heldout_residual_px": 0.3159}}, {"type": "Feature", "geometry": {"type": "Point", "coordinates": [32.43255233, -69.35552966]}, "properties": {"id": 1547, "src_line": 51081.5, "src_sample": 4353.5, "fit_residual_px": 0.0568, "heldout_residual_px": 0.0894}}, {"type": "Feature", "geometry": {"type": "Point", "coordinates": [32.41230381, -69.35497938]}, "properties": {"id": 1549, "src_line": 51081.5, "src_sample": 5121.5, "fit_residual_px": 0.432, "heldout_residual_px": 0.4617}}, {"type": "Feature", "geometry": {"type": "Point", "coordinates": [32.40225965, -69.35469111]}, "properties": {"id": 1550, "src_line": 51081.5, "src_sample": 5505.5, "fit_residual_px": 0.3616, "heldout_residual_px": 0.2975}}, {"type": "Feature", "geometry": {"type": "Point", "coordinates": [32.39214146, -69.3544115]}, "properties": {"id": 1551, "src_line": 51081.5, "src_sample": 5889.5, "fit_residual_px": 0.088, "heldout_residual_px": 0.1201}}, {"type": "Feature", "geometry": {"type": "Point", "coordinates": [32.38204819, -69.35414231]}, "properties": {"id": 1552, "src_line": 51081.5, "src_sample": 6273.5, "fit_residual_px": 0.3467, "heldout_residual_px": 0.3465}}, {"type": "Feature", "geometry": {"type": "Point", "coordinates": [32.3718862, -69.35384711]}, "properties": {"id": 1553, "src_line": 51081.5, "src_sample": 6657.5, "fit_residual_px": 0.0929, "heldout_residual_px": 0.0894}}, {"type": "Feature", "geometry": {"type": "Point", "coordinates": [32.36169296, -69.35355554]}, "properties": {"id": 1554, "src_line": 51081.5, "src_sample": 7041.5, "fit_residual_px": 0.1896, "heldout_residual_px": 0.2496}}, {"type": "Feature", "geometry": {"type": "Point", "coordinates": [32.35155436, -69.35327635]}, "properties": {"id": 1555, "src_line": 51081.5, "src_sample": 7425.5, "fit_residual_px": 0.0763, "heldout_residual_px": 0.0867}}, {"type": "Feature", "geometry": {"type": "Point", "coordinates": [32.341313, -69.35298926]}, "properties": {"id": 1556, "src_line": 51081.5, "src_sample": 7809.5, "fit_residual_px": 0.305, "heldout_residual_px": 0.353}}, {"type": "Feature", "geometry": {"type": "Point", "coordinates": [32.33117244, -69.35270865]}, "properties": {"id": 1557, "src_line": 51081.5, "src_sample": 8193.5, "fit_residual_px": 0.4601, "heldout_residual_px": 0.5068}}, {"type": "Feature", "geometry": {"type": "Point", "coordinates": [32.32100623, -69.35241114]}, "properties": {"id": 1558, "src_line": 51081.5, "src_sample": 8577.5, "fit_residual_px": 0.2609, "heldout_residual_px": 0.2169}}, {"type": "Feature", "geometry": {"type": "Point", "coordinates": [32.31086082, -69.35213559]}, "properties": {"id": 1559, "src_line": 51081.5, "src_sample": 8961.5, "fit_residual_px": 0.2335, "heldout_residual_px": 0.2672}}, {"type": "Feature", "geometry": {"type": "Point", "coordinates": [32.30074059, -69.35184503]}, "properties": {"id": 1560, "src_line": 51081.5, "src_sample": 9345.5, "fit_residual_px": 0.4232, "heldout_residual_px": 0.424}}, {"type": "Feature", "geometry": {"type": "Point", "coordinates": [32.29049186, -69.35157791]}, "properties": {"id": 1561, "src_line": 51081.5, "src_sample": 9729.5, "fit_residual_px": 0.2703, "heldout_residual_px": 0.2662}}, {"type": "Feature", "geometry": {"type": "Point", "coordinates": [32.28031865, -69.35129652]}, "properties": {"id": 1562, "src_line": 51081.5, "src_sample": 10113.5, "fit_residual_px": 0.3075, "heldout_residual_px": 0.2987}}, {"type": "Feature", "geometry": {"type": "Point", "coordinates": [32.27014279, -69.35101553]}, "properties": {"id": 1563, "src_line": 51081.5, "src_sample": 10497.5, "fit_residual_px": 0.2676, "heldout_residual_px": 0.2648}}, {"type": "Feature", "geometry": {"type": "Point", "coordinates": [32.25999984, -69.35072131]}, "properties": {"id": 1564, "src_line": 51081.5, "src_sample": 10881.5, "fit_residual_px": 0.2515, "heldout_residual_px": 0.2485}}, {"type": "Feature", "geometry": {"type": "Point", "coordinates": [32.24984745, -69.35044838]}, "properties": {"id": 1565, "src_line": 51081.5, "src_sample": 11265.5, "fit_residual_px": 0.1966, "heldout_residual_px": 0.1955}}, {"type": "Feature", "geometry": {"type": "Point", "coordinates": [32.23963962, -69.35016101]}, "properties": {"id": 1566, "src_line": 51081.5, "src_sample": 11649.5, "fit_residual_px": 0.2736, "heldout_residual_px": 0.27}}, {"type": "Feature", "geometry": {"type": "Point", "coordinates": [32.47339573, -69.35323875]}, "properties": {"id": 1567, "src_line": 51465.5, "src_sample": 2817.5, "fit_residual_px": 0.3628, "heldout_residual_px": 0.3623}}, {"type": "Feature", "geometry": {"type": "Point", "coordinates": [32.46329724, -69.3529284]}, "properties": {"id": 1568, "src_line": 51465.5, "src_sample": 3201.5, "fit_residual_px": 0.7503, "heldout_residual_px": 0.7499}}, {"type": "Feature", "geometry": {"type": "Point", "coordinates": [32.45334284, -69.35269494]}, "properties": {"id": 1569, "src_line": 51465.5, "src_sample": 3585.5, "fit_residual_px": 0.3082, "heldout_residual_px": 0.3134}}, {"type": "Feature", "geometry": {"type": "Point", "coordinates": [32.44326766, -69.35241742]}, "properties": {"id": 1570, "src_line": 51465.5, "src_sample": 3969.5, "fit_residual_px": 0.3231, "heldout_residual_px": 0.3373}}, {"type": "Feature", "geometry": {"type": "Point", "coordinates": [32.4331653, -69.3521348]}, "properties": {"id": 1571, "src_line": 51465.5, "src_sample": 4353.5, "fit_residual_px": 0.4064, "heldout_residual_px": 0.4287}}, {"type": "Feature", "geometry": {"type": "Point", "coordinates": [32.42311039, -69.35185]}, "properties": {"id": 1572, "src_line": 51465.5, "src_sample": 4737.5, "fit_residual_px": 0.0747, "heldout_residual_px": 0.1054}}, {"type": "Feature", "geometry": {"type": "Point", "coordinates": [32.41298844, -69.35156497]}, "properties": {"id": 1573, "src_line": 51465.5, "src_sample": 5121.5, "fit_residual_px": 0.1207, "heldout_residual_px": 0.1531}}, {"type": "Feature", "geometry": {"type": "Point", "coordinates": [32.40286837, -69.35128038]}, "properties": {"id": 1574, "src_line": 51465.5, "src_sample": 5505.5, "fit_residual_px": 0.1532, "heldout_residual_px": 0.1775}}, {"type": "Feature", "geometry": {"type": "Point", "coordinates": [32.39268931, -69.35100143]}, "properties": {"id": 1575, "src_line": 51465.5, "src_sample": 5889.5, "fit_residual_px": 0.3542, "heldout_residual_px": 0.3961}}, {"type": "Feature", "geometry": {"type": "Point", "coordinates": [32.38258823, -69.35072628]}, "properties": {"id": 1576, "src_line": 51465.5, "src_sample": 6273.5, "fit_residual_px": 0.2478, "heldout_residual_px": 0.2677}}, {"type": "Feature", "geometry": {"type": "Point", "coordinates": [32.37242248, -69.35043219]}, "properties": {"id": 1577, "src_line": 51465.5, "src_sample": 6657.5, "fit_residual_px": 0.1785, "heldout_residual_px": 0.2351}}, {"type": "Feature", "geometry": {"type": "Point", "coordinates": [32.36223026, -69.35016001]}, "properties": {"id": 1578, "src_line": 51465.5, "src_sample": 7041.5, "fit_residual_px": 0.5636, "heldout_residual_px": 0.6009}}, {"type": "Feature", "geometry": {"type": "Point", "coordinates": [32.35209813, -69.34985495]}, "properties": {"id": 1579, "src_line": 51465.5, "src_sample": 7425.5, "fit_residual_px": 0.1895, "heldout_residual_px": 0.2254}}, {"type": "Feature", "geometry": {"type": "Point", "coordinates": [32.34191625, -69.34956619]}, "properties": {"id": 1580, "src_line": 51465.5, "src_sample": 7809.5, "fit_residual_px": 0.2282, "heldout_residual_px": 0.2432}}, {"type": "Feature", "geometry": {"type": "Point", "coordinates": [32.33175426, -69.34927524]}, "properties": {"id": 1581, "src_line": 51465.5, "src_sample": 8193.5, "fit_residual_px": 0.45, "heldout_residual_px": 0.4645}}, {"type": "Feature", "geometry": {"type": "Point", "coordinates": [32.32162902, -69.34900169]}, "properties": {"id": 1582, "src_line": 51465.5, "src_sample": 8577.5, "fit_residual_px": 0.3252, "heldout_residual_px": 0.3058}}, {"type": "Feature", "geometry": {"type": "Point", "coordinates": [32.31149796, -69.34872664]}, "properties": {"id": 1583, "src_line": 51465.5, "src_sample": 8961.5, "fit_residual_px": 0.3652, "heldout_residual_px": 0.3299}}, {"type": "Feature", "geometry": {"type": "Point", "coordinates": [32.30131543, -69.34843477]}, "properties": {"id": 1584, "src_line": 51465.5, "src_sample": 9345.5, "fit_residual_px": 0.5768, "heldout_residual_px": 0.5489}}, {"type": "Feature", "geometry": {"type": "Point", "coordinates": [32.29111194, -69.3481607]}, "properties": {"id": 1585, "src_line": 51465.5, "src_sample": 9729.5, "fit_residual_px": 0.1109, "heldout_residual_px": 0.1152}}, {"type": "Feature", "geometry": {"type": "Point", "coordinates": [32.28090072, -69.34789096]}, "properties": {"id": 1586, "src_line": 51465.5, "src_sample": 10113.5, "fit_residual_px": 0.3395, "heldout_residual_px": 0.3377}}, {"type": "Feature", "geometry": {"type": "Point", "coordinates": [32.27068259, -69.3475979]}, "properties": {"id": 1587, "src_line": 51465.5, "src_sample": 10497.5, "fit_residual_px": 0.1707, "heldout_residual_px": 0.1775}}, {"type": "Feature", "geometry": {"type": "Point", "coordinates": [32.26063729, -69.34733235]}, "properties": {"id": 1588, "src_line": 51465.5, "src_sample": 10881.5, "fit_residual_px": 0.1535, "heldout_residual_px": 0.1521}}, {"type": "Feature", "geometry": {"type": "Point", "coordinates": [32.25048097, -69.34704864]}, "properties": {"id": 1589, "src_line": 51465.5, "src_sample": 11265.5, "fit_residual_px": 0.0508, "heldout_residual_px": 0.0538}}, {"type": "Feature", "geometry": {"type": "Point", "coordinates": [32.24025925, -69.34678045]}, "properties": {"id": 1590, "src_line": 51465.5, "src_sample": 11649.5, "fit_residual_px": 0.4027, "heldout_residual_px": 0.3896}}, {"type": "Feature", "geometry": {"type": "Point", "coordinates": [32.47397265, -69.34984529]}, "properties": {"id": 1591, "src_line": 51849.5, "src_sample": 2817.5, "fit_residual_px": 0.2841, "heldout_residual_px": 0.2744}}, {"type": "Feature", "geometry": {"type": "Point", "coordinates": [32.46391961, -69.34954775]}, "properties": {"id": 1592, "src_line": 51849.5, "src_sample": 3201.5, "fit_residual_px": 0.2241, "heldout_residual_px": 0.2325}}, {"type": "Feature", "geometry": {"type": "Point", "coordinates": [32.45394017, -69.34928038]}, "properties": {"id": 1593, "src_line": 51849.5, "src_sample": 3585.5, "fit_residual_px": 0.1873, "heldout_residual_px": 0.1991}}, {"type": "Feature", "geometry": {"type": "Point", "coordinates": [32.44384557, -69.34901618]}, "properties": {"id": 1594, "src_line": 51849.5, "src_sample": 3969.5, "fit_residual_px": 0.2995, "heldout_residual_px": 0.2924}}, {"type": "Feature", "geometry": {"type": "Point", "coordinates": [32.43375463, -69.34871479]}, "properties": {"id": 1595, "src_line": 51849.5, "src_sample": 4353.5, "fit_residual_px": 0.2717, "heldout_residual_px": 0.2695}}, {"type": "Feature", "geometry": {"type": "Point", "coordinates": [32.42363055, -69.34843563]}, "properties": {"id": 1596, "src_line": 51849.5, "src_sample": 4737.5, "fit_residual_px": 0.1613, "heldout_residual_px": 0.1391}}, {"type": "Feature", "geometry": {"type": "Point", "coordinates": [32.41353309, -69.34815515]}, "properties": {"id": 1597, "src_line": 51849.5, "src_sample": 5121.5, "fit_residual_px": 0.1731, "heldout_residual_px": 0.1417}}, {"type": "Feature", "geometry": {"type": "Point", "coordinates": [32.40339595, -69.34786488]}, "properties": {"id": 1598, "src_line": 51849.5, "src_sample": 5505.5, "fit_residual_px": 0.269, "heldout_residual_px": 0.3}}, {"type": "Feature", "geometry": {"type": "Point", "coordinates": [32.39322469, -69.34759118]}, "properties": {"id": 1599, "src_line": 51849.5, "src_sample": 5889.5, "fit_residual_px": 0.2131, "heldout_residual_px": 0.2477}}, {"type": "Feature", "geometry": {"type": "Point", "coordinates": [32.3831042, -69.34730601]}, "properties": {"id": 1600, "src_line": 51849.5, "src_sample": 6273.5, "fit_residual_px": 0.1862, "heldout_residual_px": 0.24}}, {"type": "Feature", "geometry": {"type": "Point", "coordinates": [32.37295841, -69.347019]}, "properties": {"id": 1601, "src_line": 51849.5, "src_sample": 6657.5, "fit_residual_px": 0.3345, "heldout_residual_px": 0.3942}}, {"type": "Feature", "geometry": {"type": "Point", "coordinates": [32.36277399, -69.34674633]}, "properties": {"id": 1602, "src_line": 51849.5, "src_sample": 7041.5, "fit_residual_px": 0.5562, "heldout_residual_px": 0.6034}}, {"type": "Feature", "geometry": {"type": "Point", "coordinates": [32.35261526, -69.34645558]}, "properties": {"id": 1603, "src_line": 51849.5, "src_sample": 7425.5, "fit_residual_px": 0.2508, "heldout_residual_px": 0.2804}}, {"type": "Feature", "geometry": {"type": "Point", "coordinates": [32.3424952, -69.34618438]}, "properties": {"id": 1604, "src_line": 51849.5, "src_sample": 7809.5, "fit_residual_px": 0.4959, "heldout_residual_px": 0.5254}}, {"type": "Feature", "geometry": {"type": "Point", "coordinates": [32.33227509, -69.34588164]}, "properties": {"id": 1605, "src_line": 51849.5, "src_sample": 8193.5, "fit_residual_px": 0.1359, "heldout_residual_px": 0.171}}, {"type": "Feature", "geometry": {"type": "Point", "coordinates": [32.32220491, -69.34561834]}, "properties": {"id": 1606, "src_line": 51849.5, "src_sample": 8577.5, "fit_residual_px": 0.3493, "heldout_residual_px": 0.3548}}, {"type": "Feature", "geometry": {"type": "Point", "coordinates": [32.31204482, -69.34533036]}, "properties": {"id": 1607, "src_line": 51849.5, "src_sample": 8961.5, "fit_residual_px": 0.2098, "heldout_residual_px": 0.2344}}, {"type": "Feature", "geometry": {"type": "Point", "coordinates": [32.30189799, -69.34505547]}, "properties": {"id": 1608, "src_line": 51849.5, "src_sample": 9345.5, "fit_residual_px": 0.3233, "heldout_residual_px": 0.3295}}, {"type": "Feature", "geometry": {"type": "Point", "coordinates": [32.29173145, -69.34476592]}, "properties": {"id": 1609, "src_line": 51849.5, "src_sample": 9729.5, "fit_residual_px": 0.2833, "heldout_residual_px": 0.307}}, {"type": "Feature", "geometry": {"type": "Point", "coordinates": [32.28153793, -69.34447839]}, "properties": {"id": 1610, "src_line": 51849.5, "src_sample": 10113.5, "fit_residual_px": 0.2569, "heldout_residual_px": 0.2386}}, {"type": "Feature", "geometry": {"type": "Point", "coordinates": [32.27132851, -69.34418725]}, "properties": {"id": 1611, "src_line": 51849.5, "src_sample": 10497.5, "fit_residual_px": 0.1286, "heldout_residual_px": 0.1293}}, {"type": "Feature", "geometry": {"type": "Point", "coordinates": [32.26128519, -69.34392459]}, "properties": {"id": 1612, "src_line": 51849.5, "src_sample": 10881.5, "fit_residual_px": 0.1914, "heldout_residual_px": 0.1955}}, {"type": "Feature", "geometry": {"type": "Point", "coordinates": [32.25107339, -69.34364268]}, "properties": {"id": 1613, "src_line": 51849.5, "src_sample": 11265.5, "fit_residual_px": 0.1864, "heldout_residual_px": 0.1587}}, {"type": "Feature", "geometry": {"type": "Point", "coordinates": [32.24089761, -69.34336584]}, "properties": {"id": 1614, "src_line": 51849.5, "src_sample": 11649.5, "fit_residual_px": 0.1709, "heldout_residual_px": 0.1383}}, {"type": "Feature", "geometry": {"type": "Point", "coordinates": [32.47457998, -69.34643533]}, "properties": {"id": 1615, "src_line": 52233.5, "src_sample": 2817.5, "fit_residual_px": 0.1261, "heldout_residual_px": 0.1342}}, {"type": "Feature", "geometry": {"type": "Point", "coordinates": [32.46439461, -69.34614854]}, "properties": {"id": 1616, "src_line": 52233.5, "src_sample": 3201.5, "fit_residual_px": 0.338, "heldout_residual_px": 0.3337}}, {"type": "Feature", "geometry": {"type": "Point", "coordinates": [32.45450908, -69.34588222]}, "properties": {"id": 1617, "src_line": 52233.5, "src_sample": 3585.5, "fit_residual_px": 0.0423, "heldout_residual_px": 0.0572}}, {"type": "Feature", "geometry": {"type": "Point", "coordinates": [32.42419315, -69.34503545]}, "properties": {"id": 1618, "src_line": 52233.5, "src_sample": 4737.5, "fit_residual_px": 0.2899, "heldout_residual_px": 0.2536}}, {"type": "Feature", "geometry": {"type": "Point", "coordinates": [32.4140469, -69.34473963]}, "properties": {"id": 1619, "src_line": 52233.5, "src_sample": 5121.5, "fit_residual_px": 0.2852, "heldout_residual_px": 0.2597}}, {"type": "Feature", "geometry": {"type": "Point", "coordinates": [32.40392092, -69.34445186]}, "properties": {"id": 1620, "src_line": 52233.5, "src_sample": 5505.5, "fit_residual_px": 0.3186, "heldout_residual_px": 0.3392}}, {"type": "Feature", "geometry": {"type": "Point", "coordinates": [32.39376924, -69.34417997]}, "properties": {"id": 1621, "src_line": 52233.5, "src_sample": 5889.5, "fit_residual_px": 0.1269, "heldout_residual_px": 0.1687}}, {"type": "Feature", "geometry": {"type": "Point", "coordinates": [32.38364176, -69.34389739]}, "properties": {"id": 1622, "src_line": 52233.5, "src_sample": 6273.5, "fit_residual_px": 0.1119, "heldout_residual_px": 0.1579}}, {"type": "Feature", "geometry": {"type": "Point", "coordinates": [32.3735349, -69.3436013]}, "properties": {"id": 1623, "src_line": 52233.5, "src_sample": 6657.5, "fit_residual_px": 0.3988, "heldout_residual_px": 0.372}}, {"type": "Feature", "geometry": {"type": "Point", "coordinates": [32.36329604, -69.34331342]}, "properties": {"id": 1624, "src_line": 52233.5, "src_sample": 7041.5, "fit_residual_px": 0.37, "heldout_residual_px": 0.3121}}, {"type": "Feature", "geometry": {"type": "Point", "coordinates": [32.35327108, -69.34303876]}, "properties": {"id": 1625, "src_line": 52233.5, "src_sample": 7425.5, "fit_residual_px": 0.3895, "heldout_residual_px": 0.3603}}, {"type": "Feature", "geometry": {"type": "Point", "coordinates": [32.34313119, -69.34275543]}, "properties": {"id": 1626, "src_line": 52233.5, "src_sample": 7809.5, "fit_residual_px": 0.4091, "heldout_residual_px": 0.4301}}, {"type": "Feature", "geometry": {"type": "Point", "coordinates": [32.33296679, -69.34248375]}, "properties": {"id": 1627, "src_line": 52233.5, "src_sample": 8193.5, "fit_residual_px": 0.238, "heldout_residual_px": 0.2856}}, {"type": "Feature", "geometry": {"type": "Point", "coordinates": [32.32282663, -69.34220221]}, "properties": {"id": 1628, "src_line": 52233.5, "src_sample": 8577.5, "fit_residual_px": 0.0811, "heldout_residual_px": 0.0917}}, {"type": "Feature", "geometry": {"type": "Point", "coordinates": [32.3126606, -69.34191476]}, "properties": {"id": 1629, "src_line": 52233.5, "src_sample": 8961.5, "fit_residual_px": 0.2143, "heldout_residual_px": 0.2326}}, {"type": "Feature", "geometry": {"type": "Point", "coordinates": [32.3025358, -69.34162634]}, "properties": {"id": 1630, "src_line": 52233.5, "src_sample": 9345.5, "fit_residual_px": 0.6013, "heldout_residual_px": 0.5779}}, {"type": "Feature", "geometry": {"type": "Point", "coordinates": [32.29236103, -69.34136122]}, "properties": {"id": 1631, "src_line": 52233.5, "src_sample": 9729.5, "fit_residual_px": 0.1589, "heldout_residual_px": 0.1281}}, {"type": "Feature", "geometry": {"type": "Point", "coordinates": [32.28220634, -69.34108025]}, "properties": {"id": 1632, "src_line": 52233.5, "src_sample": 10113.5, "fit_residual_px": 0.2556, "heldout_residual_px": 0.2312}}, {"type": "Feature", "geometry": {"type": "Point", "coordinates": [32.27199635, -69.34080291]}, "properties": {"id": 1633, "src_line": 52233.5, "src_sample": 10497.5, "fit_residual_px": 0.2475, "heldout_residual_px": 0.2585}}, {"type": "Feature", "geometry": {"type": "Point", "coordinates": [32.26181921, -69.34052105]}, "properties": {"id": 1634, "src_line": 52233.5, "src_sample": 10881.5, "fit_residual_px": 0.1914, "heldout_residual_px": 0.1898}}, {"type": "Feature", "geometry": {"type": "Point", "coordinates": [32.25172844, -69.34024082]}, "properties": {"id": 1635, "src_line": 52233.5, "src_sample": 11265.5, "fit_residual_px": 0.1281, "heldout_residual_px": 0.1397}}, {"type": "Feature", "geometry": {"type": "Point", "coordinates": [32.24150412, -69.33994807]}, "properties": {"id": 1636, "src_line": 52233.5, "src_sample": 11649.5, "fit_residual_px": 0.307, "heldout_residual_px": 0.3147}}, {"type": "Feature", "geometry": {"type": "Point", "coordinates": [32.47519978, -69.34302986]}, "properties": {"id": 1637, "src_line": 52617.5, "src_sample": 2817.5, "fit_residual_px": 0.2096, "heldout_residual_px": 0.219}}, {"type": "Feature", "geometry": {"type": "Point", "coordinates": [32.46517517, -69.34273944]}, "properties": {"id": 1638, "src_line": 52617.5, "src_sample": 3201.5, "fit_residual_px": 0.4759, "heldout_residual_px": 0.4858}}, {"type": "Feature", "geometry": {"type": "Point", "coordinates": [32.45513099, -69.34247039]}, "properties": {"id": 1639, "src_line": 52617.5, "src_sample": 3585.5, "fit_residual_px": 0.3619, "heldout_residual_px": 0.3656}}, {"type": "Feature", "geometry": {"type": "Point", "coordinates": [32.42480614, -69.34163834]}, "properties": {"id": 1640, "src_line": 52617.5, "src_sample": 4737.5, "fit_residual_px": 0.3633, "heldout_residual_px": 0.335}}, {"type": "Feature", "geometry": {"type": "Point", "coordinates": [32.41469643, -69.34133577]}, "properties": {"id": 1641, "src_line": 52617.5, "src_sample": 5121.5, "fit_residual_px": 0.3599, "heldout_residual_px": 0.3439}}, {"type": "Feature", "geometry": {"type": "Point", "coordinates": [32.40454891, -69.34106503]}, "properties": {"id": 1642, "src_line": 52617.5, "src_sample": 5505.5, "fit_residual_px": 0.2621, "heldout_residual_px": 0.2223}}, {"type": "Feature", "geometry": {"type": "Point", "coordinates": [32.39438341, -69.34076664]}, "properties": {"id": 1643, "src_line": 52617.5, "src_sample": 5889.5, "fit_residual_px": 0.1552, "heldout_residual_px": 0.1786}}, {"type": "Feature", "geometry": {"type": "Point", "coordinates": [32.3842236, -69.34049406]}, "properties": {"id": 1644, "src_line": 52617.5, "src_sample": 6273.5, "fit_residual_px": 0.2455, "heldout_residual_px": 0.2678}}, {"type": "Feature", "geometry": {"type": "Point", "coordinates": [32.37405296, -69.34019795]}, "properties": {"id": 1645, "src_line": 52617.5, "src_sample": 6657.5, "fit_residual_px": 0.3123, "heldout_residual_px": 0.3661}}, {"type": "Feature", "geometry": {"type": "Point", "coordinates": [32.36394553, -69.33992662]}, "properties": {"id": 1646, "src_line": 52617.5, "src_sample": 7041.5, "fit_residual_px": 0.3122, "heldout_residual_px": 0.3567}}, {"type": "Feature", "geometry": {"type": "Point", "coordinates": [32.35382037, -69.33964605]}, "properties": {"id": 1647, "src_line": 52617.5, "src_sample": 7425.5, "fit_residual_px": 0.2424, "heldout_residual_px": 0.2725}}, {"type": "Feature", "geometry": {"type": "Point", "coordinates": [32.34368938, -69.33936526]}, "properties": {"id": 1648, "src_line": 52617.5, "src_sample": 7809.5, "fit_residual_px": 0.2675, "heldout_residual_px": 0.3032}}, {"type": "Feature", "geometry": {"type": "Point", "coordinates": [32.33354963, -69.33908188]}, "properties": {"id": 1649, "src_line": 52617.5, "src_sample": 8193.5, "fit_residual_px": 0.2032, "heldout_residual_px": 0.2398}}, {"type": "Feature", "geometry": {"type": "Point", "coordinates": [32.32343016, -69.33880547]}, "properties": {"id": 1650, "src_line": 52617.5, "src_sample": 8577.5, "fit_residual_px": 0.2411, "heldout_residual_px": 0.2224}}, {"type": "Feature", "geometry": {"type": "Point", "coordinates": [32.31321961, -69.33850582]}, "properties": {"id": 1651, "src_line": 52617.5, "src_sample": 8961.5, "fit_residual_px": 0.1808, "heldout_residual_px": 0.2205}}, {"type": "Feature", "geometry": {"type": "Point", "coordinates": [32.30310792, -69.33823847]}, "properties": {"id": 1652, "src_line": 52617.5, "src_sample": 9345.5, "fit_residual_px": 0.1581, "heldout_residual_px": 0.1785}}, {"type": "Feature", "geometry": {"type": "Point", "coordinates": [32.28286215, -69.33767192]}, "properties": {"id": 1653, "src_line": 52617.5, "src_sample": 10113.5, "fit_residual_px": 0.3468, "heldout_residual_px": 0.3298}}, {"type": "Feature", "geometry": {"type": "Point", "coordinates": [32.27266778, -69.33739858]}, "properties": {"id": 1654, "src_line": 52617.5, "src_sample": 10497.5, "fit_residual_px": 0.1559, "heldout_residual_px": 0.1682}}, {"type": "Feature", "geometry": {"type": "Point", "coordinates": [32.26259292, -69.33712799]}, "properties": {"id": 1655, "src_line": 52617.5, "src_sample": 10881.5, "fit_residual_px": 0.0352, "heldout_residual_px": 0.0336}}, {"type": "Feature", "geometry": {"type": "Point", "coordinates": [32.2524091, -69.33684184]}, "properties": {"id": 1656, "src_line": 52617.5, "src_sample": 11265.5, "fit_residual_px": 0.1901, "heldout_residual_px": 0.2029}}, {"type": "Feature", "geometry": {"type": "Point", "coordinates": [32.24220857, -69.33655091]}, "properties": {"id": 1657, "src_line": 52617.5, "src_sample": 11649.5, "fit_residual_px": 0.3089, "heldout_residual_px": 0.3183}}, {"type": "Feature", "geometry": {"type": "Point", "coordinates": [32.47574712, -69.33963559]}, "properties": {"id": 1658, "src_line": 53001.5, "src_sample": 2817.5, "fit_residual_px": 0.4507, "heldout_residual_px": 0.4466}}, {"type": "Feature", "geometry": {"type": "Point", "coordinates": [32.46577728, -69.33936204]}, "properties": {"id": 1659, "src_line": 53001.5, "src_sample": 3201.5, "fit_residual_px": 0.3691, "heldout_residual_px": 0.3621}}, {"type": "Feature", "geometry": {"type": "Point", "coordinates": [32.45568628, -69.33907976]}, "properties": {"id": 1660, "src_line": 53001.5, "src_sample": 3585.5, "fit_residual_px": 0.3361, "heldout_residual_px": 0.3292}}, {"type": "Feature", "geometry": {"type": "Point", "coordinates": [32.44561773, -69.33880895]}, "properties": {"id": 1661, "src_line": 53001.5, "src_sample": 3969.5, "fit_residual_px": 0.6021, "heldout_residual_px": 0.5997}}, {"type": "Feature", "geometry": {"type": "Point", "coordinates": [32.43565152, -69.33851715]}, "properties": {"id": 1662, "src_line": 53001.5, "src_sample": 4353.5, "fit_residual_px": 0.1102, "heldout_residual_px": 0.1268}}, {"type": "Feature", "geometry": {"type": "Point", "coordinates": [32.42553991, -69.33823466]}, "properties": {"id": 1663, "src_line": 53001.5, "src_sample": 4737.5, "fit_residual_px": 0.1055, "heldout_residual_px": 0.1293}}, {"type": "Feature", "geometry": {"type": "Point", "coordinates": [32.41535251, -69.33795164]}, "properties": {"id": 1664, "src_line": 53001.5, "src_sample": 5121.5, "fit_residual_px": 0.2431, "heldout_residual_px": 0.264}}, {"type": "Feature", "geometry": {"type": "Point", "coordinates": [32.40513188, -69.33765475]}, "properties": {"id": 1665, "src_line": 53001.5, "src_sample": 5505.5, "fit_residual_px": 0.3373, "heldout_residual_px": 0.3754}}, {"type": "Feature", "geometry": {"type": "Point", "coordinates": [32.39503477, -69.33735899]}, "properties": {"id": 1666, "src_line": 53001.5, "src_sample": 5889.5, "fit_residual_px": 0.2932, "heldout_residual_px": 0.3093}}, {"type": "Feature", "geometry": {"type": "Point", "coordinates": [32.38479789, -69.33706442]}, "properties": {"id": 1667, "src_line": 53001.5, "src_sample": 6273.5, "fit_residual_px": 0.5016, "heldout_residual_px": 0.5418}}, {"type": "Feature", "geometry": {"type": "Point", "coordinates": [32.37465944, -69.33680385]}, "properties": {"id": 1668, "src_line": 53001.5, "src_sample": 6657.5, "fit_residual_px": 0.4179, "heldout_residual_px": 0.4409}}, {"type": "Feature", "geometry": {"type": "Point", "coordinates": [32.36458519, -69.33651167]}, "properties": {"id": 1669, "src_line": 53001.5, "src_sample": 7041.5, "fit_residual_px": 0.1528, "heldout_residual_px": 0.1986}}, {"type": "Feature", "geometry": {"type": "Point", "coordinates": [32.3544673, -69.33623354]}, "properties": {"id": 1670, "src_line": 53001.5, "src_sample": 7425.5, "fit_residual_px": 0.1022, "heldout_residual_px": 0.1505}}, {"type": "Feature", "geometry": {"type": "Point", "coordinates": [32.34433071, -69.33595393]}, "properties": {"id": 1671, "src_line": 53001.5, "src_sample": 7809.5, "fit_residual_px": 0.1273, "heldout_residual_px": 0.1743}}, {"type": "Feature", "geometry": {"type": "Point", "coordinates": [32.33422348, -69.33567986]}, "properties": {"id": 1672, "src_line": 53001.5, "src_sample": 8193.5, "fit_residual_px": 0.1728, "heldout_residual_px": 0.1465}}, {"type": "Feature", "geometry": {"type": "Point", "coordinates": [32.32406792, -69.33539308]}, "properties": {"id": 1673, "src_line": 53001.5, "src_sample": 8577.5, "fit_residual_px": 0.1178, "heldout_residual_px": 0.075}}, {"type": "Feature", "geometry": {"type": "Point", "coordinates": [32.31392109, -69.33510706]}, "properties": {"id": 1674, "src_line": 53001.5, "src_sample": 8961.5, "fit_residual_px": 0.1304, "heldout_residual_px": 0.1099}}, {"type": "Feature", "geometry": {"type": "Point", "coordinates": [32.30380691, -69.33481784]}, "properties": {"id": 1675, "src_line": 53001.5, "src_sample": 9345.5, "fit_residual_px": 0.4468, "heldout_residual_px": 0.4446}}, {"type": "Feature", "geometry": {"type": "Point", "coordinates": [32.29367322, -69.33456197]}, "properties": {"id": 1676, "src_line": 53001.5, "src_sample": 9729.5, "fit_residual_px": 0.2753, "heldout_residual_px": 0.2955}}, {"type": "Feature", "geometry": {"type": "Point", "coordinates": [32.28351509, -69.3342577]}, "properties": {"id": 1677, "src_line": 53001.5, "src_sample": 10113.5, "fit_residual_px": 0.5548, "heldout_residual_px": 0.549}}, {"type": "Feature", "geometry": {"type": "Point", "coordinates": [32.2733413, -69.33399771]}, "properties": {"id": 1678, "src_line": 53001.5, "src_sample": 10497.5, "fit_residual_px": 0.1155, "heldout_residual_px": 0.1198}}, {"type": "Feature", "geometry": {"type": "Point", "coordinates": [32.2632672, -69.3337374]}, "properties": {"id": 1679, "src_line": 53001.5, "src_sample": 10881.5, "fit_residual_px": 0.4638, "heldout_residual_px": 0.4571}}, {"type": "Feature", "geometry": {"type": "Point", "coordinates": [32.25305282, -69.33344337]}, "properties": {"id": 1680, "src_line": 53001.5, "src_sample": 11265.5, "fit_residual_px": 0.4697, "heldout_residual_px": 0.4679}}, {"type": "Feature", "geometry": {"type": "Point", "coordinates": [32.24286909, -69.33315959]}, "properties": {"id": 1681, "src_line": 53001.5, "src_sample": 11649.5, "fit_residual_px": 0.2238, "heldout_residual_px": 0.2107}}, {"type": "Feature", "geometry": {"type": "Point", "coordinates": [32.47625404, -69.3362173]}, "properties": {"id": 1682, "src_line": 53385.5, "src_sample": 2817.5, "fit_residual_px": 0.4248, "heldout_residual_px": 0.3345}}, {"type": "Feature", "geometry": {"type": "Point", "coordinates": [32.46637388, -69.33594628]}, "properties": {"id": 1683, "src_line": 53385.5, "src_sample": 3201.5, "fit_residual_px": 0.5442, "heldout_residual_px": 0.504}}, {"type": "Feature", "geometry": {"type": "Point", "coordinates": [32.45644337, -69.33569048]}, "properties": {"id": 1684, "src_line": 53385.5, "src_sample": 3585.5, "fit_residual_px": 0.2571, "heldout_residual_px": 0.176}}, {"type": "Feature", "geometry": {"type": "Point", "coordinates": [32.44641533, -69.33540171]}, "properties": {"id": 1685, "src_line": 53385.5, "src_sample": 3969.5, "fit_residual_px": 0.1545, "heldout_residual_px": 0.2126}}, {"type": "Feature", "geometry": {"type": "Point", "coordinates": [32.43634094, -69.33512296]}, "properties": {"id": 1686, "src_line": 53385.5, "src_sample": 4353.5, "fit_residual_px": 0.1756, "heldout_residual_px": 0.2049}}, {"type": "Feature", "geometry": {"type": "Point", "coordinates": [32.42621028, -69.33485492]}, "properties": {"id": 1687, "src_line": 53385.5, "src_sample": 4737.5, "fit_residual_px": 0.427, "heldout_residual_px": 0.3599}}, {"type": "Feature", "geometry": {"type": "Point", "coordinates": [32.41606583, -69.33454119]}, "properties": {"id": 1688, "src_line": 53385.5, "src_sample": 5121.5, "fit_residual_px": 0.3153, "heldout_residual_px": 0.3722}}, {"type": "Feature", "geometry": {"type": "Point", "coordinates": [32.40587779, -69.33426116]}, "properties": {"id": 1689, "src_line": 53385.5, "src_sample": 5505.5, "fit_residual_px": 0.2259, "heldout_residual_px": 0.226}}, {"type": "Feature", "geometry": {"type": "Point", "coordinates": [32.39567254, -69.33395204]}, "properties": {"id": 1690, "src_line": 53385.5, "src_sample": 5889.5, "fit_residual_px": 0.419, "heldout_residual_px": 0.4486}}, {"type": "Feature", "geometry": {"type": "Point", "coordinates": [32.38543739, -69.33365906]}, "properties": {"id": 1691, "src_line": 53385.5, "src_sample": 6273.5, "fit_residual_px": 0.319, "heldout_residual_px": 0.3417}}, {"type": "Feature", "geometry": {"type": "Point", "coordinates": [32.37526964, -69.33338681]}, "properties": {"id": 1692, "src_line": 53385.5, "src_sample": 6657.5, "fit_residual_px": 0.13, "heldout_residual_px": 0.1475}}, {"type": "Feature", "geometry": {"type": "Point", "coordinates": [32.36517711, -69.3331128]}, "properties": {"id": 1693, "src_line": 53385.5, "src_sample": 7041.5, "fit_residual_px": 0.1917, "heldout_residual_px": 0.19}}, {"type": "Feature", "geometry": {"type": "Point", "coordinates": [32.35509943, -69.33282513]}, "properties": {"id": 1694, "src_line": 53385.5, "src_sample": 7425.5, "fit_residual_px": 0.142, "heldout_residual_px": 0.1525}}, {"type": "Feature", "geometry": {"type": "Point", "coordinates": [32.34500965, -69.33255475]}, "properties": {"id": 1695, "src_line": 53385.5, "src_sample": 7809.5, "fit_residual_px": 0.1841, "heldout_residual_px": 0.1752}}, {"type": "Feature", "geometry": {"type": "Point", "coordinates": [32.33486124, -69.33229293]}, "properties": {"id": 1696, "src_line": 53385.5, "src_sample": 8193.5, "fit_residual_px": 0.7176, "heldout_residual_px": 0.7127}}, {"type": "Feature", "geometry": {"type": "Point", "coordinates": [32.3247835, -69.33198019]}, "properties": {"id": 1697, "src_line": 53385.5, "src_sample": 8577.5, "fit_residual_px": 0.5173, "heldout_residual_px": 0.5246}}, {"type": "Feature", "geometry": {"type": "Point", "coordinates": [32.31457084, -69.3317236]}, "properties": {"id": 1698, "src_line": 53385.5, "src_sample": 8961.5, "fit_residual_px": 0.437, "heldout_residual_px": 0.4336}}, {"type": "Feature", "geometry": {"type": "Point", "coordinates": [32.30447132, -69.33143193]}, "properties": {"id": 1699, "src_line": 53385.5, "src_sample": 9345.5, "fit_residual_px": 0.1682, "heldout_residual_px": 0.1426}}, {"type": "Feature", "geometry": {"type": "Point", "coordinates": [32.29434021, -69.33115857]}, "properties": {"id": 1700, "src_line": 53385.5, "src_sample": 9729.5, "fit_residual_px": 0.1342, "heldout_residual_px": 0.164}}, {"type": "Feature", "geometry": {"type": "Point", "coordinates": [32.28416676, -69.33087173]}, "properties": {"id": 1701, "src_line": 53385.5, "src_sample": 10113.5, "fit_residual_px": 0.1619, "heldout_residual_px": 0.2077}}, {"type": "Feature", "geometry": {"type": "Point", "coordinates": [32.27403963, -69.33060364]}, "properties": {"id": 1702, "src_line": 53385.5, "src_sample": 10497.5, "fit_residual_px": 0.3272, "heldout_residual_px": 0.3734}}, {"type": "Feature", "geometry": {"type": "Point", "coordinates": [32.26394107, -69.33033665]}, "properties": {"id": 1703, "src_line": 53385.5, "src_sample": 10881.5, "fit_residual_px": 0.332, "heldout_residual_px": 0.3252}}, {"type": "Feature", "geometry": {"type": "Point", "coordinates": [32.25383282, -69.33004915]}, "properties": {"id": 1704, "src_line": 53385.5, "src_sample": 11265.5, "fit_residual_px": 0.0643, "heldout_residual_px": 0.1099}}, {"type": "Feature", "geometry": {"type": "Point", "coordinates": [32.24354314, -69.32975738]}, "properties": {"id": 1705, "src_line": 53385.5, "src_sample": 11649.5, "fit_residual_px": 0.0495, "heldout_residual_px": 0.0676}}, {"type": "Feature", "geometry": {"type": "Point", "coordinates": [32.47693177, -69.33280129]}, "properties": {"id": 1706, "src_line": 53769.5, "src_sample": 2817.5, "fit_residual_px": 0.1996, "heldout_residual_px": 0.3164}}, {"type": "Feature", "geometry": {"type": "Point", "coordinates": [32.46706044, -69.33253818]}, "properties": {"id": 1707, "src_line": 53769.5, "src_sample": 3201.5, "fit_residual_px": 0.3549, "heldout_residual_px": 0.4612}}, {"type": "Feature", "geometry": {"type": "Point", "coordinates": [32.4571304, -69.33227731]}, "properties": {"id": 1708, "src_line": 53769.5, "src_sample": 3585.5, "fit_residual_px": 0.3228, "heldout_residual_px": 0.4413}}, {"type": "Feature", "geometry": {"type": "Point", "coordinates": [32.4470786, -69.33202478]}, "properties": {"id": 1709, "src_line": 53769.5, "src_sample": 3969.5, "fit_residual_px": 0.397, "heldout_residual_px": 0.2915}}, {"type": "Feature", "geometry": {"type": "Point", "coordinates": [32.43708619, -69.3317303]}, "properties": {"id": 1710, "src_line": 53769.5, "src_sample": 4353.5, "fit_residual_px": 0.4126, "heldout_residual_px": 0.5058}}, {"type": "Feature", "geometry": {"type": "Point", "coordinates": [32.42688156, -69.33143813]}, "properties": {"id": 1711, "src_line": 53769.5, "src_sample": 4737.5, "fit_residual_px": 0.174, "heldout_residual_px": 0.2563}}, {"type": "Feature", "geometry": {"type": "Point", "coordinates": [32.41672031, -69.33114506]}, "properties": {"id": 1712, "src_line": 53769.5, "src_sample": 5121.5, "fit_residual_px": 0.4694, "heldout_residual_px": 0.5152}}, {"type": "Feature", "geometry": {"type": "Point", "coordinates": [32.40653231, -69.33086127]}, "properties": {"id": 1713, "src_line": 53769.5, "src_sample": 5505.5, "fit_residual_px": 0.1639, "heldout_residual_px": 0.1843}}, {"type": "Feature", "geometry": {"type": "Point", "coordinates": [32.39623532, -69.33056483]}, "properties": {"id": 1714, "src_line": 53769.5, "src_sample": 5889.5, "fit_residual_px": 0.1902, "heldout_residual_px": 0.1695}}, {"type": "Feature", "geometry": {"type": "Point", "coordinates": [32.3860139, -69.33025907]}, "properties": {"id": 1715, "src_line": 53769.5, "src_sample": 6273.5, "fit_residual_px": 0.1213, "heldout_residual_px": 0.1279}}, {"type": "Feature", "geometry": {"type": "Point", "coordinates": [32.37592859, -69.3299854]}, "properties": {"id": 1716, "src_line": 53769.5, "src_sample": 6657.5, "fit_residual_px": 0.0778, "heldout_residual_px": 0.1124}}, {"type": "Feature", "geometry": {"type": "Point", "coordinates": [32.36581407, -69.32971069]}, "properties": {"id": 1717, "src_line": 53769.5, "src_sample": 7041.5, "fit_residual_px": 0.3929, "heldout_residual_px": 0.3582}}, {"type": "Feature", "geometry": {"type": "Point", "coordinates": [32.35568098, -69.32942616]}, "properties": {"id": 1718, "src_line": 53769.5, "src_sample": 7425.5, "fit_residual_px": 0.1145, "heldout_residual_px": 0.0962}}, {"type": "Feature", "geometry": {"type": "Point", "coordinates": [32.34564662, -69.32914863]}, "properties": {"id": 1719, "src_line": 53769.5, "src_sample": 7809.5, "fit_residual_px": 0.1346, "heldout_residual_px": 0.1352}}, {"type": "Feature", "geometry": {"type": "Point", "coordinates": [32.33551868, -69.32888877]}, "properties": {"id": 1720, "src_line": 53769.5, "src_sample": 8193.5, "fit_residual_px": 0.4335, "heldout_residual_px": 0.4257}}, {"type": "Feature", "geometry": {"type": "Point", "coordinates": [32.3253943, -69.32860961]}, "properties": {"id": 1721, "src_line": 53769.5, "src_sample": 8577.5, "fit_residual_px": 0.5682, "heldout_residual_px": 0.5591}}, {"type": "Feature", "geometry": {"type": "Point", "coordinates": [32.31529458, -69.32831656]}, "properties": {"id": 1722, "src_line": 53769.5, "src_sample": 8961.5, "fit_residual_px": 0.3608, "heldout_residual_px": 0.3665}}, {"type": "Feature", "geometry": {"type": "Point", "coordinates": [32.30516345, -69.32804006]}, "properties": {"id": 1723, "src_line": 53769.5, "src_sample": 9345.5, "fit_residual_px": 0.1149, "heldout_residual_px": 0.1401}}, {"type": "Feature", "geometry": {"type": "Point", "coordinates": [32.29506445, -69.32775225]}, "properties": {"id": 1724, "src_line": 53769.5, "src_sample": 9729.5, "fit_residual_px": 0.3412, "heldout_residual_px": 0.3709}}, {"type": "Feature", "geometry": {"type": "Point", "coordinates": [32.28483441, -69.32749273]}, "properties": {"id": 1725, "src_line": 53769.5, "src_sample": 10113.5, "fit_residual_px": 0.5347, "heldout_residual_px": 0.511}}, {"type": "Feature", "geometry": {"type": "Point", "coordinates": [32.27474411, -69.32720589]}, "properties": {"id": 1726, "src_line": 53769.5, "src_sample": 10497.5, "fit_residual_px": 0.1473, "heldout_residual_px": 0.0989}}, {"type": "Feature", "geometry": {"type": "Point", "coordinates": [32.26470482, -69.32693529]}, "properties": {"id": 1727, "src_line": 53769.5, "src_sample": 10881.5, "fit_residual_px": 0.6841, "heldout_residual_px": 0.7929}}, {"type": "Feature", "geometry": {"type": "Point", "coordinates": [32.25452, -69.32665407]}, "properties": {"id": 1728, "src_line": 53769.5, "src_sample": 11265.5, "fit_residual_px": 0.3295, "heldout_residual_px": 0.4528}}, {"type": "Feature", "geometry": {"type": "Point", "coordinates": [32.24421482, -69.32637695]}, "properties": {"id": 1729, "src_line": 53769.5, "src_sample": 11649.5, "fit_residual_px": 0.572, "heldout_residual_px": 0.5136}}, {"type": "Feature", "geometry": {"type": "Point", "coordinates": [32.4775275, -69.32940274]}, "properties": {"id": 1730, "src_line": 54153.5, "src_sample": 2817.5, "fit_residual_px": 0.1305, "heldout_residual_px": 0.2239}}, {"type": "Feature", "geometry": {"type": "Point", "coordinates": [32.46765046, -69.32914621]}, "properties": {"id": 1731, "src_line": 54153.5, "src_sample": 3201.5, "fit_residual_px": 0.1596, "heldout_residual_px": 0.2659}}, {"type": "Feature", "geometry": {"type": "Point", "coordinates": [32.45771061, -69.32890452]}, "properties": {"id": 1732, "src_line": 54153.5, "src_sample": 3585.5, "fit_residual_px": 0.564, "heldout_residual_px": 0.4522}}, {"type": "Feature", "geometry": {"type": "Point", "coordinates": [32.44772113, -69.3286254]}, "properties": {"id": 1733, "src_line": 54153.5, "src_sample": 3969.5, "fit_residual_px": 0.3287, "heldout_residual_px": 0.2277}}, {"type": "Feature", "geometry": {"type": "Point", "coordinates": [32.43765852, -69.32833355]}, "properties": {"id": 1734, "src_line": 54153.5, "src_sample": 4353.5, "fit_residual_px": 0.3536, "heldout_residual_px": 0.4086}}, {"type": "Feature", "geometry": {"type": "Point", "coordinates": [32.42751814, -69.32803514]}, "properties": {"id": 1735, "src_line": 54153.5, "src_sample": 4737.5, "fit_residual_px": 0.3096, "heldout_residual_px": 0.4018}}, {"type": "Feature", "geometry": {"type": "Point", "coordinates": [32.41725472, -69.32774555]}, "properties": {"id": 1736, "src_line": 54153.5, "src_sample": 5121.5, "fit_residual_px": 0.0591, "heldout_residual_px": 0.0651}}, {"type": "Feature", "geometry": {"type": "Point", "coordinates": [32.40707919, -69.32744643]}, "properties": {"id": 1737, "src_line": 54153.5, "src_sample": 5505.5, "fit_residual_px": 0.3321, "heldout_residual_px": 0.3562}}, {"type": "Feature", "geometry": {"type": "Point", "coordinates": [32.39673245, -69.32714174]}, "properties": {"id": 1738, "src_line": 54153.5, "src_sample": 5889.5, "fit_residual_px": 0.1815, "heldout_residual_px": 0.2366}}, {"type": "Feature", "geometry": {"type": "Point", "coordinates": [32.38657563, -69.3268523]}, "properties": {"id": 1739, "src_line": 54153.5, "src_sample": 6273.5, "fit_residual_px": 0.0719, "heldout_residual_px": 0.1151}}, {"type": "Feature", "geometry": {"type": "Point", "coordinates": [32.37653944, -69.32657017]}, "properties": {"id": 1740, "src_line": 54153.5, "src_sample": 6657.5, "fit_residual_px": 0.398, "heldout_residual_px": 0.4351}}, {"type": "Feature", "geometry": {"type": "Point", "coordinates": [32.36642053, -69.32630784]}, "properties": {"id": 1741, "src_line": 54153.5, "src_sample": 7041.5, "fit_residual_px": 0.471, "heldout_residual_px": 0.4954}}, {"type": "Feature", "geometry": {"type": "Point", "coordinates": [32.3563138, -69.32603336]}, "properties": {"id": 1742, "src_line": 54153.5, "src_sample": 7425.5, "fit_residual_px": 0.384, "heldout_residual_px": 0.4019}}, {"type": "Feature", "geometry": {"type": "Point", "coordinates": [32.34627463, -69.32575441]}, "properties": {"id": 1743, "src_line": 54153.5, "src_sample": 7809.5, "fit_residual_px": 0.077, "heldout_residual_px": 0.0836}}, {"type": "Feature", "geometry": {"type": "Point", "coordinates": [32.33617964, -69.32548648]}, "properties": {"id": 1744, "src_line": 54153.5, "src_sample": 8193.5, "fit_residual_px": 0.4219, "heldout_residual_px": 0.4098}}, {"type": "Feature", "geometry": {"type": "Point", "coordinates": [32.32606905, -69.32518763]}, "properties": {"id": 1745, "src_line": 54153.5, "src_sample": 8577.5, "fit_residual_px": 0.2885, "heldout_residual_px": 0.2968}}, {"type": "Feature", "geometry": {"type": "Point", "coordinates": [32.31588389, -69.32491625]}, "properties": {"id": 1746, "src_line": 54153.5, "src_sample": 8961.5, "fit_residual_px": 0.2083, "heldout_residual_px": 0.2134}}, {"type": "Feature", "geometry": {"type": "Point", "coordinates": [32.30584239, -69.32464139]}, "properties": {"id": 1747, "src_line": 54153.5, "src_sample": 9345.5, "fit_residual_px": 0.3936, "heldout_residual_px": 0.4158}}, {"type": "Feature", "geometry": {"type": "Point", "coordinates": [32.29564775, -69.32436666]}, "properties": {"id": 1748, "src_line": 54153.5, "src_sample": 9729.5, "fit_residual_px": 0.4009, "heldout_residual_px": 0.3578}}, {"type": "Feature", "geometry": {"type": "Point", "coordinates": [32.28548163, -69.32408]}, "properties": {"id": 1749, "src_line": 54153.5, "src_sample": 10113.5, "fit_residual_px": 0.1553, "heldout_residual_px": 0.1728}}, {"type": "Feature", "geometry": {"type": "Point", "coordinates": [32.27540338, -69.32380058]}, "properties": {"id": 1750, "src_line": 54153.5, "src_sample": 10497.5, "fit_residual_px": 0.1897, "heldout_residual_px": 0.2741}}, {"type": "Feature", "geometry": {"type": "Point", "coordinates": [32.2653583, -69.32353128]}, "properties": {"id": 1751, "src_line": 54153.5, "src_sample": 10881.5, "fit_residual_px": 0.3763, "heldout_residual_px": 0.4942}}, {"type": "Feature", "geometry": {"type": "Point", "coordinates": [32.25517431, -69.3232474]}, "properties": {"id": 1752, "src_line": 54153.5, "src_sample": 11265.5, "fit_residual_px": 0.4941, "heldout_residual_px": 0.6316}}, {"type": "Feature", "geometry": {"type": "Point", "coordinates": [32.24498554, -69.32296311]}, "properties": {"id": 1753, "src_line": 54153.5, "src_sample": 11649.5, "fit_residual_px": 0.3292, "heldout_residual_px": 0.4782}}, {"type": "Feature", "geometry": {"type": "Point", "coordinates": [32.47810378, -69.32599571]}, "properties": {"id": 1754, "src_line": 54537.5, "src_sample": 2817.5, "fit_residual_px": 0.3645, "heldout_residual_px": 0.489}}, {"type": "Feature", "geometry": {"type": "Point", "coordinates": [32.46825006, -69.32572958]}, "properties": {"id": 1755, "src_line": 54537.5, "src_sample": 3201.5, "fit_residual_px": 0.4859, "heldout_residual_px": 0.6298}}, {"type": "Feature", "geometry": {"type": "Point", "coordinates": [32.45831688, -69.32548762]}, "properties": {"id": 1756, "src_line": 54537.5, "src_sample": 3585.5, "fit_residual_px": 0.1718, "heldout_residual_px": 0.0739}}, {"type": "Feature", "geometry": {"type": "Point", "coordinates": [32.44833771, -69.32519773]}, "properties": {"id": 1757, "src_line": 54537.5, "src_sample": 3969.5, "fit_residual_px": 0.5594, "heldout_residual_px": 0.6909}}, {"type": "Feature", "geometry": {"type": "Point", "coordinates": [32.43823509, -69.32490723]}, "properties": {"id": 1758, "src_line": 54537.5, "src_sample": 4353.5, "fit_residual_px": 0.6918, "heldout_residual_px": 0.8009}}, {"type": "Feature", "geometry": {"type": "Point", "coordinates": [32.42805367, -69.3246226]}, "properties": {"id": 1759, "src_line": 54537.5, "src_sample": 4737.5, "fit_residual_px": 0.3942, "heldout_residual_px": 0.4812}}, {"type": "Feature", "geometry": {"type": "Point", "coordinates": [32.41782154, -69.32434896]}, "properties": {"id": 1760, "src_line": 54537.5, "src_sample": 5121.5, "fit_residual_px": 0.2992, "heldout_residual_px": 0.2297}}, {"type": "Feature", "geometry": {"type": "Point", "coordinates": [32.40752725, -69.32403125]}, "properties": {"id": 1761, "src_line": 54537.5, "src_sample": 5505.5, "fit_residual_px": 0.1383, "heldout_residual_px": 0.1965}}, {"type": "Feature", "geometry": {"type": "Point", "coordinates": [32.39718564, -69.32371414]}, "properties": {"id": 1762, "src_line": 54537.5, "src_sample": 5889.5, "fit_residual_px": 0.2431, "heldout_residual_px": 0.2341}}, {"type": "Feature", "geometry": {"type": "Point", "coordinates": [32.38694585, -69.32341225]}, "properties": {"id": 1763, "src_line": 54537.5, "src_sample": 6273.5, "fit_residual_px": 0.628, "heldout_residual_px": 0.6951}}, {"type": "Feature", "geometry": {"type": "Point", "coordinates": [32.37707491, -69.32316015]}, "properties": {"id": 1764, "src_line": 54537.5, "src_sample": 6657.5, "fit_residual_px": 0.3249, "heldout_residual_px": 0.3488}}, {"type": "Feature", "geometry": {"type": "Point", "coordinates": [32.36708187, -69.3228961]}, "properties": {"id": 1765, "src_line": 54537.5, "src_sample": 7041.5, "fit_residual_px": 0.3494, "heldout_residual_px": 0.3334}}, {"type": "Feature", "geometry": {"type": "Point", "coordinates": [32.35698664, -69.32263906]}, "properties": {"id": 1766, "src_line": 54537.5, "src_sample": 7425.5, "fit_residual_px": 0.2901, "heldout_residual_px": 0.2836}}, {"type": "Feature", "geometry": {"type": "Point", "coordinates": [32.34695228, -69.32236104]}, "properties": {"id": 1767, "src_line": 54537.5, "src_sample": 7809.5, "fit_residual_px": 0.1311, "heldout_residual_px": 0.105}}, {"type": "Feature", "geometry": {"type": "Point", "coordinates": [32.33682786, -69.32208082]}, "properties": {"id": 1768, "src_line": 54537.5, "src_sample": 8193.5, "fit_residual_px": 0.1609, "heldout_residual_px": 0.1432}}, {"type": "Feature", "geometry": {"type": "Point", "coordinates": [32.32666976, -69.32179455]}, "properties": {"id": 1769, "src_line": 54537.5, "src_sample": 8577.5, "fit_residual_px": 0.0228, "heldout_residual_px": 0.0154}}, {"type": "Feature", "geometry": {"type": "Point", "coordinates": [32.31641986, -69.32149851]}, "properties": {"id": 1770, "src_line": 54537.5, "src_sample": 8961.5, "fit_residual_px": 0.0547, "heldout_residual_px": 0.0559}}, {"type": "Feature", "geometry": {"type": "Point", "coordinates": [32.29631913, -69.32095051]}, "properties": {"id": 1771, "src_line": 54537.5, "src_sample": 9729.5, "fit_residual_px": 0.3881, "heldout_residual_px": 0.427}}, {"type": "Feature", "geometry": {"type": "Point", "coordinates": [32.28611498, -69.32064646]}, "properties": {"id": 1772, "src_line": 54537.5, "src_sample": 10113.5, "fit_residual_px": 0.7381, "heldout_residual_px": 0.7633}}, {"type": "Feature", "geometry": {"type": "Point", "coordinates": [32.27594788, -69.32038482]}, "properties": {"id": 1773, "src_line": 54537.5, "src_sample": 10497.5, "fit_residual_px": 0.2091, "heldout_residual_px": 0.2659}}, {"type": "Feature", "geometry": {"type": "Point", "coordinates": [32.26586699, -69.32010705]}, "properties": {"id": 1774, "src_line": 54537.5, "src_sample": 10881.5, "fit_residual_px": 0.3726, "heldout_residual_px": 0.4118}}, {"type": "Feature", "geometry": {"type": "Point", "coordinates": [32.25573348, -69.31983434]}, "properties": {"id": 1775, "src_line": 54537.5, "src_sample": 11265.5, "fit_residual_px": 0.2697, "heldout_residual_px": 0.3359}}, {"type": "Feature", "geometry": {"type": "Point", "coordinates": [32.24553667, -69.31956193]}, "properties": {"id": 1776, "src_line": 54537.5, "src_sample": 11649.5, "fit_residual_px": 0.186, "heldout_residual_px": 0.0047}}, {"type": "Feature", "geometry": {"type": "Point", "coordinates": [32.47867001, -69.32259398]}, "properties": {"id": 1777, "src_line": 54921.5, "src_sample": 2817.5, "fit_residual_px": 0.0927, "heldout_residual_px": 0.1793}}, {"type": "Feature", "geometry": {"type": "Point", "coordinates": [32.46882074, -69.32234869]}, "properties": {"id": 1778, "src_line": 54921.5, "src_sample": 3201.5, "fit_residual_px": 0.3191, "heldout_residual_px": 0.1649}}, {"type": "Feature", "geometry": {"type": "Point", "coordinates": [32.4589129, -69.32206997]}, "properties": {"id": 1779, "src_line": 54921.5, "src_sample": 3585.5, "fit_residual_px": 0.3558, "heldout_residual_px": 0.4031}}, {"type": "Feature", "geometry": {"type": "Point", "coordinates": [32.44894044, -69.32179665]}, "properties": {"id": 1780, "src_line": 54921.5, "src_sample": 3969.5, "fit_residual_px": 0.297, "heldout_residual_px": 0.4235}}, {"type": "Feature", "geometry": {"type": "Point", "coordinates": [32.43878486, -69.3214994]}, "properties": {"id": 1781, "src_line": 54921.5, "src_sample": 4353.5, "fit_residual_px": 0.5081, "heldout_residual_px": 0.6132}}, {"type": "Feature", "geometry": {"type": "Point", "coordinates": [32.42853646, -69.32121683]}, "properties": {"id": 1782, "src_line": 54921.5, "src_sample": 4737.5, "fit_residual_px": 0.0926, "heldout_residual_px": 0.0959}}, {"type": "Feature", "geometry": {"type": "Point", "coordinates": [32.41832763, -69.32090887]}, "properties": {"id": 1783, "src_line": 54921.5, "src_sample": 5121.5, "fit_residual_px": 0.3872, "heldout_residual_px": 0.4183}}, {"type": "Feature", "geometry": {"type": "Point", "coordinates": [32.40803563, -69.32061527]}, "properties": {"id": 1784, "src_line": 54921.5, "src_sample": 5505.5, "fit_residual_px": 0.0833, "heldout_residual_px": 0.1321}}, {"type": "Feature", "geometry": {"type": "Point", "coordinates": [32.3977751, -69.32031628]}, "properties": {"id": 1785, "src_line": 54921.5, "src_sample": 5889.5, "fit_residual_px": 0.1056, "heldout_residual_px": 0.081}}, {"type": "Feature", "geometry": {"type": "Point", "coordinates": [32.38759544, -69.32001068]}, "properties": {"id": 1786, "src_line": 54921.5, "src_sample": 6273.5, "fit_residual_px": 0.4195, "heldout_residual_px": 0.4758}}, {"type": "Feature", "geometry": {"type": "Point", "coordinates": [32.37760577, -69.31973695]}, "properties": {"id": 1787, "src_line": 54921.5, "src_sample": 6657.5, "fit_residual_px": 0.5604, "heldout_residual_px": 0.5984}}, {"type": "Feature", "geometry": {"type": "Point", "coordinates": [32.36762316, -69.31949666]}, "properties": {"id": 1788, "src_line": 54921.5, "src_sample": 7041.5, "fit_residual_px": 0.3524, "heldout_residual_px": 0.3999}}, {"type": "Feature", "geometry": {"type": "Point", "coordinates": [32.35756891, -69.31921012]}, "properties": {"id": 1789, "src_line": 54921.5, "src_sample": 7425.5, "fit_residual_px": 0.5373, "heldout_residual_px": 0.5754}}, {"type": "Feature", "geometry": {"type": "Point", "coordinates": [32.34755978, -69.31894186]}, "properties": {"id": 1790, "src_line": 54921.5, "src_sample": 7809.5, "fit_residual_px": 0.3333, "heldout_residual_px": 0.3528}}, {"type": "Feature", "geometry": {"type": "Point", "coordinates": [32.33751235, -69.31865705]}, "properties": {"id": 1791, "src_line": 54921.5, "src_sample": 8193.5, "fit_residual_px": 0.6462, "heldout_residual_px": 0.6578}}, {"type": "Feature", "geometry": {"type": "Point", "coordinates": [32.32733323, -69.3183854]}, "properties": {"id": 1792, "src_line": 54921.5, "src_sample": 8577.5, "fit_residual_px": 0.196, "heldout_residual_px": 0.2039}}, {"type": "Feature", "geometry": {"type": "Point", "coordinates": [32.31715891, -69.31809417]}, "properties": {"id": 1793, "src_line": 54921.5, "src_sample": 8961.5, "fit_residual_px": 0.4143, "heldout_residual_px": 0.4244}}, {"type": "Feature", "geometry": {"type": "Point", "coordinates": [32.30705777, -69.31782829]}, "properties": {"id": 1794, "src_line": 54921.5, "src_sample": 9345.5, "fit_residual_px": 0.2948, "heldout_residual_px": 0.3166}}, {"type": "Feature", "geometry": {"type": "Point", "coordinates": [32.29689065, -69.31755861]}, "properties": {"id": 1795, "src_line": 54921.5, "src_sample": 9729.5, "fit_residual_px": 0.2979, "heldout_residual_px": 0.2757}}, {"type": "Feature", "geometry": {"type": "Point", "coordinates": [32.28668157, -69.31725864]}, "properties": {"id": 1796, "src_line": 54921.5, "src_sample": 10113.5, "fit_residual_px": 0.1676, "heldout_residual_px": 0.1133}}, {"type": "Feature", "geometry": {"type": "Point", "coordinates": [32.27645512, -69.31697297]}, "properties": {"id": 1797, "src_line": 54921.5, "src_sample": 10497.5, "fit_residual_px": 0.2023, "heldout_residual_px": 0.1278}}, {"type": "Feature", "geometry": {"type": "Point", "coordinates": [32.26627461, -69.31668908]}, "properties": {"id": 1798, "src_line": 54921.5, "src_sample": 10881.5, "fit_residual_px": 0.0444, "heldout_residual_px": 0.1089}}, {"type": "Feature", "geometry": {"type": "Point", "coordinates": [32.25628242, -69.31641484]}, "properties": {"id": 1799, "src_line": 54921.5, "src_sample": 11265.5, "fit_residual_px": 0.3694, "heldout_residual_px": 0.4575}}, {"type": "Feature", "geometry": {"type": "Point", "coordinates": [32.2460271, -69.31614929]}, "properties": {"id": 1800, "src_line": 54921.5, "src_sample": 11649.5, "fit_residual_px": 0.3781, "heldout_residual_px": 0.2921}}, {"type": "Feature", "geometry": {"type": "Point", "coordinates": [32.479258, -69.31917159]}, "properties": {"id": 1801, "src_line": 55305.5, "src_sample": 2817.5, "fit_residual_px": 0.3577, "heldout_residual_px": 0.505}}, {"type": "Feature", "geometry": {"type": "Point", "coordinates": [32.46941619, -69.31892756]}, "properties": {"id": 1802, "src_line": 55305.5, "src_sample": 3201.5, "fit_residual_px": 0.1084, "heldout_residual_px": 0.2307}}, {"type": "Feature", "geometry": {"type": "Point", "coordinates": [32.45951066, -69.31867599]}, "properties": {"id": 1803, "src_line": 55305.5, "src_sample": 3585.5, "fit_residual_px": 0.1721, "heldout_residual_px": 0.0823}}, {"type": "Feature", "geometry": {"type": "Point", "coordinates": [32.44947539, -69.31838395]}, "properties": {"id": 1804, "src_line": 55305.5, "src_sample": 3969.5, "fit_residual_px": 0.2363, "heldout_residual_px": 0.3567}}, {"type": "Feature", "geometry": {"type": "Point", "coordinates": [32.43925062, -69.31810826]}, "properties": {"id": 1805, "src_line": 55305.5, "src_sample": 4353.5, "fit_residual_px": 0.4122, "heldout_residual_px": 0.3183}}, {"type": "Feature", "geometry": {"type": "Point", "coordinates": [32.42908744, -69.31780773]}, "properties": {"id": 1806, "src_line": 55305.5, "src_sample": 4737.5, "fit_residual_px": 0.2346, "heldout_residual_px": 0.2088}}, {"type": "Feature", "geometry": {"type": "Point", "coordinates": [32.41888066, -69.31749763]}, "properties": {"id": 1807, "src_line": 55305.5, "src_sample": 5121.5, "fit_residual_px": 0.2612, "heldout_residual_px": 0.2967}}, {"type": "Feature", "geometry": {"type": "Point", "coordinates": [32.40859357, -69.31720967]}, "properties": {"id": 1808, "src_line": 55305.5, "src_sample": 5505.5, "fit_residual_px": 0.2475, "heldout_residual_px": 0.248}}, {"type": "Feature", "geometry": {"type": "Point", "coordinates": [32.39838514, -69.31691531]}, "properties": {"id": 1809, "src_line": 55305.5, "src_sample": 5889.5, "fit_residual_px": 0.3376, "heldout_residual_px": 0.3845}}, {"type": "Feature", "geometry": {"type": "Point", "coordinates": [32.38831427, -69.31664286]}, "properties": {"id": 1810, "src_line": 55305.5, "src_sample": 6273.5, "fit_residual_px": 0.5657, "heldout_residual_px": 0.617}}, {"type": "Feature", "geometry": {"type": "Point", "coordinates": [32.37820868, -69.31636378]}, "properties": {"id": 1811, "src_line": 55305.5, "src_sample": 6657.5, "fit_residual_px": 0.7586, "heldout_residual_px": 0.8088}}, {"type": "Feature", "geometry": {"type": "Point", "coordinates": [32.36826292, -69.31608492]}, "properties": {"id": 1812, "src_line": 55305.5, "src_sample": 7041.5, "fit_residual_px": 0.5161, "heldout_residual_px": 0.561}}, {"type": "Feature", "geometry": {"type": "Point", "coordinates": [32.35833102, -69.31581233]}, "properties": {"id": 1813, "src_line": 55305.5, "src_sample": 7425.5, "fit_residual_px": 0.4378, "heldout_residual_px": 0.4501}}, {"type": "Feature", "geometry": {"type": "Point", "coordinates": [32.34819177, -69.31554798]}, "properties": {"id": 1814, "src_line": 55305.5, "src_sample": 7809.5, "fit_residual_px": 0.2899, "heldout_residual_px": 0.2532}}, {"type": "Feature", "geometry": {"type": "Point", "coordinates": [32.33811985, -69.31528103]}, "properties": {"id": 1815, "src_line": 55305.5, "src_sample": 8193.5, "fit_residual_px": 0.2749, "heldout_residual_px": 0.2695}}, {"type": "Feature", "geometry": {"type": "Point", "coordinates": [32.32797795, -69.31499456]}, "properties": {"id": 1816, "src_line": 55305.5, "src_sample": 8577.5, "fit_residual_px": 0.279, "heldout_residual_px": 0.2771}}, {"type": "Feature", "geometry": {"type": "Point", "coordinates": [32.31784812, -69.3146978]}, "properties": {"id": 1817, "src_line": 55305.5, "src_sample": 8961.5, "fit_residual_px": 0.3834, "heldout_residual_px": 0.3958}}, {"type": "Feature", "geometry": {"type": "Point", "coordinates": [32.30758543, -69.31442113]}, "properties": {"id": 1818, "src_line": 55305.5, "src_sample": 9345.5, "fit_residual_px": 0.2352, "heldout_residual_px": 0.2382}}, {"type": "Feature", "geometry": {"type": "Point", "coordinates": [32.2973204, -69.31412644]}, "properties": {"id": 1819, "src_line": 55305.5, "src_sample": 9729.5, "fit_residual_px": 0.5221, "heldout_residual_px": 0.4972}}, {"type": "Feature", "geometry": {"type": "Point", "coordinates": [32.28710376, -69.31383118]}, "properties": {"id": 1820, "src_line": 55305.5, "src_sample": 10113.5, "fit_residual_px": 0.0868, "heldout_residual_px": 0.0763}}, {"type": "Feature", "geometry": {"type": "Point", "coordinates": [32.27701977, -69.31354745]}, "properties": {"id": 1821, "src_line": 55305.5, "src_sample": 10497.5, "fit_residual_px": 0.2352, "heldout_residual_px": 0.2524}}, {"type": "Feature", "geometry": {"type": "Point", "coordinates": [32.26686253, -69.31328455]}, "properties": {"id": 1822, "src_line": 55305.5, "src_sample": 10881.5, "fit_residual_px": 0.2711, "heldout_residual_px": 0.2154}}, {"type": "Feature", "geometry": {"type": "Point", "coordinates": [32.25680126, -69.31301144]}, "properties": {"id": 1823, "src_line": 55305.5, "src_sample": 11265.5, "fit_residual_px": 0.0985, "heldout_residual_px": 0.1848}}, {"type": "Feature", "geometry": {"type": "Point", "coordinates": [32.24656008, -69.31270643]}, "properties": {"id": 1824, "src_line": 55305.5, "src_sample": 11649.5, "fit_residual_px": 0.3226, "heldout_residual_px": 0.3753}}, {"type": "Feature", "geometry": {"type": "Point", "coordinates": [32.47980712, -69.31578513]}, "properties": {"id": 1825, "src_line": 55689.5, "src_sample": 2817.5, "fit_residual_px": 0.2773, "heldout_residual_px": 0.3738}}, {"type": "Feature", "geometry": {"type": "Point", "coordinates": [32.45002583, -69.31497876]}, "properties": {"id": 1826, "src_line": 55689.5, "src_sample": 3969.5, "fit_residual_px": 0.0795, "heldout_residual_px": 0.0019}}, {"type": "Feature", "geometry": {"type": "Point", "coordinates": [32.43984609, -69.31469366]}, "properties": {"id": 1827, "src_line": 55689.5, "src_sample": 4353.5, "fit_residual_px": 0.2489, "heldout_residual_px": 0.3048}}, {"type": "Feature", "geometry": {"type": "Point", "coordinates": [32.4296882, -69.31439433]}, "properties": {"id": 1828, "src_line": 55689.5, "src_sample": 4737.5, "fit_residual_px": 0.0654, "heldout_residual_px": 0.0194}}, {"type": "Feature", "geometry": {"type": "Point", "coordinates": [32.41943651, -69.31410921]}, "properties": {"id": 1829, "src_line": 55689.5, "src_sample": 5121.5, "fit_residual_px": 0.3796, "heldout_residual_px": 0.4514}}, {"type": "Feature", "geometry": {"type": "Point", "coordinates": [32.40924075, -69.31380794]}, "properties": {"id": 1830, "src_line": 55689.5, "src_sample": 5505.5, "fit_residual_px": 0.1989, "heldout_residual_px": 0.2682}}, {"type": "Feature", "geometry": {"type": "Point", "coordinates": [32.3990365, -69.31351633]}, "properties": {"id": 1831, "src_line": 55689.5, "src_sample": 5889.5, "fit_residual_px": 0.2876, "heldout_residual_px": 0.3487}}, {"type": "Feature", "geometry": {"type": "Point", "coordinates": [32.38900019, -69.31322923]}, "properties": {"id": 1832, "src_line": 55689.5, "src_sample": 6273.5, "fit_residual_px": 0.4009, "heldout_residual_px": 0.3716}}, {"type": "Feature", "geometry": {"type": "Point", "coordinates": [32.37894505, -69.31296452]}, "properties": {"id": 1833, "src_line": 55689.5, "src_sample": 6657.5, "fit_residual_px": 0.4449, "heldout_residual_px": 0.4606}}, {"type": "Feature", "geometry": {"type": "Point", "coordinates": [32.36893782, -69.312689]}, "properties": {"id": 1834, "src_line": 55689.5, "src_sample": 7041.5, "fit_residual_px": 0.0609, "heldout_residual_px": 0.061}}, {"type": "Feature", "geometry": {"type": "Point", "coordinates": [32.35899674, -69.31243048]}, "properties": {"id": 1835, "src_line": 55689.5, "src_sample": 7425.5, "fit_residual_px": 0.1798, "heldout_residual_px": 0.1757}}, {"type": "Feature", "geometry": {"type": "Point", "coordinates": [32.34898215, -69.31215983]}, "properties": {"id": 1836, "src_line": 55689.5, "src_sample": 7809.5, "fit_residual_px": 0.135, "heldout_residual_px": 0.133}}, {"type": "Feature", "geometry": {"type": "Point", "coordinates": [32.33887611, -69.31188297]}, "properties": {"id": 1837, "src_line": 55689.5, "src_sample": 8193.5, "fit_residual_px": 0.3463, "heldout_residual_px": 0.3542}}, {"type": "Feature", "geometry": {"type": "Point", "coordinates": [32.32864341, -69.31159624]}, "properties": {"id": 1838, "src_line": 55689.5, "src_sample": 8577.5, "fit_residual_px": 0.3886, "heldout_residual_px": 0.4207}}, {"type": "Feature", "geometry": {"type": "Point", "coordinates": [32.31838693, -69.31130347]}, "properties": {"id": 1839, "src_line": 55689.5, "src_sample": 8961.5, "fit_residual_px": 0.2826, "heldout_residual_px": 0.3251}}, {"type": "Feature", "geometry": {"type": "Point", "coordinates": [32.30813745, -69.31101076]}, "properties": {"id": 1840, "src_line": 55689.5, "src_sample": 9345.5, "fit_residual_px": 0.3112, "heldout_residual_px": 0.3502}}, {"type": "Feature", "geometry": {"type": "Point", "coordinates": [32.29778945, -69.31069816]}, "properties": {"id": 1841, "src_line": 55689.5, "src_sample": 9729.5, "fit_residual_px": 0.1266, "heldout_residual_px": 0.1676}}, {"type": "Feature", "geometry": {"type": "Point", "coordinates": [32.28740351, -69.3103931]}, "properties": {"id": 1842, "src_line": 55689.5, "src_sample": 10113.5, "fit_residual_px": 0.4041, "heldout_residual_px": 0.4297}}, {"type": "Feature", "geometry": {"type": "Point", "coordinates": [32.27727175, -69.3101156]}, "properties": {"id": 1843, "src_line": 55689.5, "src_sample": 10497.5, "fit_residual_px": 0.3372, "heldout_residual_px": 0.3605}}, {"type": "Feature", "geometry": {"type": "Point", "coordinates": [32.26731569, -69.3098364]}, "properties": {"id": 1844, "src_line": 55689.5, "src_sample": 10881.5, "fit_residual_px": 0.4102, "heldout_residual_px": 0.3695}}, {"type": "Feature", "geometry": {"type": "Point", "coordinates": [32.25727177, -69.30957358]}, "properties": {"id": 1845, "src_line": 55689.5, "src_sample": 11265.5, "fit_residual_px": 0.2807, "heldout_residual_px": 0.2508}}, {"type": "Feature", "geometry": {"type": "Point", "coordinates": [32.24709345, -69.30928808]}, "properties": {"id": 1846, "src_line": 55689.5, "src_sample": 11649.5, "fit_residual_px": 0.4018, "heldout_residual_px": 0.3629}}, {"type": "Feature", "geometry": {"type": "Point", "coordinates": [32.48041474, -69.31237711]}, "properties": {"id": 1847, "src_line": 56073.5, "src_sample": 2817.5, "fit_residual_px": 0.2764, "heldout_residual_px": 0.3149}}, {"type": "Feature", "geometry": {"type": "Point", "coordinates": [32.45052412, -69.31155804]}, "properties": {"id": 1848, "src_line": 56073.5, "src_sample": 3969.5, "fit_residual_px": 0.198, "heldout_residual_px": 0.1265}}, {"type": "Feature", "geometry": {"type": "Point", "coordinates": [32.44041826, -69.31129475]}, "properties": {"id": 1849, "src_line": 56073.5, "src_sample": 4353.5, "fit_residual_px": 0.4185, "heldout_residual_px": 0.4917}}, {"type": "Feature", "geometry": {"type": "Point", "coordinates": [32.43021232, -69.31099762]}, "properties": {"id": 1850, "src_line": 56073.5, "src_sample": 4737.5, "fit_residual_px": 0.4111, "heldout_residual_px": 0.4826}}, {"type": "Feature", "geometry": {"type": "Point", "coordinates": [32.41999717, -69.31068405]}, "properties": {"id": 1851, "src_line": 56073.5, "src_sample": 5121.5, "fit_residual_px": 0.0695, "heldout_residual_px": 0.0694}}, {"type": "Feature", "geometry": {"type": "Point", "coordinates": [32.40984401, -69.31041042]}, "properties": {"id": 1852, "src_line": 56073.5, "src_sample": 5505.5, "fit_residual_px": 0.4359, "heldout_residual_px": 0.497}}, {"type": "Feature", "geometry": {"type": "Point", "coordinates": [32.39973299, -69.31010581]}, "properties": {"id": 1853, "src_line": 56073.5, "src_sample": 5889.5, "fit_residual_px": 0.2788, "heldout_residual_px": 0.2613}}, {"type": "Feature", "geometry": {"type": "Point", "coordinates": [32.38968415, -69.30984235]}, "properties": {"id": 1854, "src_line": 56073.5, "src_sample": 6273.5, "fit_residual_px": 0.135, "heldout_residual_px": 0.1908}}, {"type": "Feature", "geometry": {"type": "Point", "coordinates": [32.37964221, -69.30955452]}, "properties": {"id": 1855, "src_line": 56073.5, "src_sample": 6657.5, "fit_residual_px": 0.3084, "heldout_residual_px": 0.2502}}, {"type": "Feature", "geometry": {"type": "Point", "coordinates": [32.36968113, -69.30931302]}, "properties": {"id": 1856, "src_line": 56073.5, "src_sample": 7041.5, "fit_residual_px": 0.3139, "heldout_residual_px": 0.3668}}, {"type": "Feature", "geometry": {"type": "Point", "coordinates": [32.35973072, -69.30902717]}, "properties": {"id": 1857, "src_line": 56073.5, "src_sample": 7425.5, "fit_residual_px": 0.4037, "heldout_residual_px": 0.366}}, {"type": "Feature", "geometry": {"type": "Point", "coordinates": [32.34969709, -69.30875269]}, "properties": {"id": 1858, "src_line": 56073.5, "src_sample": 7809.5, "fit_residual_px": 0.5909, "heldout_residual_px": 0.5647}}, {"type": "Feature", "geometry": {"type": "Point", "coordinates": [32.33950692, -69.30849414]}, "properties": {"id": 1859, "src_line": 56073.5, "src_sample": 8193.5, "fit_residual_px": 0.478, "heldout_residual_px": 0.5158}}, {"type": "Feature", "geometry": {"type": "Point", "coordinates": [32.32935881, -69.30818666]}, "properties": {"id": 1860, "src_line": 56073.5, "src_sample": 8577.5, "fit_residual_px": 0.6558, "heldout_residual_px": 0.6515}}, {"type": "Feature", "geometry": {"type": "Point", "coordinates": [32.31907051, -69.30791049]}, "properties": {"id": 1861, "src_line": 56073.5, "src_sample": 8961.5, "fit_residual_px": 0.4168, "heldout_residual_px": 0.4539}}, {"type": "Feature", "geometry": {"type": "Point", "coordinates": [32.30870613, -69.30760385]}, "properties": {"id": 1862, "src_line": 56073.5, "src_sample": 9345.5, "fit_residual_px": 0.4001, "heldout_residual_px": 0.4412}}, {"type": "Feature", "geometry": {"type": "Point", "coordinates": [32.29829875, -69.30727468]}, "properties": {"id": 1863, "src_line": 56073.5, "src_sample": 9729.5, "fit_residual_px": 0.0857, "heldout_residual_px": 0.0893}}, {"type": "Feature", "geometry": {"type": "Point", "coordinates": [32.28782502, -69.30694874]}, "properties": {"id": 1864, "src_line": 56073.5, "src_sample": 10113.5, "fit_residual_px": 0.1529, "heldout_residual_px": 0.111}}, {"type": "Feature", "geometry": {"type": "Point", "coordinates": [32.27754999, -69.30664906]}, "properties": {"id": 1865, "src_line": 56073.5, "src_sample": 10497.5, "fit_residual_px": 0.3265, "heldout_residual_px": 0.3032}}, {"type": "Feature", "geometry": {"type": "Point", "coordinates": [32.26764106, -69.30641522]}, "properties": {"id": 1866, "src_line": 56073.5, "src_sample": 10881.5, "fit_residual_px": 0.1721, "heldout_residual_px": 0.2105}}, {"type": "Feature", "geometry": {"type": "Point", "coordinates": [32.25776869, -69.30616589]}, "properties": {"id": 1867, "src_line": 56073.5, "src_sample": 11265.5, "fit_residual_px": 0.1205, "heldout_residual_px": 0.1188}}, {"type": "Feature", "geometry": {"type": "Point", "coordinates": [32.24760523, -69.30588901]}, "properties": {"id": 1868, "src_line": 56073.5, "src_sample": 11649.5, "fit_residual_px": 0.1793, "heldout_residual_px": 0.1881}}, {"type": "Feature", "geometry": {"type": "Point", "coordinates": [32.48099021, -69.30897654]}, "properties": {"id": 1869, "src_line": 56457.5, "src_sample": 2817.5, "fit_residual_px": 0.3821, "heldout_residual_px": 0.455}}, {"type": "Feature", "geometry": {"type": "Point", "coordinates": [32.47109967, -69.30870103]}, "properties": {"id": 1870, "src_line": 56457.5, "src_sample": 3201.5, "fit_residual_px": 0.2457, "heldout_residual_px": 0.2351}}, {"type": "Feature", "geometry": {"type": "Point", "coordinates": [32.4611112, -69.30841943]}, "properties": {"id": 1871, "src_line": 56457.5, "src_sample": 3585.5, "fit_residual_px": 0.3296, "heldout_residual_px": 0.2592}}, {"type": "Feature", "geometry": {"type": "Point", "coordinates": [32.45099994, -69.30815385]}, "properties": {"id": 1872, "src_line": 56457.5, "src_sample": 3969.5, "fit_residual_px": 0.3145, "heldout_residual_px": 0.3858}}, {"type": "Feature", "geometry": {"type": "Point", "coordinates": [32.44092931, -69.30787211]}, "properties": {"id": 1873, "src_line": 56457.5, "src_sample": 4353.5, "fit_residual_px": 0.2686, "heldout_residual_px": 0.3385}}, {"type": "Feature", "geometry": {"type": "Point", "coordinates": [32.4308624, -69.30757425]}, "properties": {"id": 1874, "src_line": 56457.5, "src_sample": 4737.5, "fit_residual_px": 0.2293, "heldout_residual_px": 0.1765}}, {"type": "Feature", "geometry": {"type": "Point", "coordinates": [32.42068534, -69.30729164]}, "properties": {"id": 1875, "src_line": 56457.5, "src_sample": 5121.5, "fit_residual_px": 0.0868, "heldout_residual_px": 0.1435}}, {"type": "Feature", "geometry": {"type": "Point", "coordinates": [32.4104867, -69.30700153]}, "properties": {"id": 1876, "src_line": 56457.5, "src_sample": 5505.5, "fit_residual_px": 0.2552, "heldout_residual_px": 0.3042}}, {"type": "Feature", "geometry": {"type": "Point", "coordinates": [32.40031813, -69.30671951]}, "properties": {"id": 1877, "src_line": 56457.5, "src_sample": 5889.5, "fit_residual_px": 0.6025, "heldout_residual_px": 0.6398}}, {"type": "Feature", "geometry": {"type": "Point", "coordinates": [32.39035287, -69.30645645]}, "properties": {"id": 1878, "src_line": 56457.5, "src_sample": 6273.5, "fit_residual_px": 0.6158, "heldout_residual_px": 0.6525}}, {"type": "Feature", "geometry": {"type": "Point", "coordinates": [32.38037246, -69.30616488]}, "properties": {"id": 1879, "src_line": 56457.5, "src_sample": 6657.5, "fit_residual_px": 0.3671, "heldout_residual_px": 0.3259}}, {"type": "Feature", "geometry": {"type": "Point", "coordinates": [32.370406, -69.3059009]}, "properties": {"id": 1880, "src_line": 56457.5, "src_sample": 7041.5, "fit_residual_px": 0.2455, "heldout_residual_px": 0.2106}}, {"type": "Feature", "geometry": {"type": "Point", "coordinates": [32.36042098, -69.30563462]}, "properties": {"id": 1881, "src_line": 56457.5, "src_sample": 7425.5, "fit_residual_px": 0.2605, "heldout_residual_px": 0.2282}}, {"type": "Feature", "geometry": {"type": "Point", "coordinates": [32.35032733, -69.30538232]}, "properties": {"id": 1882, "src_line": 56457.5, "src_sample": 7809.5, "fit_residual_px": 0.4733, "heldout_residual_px": 0.5169}}, {"type": "Feature", "geometry": {"type": "Point", "coordinates": [32.34015147, -69.30508106]}, "properties": {"id": 1883, "src_line": 56457.5, "src_sample": 8193.5, "fit_residual_px": 0.1361, "heldout_residual_px": 0.1709}}, {"type": "Feature", "geometry": {"type": "Point", "coordinates": [32.32992234, -69.30479598]}, "properties": {"id": 1884, "src_line": 56457.5, "src_sample": 8577.5, "fit_residual_px": 0.3043, "heldout_residual_px": 0.3451}}, {"type": "Feature", "geometry": {"type": "Point", "coordinates": [32.31969967, -69.30451057]}, "properties": {"id": 1885, "src_line": 56457.5, "src_sample": 8961.5, "fit_residual_px": 0.4815, "heldout_residual_px": 0.5216}}, {"type": "Feature", "geometry": {"type": "Point", "coordinates": [32.30936933, -69.30420078]}, "properties": {"id": 1886, "src_line": 56457.5, "src_sample": 9345.5, "fit_residual_px": 0.3533, "heldout_residual_px": 0.3912}}, {"type": "Feature", "geometry": {"type": "Point", "coordinates": [32.2988637, -69.30386]}, "properties": {"id": 1887, "src_line": 56457.5, "src_sample": 9729.5, "fit_residual_px": 0.2751, "heldout_residual_px": 0.2773}}, {"type": "Feature", "geometry": {"type": "Point", "coordinates": [32.2883227, -69.30355597]}, "properties": {"id": 1888, "src_line": 56457.5, "src_sample": 10113.5, "fit_residual_px": 0.657, "heldout_residual_px": 0.7041}}, {"type": "Feature", "geometry": {"type": "Point", "coordinates": [32.27808102, -69.30325729]}, "properties": {"id": 1889, "src_line": 56457.5, "src_sample": 10497.5, "fit_residual_px": 0.4556, "heldout_residual_px": 0.4961}}, {"type": "Feature", "geometry": {"type": "Point", "coordinates": [32.26808656, -69.30297365]}, "properties": {"id": 1890, "src_line": 56457.5, "src_sample": 10881.5, "fit_residual_px": 0.2724, "heldout_residual_px": 0.2552}}, {"type": "Feature", "geometry": {"type": "Point", "coordinates": [32.25812035, -69.30273474]}, "properties": {"id": 1891, "src_line": 56457.5, "src_sample": 11265.5, "fit_residual_px": 0.686, "heldout_residual_px": 0.7061}}, {"type": "Feature", "geometry": {"type": "Point", "coordinates": [32.24798748, -69.30246176]}, "properties": {"id": 1892, "src_line": 56457.5, "src_sample": 11649.5, "fit_residual_px": 0.3875, "heldout_residual_px": 0.4294}}, {"type": "Feature", "geometry": {"type": "Point", "coordinates": [32.48152117, -69.30556204]}, "properties": {"id": 1893, "src_line": 56841.5, "src_sample": 2817.5, "fit_residual_px": 0.4065, "heldout_residual_px": 0.4569}}, {"type": "Feature", "geometry": {"type": "Point", "coordinates": [32.47156028, -69.30528562]}, "properties": {"id": 1894, "src_line": 56841.5, "src_sample": 3201.5, "fit_residual_px": 0.1422, "heldout_residual_px": 0.2079}}, {"type": "Feature", "geometry": {"type": "Point", "coordinates": [32.46155518, -69.30500403]}, "properties": {"id": 1895, "src_line": 56841.5, "src_sample": 3585.5, "fit_residual_px": 0.0714, "heldout_residual_px": 0.0195}}, {"type": "Feature", "geometry": {"type": "Point", "coordinates": [32.45156166, -69.30474553]}, "properties": {"id": 1896, "src_line": 56841.5, "src_sample": 3969.5, "fit_residual_px": 0.4215, "heldout_residual_px": 0.4732}}, {"type": "Feature", "geometry": {"type": "Point", "coordinates": [32.44145607, -69.30443469]}, "properties": {"id": 1897, "src_line": 56841.5, "src_sample": 4353.5, "fit_residual_px": 0.6753, "heldout_residual_px": 0.6468}}, {"type": "Feature", "geometry": {"type": "Point", "coordinates": [32.43138176, -69.30417389]}, "properties": {"id": 1898, "src_line": 56841.5, "src_sample": 4737.5, "fit_residual_px": 0.4615, "heldout_residual_px": 0.4802}}, {"type": "Feature", "geometry": {"type": "Point", "coordinates": [32.42134636, -69.30389168]}, "properties": {"id": 1899, "src_line": 56841.5, "src_sample": 5121.5, "fit_residual_px": 0.0267, "heldout_residual_px": 0.0756}}, {"type": "Feature", "geometry": {"type": "Point", "coordinates": [32.41106609, -69.30360428]}, "properties": {"id": 1900, "src_line": 56841.5, "src_sample": 5505.5, "fit_residual_px": 0.5207, "heldout_residual_px": 0.572}}, {"type": "Feature", "geometry": {"type": "Point", "coordinates": [32.40095947, -69.30331433]}, "properties": {"id": 1901, "src_line": 56841.5, "src_sample": 5889.5, "fit_residual_px": 0.4664, "heldout_residual_px": 0.4973}}, {"type": "Feature", "geometry": {"type": "Point", "coordinates": [32.39097592, -69.30304408]}, "properties": {"id": 1902, "src_line": 56841.5, "src_sample": 6273.5, "fit_residual_px": 0.4118, "heldout_residual_px": 0.4283}}, {"type": "Feature", "geometry": {"type": "Point", "coordinates": [32.3810753, -69.30277502]}, "properties": {"id": 1903, "src_line": 56841.5, "src_sample": 6657.5, "fit_residual_px": 0.1626, "heldout_residual_px": 0.1263}}, {"type": "Feature", "geometry": {"type": "Point", "coordinates": [32.37104096, -69.30250814]}, "properties": {"id": 1904, "src_line": 56841.5, "src_sample": 7041.5, "fit_residual_px": 0.2329, "heldout_residual_px": 0.2288}}, {"type": "Feature", "geometry": {"type": "Point", "coordinates": [32.36103316, -69.30223336]}, "properties": {"id": 1905, "src_line": 56841.5, "src_sample": 7425.5, "fit_residual_px": 0.1494, "heldout_residual_px": 0.1184}}, {"type": "Feature", "geometry": {"type": "Point", "coordinates": [32.35097121, -69.30197391]}, "properties": {"id": 1906, "src_line": 56841.5, "src_sample": 7809.5, "fit_residual_px": 0.2994, "heldout_residual_px": 0.3357}}, {"type": "Feature", "geometry": {"type": "Point", "coordinates": [32.34072312, -69.30167628]}, "properties": {"id": 1907, "src_line": 56841.5, "src_sample": 8193.5, "fit_residual_px": 0.3234, "heldout_residual_px": 0.3516}}, {"type": "Feature", "geometry": {"type": "Point", "coordinates": [32.33047936, -69.30136454]}, "properties": {"id": 1908, "src_line": 56841.5, "src_sample": 8577.5, "fit_residual_px": 0.5312, "heldout_residual_px": 0.5193}}, {"type": "Feature", "geometry": {"type": "Point", "coordinates": [32.32033692, -69.30108185]}, "properties": {"id": 1909, "src_line": 56841.5, "src_sample": 8961.5, "fit_residual_px": 0.3715, "heldout_residual_px": 0.3585}}, {"type": "Feature", "geometry": {"type": "Point", "coordinates": [32.3099397, -69.30079198]}, "properties": {"id": 1910, "src_line": 56841.5, "src_sample": 9345.5, "fit_residual_px": 0.3857, "heldout_residual_px": 0.4232}}, {"type": "Feature", "geometry": {"type": "Point", "coordinates": [32.29956461, -69.30046976]}, "properties": {"id": 1911, "src_line": 56841.5, "src_sample": 9729.5, "fit_residual_px": 0.155, "heldout_residual_px": 0.1795}}, {"type": "Feature", "geometry": {"type": "Point", "coordinates": [32.28910699, -69.30015817]}, "properties": {"id": 1912, "src_line": 56841.5, "src_sample": 10113.5, "fit_residual_px": 0.3491, "heldout_residual_px": 0.3911}}, {"type": "Feature", "geometry": {"type": "Point", "coordinates": [32.27883072, -69.29986974]}, "properties": {"id": 1913, "src_line": 56841.5, "src_sample": 10497.5, "fit_residual_px": 0.8499, "heldout_residual_px": 0.8906}}, {"type": "Feature", "geometry": {"type": "Point", "coordinates": [32.26860008, -69.29958595]}, "properties": {"id": 1914, "src_line": 56841.5, "src_sample": 10881.5, "fit_residual_px": 0.6959, "heldout_residual_px": 0.7475}}, {"type": "Feature", "geometry": {"type": "Point", "coordinates": [32.25860858, -69.29930898]}, "properties": {"id": 1915, "src_line": 56841.5, "src_sample": 11265.5, "fit_residual_px": 0.3732, "heldout_residual_px": 0.4045}}, {"type": "Feature", "geometry": {"type": "Point", "coordinates": [32.24842353, -69.29903624]}, "properties": {"id": 1916, "src_line": 56841.5, "src_sample": 11649.5, "fit_residual_px": 0.6771, "heldout_residual_px": 0.7163}}, {"type": "Feature", "geometry": {"type": "Point", "coordinates": [32.48191363, -69.30213351]}, "properties": {"id": 1917, "src_line": 57225.5, "src_sample": 2817.5, "fit_residual_px": 0.2452, "heldout_residual_px": 0.314}}, {"type": "Feature", "geometry": {"type": "Point", "coordinates": [32.47197265, -69.30186899]}, "properties": {"id": 1918, "src_line": 57225.5, "src_sample": 3201.5, "fit_residual_px": 0.3188, "heldout_residual_px": 0.3837}}, {"type": "Feature", "geometry": {"type": "Point", "coordinates": [32.46209551, -69.3015949]}, "properties": {"id": 1919, "src_line": 57225.5, "src_sample": 3585.5, "fit_residual_px": 0.1337, "heldout_residual_px": 0.1061}}, {"type": "Feature", "geometry": {"type": "Point", "coordinates": [32.45211422, -69.30132351]}, "properties": {"id": 1920, "src_line": 57225.5, "src_sample": 3969.5, "fit_residual_px": 0.1439, "heldout_residual_px": 0.1188}}, {"type": "Feature", "geometry": {"type": "Point", "coordinates": [32.44196145, -69.30103798]}, "properties": {"id": 1921, "src_line": 57225.5, "src_sample": 4353.5, "fit_residual_px": 0.1091, "heldout_residual_px": 0.1553}}, {"type": "Feature", "geometry": {"type": "Point", "coordinates": [32.43200314, -69.30076866]}, "properties": {"id": 1922, "src_line": 57225.5, "src_sample": 4737.5, "fit_residual_px": 0.3769, "heldout_residual_px": 0.3809}}, {"type": "Feature", "geometry": {"type": "Point", "coordinates": [32.42199452, -69.30050859]}, "properties": {"id": 1923, "src_line": 57225.5, "src_sample": 5121.5, "fit_residual_px": 0.3864, "heldout_residual_px": 0.433}}, {"type": "Feature", "geometry": {"type": "Point", "coordinates": [32.41180838, -69.30020463]}, "properties": {"id": 1924, "src_line": 57225.5, "src_sample": 5505.5, "fit_residual_px": 0.1925, "heldout_residual_px": 0.2248}}, {"type": "Feature", "geometry": {"type": "Point", "coordinates": [32.40169277, -69.299918]}, "properties": {"id": 1925, "src_line": 57225.5, "src_sample": 5889.5, "fit_residual_px": 0.099, "heldout_residual_px": 0.1307}}, {"type": "Feature", "geometry": {"type": "Point", "coordinates": [32.39167109, -69.29963118]}, "properties": {"id": 1926, "src_line": 57225.5, "src_sample": 6273.5, "fit_residual_px": 0.6608, "heldout_residual_px": 0.6132}}, {"type": "Feature", "geometry": {"type": "Point", "coordinates": [32.38169574, -69.29936714]}, "properties": {"id": 1927, "src_line": 57225.5, "src_sample": 6657.5, "fit_residual_px": 0.3813, "heldout_residual_px": 0.3366}}, {"type": "Feature", "geometry": {"type": "Point", "coordinates": [32.37171702, -69.29912018]}, "properties": {"id": 1928, "src_line": 57225.5, "src_sample": 7041.5, "fit_residual_px": 0.2859, "heldout_residual_px": 0.3153}}, {"type": "Feature", "geometry": {"type": "Point", "coordinates": [32.3616636, -69.29882431]}, "properties": {"id": 1929, "src_line": 57225.5, "src_sample": 7425.5, "fit_residual_px": 0.403, "heldout_residual_px": 0.3687}}, {"type": "Feature", "geometry": {"type": "Point", "coordinates": [32.35157779, -69.29855625]}, "properties": {"id": 1930, "src_line": 57225.5, "src_sample": 7809.5, "fit_residual_px": 0.192, "heldout_residual_px": 0.172}}, {"type": "Feature", "geometry": {"type": "Point", "coordinates": [32.34128597, -69.2982529]}, "properties": {"id": 1931, "src_line": 57225.5, "src_sample": 8193.5, "fit_residual_px": 0.2865, "heldout_residual_px": 0.2677}}, {"type": "Feature", "geometry": {"type": "Point", "coordinates": [32.33113298, -69.29798219]}, "properties": {"id": 1932, "src_line": 57225.5, "src_sample": 8577.5, "fit_residual_px": 0.1724, "heldout_residual_px": 0.2057}}, {"type": "Feature", "geometry": {"type": "Point", "coordinates": [32.3208353, -69.29768081]}, "properties": {"id": 1933, "src_line": 57225.5, "src_sample": 8961.5, "fit_residual_px": 0.2151, "heldout_residual_px": 0.2445}}, {"type": "Feature", "geometry": {"type": "Point", "coordinates": [32.31048491, -69.29735157]}, "properties": {"id": 1934, "src_line": 57225.5, "src_sample": 9345.5, "fit_residual_px": 0.6951, "heldout_residual_px": 0.6794}}, {"type": "Feature", "geometry": {"type": "Point", "coordinates": [32.30010463, -69.29707186]}, "properties": {"id": 1935, "src_line": 57225.5, "src_sample": 9729.5, "fit_residual_px": 0.4862, "heldout_residual_px": 0.5172}}, {"type": "Feature", "geometry": {"type": "Point", "coordinates": [32.28995854, -69.29677351]}, "properties": {"id": 1936, "src_line": 57225.5, "src_sample": 10113.5, "fit_residual_px": 0.0854, "heldout_residual_px": 0.0471}}, {"type": "Feature", "geometry": {"type": "Point", "coordinates": [32.27966575, -69.2964932]}, "properties": {"id": 1937, "src_line": 57225.5, "src_sample": 10497.5, "fit_residual_px": 0.671, "heldout_residual_px": 0.7127}}, {"type": "Feature", "geometry": {"type": "Point", "coordinates": [32.26941582, -69.29618428]}, "properties": {"id": 1938, "src_line": 57225.5, "src_sample": 10881.5, "fit_residual_px": 0.0888, "heldout_residual_px": 0.0448}}, {"type": "Feature", "geometry": {"type": "Point", "coordinates": [32.25925646, -69.29590171]}, "properties": {"id": 1939, "src_line": 57225.5, "src_sample": 11265.5, "fit_residual_px": 0.1537, "heldout_residual_px": 0.1051}}, {"type": "Feature", "geometry": {"type": "Point", "coordinates": [32.24904006, -69.2956194]}, "properties": {"id": 1940, "src_line": 57225.5, "src_sample": 11649.5, "fit_residual_px": 0.4134, "heldout_residual_px": 0.4483}}, {"type": "Feature", "geometry": {"type": "Point", "coordinates": [32.48243716, -69.298727]}, "properties": {"id": 1941, "src_line": 57609.5, "src_sample": 2817.5, "fit_residual_px": 0.3129, "heldout_residual_px": 0.2889}}, {"type": "Feature", "geometry": {"type": "Point", "coordinates": [32.47238012, -69.29842675]}, "properties": {"id": 1942, "src_line": 57609.5, "src_sample": 3201.5, "fit_residual_px": 0.4532, "heldout_residual_px": 0.4263}}, {"type": "Feature", "geometry": {"type": "Point", "coordinates": [32.4625591, -69.29816707]}, "properties": {"id": 1943, "src_line": 57609.5, "src_sample": 3585.5, "fit_residual_px": 0.3794, "heldout_residual_px": 0.4335}}, {"type": "Feature", "geometry": {"type": "Point", "coordinates": [32.45273569, -69.29791163]}, "properties": {"id": 1944, "src_line": 57609.5, "src_sample": 3969.5, "fit_residual_px": 0.4484, "heldout_residual_px": 0.5036}}, {"type": "Feature", "geometry": {"type": "Point", "coordinates": [32.44265889, -69.29765494]}, "properties": {"id": 1945, "src_line": 57609.5, "src_sample": 4353.5, "fit_residual_px": 0.2646, "heldout_residual_px": 0.2099}}, {"type": "Feature", "geometry": {"type": "Point", "coordinates": [32.43265833, -69.29737184]}, "properties": {"id": 1946, "src_line": 57609.5, "src_sample": 4737.5, "fit_residual_px": 0.051, "heldout_residual_px": 0.1132}}, {"type": "Feature", "geometry": {"type": "Point", "coordinates": [32.4226576, -69.29709209]}, "properties": {"id": 1947, "src_line": 57609.5, "src_sample": 5121.5, "fit_residual_px": 0.2334, "heldout_residual_px": 0.2967}}, {"type": "Feature", "geometry": {"type": "Point", "coordinates": [32.41257753, -69.29681181]}, "properties": {"id": 1948, "src_line": 57609.5, "src_sample": 5505.5, "fit_residual_px": 0.2848, "heldout_residual_px": 0.3571}}, {"type": "Feature", "geometry": {"type": "Point", "coordinates": [32.40245046, -69.29654361]}, "properties": {"id": 1949, "src_line": 57609.5, "src_sample": 5889.5, "fit_residual_px": 0.2652, "heldout_residual_px": 0.2082}}, {"type": "Feature", "geometry": {"type": "Point", "coordinates": [32.39235201, -69.29625837]}, "properties": {"id": 1950, "src_line": 57609.5, "src_sample": 6273.5, "fit_residual_px": 0.3481, "heldout_residual_px": 0.3637}}, {"type": "Feature", "geometry": {"type": "Point", "coordinates": [32.3823172, -69.29597132]}, "properties": {"id": 1951, "src_line": 57609.5, "src_sample": 6657.5, "fit_residual_px": 0.4377, "heldout_residual_px": 0.5112}}, {"type": "Feature", "geometry": {"type": "Point", "coordinates": [32.37230833, -69.29570045]}, "properties": {"id": 1952, "src_line": 57609.5, "src_sample": 7041.5, "fit_residual_px": 0.2956, "heldout_residual_px": 0.3675}}, {"type": "Feature", "geometry": {"type": "Point", "coordinates": [32.36228749, -69.2954447]}, "properties": {"id": 1953, "src_line": 57609.5, "src_sample": 7425.5, "fit_residual_px": 0.4415, "heldout_residual_px": 0.376}}, {"type": "Feature", "geometry": {"type": "Point", "coordinates": [32.35217571, -69.295162]}, "properties": {"id": 1954, "src_line": 57609.5, "src_sample": 7809.5, "fit_residual_px": 0.4233, "heldout_residual_px": 0.375}}, {"type": "Feature", "geometry": {"type": "Point", "coordinates": [32.34191384, -69.29486313]}, "properties": {"id": 1955, "src_line": 57609.5, "src_sample": 8193.5, "fit_residual_px": 0.0782, "heldout_residual_px": 0.0549}}, {"type": "Feature", "geometry": {"type": "Point", "coordinates": [32.33166886, -69.29456634]}, "properties": {"id": 1956, "src_line": 57609.5, "src_sample": 8577.5, "fit_residual_px": 0.0636, "heldout_residual_px": 0.0967}}, {"type": "Feature", "geometry": {"type": "Point", "coordinates": [32.32123824, -69.2942481]}, "properties": {"id": 1957, "src_line": 57609.5, "src_sample": 8961.5, "fit_residual_px": 0.1851, "heldout_residual_px": 0.2421}}, {"type": "Feature", "geometry": {"type": "Point", "coordinates": [32.31086264, -69.29392659]}, "properties": {"id": 1958, "src_line": 57609.5, "src_sample": 9345.5, "fit_residual_px": 0.2661, "heldout_residual_px": 0.3272}}, {"type": "Feature", "geometry": {"type": "Point", "coordinates": [32.30042868, -69.2936073]}, "properties": {"id": 1959, "src_line": 57609.5, "src_sample": 9729.5, "fit_residual_px": 0.3567, "heldout_residual_px": 0.3741}}, {"type": "Feature", "geometry": {"type": "Point", "coordinates": [32.29031358, -69.29335016]}, "properties": {"id": 1960, "src_line": 57609.5, "src_sample": 10113.5, "fit_residual_px": 0.283, "heldout_residual_px": 0.3069}}, {"type": "Feature", "geometry": {"type": "Point", "coordinates": [32.25992027, -69.29251889]}, "properties": {"id": 1961, "src_line": 57609.5, "src_sample": 11265.5, "fit_residual_px": 0.2377, "heldout_residual_px": 0.2593}}, {"type": "Feature", "geometry": {"type": "Point", "coordinates": [32.24968859, -69.29221275]}, "properties": {"id": 1962, "src_line": 57609.5, "src_sample": 11649.5, "fit_residual_px": 0.333, "heldout_residual_px": 0.403}}, {"type": "Feature", "geometry": {"type": "Point", "coordinates": [32.48299943, -69.29530287]}, "properties": {"id": 1963, "src_line": 57993.5, "src_sample": 2817.5, "fit_residual_px": 0.3141, "heldout_residual_px": 0.2897}}, {"type": "Feature", "geometry": {"type": "Point", "coordinates": [32.47276104, -69.29499577]}, "properties": {"id": 1964, "src_line": 57993.5, "src_sample": 3201.5, "fit_residual_px": 0.3535, "heldout_residual_px": 0.3441}}, {"type": "Feature", "geometry": {"type": "Point", "coordinates": [32.463061, -69.29475]}, "properties": {"id": 1965, "src_line": 57993.5, "src_sample": 3585.5, "fit_residual_px": 0.5156, "heldout_residual_px": 0.5153}}, {"type": "Feature", "geometry": {"type": "Point", "coordinates": [32.45327764, -69.29450555]}, "properties": {"id": 1966, "src_line": 57993.5, "src_sample": 3969.5, "fit_residual_px": 0.3487, "heldout_residual_px": 0.3848}}, {"type": "Feature", "geometry": {"type": "Point", "coordinates": [32.44324818, -69.29423482]}, "properties": {"id": 1967, "src_line": 57993.5, "src_sample": 4353.5, "fit_residual_px": 0.2207, "heldout_residual_px": 0.2896}}, {"type": "Feature", "geometry": {"type": "Point", "coordinates": [32.43318076, -69.29395348]}, "properties": {"id": 1968, "src_line": 57993.5, "src_sample": 4737.5, "fit_residual_px": 0.3512, "heldout_residual_px": 0.4148}}, {"type": "Feature", "geometry": {"type": "Point", "coordinates": [32.42316175, -69.29369046]}, "properties": {"id": 1969, "src_line": 57993.5, "src_sample": 5121.5, "fit_residual_px": 0.1532, "heldout_residual_px": 0.1315}}, {"type": "Feature", "geometry": {"type": "Point", "coordinates": [32.41302011, -69.29339515]}, "properties": {"id": 1970, "src_line": 57993.5, "src_sample": 5505.5, "fit_residual_px": 0.3588, "heldout_residual_px": 0.4179}}, {"type": "Feature", "geometry": {"type": "Point", "coordinates": [32.40296274, -69.29312154]}, "properties": {"id": 1971, "src_line": 57993.5, "src_sample": 5889.5, "fit_residual_px": 0.1465, "heldout_residual_px": 0.1696}}, {"type": "Feature", "geometry": {"type": "Point", "coordinates": [32.3928879, -69.29284706]}, "properties": {"id": 1972, "src_line": 57993.5, "src_sample": 6273.5, "fit_residual_px": 0.3741, "heldout_residual_px": 0.3841}}, {"type": "Feature", "geometry": {"type": "Point", "coordinates": [32.38280252, -69.29257123]}, "properties": {"id": 1973, "src_line": 57993.5, "src_sample": 6657.5, "fit_residual_px": 0.3006, "heldout_residual_px": 0.228}}, {"type": "Feature", "geometry": {"type": "Point", "coordinates": [32.36282153, -69.2920308]}, "properties": {"id": 1974, "src_line": 57993.5, "src_sample": 7425.5, "fit_residual_px": 0.4042, "heldout_residual_px": 0.3429}}, {"type": "Feature", "geometry": {"type": "Point", "coordinates": [32.35272801, -69.29173056]}, "properties": {"id": 1975, "src_line": 57993.5, "src_sample": 7809.5, "fit_residual_px": 0.4766, "heldout_residual_px": 0.5407}}, {"type": "Feature", "geometry": {"type": "Point", "coordinates": [32.34252798, -69.29144401]}, "properties": {"id": 1976, "src_line": 57993.5, "src_sample": 8193.5, "fit_residual_px": 0.4192, "heldout_residual_px": 0.4574}}, {"type": "Feature", "geometry": {"type": "Point", "coordinates": [32.33208872, -69.29112544]}, "properties": {"id": 1977, "src_line": 57993.5, "src_sample": 8577.5, "fit_residual_px": 0.326, "heldout_residual_px": 0.383}}, {"type": "Feature", "geometry": {"type": "Point", "coordinates": [32.3216836, -69.29080703]}, "properties": {"id": 1978, "src_line": 57993.5, "src_sample": 8961.5, "fit_residual_px": 0.5525, "heldout_residual_px": 0.5693}}, {"type": "Feature", "geometry": {"type": "Point", "coordinates": [32.31133169, -69.29050715]}, "properties": {"id": 1979, "src_line": 57993.5, "src_sample": 9345.5, "fit_residual_px": 0.2167, "heldout_residual_px": 0.2635}}, {"type": "Feature", "geometry": {"type": "Point", "coordinates": [32.30087926, -69.29018651]}, "properties": {"id": 1980, "src_line": 57993.5, "src_sample": 9729.5, "fit_residual_px": 0.2531, "heldout_residual_px": 0.2945}}, {"type": "Feature", "geometry": {"type": "Point", "coordinates": [32.29084349, -69.28993142]}, "properties": {"id": 1981, "src_line": 57993.5, "src_sample": 10113.5, "fit_residual_px": 0.2277, "heldout_residual_px": 0.2786}}, {"type": "Feature", "geometry": {"type": "Point", "coordinates": [32.26053387, -69.28909439]}, "properties": {"id": 1982, "src_line": 57993.5, "src_sample": 11265.5, "fit_residual_px": 0.375, "heldout_residual_px": 0.4414}}, {"type": "Feature", "geometry": {"type": "Point", "coordinates": [32.25028083, -69.28881]}, "properties": {"id": 1983, "src_line": 57993.5, "src_sample": 11649.5, "fit_residual_px": 0.2423, "heldout_residual_px": 0.3275}}, {"type": "Feature", "geometry": {"type": "Point", "coordinates": [32.48363755, -69.29189993]}, "properties": {"id": 1984, "src_line": 58377.5, "src_sample": 2817.5, "fit_residual_px": 0.2753, "heldout_residual_px": 0.3306}}, {"type": "Feature", "geometry": {"type": "Point", "coordinates": [32.47351093, -69.29161663]}, "properties": {"id": 1985, "src_line": 58377.5, "src_sample": 3201.5, "fit_residual_px": 0.0969, "heldout_residual_px": 0.0698}}, {"type": "Feature", "geometry": {"type": "Point", "coordinates": [32.46363745, -69.2913473]}, "properties": {"id": 1986, "src_line": 58377.5, "src_sample": 3585.5, "fit_residual_px": 0.4857, "heldout_residual_px": 0.5497}}, {"type": "Feature", "geometry": {"type": "Point", "coordinates": [32.45371036, -69.29108432]}, "properties": {"id": 1987, "src_line": 58377.5, "src_sample": 3969.5, "fit_residual_px": 0.3006, "heldout_residual_px": 0.377}}, {"type": "Feature", "geometry": {"type": "Point", "coordinates": [32.44378653, -69.29082295]}, "properties": {"id": 1988, "src_line": 58377.5, "src_sample": 4353.5, "fit_residual_px": 0.1914, "heldout_residual_px": 0.2136}}, {"type": "Feature", "geometry": {"type": "Point", "coordinates": [32.43371191, -69.29054245]}, "properties": {"id": 1989, "src_line": 58377.5, "src_sample": 4737.5, "fit_residual_px": 0.1706, "heldout_residual_px": 0.2483}}, {"type": "Feature", "geometry": {"type": "Point", "coordinates": [32.42356562, -69.2902454]}, "properties": {"id": 1990, "src_line": 58377.5, "src_sample": 5121.5, "fit_residual_px": 0.5119, "heldout_residual_px": 0.5408}}, {"type": "Feature", "geometry": {"type": "Point", "coordinates": [32.41342952, -69.28995125]}, "properties": {"id": 1991, "src_line": 58377.5, "src_sample": 5505.5, "fit_residual_px": 0.4916, "heldout_residual_px": 0.5716}}, {"type": "Feature", "geometry": {"type": "Point", "coordinates": [32.40340617, -69.28968676]}, "properties": {"id": 1992, "src_line": 58377.5, "src_sample": 5889.5, "fit_residual_px": 0.3598, "heldout_residual_px": 0.4347}}, {"type": "Feature", "geometry": {"type": "Point", "coordinates": [32.39346476, -69.28942358]}, "properties": {"id": 1993, "src_line": 58377.5, "src_sample": 6273.5, "fit_residual_px": 0.4658, "heldout_residual_px": 0.539}}, {"type": "Feature", "geometry": {"type": "Point", "coordinates": [32.38349008, -69.28915423]}, "properties": {"id": 1994, "src_line": 58377.5, "src_sample": 6657.5, "fit_residual_px": 0.3759, "heldout_residual_px": 0.4623}}, {"type": "Feature", "geometry": {"type": "Point", "coordinates": [32.37349053, -69.28887971]}, "properties": {"id": 1995, "src_line": 58377.5, "src_sample": 7041.5, "fit_residual_px": 0.4855, "heldout_residual_px": 0.5484}}, {"type": "Feature", "geometry": {"type": "Point", "coordinates": [32.36342661, -69.28860859]}, "properties": {"id": 1996, "src_line": 58377.5, "src_sample": 7425.5, "fit_residual_px": 0.3328, "heldout_residual_px": 0.4226}}, {"type": "Feature", "geometry": {"type": "Point", "coordinates": [32.35331673, -69.28833028]}, "properties": {"id": 1997, "src_line": 58377.5, "src_sample": 7809.5, "fit_residual_px": 0.3022, "heldout_residual_px": 0.3598}}, {"type": "Feature", "geometry": {"type": "Point", "coordinates": [32.34308019, -69.28803496]}, "properties": {"id": 1998, "src_line": 58377.5, "src_sample": 8193.5, "fit_residual_px": 0.2646, "heldout_residual_px": 0.3409}}, {"type": "Feature", "geometry": {"type": "Point", "coordinates": [32.33266154, -69.2877339]}, "properties": {"id": 1999, "src_line": 58377.5, "src_sample": 8577.5, "fit_residual_px": 0.1802, "heldout_residual_px": 0.1589}}, {"type": "Feature", "geometry": {"type": "Point", "coordinates": [32.32230938, -69.28741426]}, "properties": {"id": 2000, "src_line": 58377.5, "src_sample": 8961.5, "fit_residual_px": 0.2108, "heldout_residual_px": 0.2277}}, {"type": "Feature", "geometry": {"type": "Point", "coordinates": [32.31190517, -69.28710181]}, "properties": {"id": 2001, "src_line": 58377.5, "src_sample": 9345.5, "fit_residual_px": 0.2, "heldout_residual_px": 0.1871}}, {"type": "Feature", "geometry": {"type": "Point", "coordinates": [32.30155184, -69.28680366]}, "properties": {"id": 2002, "src_line": 58377.5, "src_sample": 9729.5, "fit_residual_px": 0.4773, "heldout_residual_px": 0.5313}}, {"type": "Feature", "geometry": {"type": "Point", "coordinates": [32.29152653, -69.28653415]}, "properties": {"id": 2003, "src_line": 58377.5, "src_sample": 10113.5, "fit_residual_px": 0.181, "heldout_residual_px": 0.0996}}, {"type": "Feature", "geometry": {"type": "Point", "coordinates": [32.28145155, -69.28626605]}, "properties": {"id": 2004, "src_line": 58377.5, "src_sample": 10497.5, "fit_residual_px": 0.2965, "heldout_residual_px": 0.3548}}, {"type": "Feature", "geometry": {"type": "Point", "coordinates": [32.27128751, -69.28597726]}, "properties": {"id": 2005, "src_line": 58377.5, "src_sample": 10881.5, "fit_residual_px": 0.1659, "heldout_residual_px": 0.264}}, {"type": "Feature", "geometry": {"type": "Point", "coordinates": [32.25084578, -69.28539708]}, "properties": {"id": 2006, "src_line": 58377.5, "src_sample": 11649.5, "fit_residual_px": 0.265, "heldout_residual_px": 0.3525}}, {"type": "Feature", "geometry": {"type": "Point", "coordinates": [32.48413204, -69.28849141]}, "properties": {"id": 2007, "src_line": 58761.5, "src_sample": 2817.5, "fit_residual_px": 0.063, "heldout_residual_px": 0.0617}}, {"type": "Feature", "geometry": {"type": "Point", "coordinates": [32.47404692, -69.28820448]}, "properties": {"id": 2008, "src_line": 58761.5, "src_sample": 3201.5, "fit_residual_px": 0.2377, "heldout_residual_px": 0.2791}}, {"type": "Feature", "geometry": {"type": "Point", "coordinates": [32.46422708, -69.2879527]}, "properties": {"id": 2009, "src_line": 58761.5, "src_sample": 3585.5, "fit_residual_px": 0.0903, "heldout_residual_px": 0.0839}}, {"type": "Feature", "geometry": {"type": "Point", "coordinates": [32.45424283, -69.2876712]}, "properties": {"id": 2010, "src_line": 58761.5, "src_sample": 3969.5, "fit_residual_px": 0.2413, "heldout_residual_px": 0.3176}}, {"type": "Feature", "geometry": {"type": "Point", "coordinates": [32.44424819, -69.28741239]}, "properties": {"id": 2011, "src_line": 58761.5, "src_sample": 4353.5, "fit_residual_px": 0.2438, "heldout_residual_px": 0.2096}}, {"type": "Feature", "geometry": {"type": "Point", "coordinates": [32.43419776, -69.2871362]}, "properties": {"id": 2012, "src_line": 58761.5, "src_sample": 4737.5, "fit_residual_px": 0.3692, "heldout_residual_px": 0.3474}}, {"type": "Feature", "geometry": {"type": "Point", "coordinates": [32.42408675, -69.28684285]}, "properties": {"id": 2013, "src_line": 58761.5, "src_sample": 5121.5, "fit_residual_px": 0.546, "heldout_residual_px": 0.5886}}, {"type": "Feature", "geometry": {"type": "Point", "coordinates": [32.41392483, -69.28656538]}, "properties": {"id": 2014, "src_line": 58761.5, "src_sample": 5505.5, "fit_residual_px": 0.5742, "heldout_residual_px": 0.5486}}, {"type": "Feature", "geometry": {"type": "Point", "coordinates": [32.40385614, -69.28627189]}, "properties": {"id": 2015, "src_line": 58761.5, "src_sample": 5889.5, "fit_residual_px": 0.3558, "heldout_residual_px": 0.3876}}, {"type": "Feature", "geometry": {"type": "Point", "coordinates": [32.39395578, -69.28601803]}, "properties": {"id": 2016, "src_line": 58761.5, "src_sample": 6273.5, "fit_residual_px": 0.5571, "heldout_residual_px": 0.5582}}, {"type": "Feature", "geometry": {"type": "Point", "coordinates": [32.38405985, -69.28574622]}, "properties": {"id": 2017, "src_line": 58761.5, "src_sample": 6657.5, "fit_residual_px": 0.2146, "heldout_residual_px": 0.271}}, {"type": "Feature", "geometry": {"type": "Point", "coordinates": [32.37408446, -69.28547739]}, "properties": {"id": 2018, "src_line": 58761.5, "src_sample": 7041.5, "fit_residual_px": 0.2763, "heldout_residual_px": 0.3534}}, {"type": "Feature", "geometry": {"type": "Point", "coordinates": [32.36400659, -69.28520744]}, "properties": {"id": 2019, "src_line": 58761.5, "src_sample": 7425.5, "fit_residual_px": 0.0663, "heldout_residual_px": 0.1648}}, {"type": "Feature", "geometry": {"type": "Point", "coordinates": [32.35381321, -69.28492212]}, "properties": {"id": 2020, "src_line": 58761.5, "src_sample": 7809.5, "fit_residual_px": 0.0919, "heldout_residual_px": 0.0241}}, {"type": "Feature", "geometry": {"type": "Point", "coordinates": [32.3435403, -69.28461999]}, "properties": {"id": 2021, "src_line": 58761.5, "src_sample": 8193.5, "fit_residual_px": 0.0338, "heldout_residual_px": 0.0798}}, {"type": "Feature", "geometry": {"type": "Point", "coordinates": [32.33322616, -69.28430888]}, "properties": {"id": 2022, "src_line": 58761.5, "src_sample": 8577.5, "fit_residual_px": 0.4231, "heldout_residual_px": 0.4096}}, {"type": "Feature", "geometry": {"type": "Point", "coordinates": [32.32288362, -69.28400736]}, "properties": {"id": 2023, "src_line": 58761.5, "src_sample": 8961.5, "fit_residual_px": 0.1946, "heldout_residual_px": 0.2644}}, {"type": "Feature", "geometry": {"type": "Point", "coordinates": [32.31256772, -69.28371685]}, "properties": {"id": 2024, "src_line": 58761.5, "src_sample": 9345.5, "fit_residual_px": 0.4449, "heldout_residual_px": 0.4538}}, {"type": "Feature", "geometry": {"type": "Point", "coordinates": [32.30233687, -69.28341227]}, "properties": {"id": 2025, "src_line": 58761.5, "src_sample": 9729.5, "fit_residual_px": 0.2007, "heldout_residual_px": 0.1344}}, {"type": "Feature", "geometry": {"type": "Point", "coordinates": [32.29218463, -69.28312026]}, "properties": {"id": 2026, "src_line": 58761.5, "src_sample": 10113.5, "fit_residual_px": 0.2821, "heldout_residual_px": 0.3587}}, {"type": "Feature", "geometry": {"type": "Point", "coordinates": [32.28193415, -69.28285399]}, "properties": {"id": 2027, "src_line": 58761.5, "src_sample": 10497.5, "fit_residual_px": 0.5056, "heldout_residual_px": 0.5137}}, {"type": "Feature", "geometry": {"type": "Point", "coordinates": [32.27160558, -69.28252448]}, "properties": {"id": 2028, "src_line": 58761.5, "src_sample": 10881.5, "fit_residual_px": 0.3654, "heldout_residual_px": 0.3488}}, {"type": "Feature", "geometry": {"type": "Point", "coordinates": [32.26138499, -69.282261]}, "properties": {"id": 2029, "src_line": 58761.5, "src_sample": 11265.5, "fit_residual_px": 0.6209, "heldout_residual_px": 0.6862}}, {"type": "Feature", "geometry": {"type": "Point", "coordinates": [32.25140786, -69.28198229]}, "properties": {"id": 2030, "src_line": 58761.5, "src_sample": 11649.5, "fit_residual_px": 0.2576, "heldout_residual_px": 0.3408}}, {"type": "Feature", "geometry": {"type": "Point", "coordinates": [32.48450808, -69.2850643]}, "properties": {"id": 2031, "src_line": 59145.5, "src_sample": 2817.5, "fit_residual_px": 0.225, "heldout_residual_px": 0.1749}}, {"type": "Feature", "geometry": {"type": "Point", "coordinates": [32.47474851, -69.28479972]}, "properties": {"id": 2032, "src_line": 59145.5, "src_sample": 3201.5, "fit_residual_px": 0.3048, "heldout_residual_px": 0.3318}}, {"type": "Feature", "geometry": {"type": "Point", "coordinates": [32.46473173, -69.28453191]}, "properties": {"id": 2033, "src_line": 59145.5, "src_sample": 3585.5, "fit_residual_px": 0.1659, "heldout_residual_px": 0.134}}, {"type": "Feature", "geometry": {"type": "Point", "coordinates": [32.45480787, -69.28427156]}, "properties": {"id": 2034, "src_line": 59145.5, "src_sample": 3969.5, "fit_residual_px": 0.2138, "heldout_residual_px": 0.1455}}, {"type": "Feature", "geometry": {"type": "Point", "coordinates": [32.44472422, -69.28398721]}, "properties": {"id": 2035, "src_line": 59145.5, "src_sample": 4353.5, "fit_residual_px": 0.2345, "heldout_residual_px": 0.2516}}, {"type": "Feature", "geometry": {"type": "Point", "coordinates": [32.43474548, -69.28370668]}, "properties": {"id": 2036, "src_line": 59145.5, "src_sample": 4737.5, "fit_residual_px": 0.2657, "heldout_residual_px": 0.3477}}, {"type": "Feature", "geometry": {"type": "Point", "coordinates": [32.42469984, -69.28343358]}, "properties": {"id": 2037, "src_line": 59145.5, "src_sample": 5121.5, "fit_residual_px": 0.0851, "heldout_residual_px": 0.1614}}, {"type": "Feature", "geometry": {"type": "Point", "coordinates": [32.41459237, -69.28316889]}, "properties": {"id": 2038, "src_line": 59145.5, "src_sample": 5505.5, "fit_residual_px": 0.5593, "heldout_residual_px": 0.5176}}, {"type": "Feature", "geometry": {"type": "Point", "coordinates": [32.40451627, -69.28288928]}, "properties": {"id": 2039, "src_line": 59145.5, "src_sample": 5889.5, "fit_residual_px": 0.5388, "heldout_residual_px": 0.4773}}, {"type": "Feature", "geometry": {"type": "Point", "coordinates": [32.39447383, -69.28259253]}, "properties": {"id": 2040, "src_line": 59145.5, "src_sample": 6273.5, "fit_residual_px": 0.4032, "heldout_residual_px": 0.4679}}, {"type": "Feature", "geometry": {"type": "Point", "coordinates": [32.38456152, -69.28232256]}, "properties": {"id": 2041, "src_line": 59145.5, "src_sample": 6657.5, "fit_residual_px": 0.3767, "heldout_residual_px": 0.4748}}, {"type": "Feature", "geometry": {"type": "Point", "coordinates": [32.37448811, -69.28204407]}, "properties": {"id": 2042, "src_line": 59145.5, "src_sample": 7041.5, "fit_residual_px": 0.4252, "heldout_residual_px": 0.5279}}, {"type": "Feature", "geometry": {"type": "Point", "coordinates": [32.3645021, -69.28177873]}, "properties": {"id": 2043, "src_line": 59145.5, "src_sample": 7425.5, "fit_residual_px": 0.4314, "heldout_residual_px": 0.4683}}, {"type": "Feature", "geometry": {"type": "Point", "coordinates": [32.35427153, -69.28148362]}, "properties": {"id": 2044, "src_line": 59145.5, "src_sample": 7809.5, "fit_residual_px": 0.355, "heldout_residual_px": 0.4097}}, {"type": "Feature", "geometry": {"type": "Point", "coordinates": [32.3440458, -69.28118972]}, "properties": {"id": 2045, "src_line": 59145.5, "src_sample": 8193.5, "fit_residual_px": 0.3169, "heldout_residual_px": 0.4125}}, {"type": "Feature", "geometry": {"type": "Point", "coordinates": [32.33374482, -69.28088357]}, "properties": {"id": 2046, "src_line": 59145.5, "src_sample": 8577.5, "fit_residual_px": 0.5595, "heldout_residual_px": 0.5721}}, {"type": "Feature", "geometry": {"type": "Point", "coordinates": [32.32354482, -69.280605]}, "properties": {"id": 2047, "src_line": 59145.5, "src_sample": 8961.5, "fit_residual_px": 0.277, "heldout_residual_px": 0.2566}}, {"type": "Feature", "geometry": {"type": "Point", "coordinates": [32.31324589, -69.28031932]}, "properties": {"id": 2048, "src_line": 59145.5, "src_sample": 9345.5, "fit_residual_px": 0.3355, "heldout_residual_px": 0.2903}}, {"type": "Feature", "geometry": {"type": "Point", "coordinates": [32.30300202, -69.2800245]}, "properties": {"id": 2049, "src_line": 59145.5, "src_sample": 9729.5, "fit_residual_px": 0.357, "heldout_residual_px": 0.3607}}, {"type": "Feature", "geometry": {"type": "Point", "coordinates": [32.29284374, -69.27973989]}, "properties": {"id": 2050, "src_line": 59145.5, "src_sample": 10113.5, "fit_residual_px": 0.2477, "heldout_residual_px": 0.2199}}, {"type": "Feature", "geometry": {"type": "Point", "coordinates": [32.28247169, -69.27943508]}, "properties": {"id": 2051, "src_line": 59145.5, "src_sample": 10497.5, "fit_residual_px": 0.5059, "heldout_residual_px": 0.5536}}, {"type": "Feature", "geometry": {"type": "Point", "coordinates": [32.27205276, -69.27910029]}, "properties": {"id": 2052, "src_line": 59145.5, "src_sample": 10881.5, "fit_residual_px": 0.3254, "heldout_residual_px": 0.4071}}, {"type": "Feature", "geometry": {"type": "Point", "coordinates": [32.26193821, -69.27882854]}, "properties": {"id": 2053, "src_line": 59145.5, "src_sample": 11265.5, "fit_residual_px": 0.2036, "heldout_residual_px": 0.1855}}, {"type": "Feature", "geometry": {"type": "Point", "coordinates": [32.25192241, -69.27858192]}, "properties": {"id": 2054, "src_line": 59145.5, "src_sample": 11649.5, "fit_residual_px": 0.2569, "heldout_residual_px": 0.2278}}, {"type": "Feature", "geometry": {"type": "Point", "coordinates": [32.48523468, -69.28167171]}, "properties": {"id": 2055, "src_line": 59529.5, "src_sample": 2817.5, "fit_residual_px": 0.4163, "heldout_residual_px": 0.5157}}, {"type": "Feature", "geometry": {"type": "Point", "coordinates": [32.47531063, -69.28140348]}, "properties": {"id": 2056, "src_line": 59529.5, "src_sample": 3201.5, "fit_residual_px": 0.3593, "heldout_residual_px": 0.454}}, {"type": "Feature", "geometry": {"type": "Point", "coordinates": [32.46531902, -69.2811151]}, "properties": {"id": 2057, "src_line": 59529.5, "src_sample": 3585.5, "fit_residual_px": 0.4113, "heldout_residual_px": 0.4281}}, {"type": "Feature", "geometry": {"type": "Point", "coordinates": [32.45529802, -69.28086651]}, "properties": {"id": 2058, "src_line": 59529.5, "src_sample": 3969.5, "fit_residual_px": 0.4069, "heldout_residual_px": 0.4068}}, {"type": "Feature", "geometry": {"type": "Point", "coordinates": [32.4453683, -69.2806053]}, "properties": {"id": 2059, "src_line": 59529.5, "src_sample": 4353.5, "fit_residual_px": 0.5248, "heldout_residual_px": 0.5331}}, {"type": "Feature", "geometry": {"type": "Point", "coordinates": [32.43538238, -69.28032268]}, "properties": {"id": 2060, "src_line": 59529.5, "src_sample": 4737.5, "fit_residual_px": 0.3029, "heldout_residual_px": 0.2908}}, {"type": "Feature", "geometry": {"type": "Point", "coordinates": [32.42534523, -69.28005369]}, "properties": {"id": 2061, "src_line": 59529.5, "src_sample": 5121.5, "fit_residual_px": 0.4935, "heldout_residual_px": 0.5074}}, {"type": "Feature", "geometry": {"type": "Point", "coordinates": [32.41526963, -69.2797603]}, "properties": {"id": 2062, "src_line": 59529.5, "src_sample": 5505.5, "fit_residual_px": 0.0882, "heldout_residual_px": 0.1541}}, {"type": "Feature", "geometry": {"type": "Point", "coordinates": [32.40513199, -69.27947992]}, "properties": {"id": 2063, "src_line": 59529.5, "src_sample": 5889.5, "fit_residual_px": 0.2874, "heldout_residual_px": 0.3462}}, {"type": "Feature", "geometry": {"type": "Point", "coordinates": [32.39493407, -69.2791926]}, "properties": {"id": 2064, "src_line": 59529.5, "src_sample": 6273.5, "fit_residual_px": 0.5162, "heldout_residual_px": 0.5671}}, {"type": "Feature", "geometry": {"type": "Point", "coordinates": [32.38493748, -69.27890884]}, "properties": {"id": 2065, "src_line": 59529.5, "src_sample": 6657.5, "fit_residual_px": 0.1521, "heldout_residual_px": 0.2229}}, {"type": "Feature", "geometry": {"type": "Point", "coordinates": [32.37483478, -69.2786062]}, "properties": {"id": 2066, "src_line": 59529.5, "src_sample": 7041.5, "fit_residual_px": 0.6535, "heldout_residual_px": 0.6335}}, {"type": "Feature", "geometry": {"type": "Point", "coordinates": [32.36474422, -69.27834566]}, "properties": {"id": 2067, "src_line": 59529.5, "src_sample": 7425.5, "fit_residual_px": 0.0679, "heldout_residual_px": 0.1005}}, {"type": "Feature", "geometry": {"type": "Point", "coordinates": [32.35463596, -69.27806967]}, "properties": {"id": 2068, "src_line": 59529.5, "src_sample": 7809.5, "fit_residual_px": 0.2522, "heldout_residual_px": 0.3296}}, {"type": "Feature", "geometry": {"type": "Point", "coordinates": [32.34452475, -69.27778553]}, "properties": {"id": 2069, "src_line": 59529.5, "src_sample": 8193.5, "fit_residual_px": 0.3061, "heldout_residual_px": 0.3733}}, {"type": "Feature", "geometry": {"type": "Point", "coordinates": [32.33430796, -69.27750368]}, "properties": {"id": 2070, "src_line": 59529.5, "src_sample": 8577.5, "fit_residual_px": 0.3794, "heldout_residual_px": 0.4377}}, {"type": "Feature", "geometry": {"type": "Point", "coordinates": [32.32408118, -69.27721283]}, "properties": {"id": 2071, "src_line": 59529.5, "src_sample": 8961.5, "fit_residual_px": 0.427, "heldout_residual_px": 0.4647}}, {"type": "Feature", "geometry": {"type": "Point", "coordinates": [32.3137741, -69.27690126]}, "properties": {"id": 2072, "src_line": 59529.5, "src_sample": 9345.5, "fit_residual_px": 0.4719, "heldout_residual_px": 0.5746}}, {"type": "Feature", "geometry": {"type": "Point", "coordinates": [32.30334334, -69.27656707]}, "properties": {"id": 2073, "src_line": 59529.5, "src_sample": 9729.5, "fit_residual_px": 0.2854, "heldout_residual_px": 0.2463}}, {"type": "Feature", "geometry": {"type": "Point", "coordinates": [32.29335375, -69.27631614]}, "properties": {"id": 2074, "src_line": 59529.5, "src_sample": 10113.5, "fit_residual_px": 0.0688, "heldout_residual_px": 0.0379}}, {"type": "Feature", "geometry": {"type": "Point", "coordinates": [32.28317122, -69.27602219]}, "properties": {"id": 2075, "src_line": 59529.5, "src_sample": 10497.5, "fit_residual_px": 0.2543, "heldout_residual_px": 0.3294}}, {"type": "Feature", "geometry": {"type": "Point", "coordinates": [32.27282658, -69.27572308]}, "properties": {"id": 2076, "src_line": 59529.5, "src_sample": 10881.5, "fit_residual_px": 0.1724, "heldout_residual_px": 0.11}}, {"type": "Feature", "geometry": {"type": "Point", "coordinates": [32.26266934, -69.27544213]}, "properties": {"id": 2077, "src_line": 59529.5, "src_sample": 11265.5, "fit_residual_px": 0.1192, "heldout_residual_px": 0.2492}}, {"type": "Feature", "geometry": {"type": "Point", "coordinates": [32.25255114, -69.27516919]}, "properties": {"id": 2078, "src_line": 59529.5, "src_sample": 11649.5, "fit_residual_px": 0.1291, "heldout_residual_px": 0.3065}}, {"type": "Feature", "geometry": {"type": "Point", "coordinates": [32.48572612, -69.27826495]}, "properties": {"id": 2079, "src_line": 59913.5, "src_sample": 2817.5, "fit_residual_px": 0.3513, "heldout_residual_px": 0.3997}}, {"type": "Feature", "geometry": {"type": "Point", "coordinates": [32.47577865, -69.27797222]}, "properties": {"id": 2080, "src_line": 59913.5, "src_sample": 3201.5, "fit_residual_px": 0.3777, "heldout_residual_px": 0.4504}}, {"type": "Feature", "geometry": {"type": "Point", "coordinates": [32.46557121, -69.27767223]}, "properties": {"id": 2081, "src_line": 59913.5, "src_sample": 3585.5, "fit_residual_px": 0.8571, "heldout_residual_px": 0.89}}, {"type": "Feature", "geometry": {"type": "Point", "coordinates": [32.45583979, -69.27743979]}, "properties": {"id": 2082, "src_line": 59913.5, "src_sample": 3969.5, "fit_residual_px": 0.033, "heldout_residual_px": 0.0411}}, {"type": "Feature", "geometry": {"type": "Point", "coordinates": [32.44597507, -69.27717363]}, "properties": {"id": 2083, "src_line": 59913.5, "src_sample": 4353.5, "fit_residual_px": 0.3007, "heldout_residual_px": 0.3225}}, {"type": "Feature", "geometry": {"type": "Point", "coordinates": [32.43600697, -69.27691197]}, "properties": {"id": 2084, "src_line": 59913.5, "src_sample": 4737.5, "fit_residual_px": 0.0371, "heldout_residual_px": 0.0602}}, {"type": "Feature", "geometry": {"type": "Point", "coordinates": [32.425993, -69.27664961]}, "properties": {"id": 2085, "src_line": 59913.5, "src_sample": 5121.5, "fit_residual_px": 0.372, "heldout_residual_px": 0.3695}}, {"type": "Feature", "geometry": {"type": "Point", "coordinates": [32.4157731, -69.27633305]}, "properties": {"id": 2086, "src_line": 59913.5, "src_sample": 5505.5, "fit_residual_px": 0.1834, "heldout_residual_px": 0.1302}}, {"type": "Feature", "geometry": {"type": "Point", "coordinates": [32.40566275, -69.276062]}, "properties": {"id": 2087, "src_line": 59913.5, "src_sample": 5889.5, "fit_residual_px": 0.3372, "heldout_residual_px": 0.3406}}, {"type": "Feature", "geometry": {"type": "Point", "coordinates": [32.38525459, -69.27545321]}, "properties": {"id": 2088, "src_line": 59913.5, "src_sample": 6657.5, "fit_residual_px": 0.4791, "heldout_residual_px": 0.4596}}, {"type": "Feature", "geometry": {"type": "Point", "coordinates": [32.37525875, -69.27518483]}, "properties": {"id": 2089, "src_line": 59913.5, "src_sample": 7041.5, "fit_residual_px": 0.2958, "heldout_residual_px": 0.2289}}, {"type": "Feature", "geometry": {"type": "Point", "coordinates": [32.36519505, -69.27493131]}, "properties": {"id": 2090, "src_line": 59913.5, "src_sample": 7425.5, "fit_residual_px": 0.3416, "heldout_residual_px": 0.413}}, {"type": "Feature", "geometry": {"type": "Point", "coordinates": [32.35507615, -69.27464692]}, "properties": {"id": 2091, "src_line": 59913.5, "src_sample": 7809.5, "fit_residual_px": 0.2593, "heldout_residual_px": 0.3157}}, {"type": "Feature", "geometry": {"type": "Point", "coordinates": [32.34502812, -69.27436049]}, "properties": {"id": 2092, "src_line": 59913.5, "src_sample": 8193.5, "fit_residual_px": 0.1052, "heldout_residual_px": 0.0997}}, {"type": "Feature", "geometry": {"type": "Point", "coordinates": [32.33485287, -69.27406292]}, "properties": {"id": 2093, "src_line": 59913.5, "src_sample": 8577.5, "fit_residual_px": 0.6966, "heldout_residual_px": 0.7227}}, {"type": "Feature", "geometry": {"type": "Point", "coordinates": [32.32460448, -69.27377395]}, "properties": {"id": 2094, "src_line": 59913.5, "src_sample": 8961.5, "fit_residual_px": 0.2118, "heldout_residual_px": 0.2364}}, {"type": "Feature", "geometry": {"type": "Point", "coordinates": [32.31408489, -69.27344486]}, "properties": {"id": 2095, "src_line": 59913.5, "src_sample": 9345.5, "fit_residual_px": 0.7202, "heldout_residual_px": 0.8261}}, {"type": "Feature", "geometry": {"type": "Point", "coordinates": [32.28374111, -69.27261327]}, "properties": {"id": 2096, "src_line": 59913.5, "src_sample": 10497.5, "fit_residual_px": 0.4236, "heldout_residual_px": 0.5264}}, {"type": "Feature", "geometry": {"type": "Point", "coordinates": [32.27360901, -69.27233718]}, "properties": {"id": 2097, "src_line": 59913.5, "src_sample": 10881.5, "fit_residual_px": 0.2315, "heldout_residual_px": 0.367}}, {"type": "Feature", "geometry": {"type": "Point", "coordinates": [32.25314747, -69.27174401]}, "properties": {"id": 2098, "src_line": 59913.5, "src_sample": 11649.5, "fit_residual_px": 0.594, "heldout_residual_px": 0.7529}}, {"type": "Feature", "geometry": {"type": "Point", "coordinates": [32.48627918, -69.27483644]}, "properties": {"id": 2099, "src_line": 60297.5, "src_sample": 2817.5, "fit_residual_px": 0.311, "heldout_residual_px": 0.4095}}, {"type": "Feature", "geometry": {"type": "Point", "coordinates": [32.47631539, -69.27455994]}, "properties": {"id": 2100, "src_line": 60297.5, "src_sample": 3201.5, "fit_residual_px": 0.3279, "heldout_residual_px": 0.4029}}, {"type": "Feature", "geometry": {"type": "Point", "coordinates": [32.46613697, -69.27428399]}, "properties": {"id": 2101, "src_line": 60297.5, "src_sample": 3585.5, "fit_residual_px": 0.3608, "heldout_residual_px": 0.3765}}, {"type": "Feature", "geometry": {"type": "Point", "coordinates": [32.45627883, -69.27401959]}, "properties": {"id": 2102, "src_line": 60297.5, "src_sample": 3969.5, "fit_residual_px": 0.5264, "heldout_residual_px": 0.4622}}, {"type": "Feature", "geometry": {"type": "Point", "coordinates": [32.44640437, -69.27376611]}, "properties": {"id": 2103, "src_line": 60297.5, "src_sample": 4353.5, "fit_residual_px": 0.384, "heldout_residual_px": 0.3712}}, {"type": "Feature", "geometry": {"type": "Point", "coordinates": [32.43654922, -69.2734998]}, "properties": {"id": 2104, "src_line": 60297.5, "src_sample": 4737.5, "fit_residual_px": 0.4405, "heldout_residual_px": 0.3734}}, {"type": "Feature", "geometry": {"type": "Point", "coordinates": [32.42659608, -69.27323153]}, "properties": {"id": 2105, "src_line": 60297.5, "src_sample": 5121.5, "fit_residual_px": 0.1088, "heldout_residual_px": 0.054}}, {"type": "Feature", "geometry": {"type": "Point", "coordinates": [32.41645543, -69.27294011]}, "properties": {"id": 2106, "src_line": 60297.5, "src_sample": 5505.5, "fit_residual_px": 0.3125, "heldout_residual_px": 0.3677}}, {"type": "Feature", "geometry": {"type": "Point", "coordinates": [32.40613228, -69.27262943]}, "properties": {"id": 2107, "src_line": 60297.5, "src_sample": 5889.5, "fit_residual_px": 0.1063, "heldout_residual_px": 0.0594}}, {"type": "Feature", "geometry": {"type": "Point", "coordinates": [32.39583113, -69.27233216]}, "properties": {"id": 2108, "src_line": 60297.5, "src_sample": 6273.5, "fit_residual_px": 0.2487, "heldout_residual_px": 0.3173}}, {"type": "Feature", "geometry": {"type": "Point", "coordinates": [32.385614, -69.2720162]}, "properties": {"id": 2109, "src_line": 60297.5, "src_sample": 6657.5, "fit_residual_px": 0.4505, "heldout_residual_px": 0.4283}}, {"type": "Feature", "geometry": {"type": "Point", "coordinates": [32.37555458, -69.27176665]}, "properties": {"id": 2110, "src_line": 60297.5, "src_sample": 7041.5, "fit_residual_px": 0.4697, "heldout_residual_px": 0.5422}}, {"type": "Feature", "geometry": {"type": "Point", "coordinates": [32.36566151, -69.27149882]}, "properties": {"id": 2111, "src_line": 60297.5, "src_sample": 7425.5, "fit_residual_px": 0.3457, "heldout_residual_px": 0.4024}}, {"type": "Feature", "geometry": {"type": "Point", "coordinates": [32.35563295, -69.27123523]}, "properties": {"id": 2112, "src_line": 60297.5, "src_sample": 7809.5, "fit_residual_px": 0.3528, "heldout_residual_px": 0.4191}}, {"type": "Feature", "geometry": {"type": "Point", "coordinates": [32.34557181, -69.27094452]}, "properties": {"id": 2113, "src_line": 60297.5, "src_sample": 8193.5, "fit_residual_px": 0.242, "heldout_residual_px": 0.1752}}, {"type": "Feature", "geometry": {"type": "Point", "coordinates": [32.33539535, -69.2706683]}, "properties": {"id": 2114, "src_line": 60297.5, "src_sample": 8577.5, "fit_residual_px": 0.215, "heldout_residual_px": 0.2713}}, {"type": "Feature", "geometry": {"type": "Point", "coordinates": [32.32519229, -69.27038628]}, "properties": {"id": 2115, "src_line": 60297.5, "src_sample": 8961.5, "fit_residual_px": 0.4494, "heldout_residual_px": 0.4986}}, {"type": "Feature", "geometry": {"type": "Point", "coordinates": [32.31483097, -69.2700814]}, "properties": {"id": 2116, "src_line": 60297.5, "src_sample": 9345.5, "fit_residual_px": 0.6941, "heldout_residual_px": 0.7026}}, {"type": "Feature", "geometry": {"type": "Point", "coordinates": [32.28436694, -69.26921746]}, "properties": {"id": 2117, "src_line": 60297.5, "src_sample": 10497.5, "fit_residual_px": 0.2655, "heldout_residual_px": 0.3623}}, {"type": "Feature", "geometry": {"type": "Point", "coordinates": [32.27413209, -69.26890888]}, "properties": {"id": 2118, "src_line": 60297.5, "src_sample": 10881.5, "fit_residual_px": 0.508, "heldout_residual_px": 0.6358}}, {"type": "Feature", "geometry": {"type": "Point", "coordinates": [32.26375413, -69.26862547]}, "properties": {"id": 2119, "src_line": 60297.5, "src_sample": 11265.5, "fit_residual_px": 0.3766, "heldout_residual_px": 0.4474}}, {"type": "Feature", "geometry": {"type": "Point", "coordinates": [32.48678573, -69.27141854]}, "properties": {"id": 2120, "src_line": 60681.5, "src_sample": 2817.5, "fit_residual_px": 0.2764, "heldout_residual_px": 0.369}}, {"type": "Feature", "geometry": {"type": "Point", "coordinates": [32.4767392, -69.27113782]}, "properties": {"id": 2121, "src_line": 60681.5, "src_sample": 3201.5, "fit_residual_px": 0.1762, "heldout_residual_px": 0.2505}}, {"type": "Feature", "geometry": {"type": "Point", "coordinates": [32.46671534, -69.27086142]}, "properties": {"id": 2122, "src_line": 60681.5, "src_sample": 3585.5, "fit_residual_px": 0.0793, "heldout_residual_px": 0.1396}}, {"type": "Feature", "geometry": {"type": "Point", "coordinates": [32.45679957, -69.27059806]}, "properties": {"id": 2123, "src_line": 60681.5, "src_sample": 3969.5, "fit_residual_px": 0.109, "heldout_residual_px": 0.1691}}, {"type": "Feature", "geometry": {"type": "Point", "coordinates": [32.44694192, -69.27033445]}, "properties": {"id": 2124, "src_line": 60681.5, "src_sample": 4353.5, "fit_residual_px": 0.2242, "heldout_residual_px": 0.2356}}, {"type": "Feature", "geometry": {"type": "Point", "coordinates": [32.4371084, -69.2700709]}, "properties": {"id": 2125, "src_line": 60681.5, "src_sample": 4737.5, "fit_residual_px": 0.5438, "heldout_residual_px": 0.549}}, {"type": "Feature", "geometry": {"type": "Point", "coordinates": [32.42702829, -69.26980826]}, "properties": {"id": 2126, "src_line": 60681.5, "src_sample": 5121.5, "fit_residual_px": 0.1058, "heldout_residual_px": 0.0922}}, {"type": "Feature", "geometry": {"type": "Point", "coordinates": [32.41688655, -69.26951795]}, "properties": {"id": 2127, "src_line": 60681.5, "src_sample": 5505.5, "fit_residual_px": 0.1356, "heldout_residual_px": 0.1138}}, {"type": "Feature", "geometry": {"type": "Point", "coordinates": [32.40658376, -69.26921169]}, "properties": {"id": 2128, "src_line": 60681.5, "src_sample": 5889.5, "fit_residual_px": 0.1144, "heldout_residual_px": 0.1542}}, {"type": "Feature", "geometry": {"type": "Point", "coordinates": [32.39622414, -69.26887999]}, "properties": {"id": 2129, "src_line": 60681.5, "src_sample": 6273.5, "fit_residual_px": 0.3438, "heldout_residual_px": 0.2805}}, {"type": "Feature", "geometry": {"type": "Point", "coordinates": [32.38593649, -69.26858715]}, "properties": {"id": 2130, "src_line": 60681.5, "src_sample": 6657.5, "fit_residual_px": 0.1209, "heldout_residual_px": 0.158}}, {"type": "Feature", "geometry": {"type": "Point", "coordinates": [32.35614763, -69.26781141]}, "properties": {"id": 2131, "src_line": 60681.5, "src_sample": 7809.5, "fit_residual_px": 0.3393, "heldout_residual_px": 0.3119}}, {"type": "Feature", "geometry": {"type": "Point", "coordinates": [32.3462354, -69.26754255]}, "properties": {"id": 2132, "src_line": 60681.5, "src_sample": 8193.5, "fit_residual_px": 0.3391, "heldout_residual_px": 0.3602}}, {"type": "Feature", "geometry": {"type": "Point", "coordinates": [32.33606073, -69.26726538]}, "properties": {"id": 2133, "src_line": 60681.5, "src_sample": 8577.5, "fit_residual_px": 0.2381, "heldout_residual_px": 0.3106}}, {"type": "Feature", "geometry": {"type": "Point", "coordinates": [32.32584462, -69.26697492]}, "properties": {"id": 2134, "src_line": 60681.5, "src_sample": 8961.5, "fit_residual_px": 0.1986, "heldout_residual_px": 0.1799}}, {"type": "Feature", "geometry": {"type": "Point", "coordinates": [32.31569111, -69.26668273]}, "properties": {"id": 2135, "src_line": 60681.5, "src_sample": 9345.5, "fit_residual_px": 0.0783, "heldout_residual_px": 0.0888}}, {"type": "Feature", "geometry": {"type": "Point", "coordinates": [32.30537362, -69.26637759]}, "properties": {"id": 2136, "src_line": 60681.5, "src_sample": 9729.5, "fit_residual_px": 0.311, "heldout_residual_px": 0.4027}}, {"type": "Feature", "geometry": {"type": "Point", "coordinates": [32.29491285, -69.26604481]}, "properties": {"id": 2137, "src_line": 60681.5, "src_sample": 10113.5, "fit_residual_px": 0.5464, "heldout_residual_px": 0.5901}}, {"type": "Feature", "geometry": {"type": "Point", "coordinates": [32.28480553, -69.26579762]}, "properties": {"id": 2138, "src_line": 60681.5, "src_sample": 10497.5, "fit_residual_px": 0.3634, "heldout_residual_px": 0.4081}}, {"type": "Feature", "geometry": {"type": "Point", "coordinates": [32.27456633, -69.26550453]}, "properties": {"id": 2139, "src_line": 60681.5, "src_sample": 10881.5, "fit_residual_px": 0.3965, "heldout_residual_px": 0.3293}}, {"type": "Feature", "geometry": {"type": "Point", "coordinates": [32.2643168, -69.26521101]}, "properties": {"id": 2140, "src_line": 60681.5, "src_sample": 11265.5, "fit_residual_px": 0.3006, "heldout_residual_px": 0.3343}}, {"type": "Feature", "geometry": {"type": "Point", "coordinates": [32.25412076, -69.26492076]}, "properties": {"id": 2141, "src_line": 60681.5, "src_sample": 11649.5, "fit_residual_px": 0.3341, "heldout_residual_px": 0.4744}}, {"type": "Feature", "geometry": {"type": "Point", "coordinates": [32.48718352, -69.26799087]}, "properties": {"id": 2142, "src_line": 61065.5, "src_sample": 2817.5, "fit_residual_px": 0.381, "heldout_residual_px": 0.4508}}, {"type": "Feature", "geometry": {"type": "Point", "coordinates": [32.47711839, -69.26772454]}, "properties": {"id": 2143, "src_line": 61065.5, "src_sample": 3201.5, "fit_residual_px": 0.4215, "heldout_residual_px": 0.4676}}, {"type": "Feature", "geometry": {"type": "Point", "coordinates": [32.46722545, -69.26744484]}, "properties": {"id": 2144, "src_line": 61065.5, "src_sample": 3585.5, "fit_residual_px": 0.1817, "heldout_residual_px": 0.1285}}, {"type": "Feature", "geometry": {"type": "Point", "coordinates": [32.45728253, -69.26717374]}, "properties": {"id": 2145, "src_line": 61065.5, "src_sample": 3969.5, "fit_residual_px": 0.3046, "heldout_residual_px": 0.2474}}, {"type": "Feature", "geometry": {"type": "Point", "coordinates": [32.44740299, -69.26692924]}, "properties": {"id": 2146, "src_line": 61065.5, "src_sample": 4353.5, "fit_residual_px": 0.2365, "heldout_residual_px": 0.2835}}, {"type": "Feature", "geometry": {"type": "Point", "coordinates": [32.43753425, -69.26665836]}, "properties": {"id": 2147, "src_line": 61065.5, "src_sample": 4737.5, "fit_residual_px": 0.2404, "heldout_residual_px": 0.2667}}, {"type": "Feature", "geometry": {"type": "Point", "coordinates": [32.42748724, -69.26638179]}, "properties": {"id": 2148, "src_line": 61065.5, "src_sample": 5121.5, "fit_residual_px": 0.396, "heldout_residual_px": 0.4392}}, {"type": "Feature", "geometry": {"type": "Point", "coordinates": [32.41731712, -69.2660958]}, "properties": {"id": 2149, "src_line": 61065.5, "src_sample": 5505.5, "fit_residual_px": 0.1192, "heldout_residual_px": 0.1698}}, {"type": "Feature", "geometry": {"type": "Point", "coordinates": [32.40703335, -69.26579372]}, "properties": {"id": 2150, "src_line": 61065.5, "src_sample": 5889.5, "fit_residual_px": 0.4417, "heldout_residual_px": 0.4452}}, {"type": "Feature", "geometry": {"type": "Point", "coordinates": [32.3967274, -69.26547137]}, "properties": {"id": 2151, "src_line": 61065.5, "src_sample": 6273.5, "fit_residual_px": 0.4466, "heldout_residual_px": 0.4205}}, {"type": "Feature", "geometry": {"type": "Point", "coordinates": [32.38650247, -69.26518124]}, "properties": {"id": 2152, "src_line": 61065.5, "src_sample": 6657.5, "fit_residual_px": 0.1455, "heldout_residual_px": 0.1686}}, {"type": "Feature", "geometry": {"type": "Point", "coordinates": [32.3764033, -69.26489723]}, "properties": {"id": 2153, "src_line": 61065.5, "src_sample": 7041.5, "fit_residual_px": 0.1462, "heldout_residual_px": 0.1403}}, {"type": "Feature", "geometry": {"type": "Point", "coordinates": [32.3566215, -69.26440428]}, "properties": {"id": 2154, "src_line": 61065.5, "src_sample": 7809.5, "fit_residual_px": 0.4745, "heldout_residual_px": 0.502}}, {"type": "Feature", "geometry": {"type": "Point", "coordinates": [32.34680867, -69.26413946]}, "properties": {"id": 2155, "src_line": 61065.5, "src_sample": 8193.5, "fit_residual_px": 0.2191, "heldout_residual_px": 0.2603}}, {"type": "Feature", "geometry": {"type": "Point", "coordinates": [32.3365958, -69.26384847]}, "properties": {"id": 2156, "src_line": 61065.5, "src_sample": 8577.5, "fit_residual_px": 0.3761, "heldout_residual_px": 0.4455}}, {"type": "Feature", "geometry": {"type": "Point", "coordinates": [32.32637995, -69.26356132]}, "properties": {"id": 2157, "src_line": 61065.5, "src_sample": 8961.5, "fit_residual_px": 0.197, "heldout_residual_px": 0.2686}}, {"type": "Feature", "geometry": {"type": "Point", "coordinates": [32.31623328, -69.26326546]}, "properties": {"id": 2158, "src_line": 61065.5, "src_sample": 9345.5, "fit_residual_px": 0.3032, "heldout_residual_px": 0.3516}}, {"type": "Feature", "geometry": {"type": "Point", "coordinates": [32.30570017, -69.26293686]}, "properties": {"id": 2159, "src_line": 61065.5, "src_sample": 9729.5, "fit_residual_px": 0.3271, "heldout_residual_px": 0.3975}}, {"type": "Feature", "geometry": {"type": "Point", "coordinates": [32.2751671, -69.26207971]}, "properties": {"id": 2160, "src_line": 61065.5, "src_sample": 10881.5, "fit_residual_px": 0.1835, "heldout_residual_px": 0.2361}}, {"type": "Feature", "geometry": {"type": "Point", "coordinates": [32.26495928, -69.26180487]}, "properties": {"id": 2161, "src_line": 61065.5, "src_sample": 11265.5, "fit_residual_px": 0.2553, "heldout_residual_px": 0.3648}}, {"type": "Feature", "geometry": {"type": "Point", "coordinates": [32.25463932, -69.26149407]}, "properties": {"id": 2162, "src_line": 61065.5, "src_sample": 11649.5, "fit_residual_px": 0.1617, "heldout_residual_px": 0.1335}}, {"type": "Feature", "geometry": {"type": "Point", "coordinates": [32.48766451, -69.26458642]}, "properties": {"id": 2163, "src_line": 61449.5, "src_sample": 2817.5, "fit_residual_px": 0.3683, "heldout_residual_px": 0.3075}}, {"type": "Feature", "geometry": {"type": "Point", "coordinates": [32.47769546, -69.26430573]}, "properties": {"id": 2164, "src_line": 61449.5, "src_sample": 3201.5, "fit_residual_px": 0.0833, "heldout_residual_px": 0.0582}}, {"type": "Feature", "geometry": {"type": "Point", "coordinates": [32.46759498, -69.26403095]}, "properties": {"id": 2165, "src_line": 61449.5, "src_sample": 3585.5, "fit_residual_px": 0.385, "heldout_residual_px": 0.4256}}, {"type": "Feature", "geometry": {"type": "Point", "coordinates": [32.45773664, -69.26376333]}, "properties": {"id": 2166, "src_line": 61449.5, "src_sample": 3969.5, "fit_residual_px": 0.1462, "heldout_residual_px": 0.2237}}, {"type": "Feature", "geometry": {"type": "Point", "coordinates": [32.43793299, -69.26322166]}, "properties": {"id": 2167, "src_line": 61449.5, "src_sample": 4737.5, "fit_residual_px": 0.4217, "heldout_residual_px": 0.4177}}, {"type": "Feature", "geometry": {"type": "Point", "coordinates": [32.42799951, -69.26297878]}, "properties": {"id": 2168, "src_line": 61449.5, "src_sample": 5121.5, "fit_residual_px": 0.271, "heldout_residual_px": 0.3174}}, {"type": "Feature", "geometry": {"type": "Point", "coordinates": [32.41784452, -69.26269612]}, "properties": {"id": 2169, "src_line": 61449.5, "src_sample": 5505.5, "fit_residual_px": 0.6164, "heldout_residual_px": 0.6767}}, {"type": "Feature", "geometry": {"type": "Point", "coordinates": [32.40766902, -69.26237282]}, "properties": {"id": 2170, "src_line": 61449.5, "src_sample": 5889.5, "fit_residual_px": 0.3534, "heldout_residual_px": 0.3003}}, {"type": "Feature", "geometry": {"type": "Point", "coordinates": [32.39736117, -69.26206706]}, "properties": {"id": 2171, "src_line": 61449.5, "src_sample": 6273.5, "fit_residual_px": 0.2522, "heldout_residual_px": 0.2004}}, {"type": "Feature", "geometry": {"type": "Point", "coordinates": [32.38691457, -69.26175731]}, "properties": {"id": 2172, "src_line": 61449.5, "src_sample": 6657.5, "fit_residual_px": 0.182, "heldout_residual_px": 0.2428}}, {"type": "Feature", "geometry": {"type": "Point", "coordinates": [32.37687598, -69.2614681]}, "properties": {"id": 2173, "src_line": 61449.5, "src_sample": 7041.5, "fit_residual_px": 0.3692, "heldout_residual_px": 0.3736}}, {"type": "Feature", "geometry": {"type": "Point", "coordinates": [32.36706278, -69.26124001]}, "properties": {"id": 2174, "src_line": 61449.5, "src_sample": 7425.5, "fit_residual_px": 0.2562, "heldout_residual_px": 0.3089}}, {"type": "Feature", "geometry": {"type": "Point", "coordinates": [32.35724964, -69.26098841]}, "properties": {"id": 2175, "src_line": 61449.5, "src_sample": 7809.5, "fit_residual_px": 0.091, "heldout_residual_px": 0.1262}}, {"type": "Feature", "geometry": {"type": "Point", "coordinates": [32.3473218, -69.26071613]}, "properties": {"id": 2176, "src_line": 61449.5, "src_sample": 8193.5, "fit_residual_px": 0.3791, "heldout_residual_px": 0.3529}}, {"type": "Feature", "geometry": {"type": "Point", "coordinates": [32.33703276, -69.26042797]}, "properties": {"id": 2177, "src_line": 61449.5, "src_sample": 8577.5, "fit_residual_px": 0.1075, "heldout_residual_px": 0.112}}, {"type": "Feature", "geometry": {"type": "Point", "coordinates": [32.32679222, -69.26012915]}, "properties": {"id": 2178, "src_line": 61449.5, "src_sample": 8961.5, "fit_residual_px": 0.0437, "heldout_residual_px": 0.0405}}, {"type": "Feature", "geometry": {"type": "Point", "coordinates": [32.31659842, -69.25985579]}, "properties": {"id": 2179, "src_line": 61449.5, "src_sample": 9345.5, "fit_residual_px": 0.5772, "heldout_residual_px": 0.5964}}, {"type": "Feature", "geometry": {"type": "Point", "coordinates": [32.30638878, -69.25954517]}, "properties": {"id": 2180, "src_line": 61449.5, "src_sample": 9729.5, "fit_residual_px": 0.0741, "heldout_residual_px": 0.1446}}, {"type": "Feature", "geometry": {"type": "Point", "coordinates": [32.27572701, -69.25866995]}, "properties": {"id": 2181, "src_line": 61449.5, "src_sample": 10881.5, "fit_residual_px": 0.1167, "heldout_residual_px": 0.2292}}, {"type": "Feature", "geometry": {"type": "Point", "coordinates": [32.26548137, -69.25837491]}, "properties": {"id": 2182, "src_line": 61449.5, "src_sample": 11265.5, "fit_residual_px": 0.2425, "heldout_residual_px": 0.2667}}, {"type": "Feature", "geometry": {"type": "Point", "coordinates": [32.25522216, -69.25808669]}, "properties": {"id": 2183, "src_line": 61449.5, "src_sample": 11649.5, "fit_residual_px": 0.1514, "heldout_residual_px": 0.3183}}, {"type": "Feature", "geometry": {"type": "Point", "coordinates": [32.48810978, -69.26115204]}, "properties": {"id": 2184, "src_line": 61833.5, "src_sample": 2817.5, "fit_residual_px": 0.0737, "heldout_residual_px": 0.1194}}, {"type": "Feature", "geometry": {"type": "Point", "coordinates": [32.4781052, -69.2608557]}, "properties": {"id": 2185, "src_line": 61833.5, "src_sample": 3201.5, "fit_residual_px": 0.5974, "heldout_residual_px": 0.5958}}, {"type": "Feature", "geometry": {"type": "Point", "coordinates": [32.4681863, -69.26061469]}, "properties": {"id": 2186, "src_line": 61833.5, "src_sample": 3585.5, "fit_residual_px": 0.2988, "heldout_residual_px": 0.3996}}, {"type": "Feature", "geometry": {"type": "Point", "coordinates": [32.45825203, -69.26034692]}, "properties": {"id": 2187, "src_line": 61833.5, "src_sample": 3969.5, "fit_residual_px": 0.1435, "heldout_residual_px": 0.1059}}, {"type": "Feature", "geometry": {"type": "Point", "coordinates": [32.42852055, -69.25955675]}, "properties": {"id": 2188, "src_line": 61833.5, "src_sample": 5121.5, "fit_residual_px": 0.4651, "heldout_residual_px": 0.5063}}, {"type": "Feature", "geometry": {"type": "Point", "coordinates": [32.41845528, -69.25928493]}, "properties": {"id": 2189, "src_line": 61833.5, "src_sample": 5505.5, "fit_residual_px": 0.3533, "heldout_residual_px": 0.4093}}, {"type": "Feature", "geometry": {"type": "Point", "coordinates": [32.40821142, -69.25897877]}, "properties": {"id": 2190, "src_line": 61833.5, "src_sample": 5889.5, "fit_residual_px": 0.3576, "heldout_residual_px": 0.3483}}, {"type": "Feature", "geometry": {"type": "Point", "coordinates": [32.39791993, -69.25865737]}, "properties": {"id": 2191, "src_line": 61833.5, "src_sample": 6273.5, "fit_residual_px": 0.4646, "heldout_residual_px": 0.402}}, {"type": "Feature", "geometry": {"type": "Point", "coordinates": [32.38761546, -69.25834098]}, "properties": {"id": 2192, "src_line": 61833.5, "src_sample": 6657.5, "fit_residual_px": 0.5043, "heldout_residual_px": 0.426}}, {"type": "Feature", "geometry": {"type": "Point", "coordinates": [32.3775924, -69.258079]}, "properties": {"id": 2193, "src_line": 61833.5, "src_sample": 7041.5, "fit_residual_px": 0.3023, "heldout_residual_px": 0.2225}}, {"type": "Feature", "geometry": {"type": "Point", "coordinates": [32.36760806, -69.2578279]}, "properties": {"id": 2194, "src_line": 61833.5, "src_sample": 7425.5, "fit_residual_px": 0.2397, "heldout_residual_px": 0.2908}}, {"type": "Feature", "geometry": {"type": "Point", "coordinates": [32.35780768, -69.25756368]}, "properties": {"id": 2195, "src_line": 61833.5, "src_sample": 7809.5, "fit_residual_px": 0.4236, "heldout_residual_px": 0.3735}}, {"type": "Feature", "geometry": {"type": "Point", "coordinates": [32.34779121, -69.25730609]}, "properties": {"id": 2196, "src_line": 61833.5, "src_sample": 8193.5, "fit_residual_px": 0.2235, "heldout_residual_px": 0.1858}}, {"type": "Feature", "geometry": {"type": "Point", "coordinates": [32.33751088, -69.25701861]}, "properties": {"id": 2197, "src_line": 61833.5, "src_sample": 8577.5, "fit_residual_px": 0.4052, "heldout_residual_px": 0.4074}}, {"type": "Feature", "geometry": {"type": "Point", "coordinates": [32.32726243, -69.25669899]}, "properties": {"id": 2198, "src_line": 61833.5, "src_sample": 8961.5, "fit_residual_px": 0.4096, "heldout_residual_px": 0.3594}}, {"type": "Feature", "geometry": {"type": "Point", "coordinates": [32.28639563, -69.25553304]}, "properties": {"id": 2199, "src_line": 61833.5, "src_sample": 10497.5, "fit_residual_px": 0.1689, "heldout_residual_px": 0.2683}}, {"type": "Feature", "geometry": {"type": "Point", "coordinates": [32.27627727, -69.25525557]}, "properties": {"id": 2200, "src_line": 61833.5, "src_sample": 10881.5, "fit_residual_px": 0.2295, "heldout_residual_px": 0.2299}}, {"type": "Feature", "geometry": {"type": "Point", "coordinates": [32.26610981, -69.25496431]}, "properties": {"id": 2201, "src_line": 61833.5, "src_sample": 11265.5, "fit_residual_px": 0.3617, "heldout_residual_px": 0.4728}}, {"type": "Feature", "geometry": {"type": "Point", "coordinates": [32.25578719, -69.25467939]}, "properties": {"id": 2202, "src_line": 61833.5, "src_sample": 11649.5, "fit_residual_px": 0.1852, "heldout_residual_px": 0.3283}}, {"type": "Feature", "geometry": {"type": "Point", "coordinates": [32.48847288, -69.25772298]}, "properties": {"id": 2203, "src_line": 62217.5, "src_sample": 2817.5, "fit_residual_px": 0.3941, "heldout_residual_px": 0.2679}}, {"type": "Feature", "geometry": {"type": "Point", "coordinates": [32.47862965, -69.25744307]}, "properties": {"id": 2204, "src_line": 62217.5, "src_sample": 3201.5, "fit_residual_px": 0.6616, "heldout_residual_px": 0.7035}}, {"type": "Feature", "geometry": {"type": "Point", "coordinates": [32.46875031, -69.25720894]}, "properties": {"id": 2205, "src_line": 62217.5, "src_sample": 3585.5, "fit_residual_px": 0.1795, "heldout_residual_px": 0.2716}}, {"type": "Feature", "geometry": {"type": "Point", "coordinates": [32.45885296, -69.25692963]}, "properties": {"id": 2206, "src_line": 62217.5, "src_sample": 3969.5, "fit_residual_px": 0.3469, "heldout_residual_px": 0.3749}}, {"type": "Feature", "geometry": {"type": "Point", "coordinates": [32.42904689, -69.25614511]}, "properties": {"id": 2207, "src_line": 62217.5, "src_sample": 5121.5, "fit_residual_px": 0.3515, "heldout_residual_px": 0.3972}}, {"type": "Feature", "geometry": {"type": "Point", "coordinates": [32.41901686, -69.25587285]}, "properties": {"id": 2208, "src_line": 62217.5, "src_sample": 5505.5, "fit_residual_px": 0.2554, "heldout_residual_px": 0.3161}}, {"type": "Feature", "geometry": {"type": "Point", "coordinates": [32.40869778, -69.25555291]}, "properties": {"id": 2209, "src_line": 62217.5, "src_sample": 5889.5, "fit_residual_px": 0.2049, "heldout_residual_px": 0.1517}}, {"type": "Feature", "geometry": {"type": "Point", "coordinates": [32.39850909, -69.2552616]}, "properties": {"id": 2210, "src_line": 62217.5, "src_sample": 6273.5, "fit_residual_px": 0.3058, "heldout_residual_px": 0.2736}}, {"type": "Feature", "geometry": {"type": "Point", "coordinates": [32.38819011, -69.25496065]}, "properties": {"id": 2211, "src_line": 62217.5, "src_sample": 6657.5, "fit_residual_px": 0.3136, "heldout_residual_px": 0.3519}}, {"type": "Feature", "geometry": {"type": "Point", "coordinates": [32.3780822, -69.25466508]}, "properties": {"id": 2212, "src_line": 62217.5, "src_sample": 7041.5, "fit_residual_px": 0.2603, "heldout_residual_px": 0.3055}}, {"type": "Feature", "geometry": {"type": "Point", "coordinates": [32.36800374, -69.25439131]}, "properties": {"id": 2213, "src_line": 62217.5, "src_sample": 7425.5, "fit_residual_px": 0.0919, "heldout_residual_px": 0.1518}}, {"type": "Feature", "geometry": {"type": "Point", "coordinates": [32.35827833, -69.25417182]}, "properties": {"id": 2214, "src_line": 62217.5, "src_sample": 7809.5, "fit_residual_px": 0.4983, "heldout_residual_px": 0.5193}}, {"type": "Feature", "geometry": {"type": "Point", "coordinates": [32.34821927, -69.25387658]}, "properties": {"id": 2215, "src_line": 62217.5, "src_sample": 8193.5, "fit_residual_px": 0.1813, "heldout_residual_px": 0.2292}}, {"type": "Feature", "geometry": {"type": "Point", "coordinates": [32.33793249, -69.25358082]}, "properties": {"id": 2216, "src_line": 62217.5, "src_sample": 8577.5, "fit_residual_px": 0.1638, "heldout_residual_px": 0.1672}}, {"type": "Feature", "geometry": {"type": "Point", "coordinates": [32.32790459, -69.2532888]}, "properties": {"id": 2217, "src_line": 62217.5, "src_sample": 8961.5, "fit_residual_px": 0.4635, "heldout_residual_px": 0.4487}}, {"type": "Feature", "geometry": {"type": "Point", "coordinates": [32.31769126, -69.25300278]}, "properties": {"id": 2218, "src_line": 62217.5, "src_sample": 9345.5, "fit_residual_px": 0.3111, "heldout_residual_px": 0.2891}}, {"type": "Feature", "geometry": {"type": "Point", "coordinates": [32.30733931, -69.25269277]}, "properties": {"id": 2219, "src_line": 62217.5, "src_sample": 9729.5, "fit_residual_px": 0.4874, "heldout_residual_px": 0.574}}, {"type": "Feature", "geometry": {"type": "Point", "coordinates": [32.29704427, -69.25241553]}, "properties": {"id": 2220, "src_line": 62217.5, "src_sample": 10113.5, "fit_residual_px": 0.4442, "heldout_residual_px": 0.4936}}, {"type": "Feature", "geometry": {"type": "Point", "coordinates": [32.28693383, -69.25213161]}, "properties": {"id": 2221, "src_line": 62217.5, "src_sample": 10497.5, "fit_residual_px": 0.2687, "heldout_residual_px": 0.3363}}, {"type": "Feature", "geometry": {"type": "Point", "coordinates": [32.27676971, -69.25184623]}, "properties": {"id": 2222, "src_line": 62217.5, "src_sample": 10881.5, "fit_residual_px": 0.1852, "heldout_residual_px": 0.2478}}, {"type": "Feature", "geometry": {"type": "Point", "coordinates": [32.26659813, -69.25155218]}, "properties": {"id": 2223, "src_line": 62217.5, "src_sample": 11265.5, "fit_residual_px": 0.1038, "heldout_residual_px": 0.2575}}, {"type": "Feature", "geometry": {"type": "Point", "coordinates": [32.25634239, -69.25126357]}, "properties": {"id": 2224, "src_line": 62217.5, "src_sample": 11649.5, "fit_residual_px": 0.1903, "heldout_residual_px": 0.3773}}, {"type": "Feature", "geometry": {"type": "Point", "coordinates": [32.48903241, -69.25433136]}, "properties": {"id": 2225, "src_line": 62601.5, "src_sample": 2817.5, "fit_residual_px": 0.507, "heldout_residual_px": 0.5844}}, {"type": "Feature", "geometry": {"type": "Point", "coordinates": [32.47913199, -69.25406812]}, "properties": {"id": 2226, "src_line": 62601.5, "src_sample": 3201.5, "fit_residual_px": 0.529, "heldout_residual_px": 0.5704}}, {"type": "Feature", "geometry": {"type": "Point", "coordinates": [32.46922229, -69.25377805]}, "properties": {"id": 2227, "src_line": 62601.5, "src_sample": 3585.5, "fit_residual_px": 0.4894, "heldout_residual_px": 0.583}}, {"type": "Feature", "geometry": {"type": "Point", "coordinates": [32.45924956, -69.25352262]}, "properties": {"id": 2228, "src_line": 62601.5, "src_sample": 3969.5, "fit_residual_px": 0.3033, "heldout_residual_px": 0.3756}}, {"type": "Feature", "geometry": {"type": "Point", "coordinates": [32.44938231, -69.25325343]}, "properties": {"id": 2229, "src_line": 62601.5, "src_sample": 4353.5, "fit_residual_px": 0.2064, "heldout_residual_px": 0.2848}}, {"type": "Feature", "geometry": {"type": "Point", "coordinates": [32.43944133, -69.25297664]}, "properties": {"id": 2230, "src_line": 62601.5, "src_sample": 4737.5, "fit_residual_px": 0.527, "heldout_residual_px": 0.5558}}, {"type": "Feature", "geometry": {"type": "Point", "coordinates": [32.42954004, -69.25274233]}, "properties": {"id": 2231, "src_line": 62601.5, "src_sample": 5121.5, "fit_residual_px": 0.5942, "heldout_residual_px": 0.6432}}, {"type": "Feature", "geometry": {"type": "Point", "coordinates": [32.41954855, -69.25246077]}, "properties": {"id": 2232, "src_line": 62601.5, "src_sample": 5505.5, "fit_residual_px": 0.2734, "heldout_residual_px": 0.3275}}, {"type": "Feature", "geometry": {"type": "Point", "coordinates": [32.40929737, -69.25215718]}, "properties": {"id": 2233, "src_line": 62601.5, "src_sample": 5889.5, "fit_residual_px": 0.1873, "heldout_residual_px": 0.2412}}, {"type": "Feature", "geometry": {"type": "Point", "coordinates": [32.39901348, -69.25183891]}, "properties": {"id": 2234, "src_line": 62601.5, "src_sample": 6273.5, "fit_residual_px": 0.1756, "heldout_residual_px": 0.1891}}, {"type": "Feature", "geometry": {"type": "Point", "coordinates": [32.38871696, -69.25153443]}, "properties": {"id": 2235, "src_line": 62601.5, "src_sample": 6657.5, "fit_residual_px": 0.321, "heldout_residual_px": 0.379}}, {"type": "Feature", "geometry": {"type": "Point", "coordinates": [32.37856202, -69.25124245]}, "properties": {"id": 2236, "src_line": 62601.5, "src_sample": 7041.5, "fit_residual_px": 0.3865, "heldout_residual_px": 0.3112}}, {"type": "Feature", "geometry": {"type": "Point", "coordinates": [32.36858643, -69.25098916]}, "properties": {"id": 2237, "src_line": 62601.5, "src_sample": 7425.5, "fit_residual_px": 0.4921, "heldout_residual_px": 0.5502}}, {"type": "Feature", "geometry": {"type": "Point", "coordinates": [32.35862769, -69.25072759]}, "properties": {"id": 2238, "src_line": 62601.5, "src_sample": 7809.5, "fit_residual_px": 0.3018, "heldout_residual_px": 0.329}}, {"type": "Feature", "geometry": {"type": "Point", "coordinates": [32.34859949, -69.25045917]}, "properties": {"id": 2239, "src_line": 62601.5, "src_sample": 8193.5, "fit_residual_px": 0.5284, "heldout_residual_px": 0.5737}}, {"type": "Feature", "geometry": {"type": "Point", "coordinates": [32.33836319, -69.25014295]}, "properties": {"id": 2240, "src_line": 62601.5, "src_sample": 8577.5, "fit_residual_px": 0.9778, "heldout_residual_px": 0.934}}, {"type": "Feature", "geometry": {"type": "Point", "coordinates": [32.32828314, -69.24986958]}, "properties": {"id": 2241, "src_line": 62601.5, "src_sample": 8961.5, "fit_residual_px": 0.19, "heldout_residual_px": 0.2569}}, {"type": "Feature", "geometry": {"type": "Point", "coordinates": [32.31825818, -69.24960304]}, "properties": {"id": 2242, "src_line": 62601.5, "src_sample": 9345.5, "fit_residual_px": 0.324, "heldout_residual_px": 0.406}}, {"type": "Feature", "geometry": {"type": "Point", "coordinates": [32.30789859, -69.24928382]}, "properties": {"id": 2243, "src_line": 62601.5, "src_sample": 9729.5, "fit_residual_px": 0.3083, "heldout_residual_px": 0.403}}, {"type": "Feature", "geometry": {"type": "Point", "coordinates": [32.29756755, -69.2489833]}, "properties": {"id": 2244, "src_line": 62601.5, "src_sample": 10113.5, "fit_residual_px": 0.6163, "heldout_residual_px": 0.7172}}, {"type": "Feature", "geometry": {"type": "Point", "coordinates": [32.27730699, -69.24842622]}, "properties": {"id": 2245, "src_line": 62601.5, "src_sample": 10881.5, "fit_residual_px": 0.0517, "heldout_residual_px": 0.199}}, {"type": "Feature", "geometry": {"type": "Point", "coordinates": [32.26712687, -69.24812939]}, "properties": {"id": 2246, "src_line": 62601.5, "src_sample": 11265.5, "fit_residual_px": 0.4211, "heldout_residual_px": 0.6089}}, {"type": "Feature", "geometry": {"type": "Point", "coordinates": [32.25688558, -69.24784188]}, "properties": {"id": 2247, "src_line": 62601.5, "src_sample": 11649.5, "fit_residual_px": 0.3175, "heldout_residual_px": 0.5289}}, {"type": "Feature", "geometry": {"type": "Point", "coordinates": [32.48949072, -69.25089975]}, "properties": {"id": 2248, "src_line": 62985.5, "src_sample": 2817.5, "fit_residual_px": 0.1682, "heldout_residual_px": 0.2587}}, {"type": "Feature", "geometry": {"type": "Point", "coordinates": [32.47957964, -69.25061534]}, "properties": {"id": 2249, "src_line": 62985.5, "src_sample": 3201.5, "fit_residual_px": 0.4017, "heldout_residual_px": 0.3028}}, {"type": "Feature", "geometry": {"type": "Point", "coordinates": [32.46967676, -69.25035509]}, "properties": {"id": 2250, "src_line": 62985.5, "src_sample": 3585.5, "fit_residual_px": 0.2723, "heldout_residual_px": 0.1826}}, {"type": "Feature", "geometry": {"type": "Point", "coordinates": [32.45965913, -69.25009467]}, "properties": {"id": 2251, "src_line": 62985.5, "src_sample": 3969.5, "fit_residual_px": 0.6839, "heldout_residual_px": 0.7781}}, {"type": "Feature", "geometry": {"type": "Point", "coordinates": [32.44978862, -69.24982617]}, "properties": {"id": 2252, "src_line": 62985.5, "src_sample": 4353.5, "fit_residual_px": 0.1167, "heldout_residual_px": 0.1936}}, {"type": "Feature", "geometry": {"type": "Point", "coordinates": [32.43991888, -69.24957641]}, "properties": {"id": 2253, "src_line": 62985.5, "src_sample": 4737.5, "fit_residual_px": 0.2113, "heldout_residual_px": 0.2637}}, {"type": "Feature", "geometry": {"type": "Point", "coordinates": [32.43000274, -69.24929505]}, "properties": {"id": 2254, "src_line": 62985.5, "src_sample": 5121.5, "fit_residual_px": 0.2803, "heldout_residual_px": 0.26}}, {"type": "Feature", "geometry": {"type": "Point", "coordinates": [32.41999912, -69.24903053]}, "properties": {"id": 2255, "src_line": 62985.5, "src_sample": 5505.5, "fit_residual_px": 0.2908, "heldout_residual_px": 0.2525}}, {"type": "Feature", "geometry": {"type": "Point", "coordinates": [32.40974424, -69.24873378]}, "properties": {"id": 2256, "src_line": 62985.5, "src_sample": 5889.5, "fit_residual_px": 0.1715, "heldout_residual_px": 0.2032}}, {"type": "Feature", "geometry": {"type": "Point", "coordinates": [32.39957901, -69.24843517]}, "properties": {"id": 2257, "src_line": 62985.5, "src_sample": 6273.5, "fit_residual_px": 0.1117, "heldout_residual_px": 0.0726}}, {"type": "Feature", "geometry": {"type": "Point", "coordinates": [32.38934356, -69.24812971]}, "properties": {"id": 2258, "src_line": 62985.5, "src_sample": 6657.5, "fit_residual_px": 0.2322, "heldout_residual_px": 0.2426}}, {"type": "Feature", "geometry": {"type": "Point", "coordinates": [32.3791108, -69.2478537]}, "properties": {"id": 2259, "src_line": 62985.5, "src_sample": 7041.5, "fit_residual_px": 0.4585, "heldout_residual_px": 0.5276}}, {"type": "Feature", "geometry": {"type": "Point", "coordinates": [32.36907107, -69.24756184]}, "properties": {"id": 2260, "src_line": 62985.5, "src_sample": 7425.5, "fit_residual_px": 0.4264, "heldout_residual_px": 0.4749}}, {"type": "Feature", "geometry": {"type": "Point", "coordinates": [32.35918606, -69.2472946]}, "properties": {"id": 2261, "src_line": 62985.5, "src_sample": 7809.5, "fit_residual_px": 0.397, "heldout_residual_px": 0.3947}}, {"type": "Feature", "geometry": {"type": "Point", "coordinates": [32.34884159, -69.24700944]}, "properties": {"id": 2262, "src_line": 62985.5, "src_sample": 8193.5, "fit_residual_px": 0.5105, "heldout_residual_px": 0.5961}}, {"type": "Feature", "geometry": {"type": "Point", "coordinates": [32.31878927, -69.24619239]}, "properties": {"id": 2263, "src_line": 62985.5, "src_sample": 9345.5, "fit_residual_px": 0.2248, "heldout_residual_px": 0.2872}}, {"type": "Feature", "geometry": {"type": "Point", "coordinates": [32.30842772, -69.24586649]}, "properties": {"id": 2264, "src_line": 62985.5, "src_sample": 9729.5, "fit_residual_px": 0.3157, "heldout_residual_px": 0.3688}}, {"type": "Feature", "geometry": {"type": "Point", "coordinates": [32.29819421, -69.24557848]}, "properties": {"id": 2265, "src_line": 62985.5, "src_sample": 10113.5, "fit_residual_px": 0.3575, "heldout_residual_px": 0.4736}}, {"type": "Feature", "geometry": {"type": "Point", "coordinates": [32.28807787, -69.24529685]}, "properties": {"id": 2266, "src_line": 62985.5, "src_sample": 10497.5, "fit_residual_px": 0.3668, "heldout_residual_px": 0.4942}}, {"type": "Feature", "geometry": {"type": "Point", "coordinates": [32.27787493, -69.24501577]}, "properties": {"id": 2267, "src_line": 62985.5, "src_sample": 10881.5, "fit_residual_px": 0.0644, "heldout_residual_px": 0.2165}}, {"type": "Feature", "geometry": {"type": "Point", "coordinates": [32.26770064, -69.24472503]}, "properties": {"id": 2268, "src_line": 62985.5, "src_sample": 11265.5, "fit_residual_px": 0.1661, "heldout_residual_px": 0.2903}}, {"type": "Feature", "geometry": {"type": "Point", "coordinates": [32.25746724, -69.24443609]}, "properties": {"id": 2269, "src_line": 62985.5, "src_sample": 11649.5, "fit_residual_px": 0.1037, "heldout_residual_px": 0.2912}}, {"type": "Feature", "geometry": {"type": "Point", "coordinates": [32.48989487, -69.24745981]}, "properties": {"id": 2270, "src_line": 63369.5, "src_sample": 2817.5, "fit_residual_px": 0.3403, "heldout_residual_px": 0.3317}}, {"type": "Feature", "geometry": {"type": "Point", "coordinates": [32.47996472, -69.24718783]}, "properties": {"id": 2271, "src_line": 63369.5, "src_sample": 3201.5, "fit_residual_px": 0.3329, "heldout_residual_px": 0.3382}}, {"type": "Feature", "geometry": {"type": "Point", "coordinates": [32.4699707, -69.24692029]}, "properties": {"id": 2272, "src_line": 63369.5, "src_sample": 3585.5, "fit_residual_px": 0.2204, "heldout_residual_px": 0.2122}}, {"type": "Feature", "geometry": {"type": "Point", "coordinates": [32.45992493, -69.24663329]}, "properties": {"id": 2273, "src_line": 63369.5, "src_sample": 3969.5, "fit_residual_px": 0.3198, "heldout_residual_px": 0.3118}}, {"type": "Feature", "geometry": {"type": "Point", "coordinates": [32.45003901, -69.24638231]}, "properties": {"id": 2274, "src_line": 63369.5, "src_sample": 4353.5, "fit_residual_px": 0.2192, "heldout_residual_px": 0.1872}}, {"type": "Feature", "geometry": {"type": "Point", "coordinates": [32.44019843, -69.24613571]}, "properties": {"id": 2275, "src_line": 63369.5, "src_sample": 4737.5, "fit_residual_px": 0.524, "heldout_residual_px": 0.492}}, {"type": "Feature", "geometry": {"type": "Point", "coordinates": [32.43034108, -69.24586935]}, "properties": {"id": 2276, "src_line": 63369.5, "src_sample": 5121.5, "fit_residual_px": 0.2777, "heldout_residual_px": 0.2828}}, {"type": "Feature", "geometry": {"type": "Point", "coordinates": [32.42033567, -69.24559594]}, "properties": {"id": 2277, "src_line": 63369.5, "src_sample": 5505.5, "fit_residual_px": 0.0895, "heldout_residual_px": 0.1235}}, {"type": "Feature", "geometry": {"type": "Point", "coordinates": [32.41015982, -69.24531778]}, "properties": {"id": 2278, "src_line": 63369.5, "src_sample": 5889.5, "fit_residual_px": 0.4335, "heldout_residual_px": 0.3746}}, {"type": "Feature", "geometry": {"type": "Point", "coordinates": [32.40006675, -69.24500747]}, "properties": {"id": 2279, "src_line": 63369.5, "src_sample": 6273.5, "fit_residual_px": 0.4001, "heldout_residual_px": 0.4487}}, {"type": "Feature", "geometry": {"type": "Point", "coordinates": [32.39001038, -69.24473418]}, "properties": {"id": 2280, "src_line": 63369.5, "src_sample": 6657.5, "fit_residual_px": 0.2208, "heldout_residual_px": 0.2698}}, {"type": "Feature", "geometry": {"type": "Point", "coordinates": [32.37986329, -69.2444531]}, "properties": {"id": 2281, "src_line": 63369.5, "src_sample": 7041.5, "fit_residual_px": 0.1051, "heldout_residual_px": 0.0821}}, {"type": "Feature", "geometry": {"type": "Point", "coordinates": [32.3697435, -69.24416623]}, "properties": {"id": 2282, "src_line": 63369.5, "src_sample": 7425.5, "fit_residual_px": 0.1203, "heldout_residual_px": 0.1529}}, {"type": "Feature", "geometry": {"type": "Point", "coordinates": [32.35983795, -69.24389544]}, "properties": {"id": 2283, "src_line": 63369.5, "src_sample": 7809.5, "fit_residual_px": 0.3938, "heldout_residual_px": 0.4347}}, {"type": "Feature", "geometry": {"type": "Point", "coordinates": [32.34974106, -69.24363333]}, "properties": {"id": 2284, "src_line": 63369.5, "src_sample": 8193.5, "fit_residual_px": 0.1494, "heldout_residual_px": 0.1233}}, {"type": "Feature", "geometry": {"type": "Point", "coordinates": [32.31944741, -69.24279274]}, "properties": {"id": 2285, "src_line": 63369.5, "src_sample": 9345.5, "fit_residual_px": 0.0588, "heldout_residual_px": 0.0304}}, {"type": "Feature", "geometry": {"type": "Point", "coordinates": [32.30899108, -69.24245998]}, "properties": {"id": 2286, "src_line": 63369.5, "src_sample": 9729.5, "fit_residual_px": 0.4355, "heldout_residual_px": 0.4305}}, {"type": "Feature", "geometry": {"type": "Point", "coordinates": [32.29869949, -69.24217526]}, "properties": {"id": 2287, "src_line": 63369.5, "src_sample": 10113.5, "fit_residual_px": 0.4675, "heldout_residual_px": 0.4802}}, {"type": "Feature", "geometry": {"type": "Point", "coordinates": [32.28853519, -69.24188271]}, "properties": {"id": 2288, "src_line": 63369.5, "src_sample": 10497.5, "fit_residual_px": 0.0406, "heldout_residual_px": 0.0784}}, {"type": "Feature", "geometry": {"type": "Point", "coordinates": [32.27848396, -69.24159649]}, "properties": {"id": 2289, "src_line": 63369.5, "src_sample": 10881.5, "fit_residual_px": 0.4252, "heldout_residual_px": 0.3586}}, {"type": "Feature", "geometry": {"type": "Point", "coordinates": [32.26829538, -69.24132629]}, "properties": {"id": 2290, "src_line": 63369.5, "src_sample": 11265.5, "fit_residual_px": 0.086, "heldout_residual_px": 0.1057}}, {"type": "Feature", "geometry": {"type": "Point", "coordinates": [32.25803867, -69.24103457]}, "properties": {"id": 2291, "src_line": 63369.5, "src_sample": 11649.5, "fit_residual_px": 0.0826, "heldout_residual_px": 0.201}}, {"type": "Feature", "geometry": {"type": "Point", "coordinates": [32.4902591, -69.24404244]}, "properties": {"id": 2292, "src_line": 63753.5, "src_sample": 2817.5, "fit_residual_px": 0.2578, "heldout_residual_px": 0.2598}}, {"type": "Feature", "geometry": {"type": "Point", "coordinates": [32.48023933, -69.24376336]}, "properties": {"id": 2293, "src_line": 63753.5, "src_sample": 3201.5, "fit_residual_px": 0.2512, "heldout_residual_px": 0.2581}}, {"type": "Feature", "geometry": {"type": "Point", "coordinates": [32.47017137, -69.24345958]}, "properties": {"id": 2294, "src_line": 63753.5, "src_sample": 3585.5, "fit_residual_px": 0.2711, "heldout_residual_px": 0.3034}}, {"type": "Feature", "geometry": {"type": "Point", "coordinates": [32.46006965, -69.24318543]}, "properties": {"id": 2295, "src_line": 63753.5, "src_sample": 3969.5, "fit_residual_px": 0.2783, "heldout_residual_px": 0.3398}}, {"type": "Feature", "geometry": {"type": "Point", "coordinates": [32.45025859, -69.24292962]}, "properties": {"id": 2296, "src_line": 63753.5, "src_sample": 4353.5, "fit_residual_px": 0.0428, "heldout_residual_px": 0.0585}}, {"type": "Feature", "geometry": {"type": "Point", "coordinates": [32.44035822, -69.24268349]}, "properties": {"id": 2297, "src_line": 63753.5, "src_sample": 4737.5, "fit_residual_px": 0.474, "heldout_residual_px": 0.4514}}, {"type": "Feature", "geometry": {"type": "Point", "coordinates": [32.43067749, -69.24243086]}, "properties": {"id": 2298, "src_line": 63753.5, "src_sample": 5121.5, "fit_residual_px": 0.1122, "heldout_residual_px": 0.1392}}, {"type": "Feature", "geometry": {"type": "Point", "coordinates": [32.42068481, -69.24214211]}, "properties": {"id": 2299, "src_line": 63753.5, "src_sample": 5505.5, "fit_residual_px": 0.6789, "heldout_residual_px": 0.7161}}, {"type": "Feature", "geometry": {"type": "Point", "coordinates": [32.41065598, -69.24186892]}, "properties": {"id": 2300, "src_line": 63753.5, "src_sample": 5889.5, "fit_residual_px": 0.4017, "heldout_residual_px": 0.441}}, {"type": "Feature", "geometry": {"type": "Point", "coordinates": [32.40071672, -69.24162512]}, "properties": {"id": 2301, "src_line": 63753.5, "src_sample": 6273.5, "fit_residual_px": 0.1974, "heldout_residual_px": 0.1389}}, {"type": "Feature", "geometry": {"type": "Point", "coordinates": [32.39075219, -69.24134758]}, "properties": {"id": 2302, "src_line": 63753.5, "src_sample": 6657.5, "fit_residual_px": 0.1131, "heldout_residual_px": 0.1705}}, {"type": "Feature", "geometry": {"type": "Point", "coordinates": [32.3805596, -69.24105977]}, "properties": {"id": 2303, "src_line": 63753.5, "src_sample": 7041.5, "fit_residual_px": 0.1604, "heldout_residual_px": 0.1385}}, {"type": "Feature", "geometry": {"type": "Point", "coordinates": [32.37039299, -69.24078333]}, "properties": {"id": 2304, "src_line": 63753.5, "src_sample": 7425.5, "fit_residual_px": 0.4951, "heldout_residual_px": 0.4578}}, {"type": "Feature", "geometry": {"type": "Point", "coordinates": [32.36049712, -69.24050701]}, "properties": {"id": 2305, "src_line": 63753.5, "src_sample": 7809.5, "fit_residual_px": 0.0702, "heldout_residual_px": 0.1082}}, {"type": "Feature", "geometry": {"type": "Point", "coordinates": [32.35059428, -69.24025637]}, "properties": {"id": 2306, "src_line": 63753.5, "src_sample": 8193.5, "fit_residual_px": 0.1866, "heldout_residual_px": 0.1226}}, {"type": "Feature", "geometry": {"type": "Point", "coordinates": [32.34048404, -69.2399725]}, "properties": {"id": 2307, "src_line": 63753.5, "src_sample": 8577.5, "fit_residual_px": 0.5981, "heldout_residual_px": 0.5451}}, {"type": "Feature", "geometry": {"type": "Point", "coordinates": [32.3304096, -69.23968372]}, "properties": {"id": 2308, "src_line": 63753.5, "src_sample": 8961.5, "fit_residual_px": 0.2823, "heldout_residual_px": 0.3243}}, {"type": "Feature", "geometry": {"type": "Point", "coordinates": [32.32013776, -69.23939759]}, "properties": {"id": 2309, "src_line": 63753.5, "src_sample": 9345.5, "fit_residual_px": 0.476, "heldout_residual_px": 0.5361}}, {"type": "Feature", "geometry": {"type": "Point", "coordinates": [32.30964538, -69.23907127]}, "properties": {"id": 2310, "src_line": 63753.5, "src_sample": 9729.5, "fit_residual_px": 0.1777, "heldout_residual_px": 0.1776}}, {"type": "Feature", "geometry": {"type": "Point", "coordinates": [32.29939644, -69.23875259]}, "properties": {"id": 2311, "src_line": 63753.5, "src_sample": 10113.5, "fit_residual_px": 0.4913, "heldout_residual_px": 0.4603}}, {"type": "Feature", "geometry": {"type": "Point", "coordinates": [32.28922609, -69.23848389]}, "properties": {"id": 2312, "src_line": 63753.5, "src_sample": 10497.5, "fit_residual_px": 0.0397, "heldout_residual_px": 0.0512}}, {"type": "Feature", "geometry": {"type": "Point", "coordinates": [32.27887219, -69.23818789]}, "properties": {"id": 2313, "src_line": 63753.5, "src_sample": 10881.5, "fit_residual_px": 0.6721, "heldout_residual_px": 0.7607}}, {"type": "Feature", "geometry": {"type": "Point", "coordinates": [32.26857026, -69.23788944]}, "properties": {"id": 2314, "src_line": 63753.5, "src_sample": 11265.5, "fit_residual_px": 0.3995, "heldout_residual_px": 0.4789}}, {"type": "Feature", "geometry": {"type": "Point", "coordinates": [32.25841812, -69.23761068]}, "properties": {"id": 2315, "src_line": 63753.5, "src_sample": 11649.5, "fit_residual_px": 0.4921, "heldout_residual_px": 0.5719}}, {"type": "Feature", "geometry": {"type": "Point", "coordinates": [32.4907191, -69.24060894]}, "properties": {"id": 2316, "src_line": 64137.5, "src_sample": 2817.5, "fit_residual_px": 0.105, "heldout_residual_px": 0.0764}}, {"type": "Feature", "geometry": {"type": "Point", "coordinates": [32.48053341, -69.24030904]}, "properties": {"id": 2317, "src_line": 64137.5, "src_sample": 3201.5, "fit_residual_px": 0.3025, "heldout_residual_px": 0.2208}}, {"type": "Feature", "geometry": {"type": "Point", "coordinates": [32.47031859, -69.24000352]}, "properties": {"id": 2318, "src_line": 64137.5, "src_sample": 3585.5, "fit_residual_px": 0.2524, "heldout_residual_px": 0.1377}}, {"type": "Feature", "geometry": {"type": "Point", "coordinates": [32.46019285, -69.23972003]}, "properties": {"id": 2319, "src_line": 64137.5, "src_sample": 3969.5, "fit_residual_px": 0.1453, "heldout_residual_px": 0.264}}, {"type": "Feature", "geometry": {"type": "Point", "coordinates": [32.45033449, -69.23945605]}, "properties": {"id": 2320, "src_line": 64137.5, "src_sample": 4353.5, "fit_residual_px": 0.157, "heldout_residual_px": 0.2623}}, {"type": "Feature", "geometry": {"type": "Point", "coordinates": [32.44053363, -69.2391972]}, "properties": {"id": 2321, "src_line": 64137.5, "src_sample": 4737.5, "fit_residual_px": 0.2852, "heldout_residual_px": 0.2699}}, {"type": "Feature", "geometry": {"type": "Point", "coordinates": [32.43083137, -69.23899775]}, "properties": {"id": 2322, "src_line": 64137.5, "src_sample": 5121.5, "fit_residual_px": 1.0592, "heldout_residual_px": 1.0263}}, {"type": "Feature", "geometry": {"type": "Point", "coordinates": [32.42125684, -69.23873489]}, "properties": {"id": 2323, "src_line": 64137.5, "src_sample": 5505.5, "fit_residual_px": 0.3921, "heldout_residual_px": 0.4412}}, {"type": "Feature", "geometry": {"type": "Point", "coordinates": [32.41129686, -69.23848352]}, "properties": {"id": 2324, "src_line": 64137.5, "src_sample": 5889.5, "fit_residual_px": 0.1854, "heldout_residual_px": 0.1711}}, {"type": "Feature", "geometry": {"type": "Point", "coordinates": [32.40145059, -69.23821923]}, "properties": {"id": 2325, "src_line": 64137.5, "src_sample": 6273.5, "fit_residual_px": 0.2551, "heldout_residual_px": 0.3095}}, {"type": "Feature", "geometry": {"type": "Point", "coordinates": [32.39138924, -69.2379617]}, "properties": {"id": 2326, "src_line": 64137.5, "src_sample": 6657.5, "fit_residual_px": 0.3768, "heldout_residual_px": 0.3077}}, {"type": "Feature", "geometry": {"type": "Point", "coordinates": [32.38127878, -69.23765448]}, "properties": {"id": 2327, "src_line": 64137.5, "src_sample": 7041.5, "fit_residual_px": 0.2753, "heldout_residual_px": 0.3374}}, {"type": "Feature", "geometry": {"type": "Point", "coordinates": [32.37115192, -69.23737998]}, "properties": {"id": 2328, "src_line": 64137.5, "src_sample": 7425.5, "fit_residual_px": 0.1723, "heldout_residual_px": 0.1423}}, {"type": "Feature", "geometry": {"type": "Point", "coordinates": [32.36115614, -69.23710877]}, "properties": {"id": 2329, "src_line": 64137.5, "src_sample": 7809.5, "fit_residual_px": 0.1611, "heldout_residual_px": 0.2007}}, {"type": "Feature", "geometry": {"type": "Point", "coordinates": [32.35117298, -69.23685087]}, "properties": {"id": 2330, "src_line": 64137.5, "src_sample": 8193.5, "fit_residual_px": 0.2435, "heldout_residual_px": 0.2251}}, {"type": "Feature", "geometry": {"type": "Point", "coordinates": [32.34116437, -69.23657645]}, "properties": {"id": 2331, "src_line": 64137.5, "src_sample": 8577.5, "fit_residual_px": 0.1041, "heldout_residual_px": 0.0264}}, {"type": "Feature", "geometry": {"type": "Point", "coordinates": [32.33098959, -69.2362925]}, "properties": {"id": 2332, "src_line": 64137.5, "src_sample": 8961.5, "fit_residual_px": 0.2779, "heldout_residual_px": 0.2977}}, {"type": "Feature", "geometry": {"type": "Point", "coordinates": [32.32076462, -69.23598198]}, "properties": {"id": 2333, "src_line": 64137.5, "src_sample": 9345.5, "fit_residual_px": 0.4669, "heldout_residual_px": 0.5308}}, {"type": "Feature", "geometry": {"type": "Point", "coordinates": [32.31043613, -69.23568036]}, "properties": {"id": 2334, "src_line": 64137.5, "src_sample": 9729.5, "fit_residual_px": 0.316, "heldout_residual_px": 0.3601}}, {"type": "Feature", "geometry": {"type": "Point", "coordinates": [32.30011531, -69.23537988]}, "properties": {"id": 2335, "src_line": 64137.5, "src_sample": 10113.5, "fit_residual_px": 0.4024, "heldout_residual_px": 0.3746}}, {"type": "Feature", "geometry": {"type": "Point", "coordinates": [32.28977255, -69.23508306]}, "properties": {"id": 2336, "src_line": 64137.5, "src_sample": 10497.5, "fit_residual_px": 0.3283, "heldout_residual_px": 0.3761}}, {"type": "Feature", "geometry": {"type": "Point", "coordinates": [32.27933499, -69.23474612]}, "properties": {"id": 2337, "src_line": 64137.5, "src_sample": 10881.5, "fit_residual_px": 0.503, "heldout_residual_px": 0.5082}}, {"type": "Feature", "geometry": {"type": "Point", "coordinates": [32.26890971, -69.23444741]}, "properties": {"id": 2338, "src_line": 64137.5, "src_sample": 11265.5, "fit_residual_px": 0.3535, "heldout_residual_px": 0.4493}}, {"type": "Feature", "geometry": {"type": "Point", "coordinates": [32.49118343, -69.23719984]}, "properties": {"id": 2339, "src_line": 64521.5, "src_sample": 2817.5, "fit_residual_px": 0.2044, "heldout_residual_px": 0.292}}, {"type": "Feature", "geometry": {"type": "Point", "coordinates": [32.48087351, -69.23687035]}, "properties": {"id": 2340, "src_line": 64521.5, "src_sample": 3201.5, "fit_residual_px": 0.2329, "heldout_residual_px": 0.13}}, {"type": "Feature", "geometry": {"type": "Point", "coordinates": [32.47050135, -69.23655823]}, "properties": {"id": 2341, "src_line": 64521.5, "src_sample": 3585.5, "fit_residual_px": 0.3951, "heldout_residual_px": 0.5853}}, {"type": "Feature", "geometry": {"type": "Point", "coordinates": [32.46035458, -69.23627619]}, "properties": {"id": 2342, "src_line": 64521.5, "src_sample": 3969.5, "fit_residual_px": 0.4677, "heldout_residual_px": 0.5502}}, {"type": "Feature", "geometry": {"type": "Point", "coordinates": [32.45048236, -69.23599869]}, "properties": {"id": 2343, "src_line": 64521.5, "src_sample": 4353.5, "fit_residual_px": 0.7532, "heldout_residual_px": 0.8835}}, {"type": "Feature", "geometry": {"type": "Point", "coordinates": [32.4407408, -69.23576933]}, "properties": {"id": 2344, "src_line": 64521.5, "src_sample": 4737.5, "fit_residual_px": 0.924, "heldout_residual_px": 0.9956}}, {"type": "Feature", "geometry": {"type": "Point", "coordinates": [32.42187408, -69.23534467]}, "properties": {"id": 2345, "src_line": 64521.5, "src_sample": 5505.5, "fit_residual_px": 0.1816, "heldout_residual_px": 0.19}}, {"type": "Feature", "geometry": {"type": "Point", "coordinates": [32.41206491, -69.23509854]}, "properties": {"id": 2346, "src_line": 64521.5, "src_sample": 5889.5, "fit_residual_px": 0.259, "heldout_residual_px": 0.274}}, {"type": "Feature", "geometry": {"type": "Point", "coordinates": [32.40210419, -69.23483808]}, "properties": {"id": 2347, "src_line": 64521.5, "src_sample": 6273.5, "fit_residual_px": 0.3382, "heldout_residual_px": 0.2686}}, {"type": "Feature", "geometry": {"type": "Point", "coordinates": [32.39205375, -69.23456191]}, "properties": {"id": 2348, "src_line": 64521.5, "src_sample": 6657.5, "fit_residual_px": 0.402, "heldout_residual_px": 0.3244}}, {"type": "Feature", "geometry": {"type": "Point", "coordinates": [32.38197257, -69.23427963]}, "properties": {"id": 2349, "src_line": 64521.5, "src_sample": 7041.5, "fit_residual_px": 0.2443, "heldout_residual_px": 0.1723}}, {"type": "Feature", "geometry": {"type": "Point", "coordinates": [32.37188317, -69.23398308]}, "properties": {"id": 2350, "src_line": 64521.5, "src_sample": 7425.5, "fit_residual_px": 0.2711, "heldout_residual_px": 0.3395}}, {"type": "Feature", "geometry": {"type": "Point", "coordinates": [32.36177081, -69.23370886]}, "properties": {"id": 2351, "src_line": 64521.5, "src_sample": 7809.5, "fit_residual_px": 0.0864, "heldout_residual_px": 0.0407}}, {"type": "Feature", "geometry": {"type": "Point", "coordinates": [32.35175564, -69.23345143]}, "properties": {"id": 2352, "src_line": 64521.5, "src_sample": 8193.5, "fit_residual_px": 0.4435, "heldout_residual_px": 0.402}}, {"type": "Feature", "geometry": {"type": "Point", "coordinates": [32.34170164, -69.23315229]}, "properties": {"id": 2353, "src_line": 64521.5, "src_sample": 8577.5, "fit_residual_px": 0.2597, "heldout_residual_px": 0.2714}}, {"type": "Feature", "geometry": {"type": "Point", "coordinates": [32.33157384, -69.23286765]}, "properties": {"id": 2354, "src_line": 64521.5, "src_sample": 8961.5, "fit_residual_px": 0.2669, "heldout_residual_px": 0.2847}}, {"type": "Feature", "geometry": {"type": "Point", "coordinates": [32.32137276, -69.23257779]}, "properties": {"id": 2355, "src_line": 64521.5, "src_sample": 9345.5, "fit_residual_px": 0.2336, "heldout_residual_px": 0.2997}}, {"type": "Feature", "geometry": {"type": "Point", "coordinates": [32.31108774, -69.23227747]}, "properties": {"id": 2356, "src_line": 64521.5, "src_sample": 9729.5, "fit_residual_px": 0.5145, "heldout_residual_px": 0.5738}}, {"type": "Feature", "geometry": {"type": "Point", "coordinates": [32.30078744, -69.23198199]}, "properties": {"id": 2357, "src_line": 64521.5, "src_sample": 10113.5, "fit_residual_px": 0.1996, "heldout_residual_px": 0.2474}}, {"type": "Feature", "geometry": {"type": "Point", "coordinates": [32.29031753, -69.23166768]}, "properties": {"id": 2358, "src_line": 64521.5, "src_sample": 10497.5, "fit_residual_px": 0.4099, "heldout_residual_px": 0.4267}}, {"type": "Feature", "geometry": {"type": "Point", "coordinates": [32.27988437, -69.23132856]}, "properties": {"id": 2359, "src_line": 64521.5, "src_sample": 10881.5, "fit_residual_px": 0.3072, "heldout_residual_px": 0.2298}}, {"type": "Feature", "geometry": {"type": "Point", "coordinates": [32.26957449, -69.2310614]}, "properties": {"id": 2360, "src_line": 64521.5, "src_sample": 11265.5, "fit_residual_px": 0.6291, "heldout_residual_px": 0.7287}}, {"type": "Feature", "geometry": {"type": "Point", "coordinates": [32.25940502, -69.23076909]}, "properties": {"id": 2361, "src_line": 64521.5, "src_sample": 11649.5, "fit_residual_px": 0.5296, "heldout_residual_px": 0.6106}}, {"type": "Feature", "geometry": {"type": "Point", "coordinates": [32.49173467, -69.23379994]}, "properties": {"id": 2362, "src_line": 64905.5, "src_sample": 2817.5, "fit_residual_px": 0.3743, "heldout_residual_px": 0.4036}}, {"type": "Feature", "geometry": {"type": "Point", "coordinates": [32.48139275, -69.23347416]}, "properties": {"id": 2363, "src_line": 64905.5, "src_sample": 3201.5, "fit_residual_px": 0.2175, "heldout_residual_px": 0.3176}}, {"type": "Feature", "geometry": {"type": "Point", "coordinates": [32.47106865, -69.23314011]}, "properties": {"id": 2364, "src_line": 64905.5, "src_sample": 3585.5, "fit_residual_px": 0.2175, "heldout_residual_px": 0.2525}}, {"type": "Feature", "geometry": {"type": "Point", "coordinates": [32.42240797, -69.23192623]}, "properties": {"id": 2365, "src_line": 64905.5, "src_sample": 5505.5, "fit_residual_px": 0.2714, "heldout_residual_px": 0.3073}}, {"type": "Feature", "geometry": {"type": "Point", "coordinates": [32.41269843, -69.23168796]}, "properties": {"id": 2366, "src_line": 64905.5, "src_sample": 5889.5, "fit_residual_px": 0.307, "heldout_residual_px": 0.3716}}, {"type": "Feature", "geometry": {"type": "Point", "coordinates": [32.40270607, -69.23142346]}, "properties": {"id": 2367, "src_line": 64905.5, "src_sample": 6273.5, "fit_residual_px": 0.2601, "heldout_residual_px": 0.252}}, {"type": "Feature", "geometry": {"type": "Point", "coordinates": [32.39266064, -69.23114848]}, "properties": {"id": 2368, "src_line": 64905.5, "src_sample": 6657.5, "fit_residual_px": 0.3315, "heldout_residual_px": 0.2967}}, {"type": "Feature", "geometry": {"type": "Point", "coordinates": [32.38250808, -69.23086544]}, "properties": {"id": 2369, "src_line": 64905.5, "src_sample": 7041.5, "fit_residual_px": 0.181, "heldout_residual_px": 0.1158}}, {"type": "Feature", "geometry": {"type": "Point", "coordinates": [32.37240675, -69.23056473]}, "properties": {"id": 2370, "src_line": 64905.5, "src_sample": 7425.5, "fit_residual_px": 0.3967, "heldout_residual_px": 0.4638}}, {"type": "Feature", "geometry": {"type": "Point", "coordinates": [32.36224981, -69.23030289]}, "properties": {"id": 2371, "src_line": 64905.5, "src_sample": 7809.5, "fit_residual_px": 0.4376, "heldout_residual_px": 0.3944}}, {"type": "Feature", "geometry": {"type": "Point", "coordinates": [32.35225179, -69.23000605]}, "properties": {"id": 2372, "src_line": 64905.5, "src_sample": 8193.5, "fit_residual_px": 0.3187, "heldout_residual_px": 0.3806}}, {"type": "Feature", "geometry": {"type": "Point", "coordinates": [32.34229342, -69.22972259]}, "properties": {"id": 2373, "src_line": 64905.5, "src_sample": 8577.5, "fit_residual_px": 0.85, "heldout_residual_px": 0.9067}}, {"type": "Feature", "geometry": {"type": "Point", "coordinates": [32.33212661, -69.22945818]}, "properties": {"id": 2374, "src_line": 64905.5, "src_sample": 8961.5, "fit_residual_px": 0.4305, "heldout_residual_px": 0.5096}}, {"type": "Feature", "geometry": {"type": "Point", "coordinates": [32.32195436, -69.22917968]}, "properties": {"id": 2375, "src_line": 64905.5, "src_sample": 9345.5, "fit_residual_px": 0.238, "heldout_residual_px": 0.3063}}, {"type": "Feature", "geometry": {"type": "Point", "coordinates": [32.31164581, -69.22888147]}, "properties": {"id": 2376, "src_line": 64905.5, "src_sample": 9729.5, "fit_residual_px": 0.2637, "heldout_residual_px": 0.2972}}, {"type": "Feature", "geometry": {"type": "Point", "coordinates": [32.30130598, -69.22856338]}, "properties": {"id": 2377, "src_line": 64905.5, "src_sample": 10113.5, "fit_residual_px": 0.214, "heldout_residual_px": 0.1709}}, {"type": "Feature", "geometry": {"type": "Point", "coordinates": [32.29077879, -69.22825346]}, "properties": {"id": 2378, "src_line": 64905.5, "src_sample": 10497.5, "fit_residual_px": 0.7445, "heldout_residual_px": 0.7801}}, {"type": "Feature", "geometry": {"type": "Point", "coordinates": [32.28046067, -69.22794149]}, "properties": {"id": 2379, "src_line": 64905.5, "src_sample": 10881.5, "fit_residual_px": 0.3642, "heldout_residual_px": 0.4171}}, {"type": "Feature", "geometry": {"type": "Point", "coordinates": [32.27031225, -69.22765675]}, "properties": {"id": 2380, "src_line": 64905.5, "src_sample": 11265.5, "fit_residual_px": 0.2483, "heldout_residual_px": 0.3006}}, {"type": "Feature", "geometry": {"type": "Point", "coordinates": [32.49227532, -69.23037315]}, "properties": {"id": 2381, "src_line": 65289.5, "src_sample": 2817.5, "fit_residual_px": 0.2777, "heldout_residual_px": 0.1572}}, {"type": "Feature", "geometry": {"type": "Point", "coordinates": [32.48206827, -69.23006552]}, "properties": {"id": 2382, "src_line": 65289.5, "src_sample": 3201.5, "fit_residual_px": 0.377, "heldout_residual_px": 0.2467}}, {"type": "Feature", "geometry": {"type": "Point", "coordinates": [32.47178884, -69.2297594]}, "properties": {"id": 2383, "src_line": 65289.5, "src_sample": 3585.5, "fit_residual_px": 0.2599, "heldout_residual_px": 0.0957}}, {"type": "Feature", "geometry": {"type": "Point", "coordinates": [32.42296129, -69.22853075]}, "properties": {"id": 2384, "src_line": 65289.5, "src_sample": 5505.5, "fit_residual_px": 0.2015, "heldout_residual_px": 0.1851}}, {"type": "Feature", "geometry": {"type": "Point", "coordinates": [32.41318028, -69.22827888]}, "properties": {"id": 2385, "src_line": 65289.5, "src_sample": 5889.5, "fit_residual_px": 0.1893, "heldout_residual_px": 0.1863}}, {"type": "Feature", "geometry": {"type": "Point", "coordinates": [32.40327822, -69.22802362]}, "properties": {"id": 2386, "src_line": 65289.5, "src_sample": 6273.5, "fit_residual_px": 0.1648, "heldout_residual_px": 0.0956}}, {"type": "Feature", "geometry": {"type": "Point", "coordinates": [32.39325416, -69.22773447]}, "properties": {"id": 2387, "src_line": 65289.5, "src_sample": 6657.5, "fit_residual_px": 0.2996, "heldout_residual_px": 0.3573}}, {"type": "Feature", "geometry": {"type": "Point", "coordinates": [32.38314772, -69.22746566]}, "properties": {"id": 2388, "src_line": 65289.5, "src_sample": 7041.5, "fit_residual_px": 0.128, "heldout_residual_px": 0.0985}}, {"type": "Feature", "geometry": {"type": "Point", "coordinates": [32.37285172, -69.2271645]}, "properties": {"id": 2389, "src_line": 65289.5, "src_sample": 7425.5, "fit_residual_px": 0.2917, "heldout_residual_px": 0.2488}}, {"type": "Feature", "geometry": {"type": "Point", "coordinates": [32.36278741, -69.2268762]}, "properties": {"id": 2390, "src_line": 65289.5, "src_sample": 7809.5, "fit_residual_px": 0.1363, "heldout_residual_px": 0.1755}}, {"type": "Feature", "geometry": {"type": "Point", "coordinates": [32.35278481, -69.22661184]}, "properties": {"id": 2391, "src_line": 65289.5, "src_sample": 8193.5, "fit_residual_px": 0.1602, "heldout_residual_px": 0.1449}}, {"type": "Feature", "geometry": {"type": "Point", "coordinates": [32.34278402, -69.2263341]}, "properties": {"id": 2392, "src_line": 65289.5, "src_sample": 8577.5, "fit_residual_px": 0.2563, "heldout_residual_px": 0.3296}}, {"type": "Feature", "geometry": {"type": "Point", "coordinates": [32.33271746, -69.22606346]}, "properties": {"id": 2393, "src_line": 65289.5, "src_sample": 8961.5, "fit_residual_px": 0.2493, "heldout_residual_px": 0.3169}}, {"type": "Feature", "geometry": {"type": "Point", "coordinates": [32.32251449, -69.22576718]}, "properties": {"id": 2394, "src_line": 65289.5, "src_sample": 9345.5, "fit_residual_px": 0.2691, "heldout_residual_px": 0.3492}}, {"type": "Feature", "geometry": {"type": "Point", "coordinates": [32.31221314, -69.22546165]}, "properties": {"id": 2395, "src_line": 65289.5, "src_sample": 9729.5, "fit_residual_px": 0.4539, "heldout_residual_px": 0.5173}}, {"type": "Feature", "geometry": {"type": "Point", "coordinates": [32.30180463, -69.22513728]}, "properties": {"id": 2396, "src_line": 65289.5, "src_sample": 10113.5, "fit_residual_px": 0.3651, "heldout_residual_px": 0.3698}}, {"type": "Feature", "geometry": {"type": "Point", "coordinates": [32.29140018, -69.22483972]}, "properties": {"id": 2397, "src_line": 65289.5, "src_sample": 10497.5, "fit_residual_px": 0.1484, "heldout_residual_px": 0.1821}}, {"type": "Feature", "geometry": {"type": "Point", "coordinates": [32.28110087, -69.22453788]}, "properties": {"id": 2398, "src_line": 65289.5, "src_sample": 10881.5, "fit_residual_px": 0.1251, "heldout_residual_px": 0.1814}}, {"type": "Feature", "geometry": {"type": "Point", "coordinates": [32.27093019, -69.22424307]}, "properties": {"id": 2399, "src_line": 65289.5, "src_sample": 11265.5, "fit_residual_px": 0.1653, "heldout_residual_px": 0.1001}}, {"type": "Feature", "geometry": {"type": "Point", "coordinates": [32.49295884, -69.22698312]}, "properties": {"id": 2400, "src_line": 65673.5, "src_sample": 2817.5, "fit_residual_px": 0.5217, "heldout_residual_px": 0.615}}, {"type": "Feature", "geometry": {"type": "Point", "coordinates": [32.48279939, -69.2266702]}, "properties": {"id": 2401, "src_line": 65673.5, "src_sample": 3201.5, "fit_residual_px": 0.5845, "heldout_residual_px": 0.6988}}, {"type": "Feature", "geometry": {"type": "Point", "coordinates": [32.47259645, -69.22638152]}, "properties": {"id": 2402, "src_line": 65673.5, "src_sample": 3585.5, "fit_residual_px": 0.1651, "heldout_residual_px": 0.2386}}, {"type": "Feature", "geometry": {"type": "Point", "coordinates": [32.46247641, -69.22608478]}, "properties": {"id": 2403, "src_line": 65673.5, "src_sample": 3969.5, "fit_residual_px": 0.243, "heldout_residual_px": 0.2826}}, {"type": "Feature", "geometry": {"type": "Point", "coordinates": [32.45244288, -69.22582245]}, "properties": {"id": 2404, "src_line": 65673.5, "src_sample": 4353.5, "fit_residual_px": 0.8587, "heldout_residual_px": 0.8361}}, {"type": "Feature", "geometry": {"type": "Point", "coordinates": [32.44269625, -69.22555329]}, "properties": {"id": 2405, "src_line": 65673.5, "src_sample": 4737.5, "fit_residual_px": 1.2445, "heldout_residual_px": 1.2186}}, {"type": "Feature", "geometry": {"type": "Point", "coordinates": [32.43313917, -69.22534208]}, "properties": {"id": 2406, "src_line": 65673.5, "src_sample": 5121.5, "fit_residual_px": 0.1295, "heldout_residual_px": 0.1279}}, {"type": "Feature", "geometry": {"type": "Point", "coordinates": [32.42348106, -69.22511284]}, "properties": {"id": 2407, "src_line": 65673.5, "src_sample": 5505.5, "fit_residual_px": 0.3242, "heldout_residual_px": 0.3348}}, {"type": "Feature", "geometry": {"type": "Point", "coordinates": [32.41372812, -69.22487058]}, "properties": {"id": 2408, "src_line": 65673.5, "src_sample": 5889.5, "fit_residual_px": 0.0321, "heldout_residual_px": 0.0051}}, {"type": "Feature", "geometry": {"type": "Point", "coordinates": [32.40379185, -69.22460519]}, "properties": {"id": 2409, "src_line": 65673.5, "src_sample": 6273.5, "fit_residual_px": 0.067, "heldout_residual_px": 0.0872}}, {"type": "Feature", "geometry": {"type": "Point", "coordinates": [32.39367437, -69.22431044]}, "properties": {"id": 2410, "src_line": 65673.5, "src_sample": 6657.5, "fit_residual_px": 0.2941, "heldout_residual_px": 0.2536}}, {"type": "Feature", "geometry": {"type": "Point", "coordinates": [32.38357286, -69.22402522]}, "properties": {"id": 2411, "src_line": 65673.5, "src_sample": 7041.5, "fit_residual_px": 0.3305, "heldout_residual_px": 0.2799}}, {"type": "Feature", "geometry": {"type": "Point", "coordinates": [32.3734473, -69.2237275]}, "properties": {"id": 2412, "src_line": 65673.5, "src_sample": 7425.5, "fit_residual_px": 0.5623, "heldout_residual_px": 0.5167}}, {"type": "Feature", "geometry": {"type": "Point", "coordinates": [32.36319861, -69.22344682]}, "properties": {"id": 2413, "src_line": 65673.5, "src_sample": 7809.5, "fit_residual_px": 0.2445, "heldout_residual_px": 0.2251}}, {"type": "Feature", "geometry": {"type": "Point", "coordinates": [32.33319748, -69.22262916]}, "properties": {"id": 2414, "src_line": 65673.5, "src_sample": 8961.5, "fit_residual_px": 0.351, "heldout_residual_px": 0.3343}}, {"type": "Feature", "geometry": {"type": "Point", "coordinates": [32.32299414, -69.22233926]}, "properties": {"id": 2415, "src_line": 65673.5, "src_sample": 9345.5, "fit_residual_px": 0.384, "heldout_residual_px": 0.3909}}, {"type": "Feature", "geometry": {"type": "Point", "coordinates": [32.31274279, -69.22204174]}, "properties": {"id": 2416, "src_line": 65673.5, "src_sample": 9729.5, "fit_residual_px": 0.5037, "heldout_residual_px": 0.5392}}, {"type": "Feature", "geometry": {"type": "Point", "coordinates": [32.30239131, -69.22173578]}, "properties": {"id": 2417, "src_line": 65673.5, "src_sample": 10113.5, "fit_residual_px": 0.2656, "heldout_residual_px": 0.3186}}, {"type": "Feature", "geometry": {"type": "Point", "coordinates": [32.29197301, -69.22143209]}, "properties": {"id": 2418, "src_line": 65673.5, "src_sample": 10497.5, "fit_residual_px": 0.2135, "heldout_residual_px": 0.1469}}, {"type": "Feature", "geometry": {"type": "Point", "coordinates": [32.28173065, -69.22112233]}, "properties": {"id": 2419, "src_line": 65673.5, "src_sample": 10881.5, "fit_residual_px": 0.2574, "heldout_residual_px": 0.3492}}, {"type": "Feature", "geometry": {"type": "Point", "coordinates": [32.27152745, -69.22083989]}, "properties": {"id": 2420, "src_line": 65673.5, "src_sample": 11265.5, "fit_residual_px": 0.0948, "heldout_residual_px": 0.2232}}, {"type": "Feature", "geometry": {"type": "Point", "coordinates": [32.49355736, -69.22358328]}, "properties": {"id": 2421, "src_line": 66057.5, "src_sample": 2817.5, "fit_residual_px": 0.3904, "heldout_residual_px": 0.4412}}, {"type": "Feature", "geometry": {"type": "Point", "coordinates": [32.48349397, -69.22329477]}, "properties": {"id": 2422, "src_line": 66057.5, "src_sample": 3201.5, "fit_residual_px": 0.2046, "heldout_residual_px": 0.2513}}, {"type": "Feature", "geometry": {"type": "Point", "coordinates": [32.47340192, -69.22299988]}, "properties": {"id": 2423, "src_line": 66057.5, "src_sample": 3585.5, "fit_residual_px": 0.2193, "heldout_residual_px": 0.2506}}, {"type": "Feature", "geometry": {"type": "Point", "coordinates": [32.46332394, -69.22270742]}, "properties": {"id": 2424, "src_line": 66057.5, "src_sample": 3969.5, "fit_residual_px": 0.2295, "heldout_residual_px": 0.2842}}, {"type": "Feature", "geometry": {"type": "Point", "coordinates": [32.45329541, -69.22245035]}, "properties": {"id": 2425, "src_line": 66057.5, "src_sample": 4353.5, "fit_residual_px": 0.8254, "heldout_residual_px": 0.807}}, {"type": "Feature", "geometry": {"type": "Point", "coordinates": [32.44349472, -69.22219618]}, "properties": {"id": 2426, "src_line": 66057.5, "src_sample": 4737.5, "fit_residual_px": 0.5935, "heldout_residual_px": 0.5802}}, {"type": "Feature", "geometry": {"type": "Point", "coordinates": [32.43375494, -69.22195455]}, "properties": {"id": 2427, "src_line": 66057.5, "src_sample": 5121.5, "fit_residual_px": 0.9405, "heldout_residual_px": 0.9379}}, {"type": "Feature", "geometry": {"type": "Point", "coordinates": [32.4240457, -69.2217103]}, "properties": {"id": 2428, "src_line": 66057.5, "src_sample": 5505.5, "fit_residual_px": 0.2939, "heldout_residual_px": 0.3157}}, {"type": "Feature", "geometry": {"type": "Point", "coordinates": [32.41413356, -69.22142504]}, "properties": {"id": 2429, "src_line": 66057.5, "src_sample": 5889.5, "fit_residual_px": 0.3576, "heldout_residual_px": 0.3248}}, {"type": "Feature", "geometry": {"type": "Point", "coordinates": [32.40423472, -69.22116101]}, "properties": {"id": 2430, "src_line": 66057.5, "src_sample": 6273.5, "fit_residual_px": 0.4857, "heldout_residual_px": 0.4354}}, {"type": "Feature", "geometry": {"type": "Point", "coordinates": [32.39429274, -69.22091582]}, "properties": {"id": 2431, "src_line": 66057.5, "src_sample": 6657.5, "fit_residual_px": 0.1089, "heldout_residual_px": 0.1425}}, {"type": "Feature", "geometry": {"type": "Point", "coordinates": [32.38413373, -69.22063285]}, "properties": {"id": 2432, "src_line": 66057.5, "src_sample": 7041.5, "fit_residual_px": 0.3343, "heldout_residual_px": 0.3847}}, {"type": "Feature", "geometry": {"type": "Point", "coordinates": [32.37390732, -69.22030869]}, "properties": {"id": 2433, "src_line": 66057.5, "src_sample": 7425.5, "fit_residual_px": 0.6338, "heldout_residual_px": 0.5981}}, {"type": "Feature", "geometry": {"type": "Point", "coordinates": [32.36383404, -69.22003269]}, "properties": {"id": 2434, "src_line": 66057.5, "src_sample": 7809.5, "fit_residual_px": 0.2474, "heldout_residual_px": 0.2006}}, {"type": "Feature", "geometry": {"type": "Point", "coordinates": [32.353754, -69.21976806]}, "properties": {"id": 2435, "src_line": 66057.5, "src_sample": 8193.5, "fit_residual_px": 0.3204, "heldout_residual_px": 0.3435}}, {"type": "Feature", "geometry": {"type": "Point", "coordinates": [32.343831, -69.21952079]}, "properties": {"id": 2436, "src_line": 66057.5, "src_sample": 8577.5, "fit_residual_px": 0.4992, "heldout_residual_px": 0.5288}}, {"type": "Feature", "geometry": {"type": "Point", "coordinates": [32.33373606, -69.21923422]}, "properties": {"id": 2437, "src_line": 66057.5, "src_sample": 8961.5, "fit_residual_px": 0.3213, "heldout_residual_px": 0.3452}}, {"type": "Feature", "geometry": {"type": "Point", "coordinates": [32.32350162, -69.2189353]}, "properties": {"id": 2438, "src_line": 66057.5, "src_sample": 9345.5, "fit_residual_px": 0.2251, "heldout_residual_px": 0.2309}}, {"type": "Feature", "geometry": {"type": "Point", "coordinates": [32.31330031, -69.21863149]}, "properties": {"id": 2439, "src_line": 66057.5, "src_sample": 9729.5, "fit_residual_px": 0.3498, "heldout_residual_px": 0.3892}}, {"type": "Feature", "geometry": {"type": "Point", "coordinates": [32.30293754, -69.21831912]}, "properties": {"id": 2440, "src_line": 66057.5, "src_sample": 10113.5, "fit_residual_px": 0.2221, "heldout_residual_px": 0.2752}}, {"type": "Feature", "geometry": {"type": "Point", "coordinates": [32.29259841, -69.2180159]}, "properties": {"id": 2441, "src_line": 66057.5, "src_sample": 10497.5, "fit_residual_px": 0.1234, "heldout_residual_px": 0.106}}, {"type": "Feature", "geometry": {"type": "Point", "coordinates": [32.28232907, -69.2177198]}, "properties": {"id": 2442, "src_line": 66057.5, "src_sample": 10881.5, "fit_residual_px": 0.3144, "heldout_residual_px": 0.4024}}, {"type": "Feature", "geometry": {"type": "Point", "coordinates": [32.27206974, -69.21742077]}, "properties": {"id": 2443, "src_line": 66057.5, "src_sample": 11265.5, "fit_residual_px": 0.4913, "heldout_residual_px": 0.6293}}, {"type": "Feature", "geometry": {"type": "Point", "coordinates": [32.26178772, -69.21711486]}, "properties": {"id": 2444, "src_line": 66057.5, "src_sample": 11649.5, "fit_residual_px": 0.3284, "heldout_residual_px": 0.4783}}, {"type": "Feature", "geometry": {"type": "Point", "coordinates": [32.49415588, -69.22016797]}, "properties": {"id": 2445, "src_line": 66441.5, "src_sample": 2817.5, "fit_residual_px": 0.2828, "heldout_residual_px": 0.4286}}, {"type": "Feature", "geometry": {"type": "Point", "coordinates": [32.48415686, -69.21989815]}, "properties": {"id": 2446, "src_line": 66441.5, "src_sample": 3201.5, "fit_residual_px": 0.0948, "heldout_residual_px": 0.1496}}, {"type": "Feature", "geometry": {"type": "Point", "coordinates": [32.47416485, -69.21962256]}, "properties": {"id": 2447, "src_line": 66441.5, "src_sample": 3585.5, "fit_residual_px": 0.631, "heldout_residual_px": 0.6091}}, {"type": "Feature", "geometry": {"type": "Point", "coordinates": [32.46407923, -69.21933638]}, "properties": {"id": 2448, "src_line": 66441.5, "src_sample": 3969.5, "fit_residual_px": 0.3924, "heldout_residual_px": 0.3729}}, {"type": "Feature", "geometry": {"type": "Point", "coordinates": [32.45411814, -69.21905203]}, "properties": {"id": 2449, "src_line": 66441.5, "src_sample": 4353.5, "fit_residual_px": 0.5719, "heldout_residual_px": 0.5783}}, {"type": "Feature", "geometry": {"type": "Point", "coordinates": [32.44411711, -69.218771]}, "properties": {"id": 2450, "src_line": 66441.5, "src_sample": 4737.5, "fit_residual_px": 0.4766, "heldout_residual_px": 0.5023}}, {"type": "Feature", "geometry": {"type": "Point", "coordinates": [32.43426081, -69.21850989]}, "properties": {"id": 2451, "src_line": 66441.5, "src_sample": 5121.5, "fit_residual_px": 0.374, "heldout_residual_px": 0.3813}}, {"type": "Feature", "geometry": {"type": "Point", "coordinates": [32.42463569, -69.21828805]}, "properties": {"id": 2452, "src_line": 66441.5, "src_sample": 5505.5, "fit_residual_px": 0.1883, "heldout_residual_px": 0.1656}}, {"type": "Feature", "geometry": {"type": "Point", "coordinates": [32.40475853, -69.21776061]}, "properties": {"id": 2453, "src_line": 66441.5, "src_sample": 6273.5, "fit_residual_px": 0.5755, "heldout_residual_px": 0.5897}}, {"type": "Feature", "geometry": {"type": "Point", "coordinates": [32.39481251, -69.2174958]}, "properties": {"id": 2454, "src_line": 66441.5, "src_sample": 6657.5, "fit_residual_px": 0.0323, "heldout_residual_px": 0.0762}}, {"type": "Feature", "geometry": {"type": "Point", "coordinates": [32.38466028, -69.21721581]}, "properties": {"id": 2455, "src_line": 66441.5, "src_sample": 7041.5, "fit_residual_px": 0.4, "heldout_residual_px": 0.4579}}, {"type": "Feature", "geometry": {"type": "Point", "coordinates": [32.37439925, -69.21690685]}, "properties": {"id": 2456, "src_line": 66441.5, "src_sample": 7425.5, "fit_residual_px": 0.2882, "heldout_residual_px": 0.3228}}, {"type": "Feature", "geometry": {"type": "Point", "coordinates": [32.36439628, -69.21664212]}, "properties": {"id": 2457, "src_line": 66441.5, "src_sample": 7809.5, "fit_residual_px": 0.3509, "heldout_residual_px": 0.3996}}, {"type": "Feature", "geometry": {"type": "Point", "coordinates": [32.35433536, -69.21637084]}, "properties": {"id": 2458, "src_line": 66441.5, "src_sample": 8193.5, "fit_residual_px": 0.7637, "heldout_residual_px": 0.7959}}, {"type": "Feature", "geometry": {"type": "Point", "coordinates": [32.34430828, -69.21608115]}, "properties": {"id": 2459, "src_line": 66441.5, "src_sample": 8577.5, "fit_residual_px": 0.2899, "heldout_residual_px": 0.2944}}, {"type": "Feature", "geometry": {"type": "Point", "coordinates": [32.33427906, -69.21581786]}, "properties": {"id": 2460, "src_line": 66441.5, "src_sample": 8961.5, "fit_residual_px": 0.2481, "heldout_residual_px": 0.2708}}, {"type": "Feature", "geometry": {"type": "Point", "coordinates": [32.32409983, -69.21551194]}, "properties": {"id": 2461, "src_line": 66441.5, "src_sample": 9345.5, "fit_residual_px": 0.1935, "heldout_residual_px": 0.1823}}, {"type": "Feature", "geometry": {"type": "Point", "coordinates": [32.31382101, -69.21521943]}, "properties": {"id": 2462, "src_line": 66441.5, "src_sample": 9729.5, "fit_residual_px": 0.0578, "heldout_residual_px": 0.0381}}, {"type": "Feature", "geometry": {"type": "Point", "coordinates": [32.30355338, -69.21492461]}, "properties": {"id": 2463, "src_line": 66441.5, "src_sample": 10113.5, "fit_residual_px": 0.1511, "heldout_residual_px": 0.1382}}, {"type": "Feature", "geometry": {"type": "Point", "coordinates": [32.2931983, -69.21461776]}, "properties": {"id": 2464, "src_line": 66441.5, "src_sample": 10497.5, "fit_residual_px": 0.2183, "heldout_residual_px": 0.21}}, {"type": "Feature", "geometry": {"type": "Point", "coordinates": [32.2828452, -69.21430801]}, "properties": {"id": 2465, "src_line": 66441.5, "src_sample": 10881.5, "fit_residual_px": 0.302, "heldout_residual_px": 0.2024}}, {"type": "Feature", "geometry": {"type": "Point", "coordinates": [32.2726286, -69.21400179]}, "properties": {"id": 2466, "src_line": 66441.5, "src_sample": 11265.5, "fit_residual_px": 0.5505, "heldout_residual_px": 0.5078}}, {"type": "Feature", "geometry": {"type": "Point", "coordinates": [32.26237861, -69.21371053]}, "properties": {"id": 2467, "src_line": 66441.5, "src_sample": 11649.5, "fit_residual_px": 0.205, "heldout_residual_px": 0.3656}}, {"type": "Feature", "geometry": {"type": "Point", "coordinates": [32.49478805, -69.21676773]}, "properties": {"id": 2468, "src_line": 66825.5, "src_sample": 2817.5, "fit_residual_px": 0.4441, "heldout_residual_px": 0.5838}}, {"type": "Feature", "geometry": {"type": "Point", "coordinates": [32.48477297, -69.21648981]}, "properties": {"id": 2469, "src_line": 66825.5, "src_sample": 3201.5, "fit_residual_px": 0.2453, "heldout_residual_px": 0.3632}}, {"type": "Feature", "geometry": {"type": "Point", "coordinates": [32.47488477, -69.21622899]}, "properties": {"id": 2470, "src_line": 66825.5, "src_sample": 3585.5, "fit_residual_px": 0.1107, "heldout_residual_px": 0.1926}}, {"type": "Feature", "geometry": {"type": "Point", "coordinates": [32.46487064, -69.21595433]}, "properties": {"id": 2471, "src_line": 66825.5, "src_sample": 3969.5, "fit_residual_px": 0.0418, "heldout_residual_px": 0.0225}}, {"type": "Feature", "geometry": {"type": "Point", "coordinates": [32.45488297, -69.21568722]}, "properties": {"id": 2472, "src_line": 66825.5, "src_sample": 4353.5, "fit_residual_px": 0.3374, "heldout_residual_px": 0.3122}}, {"type": "Feature", "geometry": {"type": "Point", "coordinates": [32.44486689, -69.21539019]}, "properties": {"id": 2473, "src_line": 66825.5, "src_sample": 4737.5, "fit_residual_px": 0.2097, "heldout_residual_px": 0.2306}}, {"type": "Feature", "geometry": {"type": "Point", "coordinates": [32.43491615, -69.21512608]}, "properties": {"id": 2474, "src_line": 66825.5, "src_sample": 5121.5, "fit_residual_px": 0.2854, "heldout_residual_px": 0.289}}, {"type": "Feature", "geometry": {"type": "Point", "coordinates": [32.42518634, -69.21488249]}, "properties": {"id": 2475, "src_line": 66825.5, "src_sample": 5505.5, "fit_residual_px": 0.103, "heldout_residual_px": 0.091}}, {"type": "Feature", "geometry": {"type": "Point", "coordinates": [32.41529989, -69.21462149]}, "properties": {"id": 2476, "src_line": 66825.5, "src_sample": 5889.5, "fit_residual_px": 0.1548, "heldout_residual_px": 0.1624}}, {"type": "Feature", "geometry": {"type": "Point", "coordinates": [32.40536979, -69.21435016]}, "properties": {"id": 2477, "src_line": 66825.5, "src_sample": 6273.5, "fit_residual_px": 0.3913, "heldout_residual_px": 0.3935}}, {"type": "Feature", "geometry": {"type": "Point", "coordinates": [32.3953368, -69.21408277]}, "properties": {"id": 2478, "src_line": 66825.5, "src_sample": 6657.5, "fit_residual_px": 0.0944, "heldout_residual_px": 0.0636}}, {"type": "Feature", "geometry": {"type": "Point", "coordinates": [32.38517967, -69.21380051]}, "properties": {"id": 2479, "src_line": 66825.5, "src_sample": 7041.5, "fit_residual_px": 0.276, "heldout_residual_px": 0.3311}}, {"type": "Feature", "geometry": {"type": "Point", "coordinates": [32.36490372, -69.21320414]}, "properties": {"id": 2480, "src_line": 66825.5, "src_sample": 7809.5, "fit_residual_px": 0.3177, "heldout_residual_px": 0.2842}}, {"type": "Feature", "geometry": {"type": "Point", "coordinates": [32.35484598, -69.21294863]}, "properties": {"id": 2481, "src_line": 66825.5, "src_sample": 8193.5, "fit_residual_px": 0.3727, "heldout_residual_px": 0.4059}}, {"type": "Feature", "geometry": {"type": "Point", "coordinates": [32.3448962, -69.21268308]}, "properties": {"id": 2482, "src_line": 66825.5, "src_sample": 8577.5, "fit_residual_px": 0.1975, "heldout_residual_px": 0.229}}, {"type": "Feature", "geometry": {"type": "Point", "coordinates": [32.33485673, -69.21239257]}, "properties": {"id": 2483, "src_line": 66825.5, "src_sample": 8961.5, "fit_residual_px": 0.2628, "heldout_residual_px": 0.24}}, {"type": "Feature", "geometry": {"type": "Point", "coordinates": [32.32466583, -69.21210831]}, "properties": {"id": 2484, "src_line": 66825.5, "src_sample": 9345.5, "fit_residual_px": 0.0891, "heldout_residual_px": 0.09}}, {"type": "Feature", "geometry": {"type": "Point", "coordinates": [32.31437683, -69.21181714]}, "properties": {"id": 2485, "src_line": 66825.5, "src_sample": 9729.5, "fit_residual_px": 0.2735, "heldout_residual_px": 0.294}}, {"type": "Feature", "geometry": {"type": "Point", "coordinates": [32.30414461, -69.21150439]}, "properties": {"id": 2486, "src_line": 66825.5, "src_sample": 10113.5, "fit_residual_px": 0.244, "heldout_residual_px": 0.2637}}, {"type": "Feature", "geometry": {"type": "Point", "coordinates": [32.29382729, -69.21120481]}, "properties": {"id": 2487, "src_line": 66825.5, "src_sample": 10497.5, "fit_residual_px": 0.1741, "heldout_residual_px": 0.2489}}, {"type": "Feature", "geometry": {"type": "Point", "coordinates": [32.28353569, -69.21091514]}, "properties": {"id": 2488, "src_line": 66825.5, "src_sample": 10881.5, "fit_residual_px": 0.2128, "heldout_residual_px": 0.1356}}, {"type": "Feature", "geometry": {"type": "Point", "coordinates": [32.27329565, -69.2106239]}, "properties": {"id": 2489, "src_line": 66825.5, "src_sample": 11265.5, "fit_residual_px": 0.2481, "heldout_residual_px": 0.2042}}, {"type": "Feature", "geometry": {"type": "Point", "coordinates": [32.26301272, -69.21031687]}, "properties": {"id": 2490, "src_line": 66825.5, "src_sample": 11649.5, "fit_residual_px": 0.1073, "heldout_residual_px": 0.0903}}, {"type": "Feature", "geometry": {"type": "Point", "coordinates": [32.4954366, -69.2133719]}, "properties": {"id": 2491, "src_line": 67209.5, "src_sample": 2817.5, "fit_residual_px": 0.3254, "heldout_residual_px": 0.4631}}, {"type": "Feature", "geometry": {"type": "Point", "coordinates": [32.48536193, -69.21309749]}, "properties": {"id": 2492, "src_line": 67209.5, "src_sample": 3201.5, "fit_residual_px": 0.3757, "heldout_residual_px": 0.3931}}, {"type": "Feature", "geometry": {"type": "Point", "coordinates": [32.47544878, -69.2128223]}, "properties": {"id": 2493, "src_line": 67209.5, "src_sample": 3585.5, "fit_residual_px": 0.1596, "heldout_residual_px": 0.2128}}, {"type": "Feature", "geometry": {"type": "Point", "coordinates": [32.4656281, -69.2125843]}, "properties": {"id": 2494, "src_line": 67209.5, "src_sample": 3969.5, "fit_residual_px": 0.4403, "heldout_residual_px": 0.3813}}, {"type": "Feature", "geometry": {"type": "Point", "coordinates": [32.45564721, -69.21227553]}, "properties": {"id": 2495, "src_line": 67209.5, "src_sample": 4353.5, "fit_residual_px": 0.4962, "heldout_residual_px": 0.5384}}, {"type": "Feature", "geometry": {"type": "Point", "coordinates": [32.44565455, -69.21200844]}, "properties": {"id": 2496, "src_line": 67209.5, "src_sample": 4737.5, "fit_residual_px": 0.3375, "heldout_residual_px": 0.3525}}, {"type": "Feature", "geometry": {"type": "Point", "coordinates": [32.43567789, -69.21174711]}, "properties": {"id": 2497, "src_line": 67209.5, "src_sample": 5121.5, "fit_residual_px": 0.3922, "heldout_residual_px": 0.3619}}, {"type": "Feature", "geometry": {"type": "Point", "coordinates": [32.42573144, -69.21149565]}, "properties": {"id": 2498, "src_line": 67209.5, "src_sample": 5505.5, "fit_residual_px": 0.5534, "heldout_residual_px": 0.5612}}, {"type": "Feature", "geometry": {"type": "Point", "coordinates": [32.41574136, -69.2112025]}, "properties": {"id": 2499, "src_line": 67209.5, "src_sample": 5889.5, "fit_residual_px": 0.0791, "heldout_residual_px": 0.1066}}, {"type": "Feature", "geometry": {"type": "Point", "coordinates": [32.40585875, -69.21095416]}, "properties": {"id": 2500, "src_line": 67209.5, "src_sample": 6273.5, "fit_residual_px": 0.3138, "heldout_residual_px": 0.3399}}, {"type": "Feature", "geometry": {"type": "Point", "coordinates": [32.39579865, -69.21067438]}, "properties": {"id": 2501, "src_line": 67209.5, "src_sample": 6657.5, "fit_residual_px": 0.3637, "heldout_residual_px": 0.4004}}, {"type": "Feature", "geometry": {"type": "Point", "coordinates": [32.38570183, -69.21036745]}, "properties": {"id": 2502, "src_line": 67209.5, "src_sample": 7041.5, "fit_residual_px": 0.2721, "heldout_residual_px": 0.2329}}, {"type": "Feature", "geometry": {"type": "Point", "coordinates": [32.37543449, -69.21009054]}, "properties": {"id": 2503, "src_line": 67209.5, "src_sample": 7425.5, "fit_residual_px": 0.4927, "heldout_residual_px": 0.5345}}, {"type": "Feature", "geometry": {"type": "Point", "coordinates": [32.36535577, -69.20978928]}, "properties": {"id": 2504, "src_line": 67209.5, "src_sample": 7809.5, "fit_residual_px": 0.1242, "heldout_residual_px": 0.0903}}, {"type": "Feature", "geometry": {"type": "Point", "coordinates": [32.35536175, -69.20952594]}, "properties": {"id": 2505, "src_line": 67209.5, "src_sample": 8193.5, "fit_residual_px": 0.1035, "heldout_residual_px": 0.1391}}, {"type": "Feature", "geometry": {"type": "Point", "coordinates": [32.34540434, -69.20926008]}, "properties": {"id": 2506, "src_line": 67209.5, "src_sample": 8577.5, "fit_residual_px": 0.2276, "heldout_residual_px": 0.2355}}, {"type": "Feature", "geometry": {"type": "Point", "coordinates": [32.33541786, -69.2089832]}, "properties": {"id": 2507, "src_line": 67209.5, "src_sample": 8961.5, "fit_residual_px": 0.2923, "heldout_residual_px": 0.2793}}, {"type": "Feature", "geometry": {"type": "Point", "coordinates": [32.32509302, -69.20868187]}, "properties": {"id": 2508, "src_line": 67209.5, "src_sample": 9345.5, "fit_residual_px": 0.1333, "heldout_residual_px": 0.1486}}, {"type": "Feature", "geometry": {"type": "Point", "coordinates": [32.31492822, -69.20840712]}, "properties": {"id": 2509, "src_line": 67209.5, "src_sample": 9729.5, "fit_residual_px": 0.2965, "heldout_residual_px": 0.3014}}, {"type": "Feature", "geometry": {"type": "Point", "coordinates": [32.30480612, -69.20809874]}, "properties": {"id": 2510, "src_line": 67209.5, "src_sample": 10113.5, "fit_residual_px": 0.4974, "heldout_residual_px": 0.5359}}, {"type": "Feature", "geometry": {"type": "Point", "coordinates": [32.29448519, -69.20780176]}, "properties": {"id": 2511, "src_line": 67209.5, "src_sample": 10497.5, "fit_residual_px": 0.2623, "heldout_residual_px": 0.3222}}, {"type": "Feature", "geometry": {"type": "Point", "coordinates": [32.28419597, -69.20751472]}, "properties": {"id": 2512, "src_line": 67209.5, "src_sample": 10881.5, "fit_residual_px": 0.173, "heldout_residual_px": 0.1695}}, {"type": "Feature", "geometry": {"type": "Point", "coordinates": [32.2739246, -69.20721084]}, "properties": {"id": 2513, "src_line": 67209.5, "src_sample": 11265.5, "fit_residual_px": 0.2306, "heldout_residual_px": 0.1467}}, {"type": "Feature", "geometry": {"type": "Point", "coordinates": [32.26365121, -69.20690595]}, "properties": {"id": 2514, "src_line": 67209.5, "src_sample": 11649.5, "fit_residual_px": 0.2502, "heldout_residual_px": 0.284}}, {"type": "Feature", "geometry": {"type": "Point", "coordinates": [32.495966, -69.20998004]}, "properties": {"id": 2515, "src_line": 67593.5, "src_sample": 2817.5, "fit_residual_px": 0.3405, "heldout_residual_px": 0.4199}}, {"type": "Feature", "geometry": {"type": "Point", "coordinates": [32.48595817, -69.20968165]}, "properties": {"id": 2516, "src_line": 67593.5, "src_sample": 3201.5, "fit_residual_px": 0.4617, "heldout_residual_px": 0.5036}}, {"type": "Feature", "geometry": {"type": "Point", "coordinates": [32.46646589, -69.2091922]}, "properties": {"id": 2517, "src_line": 67593.5, "src_sample": 3969.5, "fit_residual_px": 0.1711, "heldout_residual_px": 0.2028}}, {"type": "Feature", "geometry": {"type": "Point", "coordinates": [32.45652206, -69.20891234]}, "properties": {"id": 2518, "src_line": 67593.5, "src_sample": 4353.5, "fit_residual_px": 0.3018, "heldout_residual_px": 0.3067}}, {"type": "Feature", "geometry": {"type": "Point", "coordinates": [32.44640183, -69.20862954]}, "properties": {"id": 2519, "src_line": 67593.5, "src_sample": 4737.5, "fit_residual_px": 0.1137, "heldout_residual_px": 0.1012}}, {"type": "Feature", "geometry": {"type": "Point", "coordinates": [32.43640025, -69.20835755]}, "properties": {"id": 2520, "src_line": 67593.5, "src_sample": 5121.5, "fit_residual_px": 0.1844, "heldout_residual_px": 0.1893}}, {"type": "Feature", "geometry": {"type": "Point", "coordinates": [32.42630569, -69.20806325]}, "properties": {"id": 2521, "src_line": 67593.5, "src_sample": 5505.5, "fit_residual_px": 0.0968, "heldout_residual_px": 0.1081}}, {"type": "Feature", "geometry": {"type": "Point", "coordinates": [32.41628436, -69.20777285]}, "properties": {"id": 2522, "src_line": 67593.5, "src_sample": 5889.5, "fit_residual_px": 0.3833, "heldout_residual_px": 0.374}}, {"type": "Feature", "geometry": {"type": "Point", "coordinates": [32.40639862, -69.2075356]}, "properties": {"id": 2523, "src_line": 67593.5, "src_sample": 6273.5, "fit_residual_px": 0.2555, "heldout_residual_px": 0.2538}}, {"type": "Feature", "geometry": {"type": "Point", "coordinates": [32.39618896, -69.20723393]}, "properties": {"id": 2524, "src_line": 67593.5, "src_sample": 6657.5, "fit_residual_px": 0.1961, "heldout_residual_px": 0.1964}}, {"type": "Feature", "geometry": {"type": "Point", "coordinates": [32.38616281, -69.20695021]}, "properties": {"id": 2525, "src_line": 67593.5, "src_sample": 7041.5, "fit_residual_px": 0.2307, "heldout_residual_px": 0.2352}}, {"type": "Feature", "geometry": {"type": "Point", "coordinates": [32.3760666, -69.20666063]}, "properties": {"id": 2526, "src_line": 67593.5, "src_sample": 7425.5, "fit_residual_px": 0.2952, "heldout_residual_px": 0.2947}}, {"type": "Feature", "geometry": {"type": "Point", "coordinates": [32.36586724, -69.20635336]}, "properties": {"id": 2527, "src_line": 67593.5, "src_sample": 7809.5, "fit_residual_px": 1.0276, "heldout_residual_px": 1.02}}, {"type": "Feature", "geometry": {"type": "Point", "coordinates": [32.35592932, -69.2061054]}, "properties": {"id": 2528, "src_line": 67593.5, "src_sample": 8193.5, "fit_residual_px": 0.1524, "heldout_residual_px": 0.1461}}, {"type": "Feature", "geometry": {"type": "Point", "coordinates": [32.34591726, -69.20583355]}, "properties": {"id": 2529, "src_line": 67593.5, "src_sample": 8577.5, "fit_residual_px": 0.165, "heldout_residual_px": 0.1797}}, {"type": "Feature", "geometry": {"type": "Point", "coordinates": [32.33595867, -69.20556898]}, "properties": {"id": 2530, "src_line": 67593.5, "src_sample": 8961.5, "fit_residual_px": 0.2946, "heldout_residual_px": 0.2746}}, {"type": "Feature", "geometry": {"type": "Point", "coordinates": [32.32585289, -69.20528793]}, "properties": {"id": 2531, "src_line": 67593.5, "src_sample": 9345.5, "fit_residual_px": 0.1682, "heldout_residual_px": 0.1674}}, {"type": "Feature", "geometry": {"type": "Point", "coordinates": [32.31571149, -69.20501416]}, "properties": {"id": 2532, "src_line": 67593.5, "src_sample": 9729.5, "fit_residual_px": 0.2158, "heldout_residual_px": 0.1854}}, {"type": "Feature", "geometry": {"type": "Point", "coordinates": [32.30542286, -69.20469815]}, "properties": {"id": 2533, "src_line": 67593.5, "src_sample": 10113.5, "fit_residual_px": 0.2317, "heldout_residual_px": 0.2234}}, {"type": "Feature", "geometry": {"type": "Point", "coordinates": [32.29511319, -69.20440095]}, "properties": {"id": 2534, "src_line": 67593.5, "src_sample": 10497.5, "fit_residual_px": 0.0622, "heldout_residual_px": 0.0239}}, {"type": "Feature", "geometry": {"type": "Point", "coordinates": [32.28489472, -69.20409631]}, "properties": {"id": 2535, "src_line": 67593.5, "src_sample": 10881.5, "fit_residual_px": 0.4438, "heldout_residual_px": 0.3985}}, {"type": "Feature", "geometry": {"type": "Point", "coordinates": [32.27459909, -69.20381066]}, "properties": {"id": 2536, "src_line": 67593.5, "src_sample": 11265.5, "fit_residual_px": 0.0438, "heldout_residual_px": 0.0829}}, {"type": "Feature", "geometry": {"type": "Point", "coordinates": [32.26429423, -69.20351577]}, "properties": {"id": 2537, "src_line": 67593.5, "src_sample": 11649.5, "fit_residual_px": 0.2202, "heldout_residual_px": 0.2591}}, {"type": "Feature", "geometry": {"type": "Point", "coordinates": [32.49661561, -69.20657817]}, "properties": {"id": 2538, "src_line": 67977.5, "src_sample": 2817.5, "fit_residual_px": 0.3363, "heldout_residual_px": 0.411}}, {"type": "Feature", "geometry": {"type": "Point", "coordinates": [32.48678226, -69.20632571]}, "properties": {"id": 2539, "src_line": 67977.5, "src_sample": 3201.5, "fit_residual_px": 0.5247, "heldout_residual_px": 0.5668}}, {"type": "Feature", "geometry": {"type": "Point", "coordinates": [32.4768847, -69.20605944]}, "properties": {"id": 2540, "src_line": 67977.5, "src_sample": 3585.5, "fit_residual_px": 0.5557, "heldout_residual_px": 0.5826}}, {"type": "Feature", "geometry": {"type": "Point", "coordinates": [32.46705249, -69.20578634]}, "properties": {"id": 2541, "src_line": 67977.5, "src_sample": 3969.5, "fit_residual_px": 0.3898, "heldout_residual_px": 0.3662}}, {"type": "Feature", "geometry": {"type": "Point", "coordinates": [32.4570733, -69.20551654]}, "properties": {"id": 2542, "src_line": 67977.5, "src_sample": 4353.5, "fit_residual_px": 0.2314, "heldout_residual_px": 0.2454}}, {"type": "Feature", "geometry": {"type": "Point", "coordinates": [32.44697371, -69.20522936]}, "properties": {"id": 2543, "src_line": 67977.5, "src_sample": 4737.5, "fit_residual_px": 0.3268, "heldout_residual_px": 0.3612}}, {"type": "Feature", "geometry": {"type": "Point", "coordinates": [32.43694832, -69.2049509]}, "properties": {"id": 2544, "src_line": 67977.5, "src_sample": 5121.5, "fit_residual_px": 0.3042, "heldout_residual_px": 0.3195}}, {"type": "Feature", "geometry": {"type": "Point", "coordinates": [32.42691444, -69.20467272]}, "properties": {"id": 2545, "src_line": 67977.5, "src_sample": 5505.5, "fit_residual_px": 0.3654, "heldout_residual_px": 0.3792}}, {"type": "Feature", "geometry": {"type": "Point", "coordinates": [32.41680722, -69.204369]}, "properties": {"id": 2546, "src_line": 67977.5, "src_sample": 5889.5, "fit_residual_px": 0.7072, "heldout_residual_px": 0.6802}}, {"type": "Feature", "geometry": {"type": "Point", "coordinates": [32.4068303, -69.20411534]}, "properties": {"id": 2547, "src_line": 67977.5, "src_sample": 6273.5, "fit_residual_px": 0.4421, "heldout_residual_px": 0.4498}}, {"type": "Feature", "geometry": {"type": "Point", "coordinates": [32.3965652, -69.20380301]}, "properties": {"id": 2548, "src_line": 67977.5, "src_sample": 6657.5, "fit_residual_px": 0.25, "heldout_residual_px": 0.2529}}, {"type": "Feature", "geometry": {"type": "Point", "coordinates": [32.38652226, -69.20352489]}, "properties": {"id": 2549, "src_line": 67977.5, "src_sample": 7041.5, "fit_residual_px": 0.2481, "heldout_residual_px": 0.2491}}, {"type": "Feature", "geometry": {"type": "Point", "coordinates": [32.37642859, -69.20323972]}, "properties": {"id": 2550, "src_line": 67977.5, "src_sample": 7425.5, "fit_residual_px": 0.2959, "heldout_residual_px": 0.2947}}, {"type": "Feature", "geometry": {"type": "Point", "coordinates": [32.3663355, -69.2029522]}, "properties": {"id": 2551, "src_line": 67977.5, "src_sample": 7809.5, "fit_residual_px": 0.1151, "heldout_residual_px": 0.1205}}, {"type": "Feature", "geometry": {"type": "Point", "coordinates": [32.3563346, -69.20266749]}, "properties": {"id": 2552, "src_line": 67977.5, "src_sample": 8193.5, "fit_residual_px": 0.3217, "heldout_residual_px": 0.3251}}, {"type": "Feature", "geometry": {"type": "Point", "coordinates": [32.34641538, -69.20240786]}, "properties": {"id": 2553, "src_line": 67977.5, "src_sample": 8577.5, "fit_residual_px": 0.3158, "heldout_residual_px": 0.3077}}, {"type": "Feature", "geometry": {"type": "Point", "coordinates": [32.33645273, -69.20216131]}, "properties": {"id": 2554, "src_line": 67977.5, "src_sample": 8961.5, "fit_residual_px": 0.2232, "heldout_residual_px": 0.2373}}, {"type": "Feature", "geometry": {"type": "Point", "coordinates": [32.32642776, -69.2018965]}, "properties": {"id": 2555, "src_line": 67977.5, "src_sample": 9345.5, "fit_residual_px": 0.4778, "heldout_residual_px": 0.5001}}, {"type": "Feature", "geometry": {"type": "Point", "coordinates": [32.31634259, -69.20159763]}, "properties": {"id": 2556, "src_line": 67977.5, "src_sample": 9729.5, "fit_residual_px": 0.1914, "heldout_residual_px": 0.1769}}, {"type": "Feature", "geometry": {"type": "Point", "coordinates": [32.30605486, -69.20130401]}, "properties": {"id": 2557, "src_line": 67977.5, "src_sample": 10113.5, "fit_residual_px": 0.3454, "heldout_residual_px": 0.3148}}, {"type": "Feature", "geometry": {"type": "Point", "coordinates": [32.29579344, -69.20100365]}, "properties": {"id": 2558, "src_line": 67977.5, "src_sample": 10497.5, "fit_residual_px": 0.2419, "heldout_residual_px": 0.3014}}, {"type": "Feature", "geometry": {"type": "Point", "coordinates": [32.28555762, -69.2007093]}, "properties": {"id": 2559, "src_line": 67977.5, "src_sample": 10881.5, "fit_residual_px": 0.0227, "heldout_residual_px": 0.0706}}, {"type": "Feature", "geometry": {"type": "Point", "coordinates": [32.27526417, -69.20042022]}, "properties": {"id": 2560, "src_line": 67977.5, "src_sample": 11265.5, "fit_residual_px": 0.7026, "heldout_residual_px": 0.786}}, {"type": "Feature", "geometry": {"type": "Point", "coordinates": [32.26502825, -69.20011016]}, "properties": {"id": 2561, "src_line": 67977.5, "src_sample": 11649.5, "fit_residual_px": 0.4416, "heldout_residual_px": 0.515}}, {"type": "Feature", "geometry": {"type": "Point", "coordinates": [32.49718695, -69.20315243]}, "properties": {"id": 2562, "src_line": 68361.5, "src_sample": 2817.5, "fit_residual_px": 0.1934, "heldout_residual_px": 0.151}}, {"type": "Feature", "geometry": {"type": "Point", "coordinates": [32.47748672, -69.20262007]}, "properties": {"id": 2563, "src_line": 68361.5, "src_sample": 3585.5, "fit_residual_px": 0.5734, "heldout_residual_px": 0.5582}}, {"type": "Feature", "geometry": {"type": "Point", "coordinates": [32.46760195, -69.20236228]}, "properties": {"id": 2564, "src_line": 68361.5, "src_sample": 3969.5, "fit_residual_px": 0.2895, "heldout_residual_px": 0.2747}}, {"type": "Feature", "geometry": {"type": "Point", "coordinates": [32.4575729, -69.20208178]}, "properties": {"id": 2565, "src_line": 68361.5, "src_sample": 4353.5, "fit_residual_px": 0.3498, "heldout_residual_px": 0.3577}}, {"type": "Feature", "geometry": {"type": "Point", "coordinates": [32.44743518, -69.20179117]}, "properties": {"id": 2566, "src_line": 68361.5, "src_sample": 4737.5, "fit_residual_px": 0.1511, "heldout_residual_px": 0.1375}}, {"type": "Feature", "geometry": {"type": "Point", "coordinates": [32.43744231, -69.20152227]}, "properties": {"id": 2567, "src_line": 68361.5, "src_sample": 5121.5, "fit_residual_px": 0.0326, "heldout_residual_px": 0.0379}}, {"type": "Feature", "geometry": {"type": "Point", "coordinates": [32.42735417, -69.20125204]}, "properties": {"id": 2568, "src_line": 68361.5, "src_sample": 5505.5, "fit_residual_px": 0.4703, "heldout_residual_px": 0.4802}}, {"type": "Feature", "geometry": {"type": "Point", "coordinates": [32.417355, -69.20096071]}, "properties": {"id": 2569, "src_line": 68361.5, "src_sample": 5889.5, "fit_residual_px": 0.6431, "heldout_residual_px": 0.6209}}, {"type": "Feature", "geometry": {"type": "Point", "coordinates": [32.40733152, -69.20069022]}, "properties": {"id": 2570, "src_line": 68361.5, "src_sample": 6273.5, "fit_residual_px": 0.3469, "heldout_residual_px": 0.3346}}, {"type": "Feature", "geometry": {"type": "Point", "coordinates": [32.397184, -69.20040584]}, "properties": {"id": 2571, "src_line": 68361.5, "src_sample": 6657.5, "fit_residual_px": 0.7162, "heldout_residual_px": 0.7152}}, {"type": "Feature", "geometry": {"type": "Point", "coordinates": [32.38710743, -69.20010495]}, "properties": {"id": 2572, "src_line": 68361.5, "src_sample": 7041.5, "fit_residual_px": 0.0795, "heldout_residual_px": 0.0816}}, {"type": "Feature", "geometry": {"type": "Point", "coordinates": [32.37693473, -69.1998141]}, "properties": {"id": 2573, "src_line": 68361.5, "src_sample": 7425.5, "fit_residual_px": 0.1859, "heldout_residual_px": 0.1831}}, {"type": "Feature", "geometry": {"type": "Point", "coordinates": [32.36679706, -69.19953763]}, "properties": {"id": 2574, "src_line": 68361.5, "src_sample": 7809.5, "fit_residual_px": 0.7486, "heldout_residual_px": 0.7504}}, {"type": "Feature", "geometry": {"type": "Point", "coordinates": [32.35689763, -69.19925868]}, "properties": {"id": 2575, "src_line": 68361.5, "src_sample": 8193.5, "fit_residual_px": 0.3444, "heldout_residual_px": 0.3447}}, {"type": "Feature", "geometry": {"type": "Point", "coordinates": [32.34692949, -69.19900868]}, "properties": {"id": 2576, "src_line": 68361.5, "src_sample": 8577.5, "fit_residual_px": 0.3846, "heldout_residual_px": 0.397}}, {"type": "Feature", "geometry": {"type": "Point", "coordinates": [32.3370498, -69.19873893]}, "properties": {"id": 2577, "src_line": 68361.5, "src_sample": 8961.5, "fit_residual_px": 0.2971, "heldout_residual_px": 0.3061}}, {"type": "Feature", "geometry": {"type": "Point", "coordinates": [32.32709385, -69.19847321]}, "properties": {"id": 2578, "src_line": 68361.5, "src_sample": 9345.5, "fit_residual_px": 0.326, "heldout_residual_px": 0.304}}, {"type": "Feature", "geometry": {"type": "Point", "coordinates": [32.31696249, -69.19820205]}, "properties": {"id": 2579, "src_line": 68361.5, "src_sample": 9729.5, "fit_residual_px": 0.1968, "heldout_residual_px": 0.238}}, {"type": "Feature", "geometry": {"type": "Point", "coordinates": [32.30680297, -69.19792436]}, "properties": {"id": 2580, "src_line": 68361.5, "src_sample": 10113.5, "fit_residual_px": 0.3295, "heldout_residual_px": 0.3703}}, {"type": "Feature", "geometry": {"type": "Point", "coordinates": [32.29654158, -69.1976182]}, "properties": {"id": 2581, "src_line": 68361.5, "src_sample": 10497.5, "fit_residual_px": 0.3864, "heldout_residual_px": 0.4559}}, {"type": "Feature", "geometry": {"type": "Point", "coordinates": [32.28624233, -69.19729621]}, "properties": {"id": 2582, "src_line": 68361.5, "src_sample": 10881.5, "fit_residual_px": 0.6652, "heldout_residual_px": 0.695}}, {"type": "Feature", "geometry": {"type": "Point", "coordinates": [32.27602122, -69.19701438]}, "properties": {"id": 2583, "src_line": 68361.5, "src_sample": 11265.5, "fit_residual_px": 0.4182, "heldout_residual_px": 0.4873}}, {"type": "Feature", "geometry": {"type": "Point", "coordinates": [32.26575247, -69.19671494]}, "properties": {"id": 2584, "src_line": 68361.5, "src_sample": 11649.5, "fit_residual_px": 0.4557, "heldout_residual_px": 0.5307}}, {"type": "Feature", "geometry": {"type": "Point", "coordinates": [32.49763224, -69.19974335]}, "properties": {"id": 2585, "src_line": 68745.5, "src_sample": 2817.5, "fit_residual_px": 0.2169, "heldout_residual_px": 0.274}}, {"type": "Feature", "geometry": {"type": "Point", "coordinates": [32.48772403, -69.19947223]}, "properties": {"id": 2586, "src_line": 68745.5, "src_sample": 3201.5, "fit_residual_px": 0.1214, "heldout_residual_px": 0.1695}}, {"type": "Feature", "geometry": {"type": "Point", "coordinates": [32.47788932, -69.19919834]}, "properties": {"id": 2587, "src_line": 68745.5, "src_sample": 3585.5, "fit_residual_px": 0.2832, "heldout_residual_px": 0.2557}}, {"type": "Feature", "geometry": {"type": "Point", "coordinates": [32.4679784, -69.19893025]}, "properties": {"id": 2588, "src_line": 68745.5, "src_sample": 3969.5, "fit_residual_px": 0.2931, "heldout_residual_px": 0.2727}}, {"type": "Feature", "geometry": {"type": "Point", "coordinates": [32.45795677, -69.1986489]}, "properties": {"id": 2589, "src_line": 68745.5, "src_sample": 4353.5, "fit_residual_px": 0.312, "heldout_residual_px": 0.296}}, {"type": "Feature", "geometry": {"type": "Point", "coordinates": [32.44787576, -69.19837191]}, "properties": {"id": 2590, "src_line": 68745.5, "src_sample": 4737.5, "fit_residual_px": 0.3857, "heldout_residual_px": 0.3667}}, {"type": "Feature", "geometry": {"type": "Point", "coordinates": [32.43788143, -69.19811017]}, "properties": {"id": 2591, "src_line": 68745.5, "src_sample": 5121.5, "fit_residual_px": 0.3476, "heldout_residual_px": 0.3619}}, {"type": "Feature", "geometry": {"type": "Point", "coordinates": [32.42784774, -69.19783407]}, "properties": {"id": 2592, "src_line": 68745.5, "src_sample": 5505.5, "fit_residual_px": 0.4591, "heldout_residual_px": 0.4664}}, {"type": "Feature", "geometry": {"type": "Point", "coordinates": [32.41788948, -69.19755228]}, "properties": {"id": 2593, "src_line": 68745.5, "src_sample": 5889.5, "fit_residual_px": 0.1422, "heldout_residual_px": 0.1523}}, {"type": "Feature", "geometry": {"type": "Point", "coordinates": [32.40794865, -69.1972782]}, "properties": {"id": 2594, "src_line": 68745.5, "src_sample": 6273.5, "fit_residual_px": 0.1616, "heldout_residual_px": 0.1455}}, {"type": "Feature", "geometry": {"type": "Point", "coordinates": [32.39787848, -69.19699348]}, "properties": {"id": 2595, "src_line": 68745.5, "src_sample": 6657.5, "fit_residual_px": 0.2429, "heldout_residual_px": 0.2322}}, {"type": "Feature", "geometry": {"type": "Point", "coordinates": [32.3877473, -69.1966977]}, "properties": {"id": 2596, "src_line": 68745.5, "src_sample": 7041.5, "fit_residual_px": 0.3005, "heldout_residual_px": 0.3087}}, {"type": "Feature", "geometry": {"type": "Point", "coordinates": [32.3774883, -69.19640708]}, "properties": {"id": 2597, "src_line": 68745.5, "src_sample": 7425.5, "fit_residual_px": 0.1082, "heldout_residual_px": 0.1157}}, {"type": "Feature", "geometry": {"type": "Point", "coordinates": [32.36735849, -69.19613114]}, "properties": {"id": 2598, "src_line": 68745.5, "src_sample": 7809.5, "fit_residual_px": 0.4058, "heldout_residual_px": 0.4122}}, {"type": "Feature", "geometry": {"type": "Point", "coordinates": [32.35743631, -69.19584698]}, "properties": {"id": 2599, "src_line": 68745.5, "src_sample": 8193.5, "fit_residual_px": 0.2528, "heldout_residual_px": 0.2452}}, {"type": "Feature", "geometry": {"type": "Point", "coordinates": [32.34753814, -69.19559049]}, "properties": {"id": 2600, "src_line": 68745.5, "src_sample": 8577.5, "fit_residual_px": 0.3115, "heldout_residual_px": 0.3064}}, {"type": "Feature", "geometry": {"type": "Point", "coordinates": [32.32776384, -69.19509569]}, "properties": {"id": 2601, "src_line": 68745.5, "src_sample": 9345.5, "fit_residual_px": 0.2702, "heldout_residual_px": 0.2706}}, {"type": "Feature", "geometry": {"type": "Point", "coordinates": [32.31770753, -69.1948019]}, "properties": {"id": 2602, "src_line": 68745.5, "src_sample": 9729.5, "fit_residual_px": 0.3717, "heldout_residual_px": 0.3333}}, {"type": "Feature", "geometry": {"type": "Point", "coordinates": [32.30757311, -69.1945277]}, "properties": {"id": 2603, "src_line": 68745.5, "src_sample": 10113.5, "fit_residual_px": 0.1601, "heldout_residual_px": 0.122}}, {"type": "Feature", "geometry": {"type": "Point", "coordinates": [32.29730449, -69.19422548]}, "properties": {"id": 2604, "src_line": 68745.5, "src_sample": 10497.5, "fit_residual_px": 0.1044, "heldout_residual_px": 0.0393}}, {"type": "Feature", "geometry": {"type": "Point", "coordinates": [32.28699602, -69.19392965]}, "properties": {"id": 2605, "src_line": 68745.5, "src_sample": 10881.5, "fit_residual_px": 0.2818, "heldout_residual_px": 0.3721}}, {"type": "Feature", "geometry": {"type": "Point", "coordinates": [32.27676917, -69.1936222]}, "properties": {"id": 2606, "src_line": 68745.5, "src_sample": 11265.5, "fit_residual_px": 0.1966, "heldout_residual_px": 0.1898}}, {"type": "Feature", "geometry": {"type": "Point", "coordinates": [32.26642175, -69.19331742]}, "properties": {"id": 2607, "src_line": 68745.5, "src_sample": 11649.5, "fit_residual_px": 0.1247, "heldout_residual_px": 0.1695}}, {"type": "Feature", "geometry": {"type": "Point", "coordinates": [32.49793276, -69.19631182]}, "properties": {"id": 2608, "src_line": 69129.5, "src_sample": 2817.5, "fit_residual_px": 0.4202, "heldout_residual_px": 0.467}}, {"type": "Feature", "geometry": {"type": "Point", "coordinates": [32.48808181, -69.1960339]}, "properties": {"id": 2609, "src_line": 69129.5, "src_sample": 3201.5, "fit_residual_px": 0.0471, "heldout_residual_px": 0.0644}}, {"type": "Feature", "geometry": {"type": "Point", "coordinates": [32.47822007, -69.19575787]}, "properties": {"id": 2610, "src_line": 69129.5, "src_sample": 3585.5, "fit_residual_px": 0.5191, "heldout_residual_px": 0.5075}}, {"type": "Feature", "geometry": {"type": "Point", "coordinates": [32.46825116, -69.19550915]}, "properties": {"id": 2611, "src_line": 69129.5, "src_sample": 3969.5, "fit_residual_px": 0.4067, "heldout_residual_px": 0.438}}, {"type": "Feature", "geometry": {"type": "Point", "coordinates": [32.45820916, -69.19520381]}, "properties": {"id": 2612, "src_line": 69129.5, "src_sample": 4353.5, "fit_residual_px": 0.6396, "heldout_residual_px": 0.6722}}, {"type": "Feature", "geometry": {"type": "Point", "coordinates": [32.44826058, -69.19493226]}, "properties": {"id": 2613, "src_line": 69129.5, "src_sample": 4737.5, "fit_residual_px": 0.5313, "heldout_residual_px": 0.5405}}, {"type": "Feature", "geometry": {"type": "Point", "coordinates": [32.43827049, -69.19468126]}, "properties": {"id": 2614, "src_line": 69129.5, "src_sample": 5121.5, "fit_residual_px": 0.5334, "heldout_residual_px": 0.5094}}, {"type": "Feature", "geometry": {"type": "Point", "coordinates": [32.42842467, -69.19441379]}, "properties": {"id": 2615, "src_line": 69129.5, "src_sample": 5505.5, "fit_residual_px": 0.0853, "heldout_residual_px": 0.0764}}, {"type": "Feature", "geometry": {"type": "Point", "coordinates": [32.41827029, -69.19410221]}, "properties": {"id": 2616, "src_line": 69129.5, "src_sample": 5889.5, "fit_residual_px": 0.497, "heldout_residual_px": 0.5249}}, {"type": "Feature", "geometry": {"type": "Point", "coordinates": [32.40839109, -69.19384618]}, "properties": {"id": 2617, "src_line": 69129.5, "src_sample": 6273.5, "fit_residual_px": 0.5095, "heldout_residual_px": 0.5157}}, {"type": "Feature", "geometry": {"type": "Point", "coordinates": [32.39836104, -69.19359315]}, "properties": {"id": 2618, "src_line": 69129.5, "src_sample": 6657.5, "fit_residual_px": 0.3856, "heldout_residual_px": 0.385}}, {"type": "Feature", "geometry": {"type": "Point", "coordinates": [32.38828795, -69.19330462]}, "properties": {"id": 2619, "src_line": 69129.5, "src_sample": 7041.5, "fit_residual_px": 0.244, "heldout_residual_px": 0.2504}}, {"type": "Feature", "geometry": {"type": "Point", "coordinates": [32.37808058, -69.19299325]}, "properties": {"id": 2620, "src_line": 69129.5, "src_sample": 7425.5, "fit_residual_px": 0.1879, "heldout_residual_px": 0.1976}}, {"type": "Feature", "geometry": {"type": "Point", "coordinates": [32.36806298, -69.19272593]}, "properties": {"id": 2621, "src_line": 69129.5, "src_sample": 7809.5, "fit_residual_px": 0.3572, "heldout_residual_px": 0.3559}}, {"type": "Feature", "geometry": {"type": "Point", "coordinates": [32.35807085, -69.19245756]}, "properties": {"id": 2622, "src_line": 69129.5, "src_sample": 8193.5, "fit_residual_px": 0.4605, "heldout_residual_px": 0.4498}}, {"type": "Feature", "geometry": {"type": "Point", "coordinates": [32.32847117, -69.19168668]}, "properties": {"id": 2623, "src_line": 69129.5, "src_sample": 9345.5, "fit_residual_px": 0.2554, "heldout_residual_px": 0.2263}}, {"type": "Feature", "geometry": {"type": "Point", "coordinates": [32.31837081, -69.19142166]}, "properties": {"id": 2624, "src_line": 69129.5, "src_sample": 9729.5, "fit_residual_px": 0.2478, "heldout_residual_px": 0.2874}}, {"type": "Feature", "geometry": {"type": "Point", "coordinates": [32.30824551, -69.19112977]}, "properties": {"id": 2625, "src_line": 69129.5, "src_sample": 10113.5, "fit_residual_px": 0.2437, "heldout_residual_px": 0.1994}}, {"type": "Feature", "geometry": {"type": "Point", "coordinates": [32.29801697, -69.19083631]}, "properties": {"id": 2626, "src_line": 69129.5, "src_sample": 10497.5, "fit_residual_px": 0.0901, "heldout_residual_px": 0.1661}}, {"type": "Feature", "geometry": {"type": "Point", "coordinates": [32.28772595, -69.19054285]}, "properties": {"id": 2627, "src_line": 69129.5, "src_sample": 10881.5, "fit_residual_px": 0.3397, "heldout_residual_px": 0.4364}}, {"type": "Feature", "geometry": {"type": "Point", "coordinates": [32.27743492, -69.19023668]}, "properties": {"id": 2628, "src_line": 69129.5, "src_sample": 11265.5, "fit_residual_px": 0.2128, "heldout_residual_px": 0.2566}}, {"type": "Feature", "geometry": {"type": "Point", "coordinates": [32.26709242, -69.18991962]}, "properties": {"id": 2629, "src_line": 69129.5, "src_sample": 11649.5, "fit_residual_px": 0.074, "heldout_residual_px": 0.1054}}, {"type": "Feature", "geometry": {"type": "Point", "coordinates": [32.49830001, -69.19285487]}, "properties": {"id": 2630, "src_line": 69513.5, "src_sample": 2817.5, "fit_residual_px": 0.1865, "heldout_residual_px": 0.2043}}, {"type": "Feature", "geometry": {"type": "Point", "coordinates": [32.48864894, -69.19261756]}, "properties": {"id": 2631, "src_line": 69513.5, "src_sample": 3201.5, "fit_residual_px": 0.2011, "heldout_residual_px": 0.2244}}, {"type": "Feature", "geometry": {"type": "Point", "coordinates": [32.47867932, -69.19234629]}, "properties": {"id": 2632, "src_line": 69513.5, "src_sample": 3585.5, "fit_residual_px": 0.1756, "heldout_residual_px": 0.1941}}, {"type": "Feature", "geometry": {"type": "Point", "coordinates": [32.46874283, -69.19208638]}, "properties": {"id": 2633, "src_line": 69513.5, "src_sample": 3969.5, "fit_residual_px": 0.2486, "heldout_residual_px": 0.2283}}, {"type": "Feature", "geometry": {"type": "Point", "coordinates": [32.45871594, -69.19178694]}, "properties": {"id": 2634, "src_line": 69513.5, "src_sample": 4353.5, "fit_residual_px": 0.3917, "heldout_residual_px": 0.3997}}, {"type": "Feature", "geometry": {"type": "Point", "coordinates": [32.44872099, -69.19153154]}, "properties": {"id": 2635, "src_line": 69513.5, "src_sample": 4737.5, "fit_residual_px": 0.3247, "heldout_residual_px": 0.3178}}, {"type": "Feature", "geometry": {"type": "Point", "coordinates": [32.43881698, -69.19125612]}, "properties": {"id": 2636, "src_line": 69513.5, "src_sample": 5121.5, "fit_residual_px": 0.2152, "heldout_residual_px": 0.2194}}, {"type": "Feature", "geometry": {"type": "Point", "coordinates": [32.42887936, -69.19099064]}, "properties": {"id": 2637, "src_line": 69513.5, "src_sample": 5505.5, "fit_residual_px": 0.2575, "heldout_residual_px": 0.2405}}, {"type": "Feature", "geometry": {"type": "Point", "coordinates": [32.41890608, -69.19071271]}, "properties": {"id": 2638, "src_line": 69513.5, "src_sample": 5889.5, "fit_residual_px": 0.1011, "heldout_residual_px": 0.0845}}, {"type": "Feature", "geometry": {"type": "Point", "coordinates": [32.40905424, -69.19046877]}, "properties": {"id": 2639, "src_line": 69513.5, "src_sample": 6273.5, "fit_residual_px": 0.3452, "heldout_residual_px": 0.3652}}, {"type": "Feature", "geometry": {"type": "Point", "coordinates": [32.39898447, -69.19018393]}, "properties": {"id": 2640, "src_line": 69513.5, "src_sample": 6657.5, "fit_residual_px": 0.2542, "heldout_residual_px": 0.2746}}, {"type": "Feature", "geometry": {"type": "Point", "coordinates": [32.388874, -69.18988495]}, "properties": {"id": 2641, "src_line": 69513.5, "src_sample": 7041.5, "fit_residual_px": 0.2915, "heldout_residual_px": 0.2545}}, {"type": "Feature", "geometry": {"type": "Point", "coordinates": [32.37876406, -69.18961295]}, "properties": {"id": 2642, "src_line": 69513.5, "src_sample": 7425.5, "fit_residual_px": 0.3232, "heldout_residual_px": 0.3444}}, {"type": "Feature", "geometry": {"type": "Point", "coordinates": [32.35883325, -69.18906296]}, "properties": {"id": 2643, "src_line": 69513.5, "src_sample": 8193.5, "fit_residual_px": 0.2197, "heldout_residual_px": 0.1666}}, {"type": "Feature", "geometry": {"type": "Point", "coordinates": [32.34893974, -69.18880599]}, "properties": {"id": 2644, "src_line": 69513.5, "src_sample": 8577.5, "fit_residual_px": 0.2521, "heldout_residual_px": 0.1777}}, {"type": "Feature", "geometry": {"type": "Point", "coordinates": [32.33907876, -69.18854727]}, "properties": {"id": 2645, "src_line": 69513.5, "src_sample": 8961.5, "fit_residual_px": 0.3168, "heldout_residual_px": 0.3861}}, {"type": "Feature", "geometry": {"type": "Point", "coordinates": [32.32909878, -69.18828901]}, "properties": {"id": 2646, "src_line": 69513.5, "src_sample": 9345.5, "fit_residual_px": 0.1347, "heldout_residual_px": 0.2416}}, {"type": "Feature", "geometry": {"type": "Point", "coordinates": [32.3189848, -69.18800518]}, "properties": {"id": 2647, "src_line": 69513.5, "src_sample": 9729.5, "fit_residual_px": 0.1969, "heldout_residual_px": 0.316}}, {"type": "Feature", "geometry": {"type": "Point", "coordinates": [32.3089858, -69.18772869]}, "properties": {"id": 2648, "src_line": 69513.5, "src_sample": 10113.5, "fit_residual_px": 0.3294, "heldout_residual_px": 0.433}}, {"type": "Feature", "geometry": {"type": "Point", "coordinates": [32.29870972, -69.18743678]}, "properties": {"id": 2649, "src_line": 69513.5, "src_sample": 10497.5, "fit_residual_px": 0.0893, "heldout_residual_px": 0.0593}}, {"type": "Feature", "geometry": {"type": "Point", "coordinates": [32.28841774, -69.18714782]}, "properties": {"id": 2650, "src_line": 69513.5, "src_sample": 10881.5, "fit_residual_px": 0.374, "heldout_residual_px": 0.4093}}, {"type": "Feature", "geometry": {"type": "Point", "coordinates": [32.27803765, -69.18681462]}, "properties": {"id": 2651, "src_line": 69513.5, "src_sample": 11265.5, "fit_residual_px": 0.1653, "heldout_residual_px": 0.2238}}, {"type": "Feature", "geometry": {"type": "Point", "coordinates": [32.26760995, -69.18650936]}, "properties": {"id": 2652, "src_line": 69513.5, "src_sample": 11649.5, "fit_residual_px": 0.3544, "heldout_residual_px": 0.2351}}, {"type": "Feature", "geometry": {"type": "Point", "coordinates": [32.49894048, -69.18946983]}, "properties": {"id": 2653, "src_line": 69897.5, "src_sample": 2817.5, "fit_residual_px": 0.303, "heldout_residual_px": 0.2879}}, {"type": "Feature", "geometry": {"type": "Point", "coordinates": [32.48906867, -69.18919241]}, "properties": {"id": 2654, "src_line": 69897.5, "src_sample": 3201.5, "fit_residual_px": 0.2351, "heldout_residual_px": 0.2565}}, {"type": "Feature", "geometry": {"type": "Point", "coordinates": [32.4791939, -69.18894609]}, "properties": {"id": 2655, "src_line": 69897.5, "src_sample": 3585.5, "fit_residual_px": 0.4707, "heldout_residual_px": 0.4483}}, {"type": "Feature", "geometry": {"type": "Point", "coordinates": [32.46925414, -69.18864876]}, "properties": {"id": 2656, "src_line": 69897.5, "src_sample": 3969.5, "fit_residual_px": 0.3903, "heldout_residual_px": 0.396}}, {"type": "Feature", "geometry": {"type": "Point", "coordinates": [32.45925978, -69.1883943]}, "properties": {"id": 2657, "src_line": 69897.5, "src_sample": 4353.5, "fit_residual_px": 0.3232, "heldout_residual_px": 0.3128}}, {"type": "Feature", "geometry": {"type": "Point", "coordinates": [32.44924006, -69.18808758]}, "properties": {"id": 2658, "src_line": 69897.5, "src_sample": 4737.5, "fit_residual_px": 0.5724, "heldout_residual_px": 0.5814}}, {"type": "Feature", "geometry": {"type": "Point", "coordinates": [32.43920182, -69.18781364]}, "properties": {"id": 2659, "src_line": 69897.5, "src_sample": 5121.5, "fit_residual_px": 0.2709, "heldout_residual_px": 0.2747}}, {"type": "Feature", "geometry": {"type": "Point", "coordinates": [32.4293124, -69.18757599]}, "properties": {"id": 2660, "src_line": 69897.5, "src_sample": 5505.5, "fit_residual_px": 0.6129, "heldout_residual_px": 0.5897}}, {"type": "Feature", "geometry": {"type": "Point", "coordinates": [32.41950735, -69.18731347]}, "properties": {"id": 2661, "src_line": 69897.5, "src_sample": 5889.5, "fit_residual_px": 0.1989, "heldout_residual_px": 0.2148}}, {"type": "Feature", "geometry": {"type": "Point", "coordinates": [32.40953295, -69.18703533]}, "properties": {"id": 2662, "src_line": 69897.5, "src_sample": 6273.5, "fit_residual_px": 0.2705, "heldout_residual_px": 0.2386}}, {"type": "Feature", "geometry": {"type": "Point", "coordinates": [32.37947051, -69.18620052]}, "properties": {"id": 2663, "src_line": 69897.5, "src_sample": 7425.5, "fit_residual_px": 0.2294, "heldout_residual_px": 0.2088}}, {"type": "Feature", "geometry": {"type": "Point", "coordinates": [32.3594727, -69.18567038]}, "properties": {"id": 2664, "src_line": 69897.5, "src_sample": 8193.5, "fit_residual_px": 0.3237, "heldout_residual_px": 0.2593}}, {"type": "Feature", "geometry": {"type": "Point", "coordinates": [32.34955595, -69.18541456]}, "properties": {"id": 2665, "src_line": 69897.5, "src_sample": 8577.5, "fit_residual_px": 0.3345, "heldout_residual_px": 0.2905}}, {"type": "Feature", "geometry": {"type": "Point", "coordinates": [32.33959346, -69.18514503]}, "properties": {"id": 2666, "src_line": 69897.5, "src_sample": 8961.5, "fit_residual_px": 0.3084, "heldout_residual_px": 0.2247}}, {"type": "Feature", "geometry": {"type": "Point", "coordinates": [32.3296874, -69.184891]}, "properties": {"id": 2667, "src_line": 69897.5, "src_sample": 9345.5, "fit_residual_px": 0.4218, "heldout_residual_px": 0.4958}}, {"type": "Feature", "geometry": {"type": "Point", "coordinates": [32.31967025, -69.18460835]}, "properties": {"id": 2668, "src_line": 69897.5, "src_sample": 9729.5, "fit_residual_px": 0.04, "heldout_residual_px": 0.1619}}, {"type": "Feature", "geometry": {"type": "Point", "coordinates": [32.30960534, -69.18433384]}, "properties": {"id": 2669, "src_line": 69897.5, "src_sample": 10113.5, "fit_residual_px": 0.4016, "heldout_residual_px": 0.5378}}, {"type": "Feature", "geometry": {"type": "Point", "coordinates": [32.29939537, -69.18404178]}, "properties": {"id": 2670, "src_line": 69897.5, "src_sample": 10497.5, "fit_residual_px": 0.1128, "heldout_residual_px": 0.2308}}, {"type": "Feature", "geometry": {"type": "Point", "coordinates": [32.28905249, -69.18373182]}, "properties": {"id": 2671, "src_line": 69897.5, "src_sample": 10881.5, "fit_residual_px": 0.077, "heldout_residual_px": 0.1826}}, {"type": "Feature", "geometry": {"type": "Point", "coordinates": [32.27867872, -69.18342614]}, "properties": {"id": 2672, "src_line": 69897.5, "src_sample": 11265.5, "fit_residual_px": 0.3995, "heldout_residual_px": 0.2906}}, {"type": "Feature", "geometry": {"type": "Point", "coordinates": [32.26823309, -69.18311207]}, "properties": {"id": 2673, "src_line": 69897.5, "src_sample": 11649.5, "fit_residual_px": 0.6872, "heldout_residual_px": 0.5742}}, {"type": "Feature", "geometry": {"type": "Point", "coordinates": [32.49947531, -69.18606851]}, "properties": {"id": 2674, "src_line": 70281.5, "src_sample": 2817.5, "fit_residual_px": 0.5881, "heldout_residual_px": 0.5655}}, {"type": "Feature", "geometry": {"type": "Point", "coordinates": [32.46953092, -69.18523006]}, "properties": {"id": 2675, "src_line": 70281.5, "src_sample": 3969.5, "fit_residual_px": 0.3188, "heldout_residual_px": 0.3057}}, {"type": "Feature", "geometry": {"type": "Point", "coordinates": [32.45981667, -69.18497503]}, "properties": {"id": 2676, "src_line": 70281.5, "src_sample": 4353.5, "fit_residual_px": 0.2359, "heldout_residual_px": 0.2471}}, {"type": "Feature", "geometry": {"type": "Point", "coordinates": [32.44973329, -69.18467944]}, "properties": {"id": 2677, "src_line": 70281.5, "src_sample": 4737.5, "fit_residual_px": 0.3373, "heldout_residual_px": 0.348}}, {"type": "Feature", "geometry": {"type": "Point", "coordinates": [32.43976515, -69.18441323]}, "properties": {"id": 2678, "src_line": 70281.5, "src_sample": 5121.5, "fit_residual_px": 0.1731, "heldout_residual_px": 0.1657}}, {"type": "Feature", "geometry": {"type": "Point", "coordinates": [32.42986789, -69.18417337]}, "properties": {"id": 2679, "src_line": 70281.5, "src_sample": 5505.5, "fit_residual_px": 0.6325, "heldout_residual_px": 0.6216}}, {"type": "Feature", "geometry": {"type": "Point", "coordinates": [32.41991602, -69.18389354]}, "properties": {"id": 2680, "src_line": 70281.5, "src_sample": 5889.5, "fit_residual_px": 0.3498, "heldout_residual_px": 0.3354}}, {"type": "Feature", "geometry": {"type": "Point", "coordinates": [32.40999934, -69.18362638]}, "properties": {"id": 2681, "src_line": 70281.5, "src_sample": 6273.5, "fit_residual_px": 0.2466, "heldout_residual_px": 0.2602}}, {"type": "Feature", "geometry": {"type": "Point", "coordinates": [32.38005431, -69.1828242]}, "properties": {"id": 2682, "src_line": 70281.5, "src_sample": 7425.5, "fit_residual_px": 0.6176, "heldout_residual_px": 0.5903}}, {"type": "Feature", "geometry": {"type": "Point", "coordinates": [32.37010349, -69.18255186]}, "properties": {"id": 2683, "src_line": 70281.5, "src_sample": 7809.5, "fit_residual_px": 0.4328, "heldout_residual_px": 0.4036}}, {"type": "Feature", "geometry": {"type": "Point", "coordinates": [32.36002791, -69.18224763]}, "properties": {"id": 2684, "src_line": 70281.5, "src_sample": 8193.5, "fit_residual_px": 0.2423, "heldout_residual_px": 0.2294}}, {"type": "Feature", "geometry": {"type": "Point", "coordinates": [32.34991788, -69.18197529]}, "properties": {"id": 2685, "src_line": 70281.5, "src_sample": 8577.5, "fit_residual_px": 0.545, "heldout_residual_px": 0.4654}}, {"type": "Feature", "geometry": {"type": "Point", "coordinates": [32.34012864, -69.18173522]}, "properties": {"id": 2686, "src_line": 70281.5, "src_sample": 8961.5, "fit_residual_px": 0.2219, "heldout_residual_px": 0.234}}, {"type": "Feature", "geometry": {"type": "Point", "coordinates": [32.33025361, -69.18148789]}, "properties": {"id": 2687, "src_line": 70281.5, "src_sample": 9345.5, "fit_residual_px": 0.4305, "heldout_residual_px": 0.4581}}, {"type": "Feature", "geometry": {"type": "Point", "coordinates": [32.32021284, -69.18119375]}, "properties": {"id": 2688, "src_line": 70281.5, "src_sample": 9729.5, "fit_residual_px": 0.5071, "heldout_residual_px": 0.6163}}, {"type": "Feature", "geometry": {"type": "Point", "coordinates": [32.31020167, -69.18090268]}, "properties": {"id": 2689, "src_line": 70281.5, "src_sample": 10113.5, "fit_residual_px": 0.7528, "heldout_residual_px": 0.7294}}, {"type": "Feature", "geometry": {"type": "Point", "coordinates": [32.30001395, -69.1806289]}, "properties": {"id": 2690, "src_line": 70281.5, "src_sample": 10497.5, "fit_residual_px": 0.3637, "heldout_residual_px": 0.4947}}, {"type": "Feature", "geometry": {"type": "Point", "coordinates": [32.28962995, -69.18033199]}, "properties": {"id": 2691, "src_line": 70281.5, "src_sample": 10881.5, "fit_residual_px": 0.2758, "heldout_residual_px": 0.3198}}, {"type": "Feature", "geometry": {"type": "Point", "coordinates": [32.27928513, -69.18002179]}, "properties": {"id": 2692, "src_line": 70281.5, "src_sample": 11265.5, "fit_residual_px": 0.4343, "heldout_residual_px": 0.3153}}, {"type": "Feature", "geometry": {"type": "Point", "coordinates": [32.26881532, -69.17970733]}, "properties": {"id": 2693, "src_line": 70281.5, "src_sample": 11649.5, "fit_residual_px": 0.7091, "heldout_residual_px": 0.6156}}, {"type": "Feature", "geometry": {"type": "Point", "coordinates": [32.49999104, -69.18263867]}, "properties": {"id": 2694, "src_line": 70665.5, "src_sample": 2817.5, "fit_residual_px": 0.0542, "heldout_residual_px": 0.0841}}, {"type": "Feature", "geometry": {"type": "Point", "coordinates": [32.47020357, -69.18182065]}, "properties": {"id": 2695, "src_line": 70665.5, "src_sample": 3969.5, "fit_residual_px": 0.278, "heldout_residual_px": 0.296}}, {"type": "Feature", "geometry": {"type": "Point", "coordinates": [32.46019786, -69.18154765]}, "properties": {"id": 2696, "src_line": 70665.5, "src_sample": 4353.5, "fit_residual_px": 0.3273, "heldout_residual_px": 0.3366}}, {"type": "Feature", "geometry": {"type": "Point", "coordinates": [32.45027944, -69.18127111]}, "properties": {"id": 2697, "src_line": 70665.5, "src_sample": 4737.5, "fit_residual_px": 0.3088, "heldout_residual_px": 0.3204}}, {"type": "Feature", "geometry": {"type": "Point", "coordinates": [32.4401452, -69.18098641]}, "properties": {"id": 2698, "src_line": 70665.5, "src_sample": 5121.5, "fit_residual_px": 0.3886, "heldout_residual_px": 0.4028}}, {"type": "Feature", "geometry": {"type": "Point", "coordinates": [32.43035879, -69.18073138]}, "properties": {"id": 2699, "src_line": 70665.5, "src_sample": 5505.5, "fit_residual_px": 0.1938, "heldout_residual_px": 0.1934}}, {"type": "Feature", "geometry": {"type": "Point", "coordinates": [32.42043236, -69.18045443]}, "properties": {"id": 2700, "src_line": 70665.5, "src_sample": 5889.5, "fit_residual_px": 0.4618, "heldout_residual_px": 0.4627}}, {"type": "Feature", "geometry": {"type": "Point", "coordinates": [32.4105071, -69.18019113]}, "properties": {"id": 2701, "src_line": 70665.5, "src_sample": 6273.5, "fit_residual_px": 0.6948, "heldout_residual_px": 0.7411}}, {"type": "Feature", "geometry": {"type": "Point", "coordinates": [32.40049562, -69.17993745]}, "properties": {"id": 2702, "src_line": 70665.5, "src_sample": 6657.5, "fit_residual_px": 0.2054, "heldout_residual_px": 0.2136}}, {"type": "Feature", "geometry": {"type": "Point", "coordinates": [32.38067415, -69.17939713]}, "properties": {"id": 2703, "src_line": 70665.5, "src_sample": 7425.5, "fit_residual_px": 0.2088, "heldout_residual_px": 0.2256}}, {"type": "Feature", "geometry": {"type": "Point", "coordinates": [32.37073607, -69.17912767]}, "properties": {"id": 2704, "src_line": 70665.5, "src_sample": 7809.5, "fit_residual_px": 0.3531, "heldout_residual_px": 0.3837}}, {"type": "Feature", "geometry": {"type": "Point", "coordinates": [32.36056044, -69.17885695]}, "properties": {"id": 2705, "src_line": 70665.5, "src_sample": 8193.5, "fit_residual_px": 0.4006, "heldout_residual_px": 0.3567}}, {"type": "Feature", "geometry": {"type": "Point", "coordinates": [32.34068257, -69.17829923]}, "properties": {"id": 2706, "src_line": 70665.5, "src_sample": 8961.5, "fit_residual_px": 0.5356, "heldout_residual_px": 0.5469}}, {"type": "Feature", "geometry": {"type": "Point", "coordinates": [32.33082951, -69.17806125]}, "properties": {"id": 2707, "src_line": 70665.5, "src_sample": 9345.5, "fit_residual_px": 0.1966, "heldout_residual_px": 0.2743}}, {"type": "Feature", "geometry": {"type": "Point", "coordinates": [32.32085924, -69.17779182]}, "properties": {"id": 2708, "src_line": 70665.5, "src_sample": 9729.5, "fit_residual_px": 0.3963, "heldout_residual_px": 0.4907}}, {"type": "Feature", "geometry": {"type": "Point", "coordinates": [32.3107911, -69.17751761]}, "properties": {"id": 2709, "src_line": 70665.5, "src_sample": 10113.5, "fit_residual_px": 0.3815, "heldout_residual_px": 0.5033}}, {"type": "Feature", "geometry": {"type": "Point", "coordinates": [32.3005586, -69.17723357]}, "properties": {"id": 2710, "src_line": 70665.5, "src_sample": 10497.5, "fit_residual_px": 0.2833, "heldout_residual_px": 0.1748}}, {"type": "Feature", "geometry": {"type": "Point", "coordinates": [32.29034152, -69.17692409]}, "properties": {"id": 2711, "src_line": 70665.5, "src_sample": 10881.5, "fit_residual_px": 0.2346, "heldout_residual_px": 0.3026}}, {"type": "Feature", "geometry": {"type": "Point", "coordinates": [32.27994506, -69.17661013]}, "properties": {"id": 2712, "src_line": 70665.5, "src_sample": 11265.5, "fit_residual_px": 0.1911, "heldout_residual_px": 0.1996}}, {"type": "Feature", "geometry": {"type": "Point", "coordinates": [32.26950209, -69.17629422]}, "properties": {"id": 2713, "src_line": 70665.5, "src_sample": 11649.5, "fit_residual_px": 0.552, "heldout_residual_px": 0.4328}}, {"type": "Feature", "geometry": {"type": "Point", "coordinates": [32.50035865, -69.17920037]}, "properties": {"id": 2714, "src_line": 71049.5, "src_sample": 2817.5, "fit_residual_px": 0.2914, "heldout_residual_px": 0.3225}}, {"type": "Feature", "geometry": {"type": "Point", "coordinates": [32.49041102, -69.17891719]}, "properties": {"id": 2715, "src_line": 71049.5, "src_sample": 3201.5, "fit_residual_px": 0.4621, "heldout_residual_px": 0.4827}}, {"type": "Feature", "geometry": {"type": "Point", "coordinates": [32.48055903, -69.17868226]}, "properties": {"id": 2716, "src_line": 71049.5, "src_sample": 3585.5, "fit_residual_px": 0.2413, "heldout_residual_px": 0.2206}}, {"type": "Feature", "geometry": {"type": "Point", "coordinates": [32.47046517, -69.17838189]}, "properties": {"id": 2717, "src_line": 71049.5, "src_sample": 3969.5, "fit_residual_px": 0.758, "heldout_residual_px": 0.7689}}, {"type": "Feature", "geometry": {"type": "Point", "coordinates": [32.46061137, -69.17811951]}, "properties": {"id": 2718, "src_line": 71049.5, "src_sample": 4353.5, "fit_residual_px": 0.1498, "heldout_residual_px": 0.1485}}, {"type": "Feature", "geometry": {"type": "Point", "coordinates": [32.45071094, -69.17785513]}, "properties": {"id": 2719, "src_line": 71049.5, "src_sample": 4737.5, "fit_residual_px": 0.0519, "heldout_residual_px": 0.0578}}, {"type": "Feature", "geometry": {"type": "Point", "coordinates": [32.44068405, -69.1775763]}, "properties": {"id": 2720, "src_line": 71049.5, "src_sample": 5121.5, "fit_residual_px": 0.1427, "heldout_residual_px": 0.1296}}, {"type": "Feature", "geometry": {"type": "Point", "coordinates": [32.43077429, -69.17730224]}, "properties": {"id": 2721, "src_line": 71049.5, "src_sample": 5505.5, "fit_residual_px": 0.4532, "heldout_residual_px": 0.4446}}, {"type": "Feature", "geometry": {"type": "Point", "coordinates": [32.42087926, -69.17702227]}, "properties": {"id": 2722, "src_line": 71049.5, "src_sample": 5889.5, "fit_residual_px": 0.815, "heldout_residual_px": 0.8038}}, {"type": "Feature", "geometry": {"type": "Point", "coordinates": [32.41103146, -69.17677169]}, "properties": {"id": 2723, "src_line": 71049.5, "src_sample": 6273.5, "fit_residual_px": 0.5898, "heldout_residual_px": 0.5982}}, {"type": "Feature", "geometry": {"type": "Point", "coordinates": [32.40101867, -69.17652927]}, "properties": {"id": 2724, "src_line": 71049.5, "src_sample": 6657.5, "fit_residual_px": 0.3604, "heldout_residual_px": 0.3588}}, {"type": "Feature", "geometry": {"type": "Point", "coordinates": [32.39098494, -69.17625057]}, "properties": {"id": 2725, "src_line": 71049.5, "src_sample": 7041.5, "fit_residual_px": 0.4558, "heldout_residual_px": 0.4786}}, {"type": "Feature", "geometry": {"type": "Point", "coordinates": [32.38120544, -69.17598005]}, "properties": {"id": 2726, "src_line": 71049.5, "src_sample": 7425.5, "fit_residual_px": 0.3073, "heldout_residual_px": 0.3179}}, {"type": "Feature", "geometry": {"type": "Point", "coordinates": [32.37127517, -69.17571834]}, "properties": {"id": 2727, "src_line": 71049.5, "src_sample": 7809.5, "fit_residual_px": 0.4048, "heldout_residual_px": 0.4467}}, {"type": "Feature", "geometry": {"type": "Point", "coordinates": [32.36120652, -69.17544627]}, "properties": {"id": 2728, "src_line": 71049.5, "src_sample": 8193.5, "fit_residual_px": 0.0167, "heldout_residual_px": 0.0664}}, {"type": "Feature", "geometry": {"type": "Point", "coordinates": [32.35105388, -69.17516803]}, "properties": {"id": 2729, "src_line": 71049.5, "src_sample": 8577.5, "fit_residual_px": 0.378, "heldout_residual_px": 0.3417}}, {"type": "Feature", "geometry": {"type": "Point", "coordinates": [32.34129791, -69.17490707]}, "properties": {"id": 2730, "src_line": 71049.5, "src_sample": 8961.5, "fit_residual_px": 0.3748, "heldout_residual_px": 0.4277}}, {"type": "Feature", "geometry": {"type": "Point", "coordinates": [32.33139046, -69.17465636]}, "properties": {"id": 2731, "src_line": 71049.5, "src_sample": 9345.5, "fit_residual_px": 0.0209, "heldout_residual_px": 0.0999}}, {"type": "Feature", "geometry": {"type": "Point", "coordinates": [32.32139432, -69.17437369]}, "properties": {"id": 2732, "src_line": 71049.5, "src_sample": 9729.5, "fit_residual_px": 0.4016, "heldout_residual_px": 0.4621}}, {"type": "Feature", "geometry": {"type": "Point", "coordinates": [32.31124507, -69.17412212]}, "properties": {"id": 2733, "src_line": 71049.5, "src_sample": 10113.5, "fit_residual_px": 0.5767, "heldout_residual_px": 0.5681}}, {"type": "Feature", "geometry": {"type": "Point", "coordinates": [32.30112823, -69.17381186]}, "properties": {"id": 2734, "src_line": 71049.5, "src_sample": 10497.5, "fit_residual_px": 0.1537, "heldout_residual_px": 0.1902}}, {"type": "Feature", "geometry": {"type": "Point", "coordinates": [32.29050704, -69.17349049]}, "properties": {"id": 2735, "src_line": 71049.5, "src_sample": 10881.5, "fit_residual_px": 0.5303, "heldout_residual_px": 0.48}}, {"type": "Feature", "geometry": {"type": "Point", "coordinates": [32.28043617, -69.17321972]}, "properties": {"id": 2736, "src_line": 71049.5, "src_sample": 11265.5, "fit_residual_px": 0.963, "heldout_residual_px": 0.8635}}, {"type": "Feature", "geometry": {"type": "Point", "coordinates": [32.2702712, -69.17290393]}, "properties": {"id": 2737, "src_line": 71049.5, "src_sample": 11649.5, "fit_residual_px": 0.6019, "heldout_residual_px": 0.488}}, {"type": "Feature", "geometry": {"type": "Point", "coordinates": [32.50090539, -69.17579686]}, "properties": {"id": 2738, "src_line": 71433.5, "src_sample": 2817.5, "fit_residual_px": 0.0534, "heldout_residual_px": 0.076}}, {"type": "Feature", "geometry": {"type": "Point", "coordinates": [32.49092235, -69.17550443]}, "properties": {"id": 2739, "src_line": 71433.5, "src_sample": 3201.5, "fit_residual_px": 0.446, "heldout_residual_px": 0.43}}, {"type": "Feature", "geometry": {"type": "Point", "coordinates": [32.48106988, -69.17526229]}, "properties": {"id": 2740, "src_line": 71433.5, "src_sample": 3585.5, "fit_residual_px": 0.3122, "heldout_residual_px": 0.3677}}, {"type": "Feature", "geometry": {"type": "Point", "coordinates": [32.47117983, -69.17498712]}, "properties": {"id": 2741, "src_line": 71433.5, "src_sample": 3969.5, "fit_residual_px": 0.1542, "heldout_residual_px": 0.1811}}, {"type": "Feature", "geometry": {"type": "Point", "coordinates": [32.46122968, -69.17471445]}, "properties": {"id": 2742, "src_line": 71433.5, "src_sample": 4353.5, "fit_residual_px": 0.2609, "heldout_residual_px": 0.323}}, {"type": "Feature", "geometry": {"type": "Point", "coordinates": [32.45122564, -69.17443857]}, "properties": {"id": 2743, "src_line": 71433.5, "src_sample": 4737.5, "fit_residual_px": 0.1619, "heldout_residual_px": 0.2187}}, {"type": "Feature", "geometry": {"type": "Point", "coordinates": [32.44122958, -69.17416682]}, "properties": {"id": 2744, "src_line": 71433.5, "src_sample": 5121.5, "fit_residual_px": 0.198, "heldout_residual_px": 0.2352}}, {"type": "Feature", "geometry": {"type": "Point", "coordinates": [32.43129606, -69.17389587]}, "properties": {"id": 2745, "src_line": 71433.5, "src_sample": 5505.5, "fit_residual_px": 0.6826, "heldout_residual_px": 0.7037}}, {"type": "Feature", "geometry": {"type": "Point", "coordinates": [32.42143381, -69.1736383]}, "properties": {"id": 2746, "src_line": 71433.5, "src_sample": 5889.5, "fit_residual_px": 0.61, "heldout_residual_px": 0.5715}}, {"type": "Feature", "geometry": {"type": "Point", "coordinates": [32.41153712, -69.17335892]}, "properties": {"id": 2747, "src_line": 71433.5, "src_sample": 6273.5, "fit_residual_px": 0.4414, "heldout_residual_px": 0.4705}}, {"type": "Feature", "geometry": {"type": "Point", "coordinates": [32.39161325, -69.17284564]}, "properties": {"id": 2748, "src_line": 71433.5, "src_sample": 7041.5, "fit_residual_px": 0.3273, "heldout_residual_px": 0.3101}}, {"type": "Feature", "geometry": {"type": "Point", "coordinates": [32.38172487, -69.17256333]}, "properties": {"id": 2749, "src_line": 71433.5, "src_sample": 7425.5, "fit_residual_px": 0.3493, "heldout_residual_px": 0.3711}}, {"type": "Feature", "geometry": {"type": "Point", "coordinates": [32.37169729, -69.17230795]}, "properties": {"id": 2750, "src_line": 71433.5, "src_sample": 7809.5, "fit_residual_px": 0.4414, "heldout_residual_px": 0.4376}}, {"type": "Feature", "geometry": {"type": "Point", "coordinates": [32.3616662, -69.17204141]}, "properties": {"id": 2751, "src_line": 71433.5, "src_sample": 8193.5, "fit_residual_px": 0.4688, "heldout_residual_px": 0.4636}}, {"type": "Feature", "geometry": {"type": "Point", "coordinates": [32.3417747, -69.17147866]}, "properties": {"id": 2752, "src_line": 71433.5, "src_sample": 8961.5, "fit_residual_px": 0.4562, "heldout_residual_px": 0.452}}, {"type": "Feature", "geometry": {"type": "Point", "coordinates": [32.33189617, -69.17123161]}, "properties": {"id": 2753, "src_line": 71433.5, "src_sample": 9345.5, "fit_residual_px": 0.2135, "heldout_residual_px": 0.2028}}, {"type": "Feature", "geometry": {"type": "Point", "coordinates": [32.32191087, -69.17098052]}, "properties": {"id": 2754, "src_line": 71433.5, "src_sample": 9729.5, "fit_residual_px": 0.4664, "heldout_residual_px": 0.4654}}, {"type": "Feature", "geometry": {"type": "Point", "coordinates": [32.31186319, -69.17068643]}, "properties": {"id": 2755, "src_line": 71433.5, "src_sample": 10113.5, "fit_residual_px": 0.4131, "heldout_residual_px": 0.3743}}, {"type": "Feature", "geometry": {"type": "Point", "coordinates": [32.30167333, -69.17041574]}, "properties": {"id": 2756, "src_line": 71433.5, "src_sample": 10497.5, "fit_residual_px": 0.4336, "heldout_residual_px": 0.5012}}, {"type": "Feature", "geometry": {"type": "Point", "coordinates": [32.29131301, -69.17010472]}, "properties": {"id": 2757, "src_line": 71433.5, "src_sample": 10881.5, "fit_residual_px": 0.3492, "heldout_residual_px": 0.4467}}, {"type": "Feature", "geometry": {"type": "Point", "coordinates": [32.28129149, -69.16982866]}, "properties": {"id": 2758, "src_line": 71433.5, "src_sample": 11265.5, "fit_residual_px": 0.1932, "heldout_residual_px": 0.3106}}, {"type": "Feature", "geometry": {"type": "Point", "coordinates": [32.27105797, -69.16953108]}, "properties": {"id": 2759, "src_line": 71433.5, "src_sample": 11649.5, "fit_residual_px": 0.4052, "heldout_residual_px": 0.5317}}, {"type": "Feature", "geometry": {"type": "Point", "coordinates": [32.50159138, -69.17241021]}, "properties": {"id": 2760, "src_line": 71817.5, "src_sample": 2817.5, "fit_residual_px": 0.2638, "heldout_residual_px": 0.2095}}, {"type": "Feature", "geometry": {"type": "Point", "coordinates": [32.49149633, -69.17211929]}, "properties": {"id": 2761, "src_line": 71817.5, "src_sample": 3201.5, "fit_residual_px": 0.3959, "heldout_residual_px": 0.4536}}, {"type": "Feature", "geometry": {"type": "Point", "coordinates": [32.48161229, -69.17185063]}, "properties": {"id": 2762, "src_line": 71817.5, "src_sample": 3585.5, "fit_residual_px": 0.2568, "heldout_residual_px": 0.2853}}, {"type": "Feature", "geometry": {"type": "Point", "coordinates": [32.4716972, -69.17157894]}, "properties": {"id": 2763, "src_line": 71817.5, "src_sample": 3969.5, "fit_residual_px": 0.1362, "heldout_residual_px": 0.1587}}, {"type": "Feature", "geometry": {"type": "Point", "coordinates": [32.4617915, -69.17129016]}, "properties": {"id": 2764, "src_line": 71817.5, "src_sample": 4353.5, "fit_residual_px": 0.7772, "heldout_residual_px": 0.7655}}, {"type": "Feature", "geometry": {"type": "Point", "coordinates": [32.45174843, -69.17102101]}, "properties": {"id": 2765, "src_line": 71817.5, "src_sample": 4737.5, "fit_residual_px": 0.1938, "heldout_residual_px": 0.2587}}, {"type": "Feature", "geometry": {"type": "Point", "coordinates": [32.44186047, -69.17075977]}, "properties": {"id": 2766, "src_line": 71817.5, "src_sample": 5121.5, "fit_residual_px": 0.0578, "heldout_residual_px": 0.1165}}, {"type": "Feature", "geometry": {"type": "Point", "coordinates": [32.43191327, -69.17048232]}, "properties": {"id": 2767, "src_line": 71817.5, "src_sample": 5505.5, "fit_residual_px": 0.2858, "heldout_residual_px": 0.3358}}, {"type": "Feature", "geometry": {"type": "Point", "coordinates": [32.42206129, -69.17023051]}, "properties": {"id": 2768, "src_line": 71817.5, "src_sample": 5889.5, "fit_residual_px": 0.1016, "heldout_residual_px": 0.1174}}, {"type": "Feature", "geometry": {"type": "Point", "coordinates": [32.4119592, -69.16995524]}, "properties": {"id": 2769, "src_line": 71817.5, "src_sample": 6273.5, "fit_residual_px": 0.3024, "heldout_residual_px": 0.2844}}, {"type": "Feature", "geometry": {"type": "Point", "coordinates": [32.40194356, -69.169653]}, "properties": {"id": 2770, "src_line": 71817.5, "src_sample": 6657.5, "fit_residual_px": 0.4696, "heldout_residual_px": 0.4786}}, {"type": "Feature", "geometry": {"type": "Point", "coordinates": [32.39210735, -69.16941519]}, "properties": {"id": 2771, "src_line": 71817.5, "src_sample": 7041.5, "fit_residual_px": 0.059, "heldout_residual_px": 0.0644}}, {"type": "Feature", "geometry": {"type": "Point", "coordinates": [32.37225992, -69.16888202]}, "properties": {"id": 2772, "src_line": 71817.5, "src_sample": 7809.5, "fit_residual_px": 0.1355, "heldout_residual_px": 0.1479}}, {"type": "Feature", "geometry": {"type": "Point", "coordinates": [32.36222082, -69.16861067]}, "properties": {"id": 2773, "src_line": 71817.5, "src_sample": 8193.5, "fit_residual_px": 0.1531, "heldout_residual_px": 0.1442}}, {"type": "Feature", "geometry": {"type": "Point", "coordinates": [32.35229498, -69.1683395]}, "properties": {"id": 2774, "src_line": 71817.5, "src_sample": 8577.5, "fit_residual_px": 0.5161, "heldout_residual_px": 0.5036}}, {"type": "Feature", "geometry": {"type": "Point", "coordinates": [32.3423909, -69.16808034]}, "properties": {"id": 2775, "src_line": 71817.5, "src_sample": 8961.5, "fit_residual_px": 0.2217, "heldout_residual_px": 0.207}}, {"type": "Feature", "geometry": {"type": "Point", "coordinates": [32.33250419, -69.16783458]}, "properties": {"id": 2776, "src_line": 71817.5, "src_sample": 9345.5, "fit_residual_px": 0.3682, "heldout_residual_px": 0.382}}, {"type": "Feature", "geometry": {"type": "Point", "coordinates": [32.32250876, -69.16755164]}, "properties": {"id": 2777, "src_line": 71817.5, "src_sample": 9729.5, "fit_residual_px": 0.2646, "heldout_residual_px": 0.2365}}, {"type": "Feature", "geometry": {"type": "Point", "coordinates": [32.31234156, -69.16728777]}, "properties": {"id": 2778, "src_line": 71817.5, "src_sample": 10113.5, "fit_residual_px": 0.4434, "heldout_residual_px": 0.4904}}, {"type": "Feature", "geometry": {"type": "Point", "coordinates": [32.30225121, -69.1670078]}, "properties": {"id": 2779, "src_line": 71817.5, "src_sample": 10497.5, "fit_residual_px": 0.4449, "heldout_residual_px": 0.5118}}, {"type": "Feature", "geometry": {"type": "Point", "coordinates": [32.28209251, -69.16643447]}, "properties": {"id": 2780, "src_line": 71817.5, "src_sample": 11265.5, "fit_residual_px": 0.1634, "heldout_residual_px": 0.187}}, {"type": "Feature", "geometry": {"type": "Point", "coordinates": [32.2718815, -69.16614329]}, "properties": {"id": 2781, "src_line": 71817.5, "src_sample": 11649.5, "fit_residual_px": 0.0582, "heldout_residual_px": 0.1643}}, {"type": "Feature", "geometry": {"type": "Point", "coordinates": [32.50214893, -69.16899835]}, "properties": {"id": 2782, "src_line": 72201.5, "src_sample": 2817.5, "fit_residual_px": 0.3502, "heldout_residual_px": 0.4121}}, {"type": "Feature", "geometry": {"type": "Point", "coordinates": [32.4922095, -69.16871952]}, "properties": {"id": 2783, "src_line": 72201.5, "src_sample": 3201.5, "fit_residual_px": 0.0964, "heldout_residual_px": 0.1539}}, {"type": "Feature", "geometry": {"type": "Point", "coordinates": [32.48221641, -69.16844152]}, "properties": {"id": 2784, "src_line": 72201.5, "src_sample": 3585.5, "fit_residual_px": 0.1882, "heldout_residual_px": 0.0961}}, {"type": "Feature", "geometry": {"type": "Point", "coordinates": [32.47222253, -69.16816651]}, "properties": {"id": 2785, "src_line": 72201.5, "src_sample": 3969.5, "fit_residual_px": 0.2014, "heldout_residual_px": 0.1911}}, {"type": "Feature", "geometry": {"type": "Point", "coordinates": [32.46229744, -69.16788524]}, "properties": {"id": 2786, "src_line": 72201.5, "src_sample": 4353.5, "fit_residual_px": 0.2338, "heldout_residual_px": 0.3177}}, {"type": "Feature", "geometry": {"type": "Point", "coordinates": [32.45228349, -69.16760737]}, "properties": {"id": 2787, "src_line": 72201.5, "src_sample": 4737.5, "fit_residual_px": 0.3569, "heldout_residual_px": 0.4193}}, {"type": "Feature", "geometry": {"type": "Point", "coordinates": [32.44238485, -69.16734271]}, "properties": {"id": 2788, "src_line": 72201.5, "src_sample": 5121.5, "fit_residual_px": 0.0703, "heldout_residual_px": 0.1131}}, {"type": "Feature", "geometry": {"type": "Point", "coordinates": [32.43244383, -69.16708772]}, "properties": {"id": 2789, "src_line": 72201.5, "src_sample": 5505.5, "fit_residual_px": 0.3313, "heldout_residual_px": 0.2791}}, {"type": "Feature", "geometry": {"type": "Point", "coordinates": [32.4224407, -69.16678405]}, "properties": {"id": 2790, "src_line": 72201.5, "src_sample": 5889.5, "fit_residual_px": 0.4052, "heldout_residual_px": 0.4496}}, {"type": "Feature", "geometry": {"type": "Point", "coordinates": [32.39268463, -69.16601258]}, "properties": {"id": 2791, "src_line": 72201.5, "src_sample": 7041.5, "fit_residual_px": 0.3445, "heldout_residual_px": 0.3364}}, {"type": "Feature", "geometry": {"type": "Point", "coordinates": [32.38278899, -69.16575445]}, "properties": {"id": 2792, "src_line": 72201.5, "src_sample": 7425.5, "fit_residual_px": 0.3497, "heldout_residual_px": 0.3257}}, {"type": "Feature", "geometry": {"type": "Point", "coordinates": [32.37280529, -69.16547155]}, "properties": {"id": 2793, "src_line": 72201.5, "src_sample": 7809.5, "fit_residual_px": 0.024, "heldout_residual_px": 0.0378}}, {"type": "Feature", "geometry": {"type": "Point", "coordinates": [32.36277035, -69.16521333]}, "properties": {"id": 2794, "src_line": 72201.5, "src_sample": 8193.5, "fit_residual_px": 0.5912, "heldout_residual_px": 0.5838}}, {"type": "Feature", "geometry": {"type": "Point", "coordinates": [32.35294683, -69.16493329]}, "properties": {"id": 2795, "src_line": 72201.5, "src_sample": 8577.5, "fit_residual_px": 0.3874, "heldout_residual_px": 0.3842}}, {"type": "Feature", "geometry": {"type": "Point", "coordinates": [32.34303396, -69.16469564]}, "properties": {"id": 2796, "src_line": 72201.5, "src_sample": 8961.5, "fit_residual_px": 0.3242, "heldout_residual_px": 0.3225}}, {"type": "Feature", "geometry": {"type": "Point", "coordinates": [32.33311078, -69.16441493]}, "properties": {"id": 2797, "src_line": 72201.5, "src_sample": 9345.5, "fit_residual_px": 0.2699, "heldout_residual_px": 0.2451}}, {"type": "Feature", "geometry": {"type": "Point", "coordinates": [32.32300663, -69.16414875]}, "properties": {"id": 2798, "src_line": 72201.5, "src_sample": 9729.5, "fit_residual_px": 0.4636, "heldout_residual_px": 0.5057}}, {"type": "Feature", "geometry": {"type": "Point", "coordinates": [32.31276423, -69.16384266]}, "properties": {"id": 2799, "src_line": 72201.5, "src_sample": 10113.5, "fit_residual_px": 0.051, "heldout_residual_px": 0.1085}}, {"type": "Feature", "geometry": {"type": "Point", "coordinates": [32.28276125, -69.16303008]}, "properties": {"id": 2800, "src_line": 72201.5, "src_sample": 11265.5, "fit_residual_px": 0.3637, "heldout_residual_px": 0.3125}}, {"type": "Feature", "geometry": {"type": "Point", "coordinates": [32.2727671, -69.16277406]}, "properties": {"id": 2801, "src_line": 72201.5, "src_sample": 11649.5, "fit_residual_px": 0.3216, "heldout_residual_px": 0.3805}}, {"type": "Feature", "geometry": {"type": "Point", "coordinates": [32.50275488, -69.16559447]}, "properties": {"id": 2802, "src_line": 72585.5, "src_sample": 2817.5, "fit_residual_px": 0.269, "heldout_residual_px": 0.3335}}, {"type": "Feature", "geometry": {"type": "Point", "coordinates": [32.49272403, -69.16529597]}, "properties": {"id": 2803, "src_line": 72585.5, "src_sample": 3201.5, "fit_residual_px": 0.3954, "heldout_residual_px": 0.4992}}, {"type": "Feature", "geometry": {"type": "Point", "coordinates": [32.48272232, -69.16502605]}, "properties": {"id": 2804, "src_line": 72585.5, "src_sample": 3585.5, "fit_residual_px": 0.4032, "heldout_residual_px": 0.4822}}, {"type": "Feature", "geometry": {"type": "Point", "coordinates": [32.4726887, -69.16474251]}, "properties": {"id": 2805, "src_line": 72585.5, "src_sample": 3969.5, "fit_residual_px": 0.2531, "heldout_residual_px": 0.3308}}, {"type": "Feature", "geometry": {"type": "Point", "coordinates": [32.4627318, -69.16445802]}, "properties": {"id": 2806, "src_line": 72585.5, "src_sample": 4353.5, "fit_residual_px": 0.363, "heldout_residual_px": 0.3658}}, {"type": "Feature", "geometry": {"type": "Point", "coordinates": [32.45271975, -69.16419617]}, "properties": {"id": 2807, "src_line": 72585.5, "src_sample": 4737.5, "fit_residual_px": 0.2379, "heldout_residual_px": 0.2326}}, {"type": "Feature", "geometry": {"type": "Point", "coordinates": [32.44279152, -69.16392093]}, "properties": {"id": 2808, "src_line": 72585.5, "src_sample": 5121.5, "fit_residual_px": 0.0821, "heldout_residual_px": 0.1285}}, {"type": "Feature", "geometry": {"type": "Point", "coordinates": [32.43281102, -69.16364941]}, "properties": {"id": 2809, "src_line": 72585.5, "src_sample": 5505.5, "fit_residual_px": 0.1802, "heldout_residual_px": 0.1974}}, {"type": "Feature", "geometry": {"type": "Point", "coordinates": [32.42304926, -69.16338663]}, "properties": {"id": 2810, "src_line": 72585.5, "src_sample": 5889.5, "fit_residual_px": 0.3128, "heldout_residual_px": 0.3632}}, {"type": "Feature", "geometry": {"type": "Point", "coordinates": [32.41317879, -69.16313187]}, "properties": {"id": 2811, "src_line": 72585.5, "src_sample": 6273.5, "fit_residual_px": 0.4473, "heldout_residual_px": 0.4336}}, {"type": "Feature", "geometry": {"type": "Point", "coordinates": [32.40324708, -69.16288077]}, "properties": {"id": 2812, "src_line": 72585.5, "src_sample": 6657.5, "fit_residual_px": 0.4052, "heldout_residual_px": 0.3905}}, {"type": "Feature", "geometry": {"type": "Point", "coordinates": [32.39312662, -69.16257512]}, "properties": {"id": 2813, "src_line": 72585.5, "src_sample": 7041.5, "fit_residual_px": 0.6757, "heldout_residual_px": 0.6459}}, {"type": "Feature", "geometry": {"type": "Point", "coordinates": [32.38329378, -69.16233318]}, "properties": {"id": 2814, "src_line": 72585.5, "src_sample": 7425.5, "fit_residual_px": 0.1648, "heldout_residual_px": 0.1408}}, {"type": "Feature", "geometry": {"type": "Point", "coordinates": [32.37326865, -69.16205799]}, "properties": {"id": 2815, "src_line": 72585.5, "src_sample": 7809.5, "fit_residual_px": 0.1303, "heldout_residual_px": 0.1171}}, {"type": "Feature", "geometry": {"type": "Point", "coordinates": [32.36330866, -69.16178595]}, "properties": {"id": 2816, "src_line": 72585.5, "src_sample": 8193.5, "fit_residual_px": 0.2449, "heldout_residual_px": 0.2366}}, {"type": "Feature", "geometry": {"type": "Point", "coordinates": [32.35348046, -69.16152605]}, "properties": {"id": 2817, "src_line": 72585.5, "src_sample": 8577.5, "fit_residual_px": 0.2471, "heldout_residual_px": 0.2429}}, {"type": "Feature", "geometry": {"type": "Point", "coordinates": [32.34355287, -69.16128111]}, "properties": {"id": 2818, "src_line": 72585.5, "src_sample": 8961.5, "fit_residual_px": 0.2325, "heldout_residual_px": 0.2473}}, {"type": "Feature", "geometry": {"type": "Point", "coordinates": [32.33362244, -69.16102223]}, "properties": {"id": 2819, "src_line": 72585.5, "src_sample": 9345.5, "fit_residual_px": 0.5734, "heldout_residual_px": 0.5831}}, {"type": "Feature", "geometry": {"type": "Point", "coordinates": [32.32347169, -69.16071483]}, "properties": {"id": 2820, "src_line": 72585.5, "src_sample": 9729.5, "fit_residual_px": 0.2383, "heldout_residual_px": 0.1901}}, {"type": "Feature", "geometry": {"type": "Point", "coordinates": [32.31336685, -69.16045244]}, "properties": {"id": 2821, "src_line": 72585.5, "src_sample": 10113.5, "fit_residual_px": 0.3578, "heldout_residual_px": 0.4275}}, {"type": "Feature", "geometry": {"type": "Point", "coordinates": [32.30331368, -69.16015629]}, "properties": {"id": 2822, "src_line": 72585.5, "src_sample": 10497.5, "fit_residual_px": 0.3293, "heldout_residual_px": 0.3012}}, {"type": "Feature", "geometry": {"type": "Point", "coordinates": [32.29332229, -69.15989723]}, "properties": {"id": 2823, "src_line": 72585.5, "src_sample": 10881.5, "fit_residual_px": 0.2196, "heldout_residual_px": 0.2316}}, {"type": "Feature", "geometry": {"type": "Point", "coordinates": [32.28336229, -69.15963426]}, "properties": {"id": 2824, "src_line": 72585.5, "src_sample": 11265.5, "fit_residual_px": 0.0196, "heldout_residual_px": 0.1497}}, {"type": "Feature", "geometry": {"type": "Point", "coordinates": [32.27341291, -69.15936787]}, "properties": {"id": 2825, "src_line": 72585.5, "src_sample": 11649.5, "fit_residual_px": 0.1371, "heldout_residual_px": 0.0177}}, {"type": "Feature", "geometry": {"type": "Point", "coordinates": [32.50336989, -69.16218991]}, "properties": {"id": 2826, "src_line": 72969.5, "src_sample": 2817.5, "fit_residual_px": 0.0241, "heldout_residual_px": 0.1008}}, {"type": "Feature", "geometry": {"type": "Point", "coordinates": [32.4932574, -69.16190211]}, "properties": {"id": 2827, "src_line": 72969.5, "src_sample": 3201.5, "fit_residual_px": 0.614, "heldout_residual_px": 0.5261}}, {"type": "Feature", "geometry": {"type": "Point", "coordinates": [32.48328742, -69.16160972]}, "properties": {"id": 2828, "src_line": 72969.5, "src_sample": 3585.5, "fit_residual_px": 0.3399, "heldout_residual_px": 0.3534}}, {"type": "Feature", "geometry": {"type": "Point", "coordinates": [32.47312335, -69.16132309]}, "properties": {"id": 2829, "src_line": 72969.5, "src_sample": 3969.5, "fit_residual_px": 0.1309, "heldout_residual_px": 0.1611}}, {"type": "Feature", "geometry": {"type": "Point", "coordinates": [32.4631038, -69.16102216]}, "properties": {"id": 2830, "src_line": 72969.5, "src_sample": 4353.5, "fit_residual_px": 0.6291, "heldout_residual_px": 0.6034}}, {"type": "Feature", "geometry": {"type": "Point", "coordinates": [32.45312601, -69.16075889]}, "properties": {"id": 2831, "src_line": 72969.5, "src_sample": 4737.5, "fit_residual_px": 0.1155, "heldout_residual_px": 0.1955}}, {"type": "Feature", "geometry": {"type": "Point", "coordinates": [32.44321164, -69.16050648]}, "properties": {"id": 2832, "src_line": 72969.5, "src_sample": 5121.5, "fit_residual_px": 0.3832, "heldout_residual_px": 0.3837}}, {"type": "Feature", "geometry": {"type": "Point", "coordinates": [32.43339909, -69.16023614]}, "properties": {"id": 2833, "src_line": 72969.5, "src_sample": 5505.5, "fit_residual_px": 0.2707, "heldout_residual_px": 0.331}}, {"type": "Feature", "geometry": {"type": "Point", "coordinates": [32.42358193, -69.15997498]}, "properties": {"id": 2834, "src_line": 72969.5, "src_sample": 5889.5, "fit_residual_px": 0.4609, "heldout_residual_px": 0.5152}}, {"type": "Feature", "geometry": {"type": "Point", "coordinates": [32.41377534, -69.1597141]}, "properties": {"id": 2835, "src_line": 72969.5, "src_sample": 6273.5, "fit_residual_px": 0.5931, "heldout_residual_px": 0.6405}}, {"type": "Feature", "geometry": {"type": "Point", "coordinates": [32.40384594, -69.15946568]}, "properties": {"id": 2836, "src_line": 72969.5, "src_sample": 6657.5, "fit_residual_px": 0.1147, "heldout_residual_px": 0.1657}}, {"type": "Feature", "geometry": {"type": "Point", "coordinates": [32.39384039, -69.15919436]}, "properties": {"id": 2837, "src_line": 72969.5, "src_sample": 7041.5, "fit_residual_px": 0.0218, "heldout_residual_px": 0.0359}}, {"type": "Feature", "geometry": {"type": "Point", "coordinates": [32.38380625, -69.15891585]}, "properties": {"id": 2838, "src_line": 72969.5, "src_sample": 7425.5, "fit_residual_px": 0.0119, "heldout_residual_px": 0.0351}}, {"type": "Feature", "geometry": {"type": "Point", "coordinates": [32.37384994, -69.15864205]}, "properties": {"id": 2839, "src_line": 72969.5, "src_sample": 7809.5, "fit_residual_px": 0.1986, "heldout_residual_px": 0.2099}}, {"type": "Feature", "geometry": {"type": "Point", "coordinates": [32.36388737, -69.15838653]}, "properties": {"id": 2840, "src_line": 72969.5, "src_sample": 8193.5, "fit_residual_px": 0.2487, "heldout_residual_px": 0.2379}}, {"type": "Feature", "geometry": {"type": "Point", "coordinates": [32.35383975, -69.15810396]}, "properties": {"id": 2841, "src_line": 72969.5, "src_sample": 8577.5, "fit_residual_px": 0.1271, "heldout_residual_px": 0.1397}}, {"type": "Feature", "geometry": {"type": "Point", "coordinates": [32.3440095, -69.15785366]}, "properties": {"id": 2842, "src_line": 72969.5, "src_sample": 8961.5, "fit_residual_px": 0.1971, "heldout_residual_px": 0.219}}, {"type": "Feature", "geometry": {"type": "Point", "coordinates": [32.33403621, -69.15759545]}, "properties": {"id": 2843, "src_line": 72969.5, "src_sample": 9345.5, "fit_residual_px": 0.324, "heldout_residual_px": 0.362}}, {"type": "Feature", "geometry": {"type": "Point", "coordinates": [32.32399782, -69.1573035]}, "properties": {"id": 2844, "src_line": 72969.5, "src_sample": 9729.5, "fit_residual_px": 0.1535, "heldout_residual_px": 0.0995}}, {"type": "Feature", "geometry": {"type": "Point", "coordinates": [32.31393281, -69.15702416]}, "properties": {"id": 2845, "src_line": 72969.5, "src_sample": 10113.5, "fit_residual_px": 0.2236, "heldout_residual_px": 0.1831}}, {"type": "Feature", "geometry": {"type": "Point", "coordinates": [32.30389662, -69.15675891]}, "properties": {"id": 2846, "src_line": 72969.5, "src_sample": 10497.5, "fit_residual_px": 0.258, "heldout_residual_px": 0.3072}}, {"type": "Feature", "geometry": {"type": "Point", "coordinates": [32.29392105, -69.15649926]}, "properties": {"id": 2847, "src_line": 72969.5, "src_sample": 10881.5, "fit_residual_px": 0.2754, "heldout_residual_px": 0.337}}, {"type": "Feature", "geometry": {"type": "Point", "coordinates": [32.28400621, -69.15623114]}, "properties": {"id": 2848, "src_line": 72969.5, "src_sample": 11265.5, "fit_residual_px": 0.4431, "heldout_residual_px": 0.4522}}, {"type": "Feature", "geometry": {"type": "Point", "coordinates": [32.27402542, -69.15597818]}, "properties": {"id": 2849, "src_line": 72969.5, "src_sample": 11649.5, "fit_residual_px": 0.2242, "heldout_residual_px": 0.3758}}, {"type": "Feature", "geometry": {"type": "Point", "coordinates": [32.50400943, -69.15878137]}, "properties": {"id": 2850, "src_line": 73353.5, "src_sample": 2817.5, "fit_residual_px": 0.2031, "heldout_residual_px": 0.1414}}, {"type": "Feature", "geometry": {"type": "Point", "coordinates": [32.49393142, -69.15848118]}, "properties": {"id": 2851, "src_line": 73353.5, "src_sample": 3201.5, "fit_residual_px": 0.5301, "heldout_residual_px": 0.6058}}, {"type": "Feature", "geometry": {"type": "Point", "coordinates": [32.48377331, -69.15820254]}, "properties": {"id": 2852, "src_line": 73353.5, "src_sample": 3585.5, "fit_residual_px": 0.3262, "heldout_residual_px": 0.4428}}, {"type": "Feature", "geometry": {"type": "Point", "coordinates": [32.47359089, -69.15789577]}, "properties": {"id": 2853, "src_line": 73353.5, "src_sample": 3969.5, "fit_residual_px": 0.3531, "heldout_residual_px": 0.4375}}, {"type": "Feature", "geometry": {"type": "Point", "coordinates": [32.46345428, -69.15760062]}, "properties": {"id": 2854, "src_line": 73353.5, "src_sample": 4353.5, "fit_residual_px": 0.1701, "heldout_residual_px": 0.2068}}, {"type": "Feature", "geometry": {"type": "Point", "coordinates": [32.45355543, -69.15733137]}, "properties": {"id": 2855, "src_line": 73353.5, "src_sample": 4737.5, "fit_residual_px": 0.1838, "heldout_residual_px": 0.2053}}, {"type": "Feature", "geometry": {"type": "Point", "coordinates": [32.44373749, -69.15706693]}, "properties": {"id": 2856, "src_line": 73353.5, "src_sample": 5121.5, "fit_residual_px": 0.2999, "heldout_residual_px": 0.2041}}, {"type": "Feature", "geometry": {"type": "Point", "coordinates": [32.4339606, -69.15683122]}, "properties": {"id": 2857, "src_line": 73353.5, "src_sample": 5505.5, "fit_residual_px": 0.1877, "heldout_residual_px": 0.2212}}, {"type": "Feature", "geometry": {"type": "Point", "coordinates": [32.42417795, -69.15657954]}, "properties": {"id": 2858, "src_line": 73353.5, "src_sample": 5889.5, "fit_residual_px": 0.0601, "heldout_residual_px": 0.1371}}, {"type": "Feature", "geometry": {"type": "Point", "coordinates": [32.41430741, -69.1563142]}, "properties": {"id": 2859, "src_line": 73353.5, "src_sample": 6273.5, "fit_residual_px": 0.3786, "heldout_residual_px": 0.3288}}, {"type": "Feature", "geometry": {"type": "Point", "coordinates": [32.40439528, -69.15605095]}, "properties": {"id": 2860, "src_line": 73353.5, "src_sample": 6657.5, "fit_residual_px": 0.1068, "heldout_residual_px": 0.0934}}, {"type": "Feature", "geometry": {"type": "Point", "coordinates": [32.39433633, -69.15576342]}, "properties": {"id": 2861, "src_line": 73353.5, "src_sample": 7041.5, "fit_residual_px": 0.2801, "heldout_residual_px": 0.2302}}, {"type": "Feature", "geometry": {"type": "Point", "coordinates": [32.38434042, -69.15549821]}, "properties": {"id": 2862, "src_line": 73353.5, "src_sample": 7425.5, "fit_residual_px": 0.1606, "heldout_residual_px": 0.1674}}, {"type": "Feature", "geometry": {"type": "Point", "coordinates": [32.37442372, -69.15523562]}, "properties": {"id": 2863, "src_line": 73353.5, "src_sample": 7809.5, "fit_residual_px": 0.1258, "heldout_residual_px": 0.1402}}, {"type": "Feature", "geometry": {"type": "Point", "coordinates": [32.36420495, -69.15492841]}, "properties": {"id": 2864, "src_line": 73353.5, "src_sample": 8193.5, "fit_residual_px": 0.4474, "heldout_residual_px": 0.4036}}, {"type": "Feature", "geometry": {"type": "Point", "coordinates": [32.32468387, -69.15390594]}, "properties": {"id": 2865, "src_line": 73353.5, "src_sample": 9729.5, "fit_residual_px": 0.1123, "heldout_residual_px": 0.101}}, {"type": "Feature", "geometry": {"type": "Point", "coordinates": [32.31452556, -69.15362035]}, "properties": {"id": 2866, "src_line": 73353.5, "src_sample": 10113.5, "fit_residual_px": 0.0822, "heldout_residual_px": 0.1047}}, {"type": "Feature", "geometry": {"type": "Point", "coordinates": [32.30453928, -69.15334859]}, "properties": {"id": 2867, "src_line": 73353.5, "src_sample": 10497.5, "fit_residual_px": 0.1801, "heldout_residual_px": 0.1635}}, {"type": "Feature", "geometry": {"type": "Point", "coordinates": [32.2944831, -69.15309163]}, "properties": {"id": 2868, "src_line": 73353.5, "src_sample": 10881.5, "fit_residual_px": 0.4086, "heldout_residual_px": 0.4112}}, {"type": "Feature", "geometry": {"type": "Point", "coordinates": [32.28456259, -69.15281091]}, "properties": {"id": 2869, "src_line": 73353.5, "src_sample": 11265.5, "fit_residual_px": 0.246, "heldout_residual_px": 0.2849}}, {"type": "Feature", "geometry": {"type": "Point", "coordinates": [32.27464029, -69.15255452]}, "properties": {"id": 2870, "src_line": 73353.5, "src_sample": 11649.5, "fit_residual_px": 0.241, "heldout_residual_px": 0.2971}}, {"type": "Feature", "geometry": {"type": "Point", "coordinates": [32.50461812, -69.15537172]}, "properties": {"id": 2871, "src_line": 73737.5, "src_sample": 2817.5, "fit_residual_px": 0.2637, "heldout_residual_px": 0.2586}}, {"type": "Feature", "geometry": {"type": "Point", "coordinates": [32.49446783, -69.15508732]}, "properties": {"id": 2872, "src_line": 73737.5, "src_sample": 3201.5, "fit_residual_px": 0.2606, "heldout_residual_px": 0.4038}}, {"type": "Feature", "geometry": {"type": "Point", "coordinates": [32.48428305, -69.15478213]}, "properties": {"id": 2873, "src_line": 73737.5, "src_sample": 3585.5, "fit_residual_px": 0.1978, "heldout_residual_px": 0.3168}}, {"type": "Feature", "geometry": {"type": "Point", "coordinates": [32.47410122, -69.15447434]}, "properties": {"id": 2874, "src_line": 73737.5, "src_sample": 3969.5, "fit_residual_px": 0.1583, "heldout_residual_px": 0.2115}}, {"type": "Feature", "geometry": {"type": "Point", "coordinates": [32.4638865, -69.15417882]}, "properties": {"id": 2875, "src_line": 73737.5, "src_sample": 4353.5, "fit_residual_px": 0.4019, "heldout_residual_px": 0.4666}}, {"type": "Feature", "geometry": {"type": "Point", "coordinates": [32.45405047, -69.15392771]}, "properties": {"id": 2876, "src_line": 73737.5, "src_sample": 4737.5, "fit_residual_px": 0.5384, "heldout_residual_px": 0.6152}}, {"type": "Feature", "geometry": {"type": "Point", "coordinates": [32.44421229, -69.15367671]}, "properties": {"id": 2877, "src_line": 73737.5, "src_sample": 5121.5, "fit_residual_px": 0.8979, "heldout_residual_px": 0.9514}}, {"type": "Feature", "geometry": {"type": "Point", "coordinates": [32.43449985, -69.15341451]}, "properties": {"id": 2878, "src_line": 73737.5, "src_sample": 5505.5, "fit_residual_px": 0.6072, "heldout_residual_px": 0.5725}}, {"type": "Feature", "geometry": {"type": "Point", "coordinates": [32.42479708, -69.15316454]}, "properties": {"id": 2879, "src_line": 73737.5, "src_sample": 5889.5, "fit_residual_px": 0.2337, "heldout_residual_px": 0.1553}}, {"type": "Feature", "geometry": {"type": "Point", "coordinates": [32.41489496, -69.15291937]}, "properties": {"id": 2880, "src_line": 73737.5, "src_sample": 6273.5, "fit_residual_px": 0.3508, "heldout_residual_px": 0.3924}}, {"type": "Feature", "geometry": {"type": "Point", "coordinates": [32.40490412, -69.15264894]}, "properties": {"id": 2881, "src_line": 73737.5, "src_sample": 6657.5, "fit_residual_px": 0.3659, "heldout_residual_px": 0.445}}, {"type": "Feature", "geometry": {"type": "Point", "coordinates": [32.39488325, -69.15234829]}, "properties": {"id": 2882, "src_line": 73737.5, "src_sample": 7041.5, "fit_residual_px": 0.3115, "heldout_residual_px": 0.2398}}, {"type": "Feature", "geometry": {"type": "Point", "coordinates": [32.38482944, -69.15209308]}, "properties": {"id": 2883, "src_line": 73737.5, "src_sample": 7425.5, "fit_residual_px": 0.4236, "heldout_residual_px": 0.5092}}, {"type": "Feature", "geometry": {"type": "Point", "coordinates": [32.37494553, -69.15181518]}, "properties": {"id": 2884, "src_line": 73737.5, "src_sample": 7809.5, "fit_residual_px": 0.1222, "heldout_residual_px": 0.0976}}, {"type": "Feature", "geometry": {"type": "Point", "coordinates": [32.32527711, -69.15051641]}, "properties": {"id": 2885, "src_line": 73737.5, "src_sample": 9729.5, "fit_residual_px": 0.4606, "heldout_residual_px": 0.4826}}, {"type": "Feature", "geometry": {"type": "Point", "coordinates": [32.31527651, -69.15021093]}, "properties": {"id": 2886, "src_line": 73737.5, "src_sample": 10113.5, "fit_residual_px": 0.5712, "heldout_residual_px": 0.5464}}, {"type": "Feature", "geometry": {"type": "Point", "coordinates": [32.29498303, -69.14965822]}, "properties": {"id": 2887, "src_line": 73737.5, "src_sample": 10881.5, "fit_residual_px": 0.2627, "heldout_residual_px": 0.3095}}, {"type": "Feature", "geometry": {"type": "Point", "coordinates": [32.28500745, -69.14940311]}, "properties": {"id": 2888, "src_line": 73737.5, "src_sample": 11265.5, "fit_residual_px": 0.5596, "heldout_residual_px": 0.5822}}, {"type": "Feature", "geometry": {"type": "Point", "coordinates": [32.27519295, -69.14914058]}, "properties": {"id": 2889, "src_line": 73737.5, "src_sample": 11649.5, "fit_residual_px": 0.235, "heldout_residual_px": 0.2824}}, {"type": "Feature", "geometry": {"type": "Point", "coordinates": [32.50507801, -69.15196341]}, "properties": {"id": 2890, "src_line": 74121.5, "src_sample": 2817.5, "fit_residual_px": 0.487, "heldout_residual_px": 0.6761}}, {"type": "Feature", "geometry": {"type": "Point", "coordinates": [32.49498929, -69.15165661]}, "properties": {"id": 2891, "src_line": 74121.5, "src_sample": 3201.5, "fit_residual_px": 0.2532, "heldout_residual_px": 0.1983}}, {"type": "Feature", "geometry": {"type": "Point", "coordinates": [32.48488761, -69.15137216]}, "properties": {"id": 2892, "src_line": 74121.5, "src_sample": 3585.5, "fit_residual_px": 0.2494, "heldout_residual_px": 0.3522}}, {"type": "Feature", "geometry": {"type": "Point", "coordinates": [32.47469732, -69.15107647]}, "properties": {"id": 2893, "src_line": 74121.5, "src_sample": 3969.5, "fit_residual_px": 0.1866, "heldout_residual_px": 0.284}}, {"type": "Feature", "geometry": {"type": "Point", "coordinates": [32.46458841, -69.15077432]}, "properties": {"id": 2894, "src_line": 74121.5, "src_sample": 4353.5, "fit_residual_px": 0.1109, "heldout_residual_px": 0.0776}}, {"type": "Feature", "geometry": {"type": "Point", "coordinates": [32.454607, -69.15050261]}, "properties": {"id": 2895, "src_line": 74121.5, "src_sample": 4737.5, "fit_residual_px": 0.1074, "heldout_residual_px": 0.1918}}, {"type": "Feature", "geometry": {"type": "Point", "coordinates": [32.44479681, -69.15023678]}, "properties": {"id": 2896, "src_line": 74121.5, "src_sample": 5121.5, "fit_residual_px": 0.4312, "heldout_residual_px": 0.3454}}, {"type": "Feature", "geometry": {"type": "Point", "coordinates": [32.43513297, -69.15001534]}, "properties": {"id": 2897, "src_line": 74121.5, "src_sample": 5505.5, "fit_residual_px": 0.1225, "heldout_residual_px": 0.2265}}, {"type": "Feature", "geometry": {"type": "Point", "coordinates": [32.42536785, -69.1497802]}, "properties": {"id": 2898, "src_line": 74121.5, "src_sample": 5889.5, "fit_residual_px": 0.4598, "heldout_residual_px": 0.5396}}, {"type": "Feature", "geometry": {"type": "Point", "coordinates": [32.41554636, -69.14951949]}, "properties": {"id": 2899, "src_line": 74121.5, "src_sample": 6273.5, "fit_residual_px": 0.4222, "heldout_residual_px": 0.513}}, {"type": "Feature", "geometry": {"type": "Point", "coordinates": [32.4055108, -69.14923409]}, "properties": {"id": 2900, "src_line": 74121.5, "src_sample": 6657.5, "fit_residual_px": 0.3503, "heldout_residual_px": 0.4092}}, {"type": "Feature", "geometry": {"type": "Point", "coordinates": [32.39543708, -69.14894139]}, "properties": {"id": 2901, "src_line": 74121.5, "src_sample": 7041.5, "fit_residual_px": 0.1384, "heldout_residual_px": 0.0709}}, {"type": "Feature", "geometry": {"type": "Point", "coordinates": [32.38535919, -69.14867629]}, "properties": {"id": 2902, "src_line": 74121.5, "src_sample": 7425.5, "fit_residual_px": 0.3902, "heldout_residual_px": 0.4874}}, {"type": "Feature", "geometry": {"type": "Point", "coordinates": [32.37557279, -69.14840511]}, "properties": {"id": 2903, "src_line": 74121.5, "src_sample": 7809.5, "fit_residual_px": 0.3336, "heldout_residual_px": 0.2709}}, {"type": "Feature", "geometry": {"type": "Point", "coordinates": [32.32586068, -69.14709174]}, "properties": {"id": 2904, "src_line": 74121.5, "src_sample": 9729.5, "fit_residual_px": 0.211, "heldout_residual_px": 0.229}}, {"type": "Feature", "geometry": {"type": "Point", "coordinates": [32.31579265, -69.14680969]}, "properties": {"id": 2905, "src_line": 74121.5, "src_sample": 10113.5, "fit_residual_px": 0.1559, "heldout_residual_px": 0.1673}}, {"type": "Feature", "geometry": {"type": "Point", "coordinates": [32.2954794, -69.14625148]}, "properties": {"id": 2906, "src_line": 74121.5, "src_sample": 10881.5, "fit_residual_px": 0.6291, "heldout_residual_px": 0.7036}}, {"type": "Feature", "geometry": {"type": "Point", "coordinates": [32.28558094, -69.14598582]}, "properties": {"id": 2907, "src_line": 74121.5, "src_sample": 11265.5, "fit_residual_px": 0.1358, "heldout_residual_px": 0.1913}}, {"type": "Feature", "geometry": {"type": "Point", "coordinates": [32.27569848, -69.14573403]}, "properties": {"id": 2908, "src_line": 74121.5, "src_sample": 11649.5, "fit_residual_px": 0.4165, "heldout_residual_px": 0.4695}}, {"type": "Feature", "geometry": {"type": "Point", "coordinates": [32.50577343, -69.1485737]}, "properties": {"id": 2909, "src_line": 74505.5, "src_sample": 2817.5, "fit_residual_px": 0.5458, "heldout_residual_px": 0.7055}}, {"type": "Feature", "geometry": {"type": "Point", "coordinates": [32.49550904, -69.14826175]}, "properties": {"id": 2910, "src_line": 74505.5, "src_sample": 3201.5, "fit_residual_px": 0.2939, "heldout_residual_px": 0.3744}}, {"type": "Feature", "geometry": {"type": "Point", "coordinates": [32.48549938, -69.14796513]}, "properties": {"id": 2911, "src_line": 74505.5, "src_sample": 3585.5, "fit_residual_px": 0.2124, "heldout_residual_px": 0.2784}}, {"type": "Feature", "geometry": {"type": "Point", "coordinates": [32.47529831, -69.14766504]}, "properties": {"id": 2912, "src_line": 74505.5, "src_sample": 3969.5, "fit_residual_px": 0.0408, "heldout_residual_px": 0.1205}}, {"type": "Feature", "geometry": {"type": "Point", "coordinates": [32.46517273, -69.14738101]}, "properties": {"id": 2913, "src_line": 74505.5, "src_sample": 4353.5, "fit_residual_px": 0.4342, "heldout_residual_px": 0.5326}}, {"type": "Feature", "geometry": {"type": "Point", "coordinates": [32.45516535, -69.14710146]}, "properties": {"id": 2914, "src_line": 74505.5, "src_sample": 4737.5, "fit_residual_px": 0.3362, "heldout_residual_px": 0.4473}}, {"type": "Feature", "geometry": {"type": "Point", "coordinates": [32.44522755, -69.14681538]}, "properties": {"id": 2915, "src_line": 74505.5, "src_sample": 5121.5, "fit_residual_px": 1.2438, "heldout_residual_px": 1.2036}}, {"type": "Feature", "geometry": {"type": "Point", "coordinates": [32.43577977, -69.14661167]}, "properties": {"id": 2916, "src_line": 74505.5, "src_sample": 5505.5, "fit_residual_px": 0.2618, "heldout_residual_px": 0.3195}}, {"type": "Feature", "geometry": {"type": "Point", "coordinates": [32.42591157, -69.14634899]}, "properties": {"id": 2917, "src_line": 74505.5, "src_sample": 5889.5, "fit_residual_px": 0.2532, "heldout_residual_px": 0.2045}}, {"type": "Feature", "geometry": {"type": "Point", "coordinates": [32.41601711, -69.14608367]}, "properties": {"id": 2918, "src_line": 74505.5, "src_sample": 6273.5, "fit_residual_px": 0.1383, "heldout_residual_px": 0.0435}}, {"type": "Feature", "geometry": {"type": "Point", "coordinates": [32.40613013, -69.14582622]}, "properties": {"id": 2919, "src_line": 74505.5, "src_sample": 6657.5, "fit_residual_px": 0.1885, "heldout_residual_px": 0.2445}}, {"type": "Feature", "geometry": {"type": "Point", "coordinates": [32.39607055, -69.14553618]}, "properties": {"id": 2920, "src_line": 74505.5, "src_sample": 7041.5, "fit_residual_px": 0.348, "heldout_residual_px": 0.3257}}, {"type": "Feature", "geometry": {"type": "Point", "coordinates": [32.38597704, -69.14526578]}, "properties": {"id": 2921, "src_line": 74505.5, "src_sample": 7425.5, "fit_residual_px": 0.2897, "heldout_residual_px": 0.3682}}, {"type": "Feature", "geometry": {"type": "Point", "coordinates": [32.37611966, -69.14501371]}, "properties": {"id": 2922, "src_line": 74505.5, "src_sample": 7809.5, "fit_residual_px": 0.3262, "heldout_residual_px": 0.4142}}, {"type": "Feature", "geometry": {"type": "Point", "coordinates": [32.32642248, -69.14368294]}, "properties": {"id": 2923, "src_line": 74505.5, "src_sample": 9729.5, "fit_residual_px": 0.0746, "heldout_residual_px": 0.1499}}, {"type": "Feature", "geometry": {"type": "Point", "coordinates": [32.31637659, -69.14339134]}, "properties": {"id": 2924, "src_line": 74505.5, "src_sample": 10113.5, "fit_residual_px": 0.541, "heldout_residual_px": 0.4502}}, {"type": "Feature", "geometry": {"type": "Point", "coordinates": [32.3064179, -69.14314072]}, "properties": {"id": 2925, "src_line": 74505.5, "src_sample": 10497.5, "fit_residual_px": 0.0388, "heldout_residual_px": 0.0837}}, {"type": "Feature", "geometry": {"type": "Point", "coordinates": [32.29626684, -69.14283936]}, "properties": {"id": 2926, "src_line": 74505.5, "src_sample": 10881.5, "fit_residual_px": 0.3543, "heldout_residual_px": 0.3216}}, {"type": "Feature", "geometry": {"type": "Point", "coordinates": [32.2862257, -69.14258663]}, "properties": {"id": 2927, "src_line": 74505.5, "src_sample": 11265.5, "fit_residual_px": 0.5922, "heldout_residual_px": 0.6989}}, {"type": "Feature", "geometry": {"type": "Point", "coordinates": [32.27625715, -69.14232312]}, "properties": {"id": 2928, "src_line": 74505.5, "src_sample": 11649.5, "fit_residual_px": 0.2579, "heldout_residual_px": 0.3699}}, {"type": "Feature", "geometry": {"type": "Point", "coordinates": [32.50644497, -69.14516058]}, "properties": {"id": 2929, "src_line": 74889.5, "src_sample": 2817.5, "fit_residual_px": 0.2081, "heldout_residual_px": 0.2367}}, {"type": "Feature", "geometry": {"type": "Point", "coordinates": [32.49625118, -69.14487277]}, "properties": {"id": 2930, "src_line": 74889.5, "src_sample": 3201.5, "fit_residual_px": 0.2825, "heldout_residual_px": 0.3847}}, {"type": "Feature", "geometry": {"type": "Point", "coordinates": [32.48611319, -69.1445722]}, "properties": {"id": 2931, "src_line": 74889.5, "src_sample": 3585.5, "fit_residual_px": 0.2279, "heldout_residual_px": 0.2682}}, {"type": "Feature", "geometry": {"type": "Point", "coordinates": [32.47597043, -69.14427359]}, "properties": {"id": 2932, "src_line": 74889.5, "src_sample": 3969.5, "fit_residual_px": 0.3288, "heldout_residual_px": 0.423}}, {"type": "Feature", "geometry": {"type": "Point", "coordinates": [32.46578739, -69.14398729]}, "properties": {"id": 2933, "src_line": 74889.5, "src_sample": 4353.5, "fit_residual_px": 0.5867, "heldout_residual_px": 0.6915}}, {"type": "Feature", "geometry": {"type": "Point", "coordinates": [32.45579198, -69.14369613]}, "properties": {"id": 2934, "src_line": 74889.5, "src_sample": 4737.5, "fit_residual_px": 0.2432, "heldout_residual_px": 0.3557}}, {"type": "Feature", "geometry": {"type": "Point", "coordinates": [32.44589694, -69.14344366]}, "properties": {"id": 2935, "src_line": 74889.5, "src_sample": 5121.5, "fit_residual_px": 1.0214, "heldout_residual_px": 1.0496}}, {"type": "Feature", "geometry": {"type": "Point", "coordinates": [32.43636065, -69.14318417]}, "properties": {"id": 2936, "src_line": 74889.5, "src_sample": 5505.5, "fit_residual_px": 0.5079, "heldout_residual_px": 0.4134}}, {"type": "Feature", "geometry": {"type": "Point", "coordinates": [32.42647601, -69.1429455]}, "properties": {"id": 2937, "src_line": 74889.5, "src_sample": 5889.5, "fit_residual_px": 0.1264, "heldout_residual_px": 0.2257}}, {"type": "Feature", "geometry": {"type": "Point", "coordinates": [32.41655394, -69.14269275]}, "properties": {"id": 2938, "src_line": 74889.5, "src_sample": 6273.5, "fit_residual_px": 0.6977, "heldout_residual_px": 0.7319}}, {"type": "Feature", "geometry": {"type": "Point", "coordinates": [32.4066742, -69.1424164]}, "properties": {"id": 2939, "src_line": 74889.5, "src_sample": 6657.5, "fit_residual_px": 0.191, "heldout_residual_px": 0.2754}}, {"type": "Feature", "geometry": {"type": "Point", "coordinates": [32.39673006, -69.14213924]}, "properties": {"id": 2940, "src_line": 74889.5, "src_sample": 7041.5, "fit_residual_px": 0.6076, "heldout_residual_px": 0.6167}}, {"type": "Feature", "geometry": {"type": "Point", "coordinates": [32.38661457, -69.14187705]}, "properties": {"id": 2941, "src_line": 74889.5, "src_sample": 7425.5, "fit_residual_px": 0.5476, "heldout_residual_px": 0.6501}}, {"type": "Feature", "geometry": {"type": "Point", "coordinates": [32.3767207, -69.14159579]}, "properties": {"id": 2942, "src_line": 74889.5, "src_sample": 7809.5, "fit_residual_px": 0.0351, "heldout_residual_px": 0.1026}}, {"type": "Feature", "geometry": {"type": "Point", "coordinates": [32.36690199, -69.14135376]}, "properties": {"id": 2943, "src_line": 74889.5, "src_sample": 8193.5, "fit_residual_px": 0.2914, "heldout_residual_px": 0.3603}}, {"type": "Feature", "geometry": {"type": "Point", "coordinates": [32.35707061, -69.14111351]}, "properties": {"id": 2944, "src_line": 74889.5, "src_sample": 8577.5, "fit_residual_px": 0.548, "heldout_residual_px": 0.6257}}, {"type": "Feature", "geometry": {"type": "Point", "coordinates": [32.34712038, -69.14082264]}, "properties": {"id": 2945, "src_line": 74889.5, "src_sample": 8961.5, "fit_residual_px": 0.5564, "heldout_residual_px": 0.5335}}, {"type": "Feature", "geometry": {"type": "Point", "coordinates": [32.33704596, -69.14055301]}, "properties": {"id": 2946, "src_line": 74889.5, "src_sample": 9345.5, "fit_residual_px": 0.1985, "heldout_residual_px": 0.286}}, {"type": "Feature", "geometry": {"type": "Point", "coordinates": [32.3270317, -69.14028788]}, "properties": {"id": 2947, "src_line": 74889.5, "src_sample": 9729.5, "fit_residual_px": 0.3939, "heldout_residual_px": 0.4919}}, {"type": "Feature", "geometry": {"type": "Point", "coordinates": [32.31699079, -69.1399901]}, "properties": {"id": 2948, "src_line": 74889.5, "src_sample": 10113.5, "fit_residual_px": 0.2292, "heldout_residual_px": 0.1628}}, {"type": "Feature", "geometry": {"type": "Point", "coordinates": [32.30704519, -69.1397395]}, "properties": {"id": 2949, "src_line": 74889.5, "src_sample": 10497.5, "fit_residual_px": 0.3204, "heldout_residual_px": 0.4205}}, {"type": "Feature", "geometry": {"type": "Point", "coordinates": [32.29697686, -69.13946718]}, "properties": {"id": 2950, "src_line": 74889.5, "src_sample": 10881.5, "fit_residual_px": 0.3132, "heldout_residual_px": 0.4542}}, {"type": "Feature", "geometry": {"type": "Point", "coordinates": [32.5070928, -69.14177842]}, "properties": {"id": 2951, "src_line": 75273.5, "src_sample": 2817.5, "fit_residual_px": 0.2382, "heldout_residual_px": 0.2511}}, {"type": "Feature", "geometry": {"type": "Point", "coordinates": [32.49692882, -69.14147062]}, "properties": {"id": 2952, "src_line": 75273.5, "src_sample": 3201.5, "fit_residual_px": 0.0396, "heldout_residual_px": 0.1149}}, {"type": "Feature", "geometry": {"type": "Point", "coordinates": [32.48678411, -69.14118017]}, "properties": {"id": 2953, "src_line": 75273.5, "src_sample": 3585.5, "fit_residual_px": 0.2457, "heldout_residual_px": 0.3213}}, {"type": "Feature", "geometry": {"type": "Point", "coordinates": [32.47660916, -69.14087323]}, "properties": {"id": 2954, "src_line": 75273.5, "src_sample": 3969.5, "fit_residual_px": 0.3619, "heldout_residual_px": 0.4353}}, {"type": "Feature", "geometry": {"type": "Point", "coordinates": [32.46645391, -69.14057066]}, "properties": {"id": 2955, "src_line": 75273.5, "src_sample": 4353.5, "fit_residual_px": 0.0843, "heldout_residual_px": 0.143}}, {"type": "Feature", "geometry": {"type": "Point", "coordinates": [32.45639504, -69.14029585]}, "properties": {"id": 2956, "src_line": 75273.5, "src_sample": 4737.5, "fit_residual_px": 0.3798, "heldout_residual_px": 0.4706}}, {"type": "Feature", "geometry": {"type": "Point", "coordinates": [32.44654849, -69.1400406]}, "properties": {"id": 2957, "src_line": 75273.5, "src_sample": 5121.5, "fit_residual_px": 0.5754, "heldout_residual_px": 0.6335}}, {"type": "Feature", "geometry": {"type": "Point", "coordinates": [32.43688921, -69.13979114]}, "properties": {"id": 2958, "src_line": 75273.5, "src_sample": 5505.5, "fit_residual_px": 0.1078, "heldout_residual_px": 0.1269}}, {"type": "Feature", "geometry": {"type": "Point", "coordinates": [32.4270766, -69.1395314]}, "properties": {"id": 2959, "src_line": 75273.5, "src_sample": 5889.5, "fit_residual_px": 0.2153, "heldout_residual_px": 0.1198}}, {"type": "Feature", "geometry": {"type": "Point", "coordinates": [32.41721687, -69.1392791]}, "properties": {"id": 2960, "src_line": 75273.5, "src_sample": 6273.5, "fit_residual_px": 0.2042, "heldout_residual_px": 0.2729}}, {"type": "Feature", "geometry": {"type": "Point", "coordinates": [32.40719651, -69.13901157]}, "properties": {"id": 2961, "src_line": 75273.5, "src_sample": 6657.5, "fit_residual_px": 0.3261, "heldout_residual_px": 0.4265}}, {"type": "Feature", "geometry": {"type": "Point", "coordinates": [32.39729524, -69.13875166]}, "properties": {"id": 2962, "src_line": 75273.5, "src_sample": 7041.5, "fit_residual_px": 0.4018, "heldout_residual_px": 0.4978}}, {"type": "Feature", "geometry": {"type": "Point", "coordinates": [32.38731977, -69.13846791]}, "properties": {"id": 2963, "src_line": 75273.5, "src_sample": 7425.5, "fit_residual_px": 0.1493, "heldout_residual_px": 0.2007}}, {"type": "Feature", "geometry": {"type": "Point", "coordinates": [32.3773842, -69.13821113]}, "properties": {"id": 2964, "src_line": 75273.5, "src_sample": 7809.5, "fit_residual_px": 0.6095, "heldout_residual_px": 0.6491}}, {"type": "Feature", "geometry": {"type": "Point", "coordinates": [32.36763901, -69.13795119]}, "properties": {"id": 2965, "src_line": 75273.5, "src_sample": 8193.5, "fit_residual_px": 0.1703, "heldout_residual_px": 0.1047}}, {"type": "Feature", "geometry": {"type": "Point", "coordinates": [32.35780432, -69.13768733]}, "properties": {"id": 2966, "src_line": 75273.5, "src_sample": 8577.5, "fit_residual_px": 0.4889, "heldout_residual_px": 0.4172}}, {"type": "Feature", "geometry": {"type": "Point", "coordinates": [32.34777935, -69.13743559]}, "properties": {"id": 2967, "src_line": 75273.5, "src_sample": 8961.5, "fit_residual_px": 0.1957, "heldout_residual_px": 0.2697}}, {"type": "Feature", "geometry": {"type": "Point", "coordinates": [32.33772856, -69.1371575]}, "properties": {"id": 2968, "src_line": 75273.5, "src_sample": 9345.5, "fit_residual_px": 0.1821, "heldout_residual_px": 0.28}}, {"type": "Feature", "geometry": {"type": "Point", "coordinates": [32.32761772, -69.13686295]}, "properties": {"id": 2969, "src_line": 75273.5, "src_sample": 9729.5, "fit_residual_px": 0.2231, "heldout_residual_px": 0.2699}}, {"type": "Feature", "geometry": {"type": "Point", "coordinates": [32.31755987, -69.1365833]}, "properties": {"id": 2970, "src_line": 75273.5, "src_sample": 10113.5, "fit_residual_px": 0.1329, "heldout_residual_px": 0.1175}}, {"type": "Feature", "geometry": {"type": "Point", "coordinates": [32.30765401, -69.13632467]}, "properties": {"id": 2971, "src_line": 75273.5, "src_sample": 10497.5, "fit_residual_px": 0.285, "heldout_residual_px": 0.3428}}, {"type": "Feature", "geometry": {"type": "Point", "coordinates": [32.29780582, -69.1360681]}, "properties": {"id": 2972, "src_line": 75273.5, "src_sample": 10881.5, "fit_residual_px": 0.4608, "heldout_residual_px": 0.5001}}, {"type": "Feature", "geometry": {"type": "Point", "coordinates": [32.50774363, -69.13838407]}, "properties": {"id": 2973, "src_line": 75657.5, "src_sample": 2817.5, "fit_residual_px": 0.2653, "heldout_residual_px": 0.2015}}, {"type": "Feature", "geometry": {"type": "Point", "coordinates": [32.49762934, -69.13806837]}, "properties": {"id": 2974, "src_line": 75657.5, "src_sample": 3201.5, "fit_residual_px": 0.3182, "heldout_residual_px": 0.4427}}, {"type": "Feature", "geometry": {"type": "Point", "coordinates": [32.48741027, -69.13778751]}, "properties": {"id": 2975, "src_line": 75657.5, "src_sample": 3585.5, "fit_residual_px": 0.4279, "heldout_residual_px": 0.3133}}, {"type": "Feature", "geometry": {"type": "Point", "coordinates": [32.47721684, -69.13745338]}, "properties": {"id": 2976, "src_line": 75657.5, "src_sample": 3969.5, "fit_residual_px": 0.4445, "heldout_residual_px": 0.6309}}, {"type": "Feature", "geometry": {"type": "Point", "coordinates": [32.46720785, -69.13717601]}, "properties": {"id": 2977, "src_line": 75657.5, "src_sample": 4353.5, "fit_residual_px": 0.2968, "heldout_residual_px": 0.4791}}, {"type": "Feature", "geometry": {"type": "Point", "coordinates": [32.45711547, -69.13689647]}, "properties": {"id": 2978, "src_line": 75657.5, "src_sample": 4737.5, "fit_residual_px": 0.1993, "heldout_residual_px": 0.2322}}, {"type": "Feature", "geometry": {"type": "Point", "coordinates": [32.44721371, -69.13662094]}, "properties": {"id": 2979, "src_line": 75657.5, "src_sample": 5121.5, "fit_residual_px": 0.2651, "heldout_residual_px": 0.4814}}, {"type": "Feature", "geometry": {"type": "Point", "coordinates": [32.43748509, -69.13639654]}, "properties": {"id": 2980, "src_line": 75657.5, "src_sample": 5505.5, "fit_residual_px": 0.2581, "heldout_residual_px": 0.1375}}, {"type": "Feature", "geometry": {"type": "Point", "coordinates": [32.42769659, -69.13614159]}, "properties": {"id": 2981, "src_line": 75657.5, "src_sample": 5889.5, "fit_residual_px": 0.1479, "heldout_residual_px": 0.1347}}, {"type": "Feature", "geometry": {"type": "Point", "coordinates": [32.41784141, -69.13586891]}, "properties": {"id": 2982, "src_line": 75657.5, "src_sample": 6273.5, "fit_residual_px": 0.4441, "heldout_residual_px": 0.5405}}, {"type": "Feature", "geometry": {"type": "Point", "coordinates": [32.40781378, -69.1356029]}, "properties": {"id": 2983, "src_line": 75657.5, "src_sample": 6657.5, "fit_residual_px": 0.1477, "heldout_residual_px": 0.1538}}, {"type": "Feature", "geometry": {"type": "Point", "coordinates": [32.39786682, -69.13532306]}, "properties": {"id": 2984, "src_line": 75657.5, "src_sample": 7041.5, "fit_residual_px": 0.239, "heldout_residual_px": 0.4175}}, {"type": "Feature", "geometry": {"type": "Point", "coordinates": [32.38795114, -69.13505963]}, "properties": {"id": 2985, "src_line": 75657.5, "src_sample": 7425.5, "fit_residual_px": 0.1811, "heldout_residual_px": 0.3434}}, {"type": "Feature", "geometry": {"type": "Point", "coordinates": [32.37808408, -69.13482453]}, "properties": {"id": 2986, "src_line": 75657.5, "src_sample": 7809.5, "fit_residual_px": 0.473, "heldout_residual_px": 0.3168}}, {"type": "Feature", "geometry": {"type": "Point", "coordinates": [32.36829525, -69.13453986]}, "properties": {"id": 2987, "src_line": 75657.5, "src_sample": 8193.5, "fit_residual_px": 0.5847, "heldout_residual_px": 0.6885}}, {"type": "Feature", "geometry": {"type": "Point", "coordinates": [32.35847332, -69.1343084]}, "properties": {"id": 2988, "src_line": 75657.5, "src_sample": 8577.5, "fit_residual_px": 0.0181, "heldout_residual_px": 0.1038}}, {"type": "Feature", "geometry": {"type": "Point", "coordinates": [32.34853783, -69.13403771]}, "properties": {"id": 2989, "src_line": 75657.5, "src_sample": 8961.5, "fit_residual_px": 0.1794, "heldout_residual_px": 0.2991}}, {"type": "Feature", "geometry": {"type": "Point", "coordinates": [32.33847111, -69.13375677]}, "properties": {"id": 2990, "src_line": 75657.5, "src_sample": 9345.5, "fit_residual_px": 0.1957, "heldout_residual_px": 0.3268}}, {"type": "Feature", "geometry": {"type": "Point", "coordinates": [32.32820126, -69.13345891]}, "properties": {"id": 2991, "src_line": 75657.5, "src_sample": 9729.5, "fit_residual_px": 0.1016, "heldout_residual_px": 0.2912}}, {"type": "Feature", "geometry": {"type": "Point", "coordinates": [32.31809152, -69.13316421]}, "properties": {"id": 2992, "src_line": 75657.5, "src_sample": 10113.5, "fit_residual_px": 0.3718, "heldout_residual_px": 0.1549}}, {"type": "Feature", "geometry": {"type": "Point", "coordinates": [32.29847249, -69.13268192]}, "properties": {"id": 2993, "src_line": 75657.5, "src_sample": 10881.5, "fit_residual_px": 0.388, "heldout_residual_px": 0.2683}}, {"type": "Feature", "geometry": {"type": "Point", "coordinates": [32.28852951, -69.13242261]}, "properties": {"id": 2994, "src_line": 75657.5, "src_sample": 11265.5, "fit_residual_px": 0.2075, "heldout_residual_px": 0.6523}}, {"type": "Feature", "geometry": {"type": "Point", "coordinates": [32.27843072, -69.13215945]}, "properties": {"id": 2995, "src_line": 75657.5, "src_sample": 11649.5, "fit_residual_px": 1.0761, "heldout_residual_px": 1.0508}}, {"type": "Feature", "geometry": {"type": "Point", "coordinates": [32.50839172, -69.13498569]}, "properties": {"id": 2996, "src_line": 76041.5, "src_sample": 2817.5, "fit_residual_px": 0.3221, "heldout_residual_px": 0.3451}}, {"type": "Feature", "geometry": {"type": "Point", "coordinates": [32.49830212, -69.13470155]}, "properties": {"id": 2997, "src_line": 76041.5, "src_sample": 3201.5, "fit_residual_px": 0.4311, "heldout_residual_px": 0.3797}}, {"type": "Feature", "geometry": {"type": "Point", "coordinates": [32.48807228, -69.13437369]}, "properties": {"id": 2998, "src_line": 76041.5, "src_sample": 3585.5, "fit_residual_px": 0.1169, "heldout_residual_px": 0.2872}}, {"type": "Feature", "geometry": {"type": "Point", "coordinates": [32.4779366, -69.13407863]}, "properties": {"id": 2999, "src_line": 76041.5, "src_sample": 3969.5, "fit_residual_px": 0.2721, "heldout_residual_px": 0.2974}}, {"type": "Feature", "geometry": {"type": "Point", "coordinates": [32.467871, -69.13380448]}, "properties": {"id": 3000, "src_line": 76041.5, "src_sample": 4353.5, "fit_residual_px": 0.2876, "heldout_residual_px": 0.1517}}, {"type": "Feature", "geometry": {"type": "Point", "coordinates": [32.4578462, -69.13349526]}, "properties": {"id": 3001, "src_line": 76041.5, "src_sample": 4737.5, "fit_residual_px": 0.5073, "heldout_residual_px": 0.6807}}, {"type": "Feature", "geometry": {"type": "Point", "coordinates": [32.44787776, -69.13323235]}, "properties": {"id": 3002, "src_line": 76041.5, "src_sample": 5121.5, "fit_residual_px": 0.2226, "heldout_residual_px": 0.4599}}, {"type": "Feature", "geometry": {"type": "Point", "coordinates": [32.43805419, -69.13297371]}, "properties": {"id": 3003, "src_line": 76041.5, "src_sample": 5505.5, "fit_residual_px": 0.492, "heldout_residual_px": 0.6919}}, {"type": "Feature", "geometry": {"type": "Point", "coordinates": [32.42825894, -69.13271109]}, "properties": {"id": 3004, "src_line": 76041.5, "src_sample": 5889.5, "fit_residual_px": 0.4882, "heldout_residual_px": 0.7387}}, {"type": "Feature", "geometry": {"type": "Point", "coordinates": [32.41836522, -69.132467]}, "properties": {"id": 3005, "src_line": 76041.5, "src_sample": 6273.5, "fit_residual_px": 0.3655, "heldout_residual_px": 0.4826}}, {"type": "Feature", "geometry": {"type": "Point", "coordinates": [32.40838144, -69.1321783]}, "properties": {"id": 3006, "src_line": 76041.5, "src_sample": 6657.5, "fit_residual_px": 0.356, "heldout_residual_px": 0.596}}, {"type": "Feature", "geometry": {"type": "Point", "coordinates": [32.39836922, -69.13192661]}, "properties": {"id": 3007, "src_line": 76041.5, "src_sample": 7041.5, "fit_residual_px": 0.355, "heldout_residual_px": 0.1798}}, {"type": "Feature", "geometry": {"type": "Point", "coordinates": [32.38842212, -69.13164984]}, "properties": {"id": 3008, "src_line": 76041.5, "src_sample": 7425.5, "fit_residual_px": 0.3003, "heldout_residual_px": 0.2874}}, {"type": "Feature", "geometry": {"type": "Point", "coordinates": [32.37848688, -69.13139702]}, "properties": {"id": 3009, "src_line": 76041.5, "src_sample": 7809.5, "fit_residual_px": 0.6417, "heldout_residual_px": 0.4733}}, {"type": "Feature", "geometry": {"type": "Point", "coordinates": [32.3687526, -69.1311284]}, "properties": {"id": 3010, "src_line": 76041.5, "src_sample": 8193.5, "fit_residual_px": 0.9274, "heldout_residual_px": 0.874}}, {"type": "Feature", "geometry": {"type": "Point", "coordinates": [32.35914203, -69.13090779]}, "properties": {"id": 3011, "src_line": 76041.5, "src_sample": 8577.5, "fit_residual_px": 0.1108, "heldout_residual_px": 0.2703}}, {"type": "Feature", "geometry": {"type": "Point", "coordinates": [32.34923623, -69.13064609]}, "properties": {"id": 3012, "src_line": 76041.5, "src_sample": 8961.5, "fit_residual_px": 0.2086, "heldout_residual_px": 0.3948}}, {"type": "Feature", "geometry": {"type": "Point", "coordinates": [32.33926195, -69.13036595]}, "properties": {"id": 3013, "src_line": 76041.5, "src_sample": 9345.5, "fit_residual_px": 0.3896, "heldout_residual_px": 0.4162}}, {"type": "Feature", "geometry": {"type": "Point", "coordinates": [32.2993403, -69.12929869]}, "properties": {"id": 3014, "src_line": 76041.5, "src_sample": 10881.5, "fit_residual_px": 0.1243, "heldout_residual_px": 0.4641}}, {"type": "Feature", "geometry": {"type": "Point", "coordinates": [32.28921839, -69.12902123]}, "properties": {"id": 3015, "src_line": 76041.5, "src_sample": 11265.5, "fit_residual_px": 0.2142, "heldout_residual_px": 0.5693}}, {"type": "Feature", "geometry": {"type": "Point", "coordinates": [32.27930521, -69.12876387]}, "properties": {"id": 3016, "src_line": 76041.5, "src_sample": 11649.5, "fit_residual_px": 0.5157, "heldout_residual_px": 0.5745}}, {"type": "Feature", "geometry": {"type": "Point", "coordinates": [32.50898012, -69.13157663]}, "properties": {"id": 3017, "src_line": 76425.5, "src_sample": 2817.5, "fit_residual_px": 0.0156, "heldout_residual_px": 0.0936}}, {"type": "Feature", "geometry": {"type": "Point", "coordinates": [32.48874749, -69.13098865]}, "properties": {"id": 3018, "src_line": 76425.5, "src_sample": 3585.5, "fit_residual_px": 0.3009, "heldout_residual_px": 0.2229}}, {"type": "Feature", "geometry": {"type": "Point", "coordinates": [32.47864253, -69.13067849]}, "properties": {"id": 3019, "src_line": 76425.5, "src_sample": 3969.5, "fit_residual_px": 0.4223, "heldout_residual_px": 0.5879}}, {"type": "Feature", "geometry": {"type": "Point", "coordinates": [32.4686596, -69.13040451]}, "properties": {"id": 3020, "src_line": 76425.5, "src_sample": 4353.5, "fit_residual_px": 0.3143, "heldout_residual_px": 0.5388}}, {"type": "Feature", "geometry": {"type": "Point", "coordinates": [32.45856981, -69.13012007]}, "properties": {"id": 3021, "src_line": 76425.5, "src_sample": 4737.5, "fit_residual_px": 0.1639, "heldout_residual_px": 0.4198}}, {"type": "Feature", "geometry": {"type": "Point", "coordinates": [32.44857916, -69.12984294]}, "properties": {"id": 3022, "src_line": 76425.5, "src_sample": 5121.5, "fit_residual_px": 0.1598, "heldout_residual_px": 0.4301}}, {"type": "Feature", "geometry": {"type": "Point", "coordinates": [32.4386981, -69.12957911]}, "properties": {"id": 3023, "src_line": 76425.5, "src_sample": 5505.5, "fit_residual_px": 0.1855, "heldout_residual_px": 0.4216}}, {"type": "Feature", "geometry": {"type": "Point", "coordinates": [32.42881834, -69.12933875]}, "properties": {"id": 3024, "src_line": 76425.5, "src_sample": 5889.5, "fit_residual_px": 0.4684, "heldout_residual_px": 0.1964}}, {"type": "Feature", "geometry": {"type": "Point", "coordinates": [32.41892271, -69.12906877]}, "properties": {"id": 3025, "src_line": 76425.5, "src_sample": 6273.5, "fit_residual_px": 0.2942, "heldout_residual_px": 0.0347}}, {"type": "Feature", "geometry": {"type": "Point", "coordinates": [32.40897603, -69.12878869]}, "properties": {"id": 3026, "src_line": 76425.5, "src_sample": 6657.5, "fit_residual_px": 0.0174, "heldout_residual_px": 0.2326}}, {"type": "Feature", "geometry": {"type": "Point", "coordinates": [32.3988732, -69.12850761]}, "properties": {"id": 3027, "src_line": 76425.5, "src_sample": 7041.5, "fit_residual_px": 0.2627, "heldout_residual_px": 0.1291}}, {"type": "Feature", "geometry": {"type": "Point", "coordinates": [32.38879484, -69.12819627]}, "properties": {"id": 3028, "src_line": 76425.5, "src_sample": 7425.5, "fit_residual_px": 0.6177, "heldout_residual_px": 0.8024}}, {"type": "Feature", "geometry": {"type": "Point", "coordinates": [32.3788795, -69.12794686]}, "properties": {"id": 3029, "src_line": 76425.5, "src_sample": 7809.5, "fit_residual_px": 0.453, "heldout_residual_px": 0.4038}}, {"type": "Feature", "geometry": {"type": "Point", "coordinates": [32.35000682, -69.12726007]}, "properties": {"id": 3030, "src_line": 76425.5, "src_sample": 8961.5, "fit_residual_px": 0.2918, "heldout_residual_px": 0.5713}}, {"type": "Feature", "geometry": {"type": "Point", "coordinates": [32.33007398, -69.12672489]}, "properties": {"id": 3031, "src_line": 76425.5, "src_sample": 9729.5, "fit_residual_px": 0.1453, "heldout_residual_px": 0.5849}}, {"type": "Feature", "geometry": {"type": "Point", "coordinates": [32.32010058, -69.12644374]}, "properties": {"id": 3032, "src_line": 76425.5, "src_sample": 10113.5, "fit_residual_px": 0.5061, "heldout_residual_px": 0.9386}}, {"type": "Feature", "geometry": {"type": "Point", "coordinates": [32.30007601, -69.12591397]}, "properties": {"id": 3033, "src_line": 76425.5, "src_sample": 10881.5, "fit_residual_px": 0.4021, "heldout_residual_px": 0.549}}, {"type": "Feature", "geometry": {"type": "Point", "coordinates": [32.29020198, -69.12564974]}, "properties": {"id": 3034, "src_line": 76425.5, "src_sample": 11265.5, "fit_residual_px": 0.0844, "heldout_residual_px": 0.8917}}, {"type": "Feature", "geometry": {"type": "Point", "coordinates": [32.28012832, -69.12538697]}, "properties": {"id": 3035, "src_line": 76425.5, "src_sample": 11649.5, "fit_residual_px": 0.5298, "heldout_residual_px": 1.0259}}, {"type": "Feature", "geometry": {"type": "Point", "coordinates": [32.50959577, -69.12817041]}, "properties": {"id": 3036, "src_line": 76809.5, "src_sample": 2817.5, "fit_residual_px": 0.1849, "heldout_residual_px": 0.2049}}, {"type": "Feature", "geometry": {"type": "Point", "coordinates": [32.49948375, -69.12787174]}, "properties": {"id": 3037, "src_line": 76809.5, "src_sample": 3201.5, "fit_residual_px": 0.2808, "heldout_residual_px": 0.3966}}, {"type": "Feature", "geometry": {"type": "Point", "coordinates": [32.48935488, -69.12758094]}, "properties": {"id": 3038, "src_line": 76809.5, "src_sample": 3585.5, "fit_residual_px": 0.0795, "heldout_residual_px": 0.2398}}, {"type": "Feature", "geometry": {"type": "Point", "coordinates": [32.47926134, -69.12728693]}, "properties": {"id": 3039, "src_line": 76809.5, "src_sample": 3969.5, "fit_residual_px": 0.1781, "heldout_residual_px": 0.3783}}, {"type": "Feature", "geometry": {"type": "Point", "coordinates": [32.46937063, -69.12701911]}, "properties": {"id": 3040, "src_line": 76809.5, "src_sample": 4353.5, "fit_residual_px": 0.2276, "heldout_residual_px": 0.4573}}, {"type": "Feature", "geometry": {"type": "Point", "coordinates": [32.45929203, -69.12673568]}, "properties": {"id": 3041, "src_line": 76809.5, "src_sample": 4737.5, "fit_residual_px": 0.2206, "heldout_residual_px": 0.4278}}, {"type": "Feature", "geometry": {"type": "Point", "coordinates": [32.44921324, -69.12644317]}, "properties": {"id": 3042, "src_line": 76809.5, "src_sample": 5121.5, "fit_residual_px": 0.1534, "heldout_residual_px": 0.3808}}, {"type": "Feature", "geometry": {"type": "Point", "coordinates": [32.43915595, -69.12616686]}, "properties": {"id": 3043, "src_line": 76809.5, "src_sample": 5505.5, "fit_residual_px": 0.1086, "heldout_residual_px": 0.1869}}, {"type": "Feature", "geometry": {"type": "Point", "coordinates": [32.42934631, -69.12590465]}, "properties": {"id": 3044, "src_line": 76809.5, "src_sample": 5889.5, "fit_residual_px": 0.5332, "heldout_residual_px": 0.5623}}, {"type": "Feature", "geometry": {"type": "Point", "coordinates": [32.41943345, -69.1256297]}, "properties": {"id": 3045, "src_line": 76809.5, "src_sample": 6273.5, "fit_residual_px": 0.3236, "heldout_residual_px": 0.5725}}, {"type": "Feature", "geometry": {"type": "Point", "coordinates": [32.40948444, -69.12534462]}, "properties": {"id": 3046, "src_line": 76809.5, "src_sample": 6657.5, "fit_residual_px": 0.8444, "heldout_residual_px": 1.0299}}, {"type": "Feature", "geometry": {"type": "Point", "coordinates": [32.39947356, -69.1250922]}, "properties": {"id": 3047, "src_line": 76809.5, "src_sample": 7041.5, "fit_residual_px": 0.1576, "heldout_residual_px": 0.2953}}, {"type": "Feature", "geometry": {"type": "Point", "coordinates": [32.35071674, -69.12387257]}, "properties": {"id": 3048, "src_line": 76809.5, "src_sample": 8961.5, "fit_residual_px": 0.2494, "heldout_residual_px": 0.2538}}, {"type": "Feature", "geometry": {"type": "Point", "coordinates": [32.34090627, -69.12361649]}, "properties": {"id": 3049, "src_line": 76809.5, "src_sample": 9345.5, "fit_residual_px": 0.3542, "heldout_residual_px": 0.8681}}, {"type": "Feature", "geometry": {"type": "Point", "coordinates": [32.33091044, -69.12334551]}, "properties": {"id": 3050, "src_line": 76809.5, "src_sample": 9729.5, "fit_residual_px": 0.313, "heldout_residual_px": 0.3961}}, {"type": "Feature", "geometry": {"type": "Point", "coordinates": [32.32100078, -69.12308758]}, "properties": {"id": 3051, "src_line": 76809.5, "src_sample": 10113.5, "fit_residual_px": 0.3458, "heldout_residual_px": 1.102}}, {"type": "Feature", "geometry": {"type": "Point", "coordinates": [32.5101201, -69.12477532]}, "properties": {"id": 3052, "src_line": 77193.5, "src_sample": 2817.5, "fit_residual_px": 0.6543, "heldout_residual_px": 0.6476}}, {"type": "Feature", "geometry": {"type": "Point", "coordinates": [32.50013374, -69.12447495]}, "properties": {"id": 3053, "src_line": 77193.5, "src_sample": 3201.5, "fit_residual_px": 0.1599, "heldout_residual_px": 0.21}}, {"type": "Feature", "geometry": {"type": "Point", "coordinates": [32.49002814, -69.12417796]}, "properties": {"id": 3054, "src_line": 77193.5, "src_sample": 3585.5, "fit_residual_px": 0.4363, "heldout_residual_px": 0.5581}}, {"type": "Feature", "geometry": {"type": "Point", "coordinates": [32.48002476, -69.12391874]}, "properties": {"id": 3055, "src_line": 77193.5, "src_sample": 3969.5, "fit_residual_px": 0.3394, "heldout_residual_px": 0.2778}}, {"type": "Feature", "geometry": {"type": "Point", "coordinates": [32.47002177, -69.12363644]}, "properties": {"id": 3056, "src_line": 77193.5, "src_sample": 4353.5, "fit_residual_px": 0.3325, "heldout_residual_px": 0.331}}, {"type": "Feature", "geometry": {"type": "Point", "coordinates": [32.46000699, -69.12333351]}, "properties": {"id": 3057, "src_line": 77193.5, "src_sample": 4737.5, "fit_residual_px": 0.3084, "heldout_residual_px": 0.4866}}, {"type": "Feature", "geometry": {"type": "Point", "coordinates": [32.4498513, -69.12303457]}, "properties": {"id": 3058, "src_line": 77193.5, "src_sample": 5121.5, "fit_residual_px": 0.3658, "heldout_residual_px": 0.5139}}, {"type": "Feature", "geometry": {"type": "Point", "coordinates": [32.43971512, -69.12273959]}, "properties": {"id": 3059, "src_line": 77193.5, "src_sample": 5505.5, "fit_residual_px": 0.282, "heldout_residual_px": 0.4987}}, {"type": "Feature", "geometry": {"type": "Point", "coordinates": [32.4297771, -69.12248253]}, "properties": {"id": 3060, "src_line": 77193.5, "src_sample": 5889.5, "fit_residual_px": 0.1482, "heldout_residual_px": 0.1299}}, {"type": "Feature", "geometry": {"type": "Point", "coordinates": [32.41994066, -69.12222606]}, "properties": {"id": 3061, "src_line": 77193.5, "src_sample": 6273.5, "fit_residual_px": 0.1785, "heldout_residual_px": 0.145}}, {"type": "Feature", "geometry": {"type": "Point", "coordinates": [32.41013134, -69.12196192]}, "properties": {"id": 3062, "src_line": 77193.5, "src_sample": 6657.5, "fit_residual_px": 0.1724, "heldout_residual_px": 0.3219}}, {"type": "Feature", "geometry": {"type": "Point", "coordinates": [32.40028963, -69.12171164]}, "properties": {"id": 3063, "src_line": 77193.5, "src_sample": 7041.5, "fit_residual_px": 0.2465, "heldout_residual_px": 0.145}}, {"type": "Feature", "geometry": {"type": "Point", "coordinates": [32.5107153, -69.12135636]}, "properties": {"id": 3064, "src_line": 77577.5, "src_sample": 2817.5, "fit_residual_px": 0.5501, "heldout_residual_px": 0.4751}}, {"type": "Feature", "geometry": {"type": "Point", "coordinates": [32.5005711, -69.12106179]}, "properties": {"id": 3065, "src_line": 77577.5, "src_sample": 3201.5, "fit_residual_px": 0.2481, "heldout_residual_px": 0.593}}, {"type": "Feature", "geometry": {"type": "Point", "coordinates": [32.49049521, -69.12077229]}, "properties": {"id": 3066, "src_line": 77577.5, "src_sample": 3585.5, "fit_residual_px": 0.2306, "heldout_residual_px": 0.495}}, {"type": "Feature", "geometry": {"type": "Point", "coordinates": [32.48074498, -69.1205181]}, "properties": {"id": 3067, "src_line": 77577.5, "src_sample": 3969.5, "fit_residual_px": 0.2158, "heldout_residual_px": 0.3747}}, {"type": "Feature", "geometry": {"type": "Point", "coordinates": [32.47076146, -69.12023594]}, "properties": {"id": 3068, "src_line": 77577.5, "src_sample": 4353.5, "fit_residual_px": 0.4959, "heldout_residual_px": 0.6168}}, {"type": "Feature", "geometry": {"type": "Point", "coordinates": [32.46067834, -69.11995784]}, "properties": {"id": 3069, "src_line": 77577.5, "src_sample": 4737.5, "fit_residual_px": 0.3344, "heldout_residual_px": 0.6031}}, {"type": "Feature", "geometry": {"type": "Point", "coordinates": [32.45050755, -69.11964907]}, "properties": {"id": 3070, "src_line": 77577.5, "src_sample": 5121.5, "fit_residual_px": 0.1534, "heldout_residual_px": 0.3887}}, {"type": "Feature", "geometry": {"type": "Point", "coordinates": [32.44036865, -69.1193571]}, "properties": {"id": 3071, "src_line": 77577.5, "src_sample": 5505.5, "fit_residual_px": 0.2424, "heldout_residual_px": 0.5071}}, {"type": "Feature", "geometry": {"type": "Point", "coordinates": [32.43046741, -69.11908631]}, "properties": {"id": 3072, "src_line": 77577.5, "src_sample": 5889.5, "fit_residual_px": 0.1213, "heldout_residual_px": 0.3797}}, {"type": "Feature", "geometry": {"type": "Point", "coordinates": [32.4206572, -69.11882167]}, "properties": {"id": 3073, "src_line": 77577.5, "src_sample": 6273.5, "fit_residual_px": 0.1195, "heldout_residual_px": 0.1235}}, {"type": "Feature", "geometry": {"type": "Point", "coordinates": [32.41090215, -69.11859323]}, "properties": {"id": 3074, "src_line": 77577.5, "src_sample": 6657.5, "fit_residual_px": 0.533, "heldout_residual_px": 0.7431}}, {"type": "Feature", "geometry": {"type": "Point", "coordinates": [32.40106338, -69.11831839]}, "properties": {"id": 3075, "src_line": 77577.5, "src_sample": 7041.5, "fit_residual_px": 0.0228, "heldout_residual_px": 0.2076}}]}