# Stage P tie points: ch2_ohr_ncp_20211023T0027462822_d_img_d18 (source) to NAC_DTM_VIKRAMSITE1_M1442997156_100CM.TIF (reference), Chandrayaan-3 landing site.
# src_line/src_sample: 0-based position in the full-resolution source .img.
# ref_x/ref_y: reference CRS (polar stereographic, lat_ts -69.3, lon_0 32.3, R 1737400 m); ref_col/ref_row: 0-based pixel centre in the reference GeoTIFF.
# isro_geo_dx/dy_m: reference position minus the position the ISRO geometry CSV assigns to the same source pixel.
# Residuals in fine source-frame px (1 px = 1.134 m on the ground). heldout_residual_px: stripes scheme, model never saw the node.
# Reference error: lola_rms 1.85 m. Residuals are relative to the reference, not ground-truth errors.
id,src_line,src_sample,ref_x,ref_y,lon,lat,ref_col,ref_row,isro_geo_dx_m,isro_geo_dy_m,ncc_peak,ncc_second,fit_residual_px,is_inlier,heldout_fold,heldout_residual_px
0,25353.50,2817.50,1466.724,605472.095,32.43879571,-69.58549753,12511.224,32787.405,488.79,-3686.95,0.8285,0.7150,1.1263,1,0,8.2985
1,25353.50,3201.50,1355.098,605481.560,32.42823065,-69.58519369,12399.598,32777.940,485.19,-3686.09,0.8063,0.4964,0.2617,1,0,6.0421
2,25353.50,3585.50,1243.964,605491.519,32.41771227,-69.58487284,12288.464,32767.981,482.14,-3684.75,0.8281,0.4490,0.3306,1,0,4.7081
3,25353.50,3969.50,1135.649,605500.642,32.40746121,-69.58457873,12180.149,32758.858,481.97,-3684.25,0.7937,0.3006,0.6136,1,0,3.8186
4,25353.50,4353.50,1029.626,605508.156,32.39742757,-69.58433699,12074.126,32751.344,484.17,-3685.37,0.8606,0.7221,0.6312,1,0,3.8915
5,25353.50,4737.50,923.383,605516.845,32.38737312,-69.58405584,11967.883,32742.655,486.21,-3685.31,0.8025,0.2838,0.5331,1,0,3.5859
6,25353.50,5121.50,816.143,605525.023,32.37722475,-69.58379098,11860.643,32734.477,487.31,-3685.77,0.8323,0.2971,0.1307,1,0,4.3132
7,25353.50,5505.50,708.079,605534.247,32.36699854,-69.58349102,11752.579,32725.253,487.66,-3685.19,0.7680,0.3377,0.4764,1,0,4.5374
8,25353.50,5889.50,595.478,605544.237,32.35634334,-69.58316527,11639.978,32715.263,483.54,-3683.84,0.8644,0.7389,0.4572,1,0,5.3052
9,25353.50,6273.50,487.069,605553.520,32.34608509,-69.58286206,11531.569,32705.980,483.67,-3683.21,0.6886,0.3839,0.5559,1,0,5.1749
10,25353.50,6657.50,380.239,605560.981,32.33597672,-69.58261832,11424.739,32698.519,485.46,-3684.40,0.7300,0.4539,0.1538,1,0,6.2488
11,25353.50,7041.50,271.062,605569.831,32.32564645,-69.58232813,11315.562,32689.669,484.96,-3684.21,0.7595,0.4500,0.4705,1,0,6.8398
12,25353.50,7425.50,161.714,605579.079,32.31530031,-69.58202419,11206.214,32680.421,484.35,-3683.63,0.7000,0.3826,0.2232,1,0,7.0187
13,25353.50,7809.50,50.505,605588.673,32.30477838,-69.58170814,11095.005,32670.827,481.95,-3682.70,0.6756,0.3590,0.3181,1,0,7.5242
14,25353.50,8193.50,-60.688,605598.163,32.29425829,-69.58139488,10983.812,32661.337,479.63,-3681.88,0.7656,0.5543,0.1193,1,0,8.1608
15,25353.50,8577.50,-170.910,605607.347,32.28383038,-69.58109105,10873.590,32652.153,478.35,-3681.38,0.7051,0.4616,0.8448,1,0,9.1685
16,25353.50,8961.50,-279.665,605616.203,32.27354160,-69.58079739,10764.835,32643.297,478.60,-3681.20,0.7602,0.4654,0.1978,1,0,9.6249
17,25353.50,9345.50,-390.131,605624.836,32.26309126,-69.58051043,10654.369,32634.664,477.21,-3681.26,0.7592,0.5536,1.5461,0,0,12.0162
18,25353.50,10113.50,-601.770,605640.602,32.24307040,-69.57998433,10442.730,32618.898,483.92,-3682.88,0.7369,0.5477,0.7337,1,0,14.0772
19,25353.50,10497.50,-707.213,605648.152,32.23309601,-69.57973134,10337.287,32611.348,487.75,-3684.03,0.8233,0.4949,0.4059,1,0,15.1142
20,25353.50,10881.50,-815.198,605655.565,32.22288127,-69.57948218,10229.302,32603.935,489.11,-3685.32,0.7938,0.5827,0.4064,1,0,18.0914
21,25353.50,11265.50,-921.545,605663.558,32.21282187,-69.57921332,10122.955,32595.942,492.17,-3686.04,0.8012,0.5681,0.1256,1,0,19.8618
22,25353.50,11649.50,-1031.704,605672.379,32.20240232,-69.57891632,10012.796,32587.121,491.49,-3685.93,0.8704,0.6570,0.3818,1,0,23.2195
23,25737.50,2817.50,1471.549,605574.588,32.43922873,-69.58211412,12516.049,32684.912,487.79,-3687.93,0.8159,0.3110,0.4474,1,0,5.4134
24,25737.50,3201.50,1360.779,605584.624,32.42874626,-69.58179139,12405.279,32674.876,485.04,-3686.51,0.8377,0.6127,0.2315,1,0,3.9102
25,25737.50,3585.50,1249.714,605595.103,32.41823617,-69.58145342,12294.214,32664.397,482.06,-3684.65,0.8451,0.6470,0.1881,1,0,2.8174
26,25737.50,3969.50,1139.592,605604.483,32.40781579,-69.58115099,12184.092,32655.017,480.09,-3683.89,0.8657,0.5458,0.1045,1,0,2.4492
27,25737.50,4353.50,1033.144,605612.581,32.39774354,-69.58089000,12077.644,32646.919,481.86,-3684.42,0.7047,0.2809,0.3465,1,0,2.4121
28,25737.50,4737.50,927.567,605620.875,32.38775396,-69.58062187,11972.067,32638.625,484.56,-3684.76,0.7680,0.3244,0.3077,1,0,2.4372
29,25737.50,5121.50,820.886,605628.654,32.37766029,-69.58037018,11865.386,32630.846,486.23,-3685.62,0.7707,0.2559,0.3683,1,0,3.2224
30,25737.50,5505.50,715.022,605636.975,32.36764403,-69.58009997,11759.522,32622.525,488.78,-3685.94,0.7318,0.4734,0.5194,1,0,3.2292
31,25737.50,5889.50,607.248,605645.515,32.35744740,-69.57982199,11651.748,32613.985,489.48,-3686.04,0.6978,0.4608,0.1823,1,0,3.7561
32,25737.50,6273.50,498.188,605654.677,32.34712923,-69.57952283,11542.688,32604.823,488.97,-3685.53,0.7230,0.4815,0.7094,1,0,3.8259
33,25737.50,6657.50,391.149,605663.052,32.33700271,-69.57924901,11435.649,32596.448,490.54,-3685.81,0.7403,0.3507,0.3008,1,0,4.1171
34,25737.50,7041.50,282.269,605671.629,32.32670229,-69.57896791,11326.769,32587.871,490.34,-3685.89,0.7597,0.3553,0.2342,1,0,4.7038
35,25737.50,7425.50,173.178,605680.322,32.31638223,-69.57868233,11217.678,32579.178,489.99,-3685.86,0.7077,0.4106,0.5178,1,0,5.2549
36,25737.50,7809.50,61.912,605690.399,32.30585661,-69.57835043,11106.412,32569.101,487.53,-3684.45,0.8235,0.5690,0.3393,1,0,5.1732
37,25737.50,8193.50,-49.354,605699.308,32.29533138,-69.57805641,10995.146,32560.192,485.14,-3684.22,0.7176,0.4005,0.8134,1,0,6.3083
38,25737.50,8577.50,-158.739,605708.826,32.28498440,-69.57774161,10885.761,32550.674,484.70,-3683.38,0.7915,0.5156,0.3193,1,0,6.1049
39,25737.50,8961.50,-268.669,605717.780,32.27458622,-69.57744480,10775.831,32541.720,483.78,-3683.10,0.7364,0.4505,0.0836,1,0,6.8543
40,25737.50,9345.50,-377.548,605726.409,32.26428766,-69.57715809,10666.952,32533.091,483.97,-3683.16,0.7955,0.5177,0.2141,1,0,7.7335
41,25737.50,9729.50,-485.066,605734.085,32.25411812,-69.57690219,10559.434,32525.415,485.60,-3684.18,0.8561,0.6807,0.6904,1,0,9.1613
42,25737.50,10113.50,-592.330,605742.971,32.24397289,-69.57660573,10452.170,32516.529,487.54,-3683.99,0.8248,0.5964,0.4662,1,0,9.0526
43,25737.50,10497.50,-700.002,605750.643,32.23378933,-69.57634871,10344.498,32508.857,489.14,-3685.02,0.8291,0.4853,0.1719,1,0,11.0451
44,25737.50,10881.50,-806.872,605758.321,32.22368184,-69.57609089,10237.628,32501.179,491.61,-3686.05,0.8795,0.6314,0.2577,1,0,12.1387
45,25737.50,11265.50,-916.392,605767.508,32.21332425,-69.57578252,10128.108,32491.992,491.50,-3685.57,0.9076,0.7317,0.3390,1,0,13.8695
46,25737.50,11649.50,-1030.795,605777.376,32.20250516,-69.57545075,10013.705,32482.124,486.58,-3684.41,0.7091,0.5252,0.2280,1,0,16.3037
47,26121.50,2817.50,1477.029,605678.535,32.43972325,-69.57868270,12521.529,32580.965,487.21,-3687.40,0.8655,0.7736,0.1808,1,0,2.7998
48,26121.50,3201.50,1366.662,605688.083,32.42928078,-69.57837608,12411.162,32571.417,484.86,-3686.47,0.8405,0.5706,0.3515,1,0,2.0912
49,26121.50,3585.50,1255.314,605698.723,32.41874565,-69.57803286,12299.814,32560.777,481.60,-3684.45,0.8728,0.6658,0.3573,1,0,1.3960
50,26121.50,3969.50,1143.919,605709.284,32.40820643,-69.57769156,12188.419,32550.216,478.36,-3682.51,0.8035,0.5261,0.6799,1,0,0.9440
51,26121.50,4353.50,1036.291,605717.670,32.39802425,-69.57742116,12080.791,32541.830,478.95,-3682.75,0.8292,0.4653,0.3814,1,0,1.0577
52,26121.50,4737.50,929.807,605725.212,32.38795070,-69.57717791,11974.307,32534.288,480.75,-3683.84,0.7337,0.2818,0.4172,1,0,1.8812
53,26121.50,5121.50,825.944,605733.353,32.37812529,-69.57691418,11870.444,32526.147,485.23,-3684.33,0.7113,0.3795,0.4602,1,0,1.4803
54,26121.50,5505.50,721.507,605740.548,32.36824585,-69.57668110,11766.007,32518.952,489.21,-3685.78,0.7113,0.2856,0.1963,1,0,1.9681
55,26121.50,5889.50,616.038,605747.960,32.35826903,-69.57644029,11660.538,32511.540,492.22,-3687.01,0.7614,0.4007,0.1485,1,0,2.5380
56,26121.50,6273.50,508.937,605756.466,32.34813804,-69.57616283,11553.437,32503.034,493.66,-3687.16,0.8179,0.3765,0.1993,1,0,2.5755
57,26121.50,6657.50,401.897,605764.864,32.33801314,-69.57588829,11446.397,32494.636,495.24,-3687.41,0.7724,0.2820,0.3811,1,0,2.8312
58,26121.50,7041.50,292.921,605773.299,32.32770527,-69.57561195,11337.421,32486.201,494.94,-3687.64,0.8158,0.4830,0.4341,1,0,3.3983
59,26121.50,7425.50,182.383,605782.497,32.31725008,-69.57530976,11226.883,32477.003,493.14,-3687.10,0.8205,0.4831,0.5454,1,0,3.7669
60,26121.50,7809.50,73.009,605791.885,32.30690515,-69.57500065,11117.509,32467.615,492.58,-3686.38,0.6925,0.4368,0.4841,1,0,3.6304
61,26121.50,8193.50,-37.320,605801.260,32.29647032,-69.57469135,11007.180,32458.240,491.12,-3685.68,0.7120,0.3914,0.1788,1,0,3.7782
62,26121.50,8577.50,-147.645,605810.621,32.28603619,-69.57438179,10896.855,32448.879,489.74,-3685.00,0.7479,0.4369,0.3139,1,0,3.9474
63,26121.50,8961.50,-258.129,605819.652,32.27558727,-69.57408251,10786.371,32439.848,488.27,-3684.65,0.8226,0.5642,0.1092,1,0,4.6276
64,26121.50,9345.50,-367.244,605828.488,32.26526815,-69.57378900,10677.256,32431.012,488.23,-3684.50,0.8206,0.5661,0.4972,1,0,5.2133
65,26121.50,9729.50,-475.121,605837.000,32.25506644,-69.57350558,10569.379,32422.500,489.49,-3684.68,0.7817,0.5788,0.3510,1,0,5.5490
66,26121.50,10113.50,-583.135,605844.589,32.24485194,-69.57325198,10461.365,32414.911,490.69,-3685.78,0.8499,0.6866,0.3989,1,0,6.7218
67,26121.50,10497.50,-690.943,605853.050,32.23465730,-69.57296898,10353.557,32406.450,492.15,-3686.02,0.8167,0.6137,0.0977,1,0,7.2185
68,26121.50,10881.50,-798.840,605861.480,32.22445450,-69.57268635,10245.660,32398.020,493.60,-3686.30,0.8957,0.7283,0.5247,1,0,7.6043
69,26121.50,11265.50,-912.801,605871.597,32.21367870,-69.57234711,10131.699,32387.903,489.05,-3684.89,0.7042,0.4592,0.3687,1,0,9.1370
70,26121.50,11649.50,-1030.014,605882.242,32.20259588,-69.57198954,10014.486,32377.258,481.31,-3682.96,0.8173,0.7324,0.4740,1,0,11.2236
71,26505.50,2817.50,1482.113,605782.620,32.44018005,-69.57524679,12526.613,32476.880,486.24,-3686.75,0.8430,0.5226,0.6725,1,0,1.0966
72,26505.50,3201.50,1370.487,605792.581,32.42962024,-69.57492667,12414.987,32466.919,482.64,-3685.40,0.8202,0.4848,0.3605,1,0,0.8297
73,26505.50,3585.50,1258.969,605802.895,32.41907096,-69.57459421,12303.469,32456.605,479.21,-3683.70,0.8852,0.7598,0.7839,1,0,0.2011
74,26505.50,3969.50,1148.218,605812.604,32.40859457,-69.57428103,12192.718,32446.896,476.61,-3682.62,0.8625,0.4137,0.2512,1,0,0.5394
75,26505.50,4353.50,1039.117,605821.553,32.39827473,-69.57399216,12083.617,32437.947,475.72,-3682.29,0.8217,0.4432,0.3396,1,0,1.0260
76,26505.50,4737.50,932.996,605829.485,32.38823722,-69.57373606,11977.496,32430.015,477.89,-3682.99,0.8536,0.4604,0.3912,1,0,1.3153
77,26505.50,5121.50,829.201,605837.508,32.37841983,-69.57347621,11873.701,32421.992,482.44,-3683.61,0.7415,0.4773,0.2667,1,0,0.8628
78,26505.50,6273.50,516.925,605859.615,32.34888527,-69.57275799,11561.425,32399.885,495.60,-3687.44,0.8027,0.3683,0.4173,1,0,1.2104
79,26505.50,6657.50,410.180,605867.267,32.33878999,-69.57250813,11454.680,32392.233,497.47,-3688.44,0.7280,0.2247,0.4909,1,0,1.8045
80,26505.50,7041.50,302.755,605875.696,32.32863057,-69.57223199,11347.255,32383.804,498.72,-3688.67,0.8515,0.7354,0.2176,1,0,1.9041
81,26505.50,7425.50,192.573,605885.083,32.31821072,-69.57192367,11237.073,32374.417,497.28,-3687.95,0.7624,0.4985,0.5308,1,0,2.0324
82,26505.50,7809.50,83.996,605893.541,32.30794302,-69.57164533,11128.496,32365.959,497.52,-3688.16,0.7461,0.3853,0.4189,1,0,2.3860
83,26505.50,8193.50,-26.207,605902.812,32.29752181,-69.57133947,11018.293,32356.688,496.19,-3687.56,0.8665,0.7459,0.1846,1,0,2.4589
84,26505.50,8577.50,-136.447,605912.107,32.28709738,-69.57103220,10908.053,32347.393,494.89,-3686.94,0.7466,0.4489,0.1106,1,0,2.5687
85,26505.50,8961.50,-246.904,605921.617,32.27665279,-69.57071715,10797.596,32337.883,493.45,-3686.11,0.8327,0.5653,0.2647,1,0,2.6615
86,26505.50,9345.50,-355.896,605930.447,32.26634706,-69.57042394,10688.604,32329.053,493.53,-3685.97,0.8741,0.7015,0.4561,1,0,2.9464
87,26505.50,10113.50,-572.985,605946.699,32.24582092,-69.56988202,10471.515,32312.801,494.79,-3687.10,0.8622,0.6695,0.4354,1,0,4.2107
88,26505.50,10497.50,-681.337,605954.977,32.23557649,-69.56960510,10363.163,32304.523,495.72,-3687.53,0.8711,0.6000,0.3667,1,0,4.3090
89,26505.50,10881.50,-791.690,605964.564,32.22514336,-69.56928425,10252.810,32294.936,494.71,-3686.64,0.9181,0.7683,0.6326,1,0,4.2582
90,26505.50,11265.50,-909.439,605975.431,32.21401140,-69.56892010,10135.061,32284.069,486.37,-3684.48,0.6151,0.5048,0.4730,1,0,6.1993
91,26505.50,11649.50,-1027.553,605986.923,32.20284548,-69.56853457,10016.947,32272.577,477.73,-3681.71,0.5110,0.4155,0.3801,1,0,6.5432
92,26889.50,2817.50,1486.171,605886.156,32.44053990,-69.57182910,12530.671,32373.344,484.45,-3686.69,0.8849,0.6284,0.9589,1,0,0.3788
93,26889.50,3201.50,1373.492,605897.049,32.42988209,-69.57147835,12417.992,32362.451,479.79,-3684.41,0.7676,0.4945,0.8002,1,0,0.4447
94,26889.50,3585.50,1261.395,605907.070,32.41927983,-69.57115564,12305.895,32352.430,475.78,-3683.00,0.7999,0.4749,0.1949,1,0,0.3180
95,26889.50,3969.50,1150.933,605916.699,32.40883268,-69.57084508,12195.433,32342.801,473.47,-3682.00,0.8669,0.5736,0.3456,1,0,0.5936
96,26889.50,4353.50,1042.014,605926.233,32.39853172,-69.57053689,12086.514,32333.267,472.77,-3681.09,0.8478,0.4759,0.2453,1,0,0.4151
97,26889.50,4737.50,936.878,605933.819,32.38858910,-69.57029218,11981.378,32325.681,475.92,-3682.13,0.7758,0.3870,0.2880,1,0,0.6718
98,26889.50,5121.50,832.748,605941.634,32.37874176,-69.57003926,11877.248,32317.866,480.14,-3682.96,0.7302,0.3791,0.6463,1,0,0.5994
99,26889.50,6273.50,522.174,605963.017,32.34937320,-69.56934494,11566.674,32296.483,495.00,-3687.51,0.7197,0.5191,0.9272,1,0,0.9828
100,26889.50,6657.50,417.411,605970.327,32.33946706,-69.56910634,11461.911,32289.173,498.85,-3688.85,0.7545,0.3449,0.3264,1,0,0.9825
101,26889.50,7041.50,311.474,605978.349,32.32945012,-69.56884368,11355.974,32281.151,501.60,-3689.49,0.8067,0.3705,0.1446,1,0,0.9524
102,26889.50,7425.50,203.074,605986.530,32.31920059,-69.56857518,11247.574,32272.970,501.94,-3689.97,0.7646,0.3004,0.5944,1,0,1.5086
103,26889.50,7809.50,94.802,605995.731,32.30896334,-69.56827237,11139.302,32263.769,502.48,-3689.44,0.8175,0.4928,0.2607,1,0,1.0177
104,26889.50,8193.50,-15.537,606004.603,32.29853106,-69.56797977,11028.963,32254.897,501.02,-3689.24,0.7902,0.3102,0.2175,1,0,1.4585
105,26889.50,8577.50,-125.689,606013.959,32.28811665,-69.56767054,10918.811,32245.541,499.81,-3688.56,0.8525,0.6525,0.2390,1,0,1.3362
106,26889.50,8961.50,-236.395,606023.573,32.27765027,-69.56735213,10808.105,32235.927,498.11,-3687.63,0.8706,0.7351,0.4350,1,0,1.1581
107,26889.50,9345.50,-346.387,606032.581,32.26725171,-69.56705307,10698.113,32226.919,497.20,-3687.31,0.8761,0.6088,0.2830,1,0,1.4188
108,26889.50,9729.50,-455.613,606040.803,32.25692585,-69.56677932,10588.887,32218.697,497.11,-3687.78,0.8821,0.5138,0.1431,1,0,1.9337
109,26889.50,10113.50,-565.603,606049.724,32.24652803,-69.56648182,10478.897,32209.776,496.33,-3687.55,0.8719,0.4696,0.3566,1,0,1.9854
110,26889.50,10497.50,-675.491,606058.478,32.23614018,-69.56618917,10369.009,32201.022,495.72,-3687.50,0.8557,0.4215,0.3601,1,0,2.2708
111,26889.50,10881.50,-787.252,606069.028,32.22557582,-69.56583652,10257.248,32190.472,493.30,-3685.66,0.7076,0.5486,1.1923,1,0,1.3759
112,26889.50,11265.50,-904.920,606079.844,32.21445343,-69.56547409,10139.580,32179.656,485.05,-3683.55,0.8035,0.6369,0.1737,1,0,2.7158
113,26889.50,11649.50,-1022.863,606091.122,32.20330549,-69.56509568,10021.637,32168.378,476.58,-3680.98,0.6641,0.5685,0.4588,1,0,3.7645
114,27273.50,2817.50,1489.917,605990.573,32.44086986,-69.56838240,12534.417,32268.927,482.33,-3685.74,0.9177,0.7518,1.5489,0,0,1.6745
115,27273.50,3201.50,1374.628,606001.967,32.42996702,-69.56801533,12419.128,32257.533,475.07,-3682.96,0.9144,0.7563,0.8629,1,0,0.9751
116,27273.50,3585.50,1264.636,606011.342,32.41956579,-69.56771382,12309.136,32248.158,473.16,-3682.21,0.8507,0.5013,0.3449,1,0,0.3903
117,27273.50,3969.50,1154.643,606021.015,32.40916468,-69.56740179,12199.143,32238.485,471.32,-3681.15,0.8324,0.4938,0.1611,1,0,0.2004
118,27273.50,4353.50,1045.956,606030.301,32.39888751,-69.56710182,12090.456,32229.199,470.86,-3680.50,0.7993,0.3578,0.2472,1,0,0.1537
119,27273.50,4737.50,939.808,606038.897,32.38885067,-69.56682382,11984.308,32220.603,472.99,-3680.53,0.8119,0.5146,0.5527,1,0,0.3644
120,27273.50,5121.50,835.526,606045.568,32.37899089,-69.56660870,11880.026,32213.932,477.06,-3682.50,0.7988,0.6468,0.9285,1,0,0.8805
121,27273.50,5505.50,732.901,606053.119,32.36928786,-69.56636385,11777.401,32206.381,482.85,-3683.59,0.7194,0.5015,0.9783,1,0,0.7779
122,27273.50,5889.50,630.682,606059.454,32.35962348,-69.56615855,11675.182,32200.046,489.11,-3685.90,0.6923,0.4316,0.7255,1,0,0.6889
123,27273.50,6273.50,527.203,606066.751,32.34984026,-69.56592098,11571.703,32192.749,494.18,-3687.25,0.7375,0.5222,0.5882,1,0,0.5156
124,27273.50,6657.50,422.291,606073.984,32.33992170,-69.56568494,11466.791,32185.516,497.88,-3688.67,0.5664,0.3559,0.5279,1,0,0.6839
125,27273.50,7041.50,317.208,606081.915,32.32998715,-69.56542529,11361.708,32177.585,501.48,-3689.40,0.8028,0.2704,0.1913,1,0,0.2614
126,27273.50,7425.50,209.669,606090.142,32.31982069,-69.56515532,11254.169,32169.358,502.68,-3689.84,0.8058,0.2609,0.3012,1,0,0.5223
127,27273.50,7809.50,101.907,606098.288,32.30963345,-69.56488736,11146.407,32161.212,503.73,-3690.36,0.8375,0.4498,0.1802,1,0,0.7125
128,27273.50,8193.50,-6.608,606107.490,32.29937537,-69.56458393,11037.892,32152.010,504.10,-3689.83,0.8393,0.5583,0.5530,1,0,0.4161
129,27273.50,8577.50,-117.375,606116.570,32.28890459,-69.56428385,10927.125,32142.930,502.27,-3689.43,0.8240,0.3357,0.1522,1,0,0.5365
130,27273.50,8961.50,-228.399,606125.966,32.27840996,-69.56397271,10816.101,32133.534,500.26,-3688.71,0.8078,0.3849,0.1059,1,0,0.6792
131,27273.50,9345.50,-338.790,606135.129,32.26797538,-69.56366856,10705.710,32124.371,498.94,-3688.24,0.8541,0.5960,0.3633,1,0,0.6139
132,27273.50,9729.50,-450.246,606144.632,32.25744052,-69.56335251,10594.254,32114.868,496.63,-3687.42,0.8461,0.4575,0.3021,1,0,0.6258
133,27273.50,10113.50,-560.933,606153.530,32.24697866,-69.56305579,10483.567,32105.970,495.16,-3687.22,0.8352,0.6124,0.4834,1,0,0.8836
134,27273.50,10497.50,-671.642,606162.917,32.23651502,-69.56274227,10372.858,32096.583,493.72,-3686.54,0.7736,0.5759,0.7918,1,0,0.7337
135,27273.50,10881.50,-786.273,606173.251,32.22568111,-69.56239664,10258.227,32086.249,488.44,-3684.91,0.7634,0.5911,0.4739,1,0,0.8257
136,27273.50,11265.50,-902.244,606184.026,32.21472107,-69.56203567,10142.256,32075.474,481.88,-3682.84,0.8039,0.5332,0.1445,1,0,1.2302
137,27273.50,11649.50,-1017.496,606195.227,32.20382939,-69.56165995,10027.004,32064.273,476.10,-3680.35,0.7825,0.5290,0.5595,1,0,1.3731
138,27657.50,2817.50,1491.637,606095.244,32.44100813,-69.56492754,12536.137,32164.256,478.15,-3684.48,0.7519,0.4441,0.8432,1,1,0.4512
139,27657.50,3201.50,1379.058,606105.841,32.43036348,-69.56458659,12423.558,32153.659,473.59,-3682.50,0.8722,0.5974,0.5084,1,1,0.1875
140,27657.50,3585.50,1268.920,606116.009,32.41995005,-69.56425891,12313.420,32143.491,471.54,-3680.95,0.7912,0.5465,0.4046,1,1,0.4842
141,27657.50,3969.50,1159.440,606124.659,32.40959943,-69.56398064,12203.940,32134.841,470.22,-3680.92,0.8322,0.5064,0.3209,1,1,0.4241
142,27657.50,4353.50,1050.097,606134.525,32.39926191,-69.56366160,12094.597,32124.975,469.09,-3679.68,0.8520,0.4435,0.4348,1,1,0.5303
143,27657.50,4737.50,943.312,606142.972,32.38916667,-69.56338861,11987.812,32116.528,470.59,-3679.87,0.7181,0.4329,1.2930,1,1,1.3109
144,27657.50,5121.50,840.131,606149.982,32.37941255,-69.56316225,11884.631,32109.518,475.76,-3681.49,0.7788,0.5041,0.8554,1,1,0.8349
145,27657.50,5505.50,737.005,606156.876,32.36966394,-69.56293913,11781.505,32102.624,481.05,-3683.24,0.7919,0.6532,1.0092,1,1,0.9268
146,27657.50,5889.50,633.924,606163.467,32.35991976,-69.56272544,11678.424,32096.033,486.45,-3685.29,0.6858,0.4185,1.3280,1,1,1.2217
147,27657.50,6273.50,530.889,606170.254,32.35018010,-69.56250472,11575.389,32089.246,491.96,-3687.16,0.7569,0.5418,1.2808,1,1,1.1695
148,27657.50,6657.50,426.860,606177.702,32.34034670,-69.56226159,11471.360,32081.798,496.55,-3688.36,0.6352,0.3742,0.8425,1,1,0.7444
149,27657.50,7041.50,321.823,606185.753,32.33041822,-69.56199800,11366.323,32073.747,500.19,-3688.97,0.8296,0.3212,0.2657,1,1,0.1694
150,27657.50,7425.50,215.066,606193.769,32.32032749,-69.56173499,11259.566,32065.731,502.18,-3689.62,0.7934,0.6095,0.2142,1,1,0.2681
151,27657.50,7809.50,107.124,606202.266,32.31012494,-69.56145548,11151.624,32057.234,503.05,-3689.79,0.8675,0.5520,0.1691,1,1,0.0990
152,27657.50,8193.50,-2.096,606210.892,32.29980189,-69.56117111,11042.404,32048.608,502.71,-3689.84,0.8538,0.5210,0.1169,1,1,0.1413
153,27657.50,8577.50,-113.068,606220.546,32.28931363,-69.56085212,10931.432,32038.954,500.68,-3688.86,0.8397,0.5407,0.1235,1,1,0.0879
154,27657.50,8961.50,-222.588,606229.406,32.27896280,-69.56055871,10821.912,32030.094,500.17,-3688.68,0.8974,0.6604,0.0736,1,1,0.1072
155,27657.50,9345.50,-333.804,606239.330,32.26845217,-69.56022947,10710.696,32020.170,498.03,-3687.44,0.8395,0.5141,0.5463,1,1,0.4738
156,27657.50,9729.50,-446.536,606248.912,32.25779848,-69.55991083,10597.964,32010.588,494.44,-3686.55,0.8076,0.6017,0.1850,1,1,0.3030
157,27657.50,10113.50,-558.942,606258.522,32.24717597,-69.55959057,10485.558,32000.978,491.25,-3685.64,0.7732,0.5934,0.0556,1,1,0.3187
158,27657.50,10497.50,-671.690,606268.190,32.23652151,-69.55926771,10372.810,31991.310,487.78,-3684.67,0.8298,0.5711,0.2439,1,1,0.1861
159,27657.50,10881.50,-784.131,606278.108,32.22589645,-69.55893591,10260.369,31981.392,484.68,-3683.46,0.8711,0.6575,0.1997,1,1,0.3030
160,27657.50,11265.50,-897.017,606288.498,32.21522972,-69.55858782,10147.483,31971.002,481.21,-3681.78,0.8218,0.6019,0.6247,1,1,1.0137
161,27657.50,11649.50,-1011.776,606298.169,32.20438626,-69.55826265,10032.724,31961.331,475.93,-3680.82,0.7507,0.4808,0.2155,1,1,0.9407
162,28041.50,2817.50,1496.179,606199.101,32.44141323,-69.56149932,12540.679,32060.399,476.74,-3684.09,0.8982,0.7012,0.9744,1,1,0.6021
163,28041.50,3201.50,1385.334,606209.087,32.43093442,-69.56117843,12429.834,32050.413,473.91,-3682.71,0.8270,0.4405,0.4952,1,1,0.2096
164,28041.50,3585.50,1275.051,606219.065,32.42050917,-69.56085711,12319.551,32040.435,471.72,-3681.35,0.8318,0.3921,0.4399,1,1,0.2602
165,28041.50,3969.50,1165.332,606228.643,32.41013757,-69.56054825,12209.832,32030.857,470.16,-3680.40,0.8599,0.4461,0.1966,1,1,0.2514
166,28041.50,4353.50,1057.358,606237.456,32.39993132,-69.56026394,12101.858,32022.044,470.40,-3680.21,0.8699,0.6082,0.2209,1,1,0.2551
167,28041.50,4737.50,950.117,606245.684,32.38979470,-69.55999821,11994.617,32013.816,471.45,-3680.62,0.8007,0.3230,0.4996,1,1,0.5325
168,28041.50,5121.50,845.468,606253.266,32.37990340,-69.55975308,11889.968,32006.234,475.15,-3681.67,0.6475,0.4536,0.7024,1,1,0.6731
169,28041.50,5505.50,741.215,606260.741,32.37004981,-69.55951088,11785.715,31998.759,479.31,-3682.84,0.7826,0.6328,1.5213,0,1,1.4334
170,28041.50,5889.50,639.247,606267.251,32.36041251,-69.55929986,11683.747,31992.249,485.82,-3684.97,0.6175,0.4999,0.8673,1,1,0.7785
171,28041.50,6657.50,431.655,606281.953,32.34079290,-69.55882068,11476.155,31977.547,495.40,-3687.58,0.7794,0.5760,0.4586,1,1,0.3359
172,28041.50,7041.50,326.496,606289.487,32.33085463,-69.55857416,11370.996,31970.013,498.92,-3688.70,0.7240,0.4239,0.4887,1,1,0.3839
173,28041.50,7425.50,220.470,606297.536,32.32083467,-69.55831011,11264.970,31961.964,501.64,-3689.32,0.8369,0.4603,0.2844,1,1,0.2612
174,28041.50,7809.50,112.082,606305.707,32.31059169,-69.55804140,11156.582,31953.793,502.06,-3689.81,0.8661,0.4751,0.2321,1,1,0.2596
175,28041.50,8193.50,3.679,606314.920,32.30034768,-69.55773765,11048.179,31944.580,502.54,-3689.27,0.8501,0.3905,0.4818,1,1,0.4272
176,28041.50,8577.50,-107.384,606324.255,32.28985251,-69.55742924,10937.116,31935.245,500.42,-3688.61,0.8473,0.5362,0.2967,1,1,0.2545
177,28041.50,8961.50,-218.655,606333.027,32.27933803,-69.55713875,10825.845,31926.473,498.16,-3688.53,0.8334,0.5547,0.3782,1,1,0.4667
178,28041.50,9345.50,-330.587,606343.302,32.26876151,-69.55679794,10713.913,31916.198,495.30,-3686.94,0.7885,0.4568,0.4636,1,1,0.3128
179,28041.50,9729.50,-444.120,606353.608,32.25803405,-69.55645541,10600.380,31905.892,490.92,-3685.32,0.8461,0.6919,0.5761,1,1,0.3558
180,28041.50,10113.50,-558.975,606363.620,32.24718201,-69.55612184,10485.525,31895.880,485.27,-3684.01,0.7648,0.6381,0.3292,1,1,0.5442
181,28041.50,10497.50,-670.779,606373.459,32.23661860,-69.55579335,10373.721,31886.041,482.75,-3682.87,0.7285,0.4798,0.0468,1,1,0.3977
182,28041.50,10881.50,-781.092,606382.530,32.22619632,-69.55548962,10263.408,31876.970,481.78,-3682.50,0.8317,0.6342,0.4376,1,1,0.1184
183,28041.50,11265.50,-893.431,606391.613,32.21558291,-69.55518470,10151.069,31867.887,478.85,-3682.13,0.8522,0.5848,0.4200,1,1,0.8834
184,28041.50,11649.50,-1005.685,606402.182,32.20497814,-69.55483008,10038.815,31857.318,476.08,-3680.27,0.8281,0.4899,0.5072,1,1,0.9421
185,28425.50,2817.50,1501.806,606302.873,32.44192080,-69.55807389,12546.306,31956.627,476.34,-3683.85,0.8620,0.5276,1.0655,1,1,0.7822
186,28425.50,3201.50,1391.539,606312.528,32.43149848,-69.55776390,12436.039,31946.972,474.09,-3682.80,0.8378,0.6854,0.5012,1,1,0.2818
187,28425.50,3585.50,1281.564,606321.944,32.42110413,-69.55746112,12326.064,31937.556,472.21,-3682.01,0.9130,0.6430,0.6202,1,1,0.4993
188,28425.50,3969.50,1172.236,606331.400,32.41077124,-69.55715634,12216.736,31928.100,471.03,-3681.17,0.9027,0.6071,0.3056,1,1,0.4082
189,28425.50,4353.50,1064.811,606340.318,32.40061856,-69.55686855,12109.311,31919.182,471.83,-3680.88,0.7802,0.4172,0.0669,1,1,0.0439
190,28425.50,4737.50,957.920,606348.336,32.39051685,-69.55660979,12002.420,31911.164,473.22,-3681.50,0.8586,0.4257,0.7124,1,1,0.7393
191,28425.50,5121.50,852.438,606356.293,32.38054849,-69.55635237,11896.938,31903.207,476.09,-3682.18,0.7763,0.4434,0.9085,1,1,0.8698
192,28425.50,5505.50,747.578,606363.842,32.37063918,-69.55610781,11792.078,31895.658,479.65,-3683.27,0.7131,0.4667,1.3580,1,1,1.2622
193,28425.50,5889.50,645.883,606370.728,32.36102926,-69.55588439,11690.383,31888.772,486.44,-3685.03,0.6070,0.5182,0.3080,1,1,0.2185
194,28425.50,6273.50,541.962,606378.387,32.35120917,-69.55563497,11586.462,31881.113,491.07,-3686.02,0.5961,0.4437,0.9918,1,1,0.8260
195,28425.50,6657.50,437.121,606385.652,32.34130237,-69.55539799,11481.621,31873.848,494.84,-3687.41,0.8123,0.6458,0.8022,1,1,0.6633
196,28425.50,7041.50,331.994,606392.623,32.33136883,-69.55517010,11376.494,31866.877,498.39,-3689.10,0.8044,0.4268,0.4324,1,1,0.4832
197,28425.50,7425.50,225.521,606400.504,32.32130838,-69.55491162,11270.021,31858.996,500.67,-3689.88,0.8938,0.6804,0.6591,1,1,0.6885
198,28425.50,7809.50,118.331,606409.392,32.31118032,-69.55461928,11162.831,31850.108,502.29,-3689.66,0.8005,0.4663,0.2172,1,1,0.1901
199,28425.50,8193.50,9.186,606417.929,32.30086788,-69.55433788,11053.686,31841.571,502.02,-3689.80,0.8526,0.4639,0.4808,1,1,0.5165
200,28425.50,8577.50,-102.397,606427.754,32.29032544,-69.55401334,10942.103,31831.746,499.39,-3688.65,0.8216,0.4765,0.3352,1,1,0.2946
201,28425.50,8961.50,-214.616,606437.230,32.27972325,-69.55369961,10829.884,31822.270,496.18,-3687.85,0.8317,0.4782,0.4539,1,1,0.4588
202,28425.50,9345.50,-328.921,606447.727,32.26892428,-69.55335149,10715.579,31811.773,490.95,-3686.04,0.7625,0.5240,0.3266,1,1,0.4527
203,28425.50,9729.50,-445.581,606458.970,32.25790332,-69.55297796,10598.919,31800.530,483.44,-3683.49,0.6688,0.5176,0.5932,1,1,0.8903
204,28425.50,10113.50,-559.138,606469.261,32.24717582,-69.55263521,10485.362,31790.239,479.09,-3681.90,0.6668,0.3005,0.5824,1,1,0.9570
205,28425.50,10497.50,-670.989,606478.974,32.23660984,-69.55231088,10373.511,31780.526,476.52,-3680.88,0.7200,0.3355,0.1579,1,1,0.5884
206,28425.50,10881.50,-781.447,606487.978,32.22617559,-69.55200936,10263.053,31771.522,475.41,-3680.59,0.7455,0.4080,0.6598,1,1,1.1811
207,28425.50,11265.50,-889.267,606495.930,32.21599081,-69.55174199,10155.233,31763.570,477.00,-3681.34,0.8031,0.4864,0.4313,1,1,1.0846
208,28425.50,11649.50,-999.455,606504.754,32.20558278,-69.55144510,10045.045,31754.746,476.29,-3681.23,0.8414,0.5851,0.3843,1,1,1.1762
209,28809.50,2817.50,1508.136,606405.950,32.44249477,-69.55467135,12552.636,31853.550,476.74,-3684.27,0.8052,0.4708,0.6045,1,1,0.3879
210,28809.50,3201.50,1397.513,606415.810,32.43204056,-69.55435469,12442.013,31843.690,474.14,-3683.02,0.8813,0.7361,0.3268,1,1,0.2536
211,28809.50,3585.50,1288.301,606425.170,32.42172001,-69.55405372,12332.801,31834.330,473.02,-3682.28,0.7867,0.5623,0.4215,1,1,0.5461
212,28809.50,3969.50,1180.643,606434.188,32.41154674,-69.55376335,12225.143,31825.312,473.52,-3681.88,0.7967,0.3196,0.0281,1,1,0.1158
213,28809.50,4353.50,1072.802,606442.885,32.40135656,-69.55348293,12117.302,31816.615,473.90,-3681.81,0.8348,0.4871,0.6258,1,1,0.6410
214,28809.50,4737.50,965.969,606451.576,32.39126186,-69.55320198,12010.469,31807.924,475.35,-3681.75,0.7882,0.4790,0.7673,1,1,0.7099
215,28809.50,5121.50,859.370,606460.019,32.38118959,-69.55292863,11903.870,31799.481,477.10,-3681.95,0.7333,0.5407,1.1221,1,1,0.9903
216,28809.50,5505.50,754.475,606467.708,32.37127871,-69.55267947,11798.975,31791.792,480.63,-3682.90,0.6957,0.4540,1.4255,1,1,1.2426
217,28809.50,5889.50,651.069,606474.500,32.36150873,-69.55245926,11695.569,31785.000,485.70,-3684.75,0.6500,0.3852,0.6977,1,1,0.5862
218,28809.50,6273.50,547.568,606481.318,32.35173009,-69.55223761,11592.068,31778.182,490.75,-3686.58,0.7290,0.4786,0.5407,1,1,0.5024
219,28809.50,6657.50,442.155,606489.276,32.34177090,-69.55197780,11486.655,31770.224,493.96,-3687.28,0.6828,0.4392,1.2093,1,1,1.0706
220,28809.50,7041.50,337.629,606496.332,32.33189583,-69.55174715,11382.129,31763.168,498.11,-3688.88,0.8706,0.3945,0.3784,1,1,0.4300
221,28809.50,7425.50,228.608,606504.895,32.32159631,-69.55146621,11273.108,31754.605,497.84,-3688.98,0.7607,0.4500,0.5520,1,1,0.7073
222,28809.50,7809.50,120.930,606513.940,32.31142397,-69.55116870,11165.430,31745.560,498.97,-3688.61,0.7657,0.5597,0.0531,1,1,0.0803
223,28809.50,8193.50,14.378,606522.108,32.30135821,-69.55089952,11058.878,31737.392,501.30,-3689.11,0.8657,0.4612,0.3085,1,1,0.2019
224,28809.50,8577.50,-98.184,606531.767,32.29072511,-69.55058049,10946.316,31727.733,497.68,-3688.13,0.8726,0.5639,0.0830,1,1,0.1742
225,28809.50,8961.50,-212.951,606542.139,32.27988402,-69.55023720,10831.549,31717.361,491.93,-3686.44,0.7212,0.5115,0.4726,1,1,0.6668
226,28809.50,9345.50,-328.907,606553.139,32.26893104,-69.54987243,10715.593,31706.361,485.05,-3684.13,0.6888,0.4214,0.8383,1,1,1.1231
227,28809.50,9729.50,-444.588,606564.224,32.25800445,-69.54950416,10599.912,31695.276,478.52,-3681.73,0.6843,0.4351,0.5713,1,1,0.8962
228,28809.50,10113.50,-558.269,606574.090,32.24726707,-69.54917545,10486.231,31685.410,474.05,-3680.56,0.8328,0.5050,0.8827,1,1,1.2242
229,28809.50,10497.50,-670.062,606584.316,32.23670841,-69.54883420,10374.438,31675.184,471.53,-3679.04,0.8432,0.5602,0.4404,1,1,0.9561
230,28809.50,10881.50,-779.598,606593.017,32.22636308,-69.54854272,10264.902,31666.483,471.34,-3679.04,0.7224,0.5565,1.2100,1,1,1.7108
231,28809.50,11265.50,-884.789,606599.769,32.21642821,-69.54831512,10159.711,31659.731,475.57,-3681.00,0.7312,0.4604,0.4030,1,1,0.6853
232,28809.50,11649.50,-991.571,606607.887,32.20634344,-69.54804174,10052.929,31651.613,478.26,-3681.60,0.6416,0.3050,0.3206,1,1,1.1266
233,29193.50,2817.50,1514.861,606509.282,32.44310575,-69.55126041,12559.361,31750.218,477.69,-3684.34,0.8687,0.4957,0.5401,1,1,0.3774
234,29193.50,3201.50,1404.105,606518.698,32.43264079,-69.55095844,12448.605,31740.802,474.96,-3683.54,0.8041,0.4765,0.4479,1,1,0.4986
235,29193.50,3585.50,1295.615,606528.003,32.42239029,-69.55065930,12340.115,31731.497,474.56,-3682.85,0.8784,0.5162,0.2787,1,1,0.3550
236,29193.50,3969.50,1187.550,606536.894,32.41218031,-69.55037317,12232.050,31722.606,474.65,-3682.59,0.8395,0.4167,0.4403,1,1,0.5179
237,29193.50,4353.50,1080.525,606545.615,32.40206897,-69.55009193,12125.025,31713.885,475.85,-3682.49,0.8170,0.5013,0.6988,1,1,0.6956
238,29193.50,5505.50,761.615,606570.411,32.37194105,-69.54928957,11806.115,31689.089,482.00,-3683.60,0.8411,0.5202,0.7333,1,1,0.6015
239,29193.50,5889.50,656.298,606577.585,32.36199226,-69.54905684,11700.798,31681.915,485.17,-3685.08,0.6598,0.4313,1.3250,1,1,1.2458
240,29193.50,6273.50,552.740,606585.337,32.35220974,-69.54880440,11597.240,31674.163,490.16,-3685.97,0.7657,0.4079,0.6735,1,1,0.5359
241,29193.50,6657.50,447.282,606592.693,32.34224810,-69.54856451,11491.782,31666.807,493.32,-3687.27,0.7122,0.3608,0.9558,1,1,0.8818
242,29193.50,7041.50,342.685,606599.652,32.33236799,-69.54833707,11387.185,31659.848,497.40,-3688.97,0.8338,0.4748,0.6009,1,1,0.7111
243,29193.50,7425.50,234.008,606608.609,32.32210272,-69.54804318,11278.508,31650.891,497.47,-3688.68,0.7894,0.5039,0.5451,1,1,0.6397
244,29193.50,8193.50,17.676,606625.411,32.30166949,-69.54749012,11062.176,31634.089,498.83,-3689.22,0.8685,0.6272,0.6307,1,1,0.7564
245,29193.50,8577.50,-95.086,606636.057,32.29101929,-69.54713853,10949.414,31623.443,495.02,-3687.25,0.7852,0.4428,0.1825,1,1,0.3438
246,29193.50,8961.50,-210.114,606646.927,32.28015544,-69.54677881,10834.386,31612.573,489.00,-3685.06,0.7740,0.5485,0.1345,1,1,0.3450
247,29193.50,9345.50,-326.110,606657.579,32.26920055,-69.54642557,10718.390,31601.921,482.09,-3683.10,0.7012,0.3647,0.5348,1,1,0.7771
248,29193.50,9729.50,-441.522,606668.624,32.25830123,-69.54605863,10602.978,31590.876,475.82,-3680.74,0.7636,0.5039,0.3933,1,1,0.7009
249,29193.50,10113.50,-554.934,606679.044,32.24759108,-69.54571167,10489.566,31580.456,471.62,-3679.02,0.8693,0.6086,0.7089,1,1,1.1400
250,29193.50,10497.50,-665.292,606688.045,32.23716965,-69.54541093,10379.208,31571.455,470.54,-3678.72,0.8371,0.4825,0.8351,1,1,1.3175
251,29193.50,10881.50,-773.050,606696.325,32.22699398,-69.54513346,10271.450,31563.175,472.13,-3679.14,0.8284,0.4642,0.7103,1,1,1.2659
252,29193.50,11265.50,-880.206,606703.395,32.21687525,-69.54489530,10164.294,31556.105,474.39,-3680.78,0.7918,0.4677,0.8165,1,1,1.3843
253,29193.50,11649.50,-985.022,606710.813,32.20697782,-69.54464517,10059.478,31548.687,479.05,-3682.08,0.6649,0.5052,0.2693,1,1,0.6147
254,29577.50,2817.50,1522.006,606612.150,32.44375636,-69.54786476,12566.506,31647.350,478.90,-3684.93,0.8611,0.5576,0.8006,1,2,0.6740
255,29577.50,3201.50,1412.021,606621.714,32.43336596,-69.54755792,12456.521,31637.786,476.94,-3683.98,0.8451,0.5321,0.1627,1,2,0.0875
256,29577.50,3585.50,1302.670,606630.955,32.42303586,-69.54726098,12347.170,31628.545,475.68,-3683.35,0.8225,0.2985,0.2364,1,2,0.2177
257,29577.50,3969.50,1194.973,606639.630,32.41286242,-69.54698200,12239.473,31619.870,476.14,-3683.30,0.8615,0.4963,0.4085,1,2,0.4292
258,29577.50,4353.50,1087.414,606648.809,32.40270222,-69.54668574,12131.914,31610.691,476.80,-3682.75,0.8001,0.2812,0.5261,1,2,0.6807
259,29577.50,5505.50,767.735,606673.474,32.37250684,-69.54588785,11812.235,31586.026,482.18,-3683.99,0.7765,0.4010,0.4117,1,2,0.4831
260,29577.50,5889.50,662.705,606681.190,32.36258668,-69.54563727,11707.205,31578.310,485.63,-3684.92,0.7463,0.4581,0.7557,1,2,0.7895
261,29577.50,7041.50,348.394,606703.649,32.33290158,-69.54490469,11392.894,31555.851,497.17,-3688.43,0.7499,0.4210,0.2661,1,2,0.2736
262,29577.50,8193.50,21.505,606730.437,32.30203080,-69.54402387,11066.005,31529.063,496.73,-3687.65,0.8592,0.6084,0.5009,1,2,0.5255
263,29577.50,8577.50,-90.867,606740.115,32.29141923,-69.54370426,10953.633,31519.385,493.30,-3686.65,0.7539,0.4856,0.1816,1,2,0.1855
264,29577.50,8961.50,-206.628,606751.735,32.28048808,-69.54331984,10837.872,31507.765,486.55,-3683.71,0.8047,0.4772,0.8020,1,2,0.8290
265,29577.50,9345.50,-322.272,606761.498,32.26956819,-69.54299596,10722.228,31498.002,479.99,-3682.63,0.8310,0.6480,0.6684,1,2,0.7690
266,29577.50,9729.50,-436.276,606772.568,32.25880370,-69.54262825,10608.224,31486.932,475.13,-3680.25,0.7299,0.3933,0.6631,1,2,0.7751
267,29577.50,10113.50,-549.286,606782.483,32.24813334,-69.54229799,10495.214,31477.017,471.34,-3679.03,0.8005,0.4194,0.7376,1,2,0.8569
268,29577.50,10497.50,-659.157,606791.774,32.23775974,-69.54198774,10385.343,31467.726,470.75,-3678.44,0.8149,0.5462,0.4523,1,2,0.4508
269,29577.50,10881.50,-766.859,606799.626,32.22759101,-69.54172446,10277.641,31459.874,472.39,-3679.30,0.7550,0.4326,0.8387,1,2,0.9016
270,29577.50,11265.50,-873.420,606807.147,32.21753027,-69.54147147,10171.080,31452.353,475.24,-3680.48,0.7368,0.4738,0.9977,1,2,1.0640
271,29961.50,2817.50,1528.135,606715.078,32.44431074,-69.54446729,12572.635,31544.422,478.94,-3685.47,0.8789,0.5804,0.4755,1,2,0.2154
272,29961.50,3201.50,1419.121,606724.985,32.43401374,-69.54414905,12463.621,31534.515,477.95,-3684.17,0.8321,0.4102,0.3357,1,2,0.3735
273,29961.50,3585.50,1309.054,606734.677,32.42361768,-69.54383737,12353.554,31524.823,475.97,-3683.10,0.8583,0.4506,0.2285,1,2,0.4302
274,29961.50,3969.50,1200.646,606743.239,32.41337883,-69.54356218,12245.146,31516.261,475.72,-3683.16,0.8887,0.4827,0.4393,1,2,0.5381
275,29961.50,4353.50,1092.853,606752.020,32.40319838,-69.54327910,12137.353,31507.480,476.15,-3683.01,0.8195,0.3483,0.5038,1,2,0.5954
276,29961.50,4737.50,985.994,606760.465,32.39310630,-69.54300643,12030.494,31499.035,477.58,-3683.19,0.8220,0.3145,0.5726,1,2,0.6558
277,29961.50,5121.50,879.954,606769.025,32.38309191,-69.54272931,11924.454,31490.475,479.89,-3683.27,0.8417,0.5165,0.6591,1,2,0.7776
278,29961.50,5505.50,773.538,606776.974,32.37304235,-69.54247175,11818.038,31482.526,481.90,-3683.96,0.8038,0.4858,0.3439,1,2,0.4300
279,29961.50,5889.50,668.363,606784.860,32.36311028,-69.54221561,11712.863,31474.640,485.21,-3684.72,0.8427,0.5908,0.6068,1,2,0.6804
280,29961.50,7041.50,352.759,606807.727,32.33330804,-69.54146968,11397.259,31451.773,495.45,-3687.82,0.7863,0.3648,0.2640,1,2,0.3113
281,29961.50,8193.50,24.873,606834.545,32.30234846,-69.54058797,11069.373,31424.955,494.01,-3687.01,0.7926,0.4949,0.3766,1,2,0.3962
282,29961.50,8577.50,-86.943,606843.763,32.29179123,-69.54028356,10957.557,31415.737,491.14,-3686.46,0.8445,0.5152,0.3951,1,2,0.3987
283,29961.50,8961.50,-199.316,606854.325,32.28118166,-69.53993412,10845.184,31405.175,487.78,-3684.58,0.8038,0.7116,0.3012,1,2,0.2766
284,29961.50,9345.50,-315.251,606864.968,32.27023631,-69.53958123,10729.249,31394.532,480.93,-3682.63,0.7558,0.3769,0.2680,1,2,0.3401
285,29961.50,9729.50,-428.618,606875.154,32.25953373,-69.53924278,10615.882,31384.346,476.71,-3681.13,0.7451,0.4135,0.6087,1,2,0.7055
286,29961.50,10113.50,-541.010,606884.742,32.24892342,-69.53892340,10503.490,31374.758,473.53,-3680.24,0.7235,0.3256,0.7142,1,2,0.8435
287,29961.50,10497.50,-651.081,606894.143,32.23853262,-69.53860957,10393.419,31365.357,472.74,-3679.54,0.8389,0.4634,0.5976,1,2,0.6624
288,29961.50,10881.50,-758.721,606902.453,32.22837152,-69.53833117,10285.779,31357.047,474.45,-3679.94,0.6444,0.3294,1.2974,1,2,1.2629
289,29961.50,11265.50,-864.565,606909.433,32.21838014,-69.53809615,10179.935,31350.067,478.02,-3681.67,0.6874,0.3867,0.6154,1,2,0.6821
290,29961.50,11649.50,-970.073,606917.207,32.20842076,-69.53783434,10074.427,31342.293,481.99,-3682.61,0.6426,0.3506,0.5032,1,2,0.4163
291,30345.50,2817.50,1534.374,606818.100,32.44487534,-69.54106671,12578.874,31441.400,479.22,-3685.95,0.8165,0.3435,0.5919,1,2,0.3990
292,30345.50,3201.50,1424.044,606828.538,32.43445574,-69.54073111,12468.544,31430.962,476.91,-3684.12,0.8865,0.7887,0.0079,1,2,0.2376
293,30345.50,3585.50,1315.032,606838.116,32.42416108,-69.54042311,12359.532,31421.384,475.99,-3683.16,0.8717,0.4223,0.3474,1,2,0.5559
294,30345.50,3969.50,1205.542,606846.874,32.41382173,-69.54014160,12250.042,31412.626,474.66,-3683.03,0.8744,0.4755,0.4514,1,2,0.5029
295,30345.50,4353.50,1098.654,606856.075,32.40372835,-69.53984463,12143.154,31403.425,475.99,-3682.45,0.8538,0.5947,0.3542,1,2,0.5034
296,30345.50,4737.50,991.697,606864.143,32.39362886,-69.53958445,12036.197,31395.357,477.33,-3683.02,0.8271,0.3817,0.3525,1,2,0.4587
297,30345.50,5121.50,885.296,606872.188,32.38358218,-69.53932435,11929.796,31387.312,479.28,-3683.61,0.8338,0.3278,0.5777,1,2,0.6410
298,30345.50,5505.50,778.154,606880.841,32.37346571,-69.53904362,11822.654,31378.659,480.55,-3683.60,0.7825,0.4241,0.5055,1,2,0.5845
299,30345.50,5889.50,672.652,606888.798,32.36350440,-69.53878520,11717.152,31370.702,483.54,-3684.29,0.7957,0.3603,0.3989,1,2,0.4782
300,30345.50,6273.50,566.849,606896.482,32.35351500,-69.53853517,11611.349,31363.018,486.29,-3685.25,0.7066,0.4108,1.1411,1,2,1.1320
301,30345.50,6657.50,462.694,606903.918,32.34368143,-69.53829266,11507.194,31355.582,490.75,-3686.47,0.7370,0.3714,0.6920,1,2,0.7043
302,30345.50,7041.50,356.882,606912.056,32.33369158,-69.53802644,11401.382,31347.444,493.62,-3686.99,0.8052,0.6002,0.5875,1,2,0.6368
303,30345.50,7425.50,248.179,606920.216,32.32342908,-69.53775892,11292.679,31339.284,493.67,-3687.49,0.8110,0.5881,0.1098,1,2,0.1006
304,30345.50,7809.50,139.127,606929.369,32.31313392,-69.53745801,11183.627,31330.131,493.43,-3687.01,0.8345,0.5689,0.4365,1,2,0.4595
305,30345.50,8193.50,28.748,606938.221,32.30271384,-69.53716639,11073.248,31321.279,491.93,-3686.83,0.8969,0.6787,0.2165,1,2,0.2004
306,30345.50,8577.50,-82.057,606947.267,32.29225385,-69.53686766,10962.443,31312.233,490.08,-3686.46,0.8543,0.5528,0.5435,1,2,0.5506
307,30345.50,8961.50,-194.299,606957.553,32.28165852,-69.53652737,10850.201,31301.947,486.85,-3684.86,0.8432,0.5799,0.2210,1,2,0.2438
308,30345.50,9345.50,-307.461,606968.114,32.27097674,-69.53617727,10737.039,31291.386,482.77,-3682.98,0.7267,0.3886,0.5438,1,2,0.5518
309,30345.50,9729.50,-420.235,606977.438,32.26033179,-69.53586735,10624.265,31282.062,479.14,-3682.35,0.7832,0.4325,0.6098,1,2,0.6990
310,30345.50,10113.50,-531.629,606987.243,32.24981757,-69.53554085,10512.871,31272.257,476.96,-3681.24,0.8375,0.5587,0.3999,1,2,0.4667
311,30345.50,10497.50,-641.866,606996.666,32.23941288,-69.53522636,10402.634,31262.834,476.00,-3680.52,0.7804,0.6618,1.2293,1,2,1.2156
312,30345.50,10881.50,-749.311,607003.889,32.22927169,-69.53498391,10295.189,31255.611,477.91,-3682.00,0.7449,0.3493,1.1813,1,2,1.2406
313,30345.50,11265.50,-855.166,607011.403,32.21928098,-69.53473132,10189.334,31248.097,481.47,-3683.20,0.7954,0.5444,0.3121,1,2,0.4303
314,30345.50,11649.50,-961.365,607018.961,32.20925803,-69.53447665,10083.135,31240.539,484.75,-3684.35,0.7686,0.4819,0.1819,1,2,0.2933
315,30729.50,2817.50,1539.872,606922.529,32.44536939,-69.53761982,12584.372,31336.971,478.85,-3685.02,0.8252,0.5388,0.3923,1,2,0.4169
316,30729.50,3201.50,1428.651,606932.597,32.43486753,-69.53729652,12473.151,31326.903,475.66,-3683.57,0.8082,0.4784,0.2950,1,2,0.3374
317,30729.50,3585.50,1320.135,606941.499,32.42462167,-69.53701083,12364.635,31318.001,475.24,-3683.28,0.8585,0.4743,0.3002,1,2,0.4518
318,30729.50,3969.50,1211.650,606950.609,32.41437889,-69.53671766,12256.150,31308.891,474.91,-3682.79,0.8230,0.5039,0.1198,1,2,0.2792
319,30729.50,4353.50,1103.693,606959.532,32.40418630,-69.53642997,12148.193,31299.968,475.17,-3682.50,0.8178,0.4202,0.1826,1,2,0.3257
320,30729.50,4737.50,996.893,606967.908,32.39410335,-69.53615962,12041.393,31291.592,476.66,-3682.75,0.8500,0.3819,0.3520,1,2,0.4704
321,30729.50,5121.50,888.934,606976.207,32.38391122,-69.53589127,11933.434,31283.293,477.06,-3683.09,0.8088,0.4986,0.5271,1,2,0.5617
322,30729.50,5505.50,782.920,606984.532,32.37390300,-69.53562134,11827.420,31274.968,479.47,-3683.41,0.8295,0.3452,0.5155,1,2,0.5743
323,30729.50,5889.50,676.422,606992.706,32.36384934,-69.53535581,11720.922,31266.794,481.45,-3683.88,0.7948,0.5228,0.4962,1,2,0.5352
324,30729.50,6657.50,466.635,607007.540,32.34404596,-69.53487278,11511.135,31251.960,488.84,-3686.35,0.8079,0.4498,0.5260,1,2,0.4888
325,30729.50,7041.50,360.864,607015.497,32.33406168,-69.53461256,11405.364,31244.003,491.75,-3687.05,0.8222,0.4354,0.0538,1,2,0.0174
326,30729.50,7425.50,252.211,607024.451,32.32380566,-69.53431885,11296.711,31235.049,491.84,-3686.76,0.8923,0.6042,0.1114,1,2,0.1576
327,30729.50,7809.50,142.652,607033.386,32.31346438,-69.53402516,11187.152,31226.114,491.10,-3686.49,0.8538,0.4522,0.0778,1,2,0.0701
328,30729.50,8193.50,33.227,607042.064,32.30313618,-69.53373928,11077.727,31217.436,490.56,-3686.49,0.8516,0.4328,0.3746,1,2,0.3474
329,30729.50,8577.50,-76.492,607051.673,32.29278040,-69.53342204,10968.008,31207.827,489.79,-3685.56,0.7961,0.3516,0.3148,1,2,0.3283
330,30729.50,8961.50,-187.925,607060.537,32.28226321,-69.53312872,10856.575,31198.963,487.37,-3685.37,0.8104,0.5181,0.3845,1,2,0.3964
331,30729.50,9345.50,-299.100,607070.283,32.27177069,-69.53280561,10745.400,31189.217,485.28,-3684.31,0.7892,0.4795,0.3156,1,2,0.3300
332,30729.50,9729.50,-410.254,607079.757,32.26128051,-69.53249078,10634.246,31179.743,483.27,-3683.53,0.7064,0.3473,0.2082,1,2,0.2311
333,30729.50,10113.50,-521.204,607089.208,32.25080992,-69.53217607,10523.296,31170.292,481.54,-3682.78,0.6888,0.3928,0.7607,1,2,0.7507
334,30729.50,10497.50,-628.793,607097.568,32.24065673,-69.53189681,10415.707,31161.932,483.23,-3683.12,0.6339,0.3639,0.4862,1,2,0.4402
335,30729.50,10881.50,-737.552,607106.085,32.23039337,-69.53161170,10306.948,31153.415,483.82,-3683.31,0.6998,0.4965,0.5032,1,2,0.4287
336,30729.50,11265.50,-845.746,607114.041,32.22018366,-69.53134448,10198.754,31145.459,485.04,-3684.06,0.7916,0.5268,0.2769,1,2,0.2331
337,30729.50,11649.50,-953.175,607121.372,32.21004620,-69.53109730,10091.325,31138.128,487.09,-3685.44,0.7032,0.4951,0.3490,1,2,0.4526
338,31113.50,2817.50,1545.559,607025.597,32.44588155,-69.53421783,12590.059,31233.903,478.65,-3685.43,0.8358,0.4977,0.3344,1,2,0.4247
339,31113.50,3201.50,1435.883,607035.669,32.43552727,-69.53389433,12480.383,31223.831,477.00,-3683.97,0.8272,0.5050,0.4808,1,2,0.5121
340,31113.50,3585.50,1326.944,607044.834,32.42524308,-69.53360005,12371.444,31214.666,476.16,-3683.42,0.8151,0.4358,0.3520,1,2,0.4924
341,31113.50,3969.50,1218.412,607053.987,32.41499767,-69.53330548,12262.912,31205.513,475.78,-3682.89,0.8682,0.6324,0.3367,1,2,0.4227
342,31113.50,4353.50,1109.337,607063.131,32.40470124,-69.53301060,12153.837,31196.369,474.93,-3682.37,0.8291,0.4348,0.3216,1,2,0.4408
343,31113.50,4737.50,1002.097,607071.208,32.39457845,-69.53275021,12046.597,31188.292,475.98,-3682.93,0.8155,0.4355,0.2312,1,2,0.2631
344,31113.50,5121.50,893.810,607080.227,32.38435703,-69.53245814,11938.310,31179.273,476.05,-3682.54,0.8301,0.4827,0.2840,1,2,0.3477
345,31113.50,5505.50,787.033,607088.725,32.37427854,-69.53218255,11831.533,31170.775,477.69,-3682.69,0.8139,0.3649,0.1951,1,2,0.2741
346,31113.50,5889.50,680.915,607097.051,32.36426241,-69.53191202,11725.415,31162.449,480.06,-3683.01,0.7578,0.3644,0.6283,1,2,0.6839
347,31113.50,6273.50,576.363,607104.236,32.35439451,-69.53167847,11620.863,31155.264,484.06,-3684.47,0.8399,0.6598,0.3827,1,2,0.3969
348,31113.50,6657.50,471.468,607111.703,32.34449446,-69.53143504,11515.968,31147.797,487.78,-3685.66,0.8439,0.4437,0.1658,1,2,0.2184
349,31113.50,7041.50,364.171,607119.798,32.33436799,-69.53117033,11408.671,31139.702,489.17,-3686.22,0.7669,0.3599,0.1560,1,2,0.1303
350,31113.50,7425.50,257.277,607128.420,32.32427970,-69.53088758,11301.777,31131.080,491.03,-3686.26,0.8049,0.3540,0.4297,1,2,0.4765
351,31113.50,7809.50,147.487,607136.947,32.31391841,-69.53060739,11191.987,31122.553,490.05,-3686.41,0.8354,0.3329,0.2152,1,2,0.1737
352,31113.50,8193.50,38.182,607146.257,32.30360321,-69.53030070,11082.682,31113.243,489.63,-3685.77,0.8606,0.5054,0.1880,1,2,0.2085
353,31113.50,8577.50,-71.229,607154.898,32.29327825,-69.53001540,10973.271,31104.602,489.17,-3685.80,0.7990,0.2578,0.0854,1,2,0.1109
354,31113.50,8961.50,-179.968,607163.591,32.28301709,-69.52972778,10864.532,31095.909,489.45,-3685.79,0.7968,0.2946,0.1311,1,2,0.1661
355,31113.50,9345.50,-289.389,607172.352,32.27269182,-69.52943725,10755.111,31087.148,489.11,-3685.72,0.7455,0.4176,0.1062,1,2,0.1090
356,31113.50,9729.50,-398.792,607181.341,32.26236858,-69.52913855,10645.708,31078.159,488.85,-3685.42,0.7829,0.3685,0.0799,1,2,0.0500
357,31113.50,10113.50,-508.677,607190.272,32.25200013,-69.52884113,10535.823,31069.228,488.18,-3685.19,0.6414,0.3417,0.5014,1,2,0.4583
358,31113.50,10497.50,-618.244,607198.838,32.24166200,-69.52855506,10426.256,31060.662,487.90,-3685.32,0.7214,0.5168,0.5577,1,2,0.5225
359,31113.50,10881.50,-726.299,607207.182,32.23146682,-69.52827576,10318.201,31052.318,489.19,-3685.68,0.8128,0.4982,0.1559,1,2,0.1939
360,31113.50,11265.50,-834.865,607215.452,32.22122370,-69.52799822,10209.635,31044.048,490.04,-3686.12,0.7573,0.4318,0.4996,1,2,0.5310
361,31113.50,11649.50,-943.232,607224.237,32.21099962,-69.52770305,10101.268,31035.263,491.16,-3686.05,0.8578,0.5988,0.6063,1,2,0.5783
362,31497.50,2817.50,1552.851,607128.545,32.44654491,-69.53081972,12597.351,31130.955,480.04,-3685.92,0.8117,0.5856,0.3316,1,3,0.7168
363,31497.50,3201.50,1443.934,607138.150,32.43626419,-69.53051161,12488.434,31121.350,479.15,-3684.92,0.8556,0.3490,0.1480,1,3,0.4856
364,31497.50,3585.50,1334.583,607146.797,32.42594294,-69.53023449,12379.083,31112.703,477.90,-3684.89,0.9002,0.6917,0.5357,1,3,0.5425
365,31497.50,3969.50,1225.659,607156.593,32.41566211,-69.52991879,12270.159,31102.907,477.13,-3683.72,0.8265,0.4384,0.0878,1,3,0.2816
366,31497.50,4353.50,1115.486,607165.888,32.40526377,-69.52961905,12159.986,31093.612,475.18,-3683.05,0.8629,0.5293,0.4763,1,3,0.3640
367,31497.50,4737.50,1007.892,607174.713,32.39510920,-69.52933400,12052.392,31084.787,475.88,-3682.86,0.8451,0.3737,0.1322,1,3,0.1358
368,31497.50,5121.50,899.152,607184.146,32.38484672,-69.52902833,11943.652,31075.354,475.49,-3682.06,0.8650,0.6368,0.2364,1,3,0.2420
369,31497.50,5505.50,791.624,607192.550,32.37469905,-69.52875595,11836.124,31066.950,476.39,-3682.30,0.8253,0.5207,0.4710,1,3,0.4519
370,31497.50,5889.50,685.884,607200.169,32.36472040,-69.52850874,11730.384,31059.331,479.13,-3683.33,0.8296,0.6325,0.5044,1,3,0.4838
371,31497.50,6273.50,580.791,607208.231,32.35480309,-69.52824630,11625.291,31051.269,482.59,-3683.91,0.7746,0.4711,0.2582,1,3,0.2779
372,31497.50,6657.50,475.203,607215.526,32.34483931,-69.52800859,11519.703,31043.974,485.62,-3685.27,0.7892,0.5138,0.2728,1,3,0.2326
373,31497.50,7041.50,369.037,607223.949,32.33482119,-69.52773303,11413.537,31035.551,488.14,-3685.51,0.8424,0.3918,0.3971,1,3,0.4509
374,31497.50,7425.50,261.643,607232.465,32.32468748,-69.52745383,11306.143,31027.035,489.50,-3685.66,0.8368,0.3446,0.5461,1,3,0.6260
375,31497.50,7809.50,152.473,607241.169,32.31438643,-69.52716783,11196.973,31018.331,489.15,-3685.62,0.8478,0.4278,0.3851,1,3,0.4927
376,31497.50,8193.50,41.833,607250.192,32.30394704,-69.52687063,11086.333,31009.308,487.39,-3685.27,0.8720,0.6009,0.1536,1,3,0.0178
377,31497.50,8577.50,-67.064,607259.234,32.29367244,-69.52657216,10977.436,31000.266,487.44,-3684.91,0.7815,0.3947,0.1932,1,3,0.2737
378,31497.50,8961.50,-174.435,607267.425,32.28354199,-69.52630114,10870.065,30992.075,489.09,-3685.40,0.7885,0.4283,0.1987,1,3,0.3537
379,31497.50,9345.50,-281.755,607275.623,32.27341674,-69.52602927,10762.745,30983.877,490.85,-3685.89,0.8079,0.2818,0.3846,1,3,0.6925
380,31497.50,9729.50,-390.336,607284.107,32.26317272,-69.52574729,10654.164,30975.393,491.42,-3686.09,0.8035,0.4263,0.4853,1,3,0.8808
381,31497.50,10113.50,-498.880,607291.989,32.25293247,-69.52548457,10545.620,30967.511,492.09,-3686.91,0.8722,0.6250,0.5366,1,3,0.8819
382,31497.50,10497.50,-607.210,607300.777,32.24271284,-69.52519129,10437.290,30958.723,493.04,-3686.82,0.7600,0.3990,0.4255,1,3,1.0245
383,31497.50,10881.50,-716.234,607309.532,32.23242793,-69.52489843,10328.266,30949.968,493.37,-3686.77,0.8217,0.4120,0.4280,1,3,1.1206
384,31497.50,11265.50,-825.225,607318.173,32.22214640,-69.52460871,10219.275,30941.327,493.80,-3686.84,0.8266,0.5083,0.6922,1,3,1.5046
385,31497.50,11649.50,-935.019,607326.565,32.21178951,-69.52432649,10109.481,30932.935,493.49,-3687.16,0.8569,0.4692,0.6275,1,3,1.5483
386,31881.50,2817.50,1559.595,607232.044,32.44715632,-69.52740348,12604.095,31027.456,480.76,-3685.90,0.8696,0.5738,0.2549,1,3,0.6615
387,31881.50,3201.50,1450.733,607241.034,32.43688257,-69.52711571,12495.233,31018.466,479.93,-3685.53,0.8616,0.5382,0.3940,1,3,0.0774
388,31881.50,3585.50,1342.321,607250.265,32.42665161,-69.52681933,12386.821,31009.235,479.61,-3684.91,0.8635,0.4699,0.0802,1,3,0.2088
389,31881.50,3969.50,1232.403,607260.037,32.41627866,-69.52650452,12276.903,30999.463,477.85,-3683.76,0.8601,0.4680,0.3174,1,3,0.5165
390,31881.50,4353.50,1122.784,607268.854,32.40593445,-69.52622054,12167.284,30990.646,476.46,-3683.57,0.8531,0.5527,0.3202,1,3,0.3337
391,31881.50,4737.50,1014.242,607278.072,32.39569211,-69.52592265,12058.742,30981.428,476.21,-3682.99,0.8471,0.4458,0.4324,1,3,0.3510
392,31881.50,5121.50,905.345,607287.426,32.38541652,-69.52561963,11949.845,30972.074,475.66,-3682.27,0.8109,0.3299,0.1434,1,3,0.1904
393,31881.50,5505.50,796.785,607295.842,32.37517321,-69.52534691,11841.285,30963.658,475.53,-3682.49,0.8380,0.4262,0.3421,1,3,0.3039
394,31881.50,5889.50,690.960,607304.141,32.36518824,-69.52507731,11735.460,30955.359,478.19,-3682.84,0.7886,0.5429,0.0363,1,3,0.0652
395,31881.50,6273.50,586.328,607311.267,32.35531617,-69.52484576,11630.828,30948.233,482.11,-3684.36,0.7119,0.4495,0.2763,1,3,0.2199
396,31881.50,7809.50,156.789,607345.200,32.31479118,-69.52373463,11201.289,30914.300,487.44,-3685.08,0.8340,0.4155,0.3187,1,3,0.4558
397,31881.50,8193.50,46.236,607354.826,32.30436175,-69.52341755,11090.736,30904.674,485.78,-3684.12,0.8499,0.5065,0.5457,1,3,0.6895
398,31881.50,8577.50,-62.623,607362.944,32.29409245,-69.52314961,10981.877,30896.556,485.87,-3684.68,0.7854,0.2537,0.5165,1,3,0.6798
399,31881.50,8961.50,-170.698,607372.179,32.28389743,-69.52284414,10873.802,30887.321,486.81,-3684.13,0.7198,0.5152,0.8047,1,3,0.8062
400,31881.50,9345.50,-277.730,607379.313,32.27380092,-69.52260741,10766.770,30880.187,488.86,-3685.68,0.8250,0.4088,0.4655,1,3,0.7432
401,31881.50,9729.50,-386.945,607388.371,32.26349896,-69.52230650,10657.555,30871.129,488.79,-3685.31,0.8474,0.5665,0.3115,1,3,0.3150
402,31881.50,10113.50,-494.170,607395.836,32.25338481,-69.52205760,10550.330,30863.664,490.78,-3686.54,0.7512,0.3048,0.4374,1,3,0.7249
403,31881.50,10497.50,-601.869,607404.013,32.24322632,-69.52178455,10442.631,30855.487,492.37,-3687.07,0.8476,0.4720,0.5895,1,3,1.0220
404,31881.50,10881.50,-709.710,607412.388,32.23305474,-69.52150433,10334.790,30847.112,493.88,-3687.40,0.7872,0.2815,0.5541,1,3,1.1492
405,31881.50,11265.50,-819.001,607420.800,32.22274668,-69.52122219,10225.499,30838.700,494.01,-3687.70,0.8165,0.4242,0.3779,1,3,0.9605
406,31881.50,11649.50,-928.005,607429.961,32.21246604,-69.52091467,10116.495,30829.539,494.48,-3687.25,0.8353,0.3037,0.7051,1,3,1.5867
407,32265.50,2817.50,1567.306,607334.617,32.44785886,-69.52401780,12611.806,30924.883,482.44,-3686.80,0.8550,0.5287,0.0841,1,3,0.2987
408,32265.50,3201.50,1458.179,607343.987,32.43756178,-69.52371756,12502.679,30915.513,481.34,-3686.05,0.8533,0.3805,0.2580,1,3,0.0899
409,32265.50,3585.50,1349.383,607353.384,32.42729631,-69.52341574,12393.883,30906.116,480.64,-3685.27,0.8692,0.4820,0.2014,1,3,0.4404
410,32265.50,3969.50,1239.464,607363.171,32.41692505,-69.52310049,12283.964,30896.329,478.88,-3684.10,0.8685,0.5958,0.3442,1,3,0.4858
411,32265.50,4353.50,1129.532,607372.932,32.40655291,-69.52278542,12174.032,30886.568,477.17,-3682.97,0.8193,0.6002,0.5585,1,3,0.6467
412,32265.50,4737.50,1020.565,607381.752,32.39627224,-69.52250072,12065.065,30877.748,476.50,-3682.78,0.8725,0.4560,0.2868,1,3,0.3740
413,32265.50,5121.50,911.524,607390.691,32.38598488,-69.52221145,11956.024,30868.809,475.81,-3682.48,0.8639,0.3853,0.1583,1,3,0.1792
414,32265.50,5505.50,803.712,607399.140,32.37581387,-69.52193764,11848.212,30860.360,476.42,-3682.67,0.8696,0.5362,0.2094,1,3,0.1589
415,32265.50,5889.50,697.612,607407.638,32.36580461,-69.52166153,11742.112,30851.862,478.81,-3682.82,0.7909,0.5470,0.3612,1,3,0.4150
416,32265.50,6273.50,592.245,607414.841,32.35586486,-69.52142750,11636.745,30844.659,482.00,-3684.26,0.7912,0.5289,0.3884,1,3,0.3184
417,32265.50,6657.50,486.924,607422.686,32.34592964,-69.52117170,11531.424,30836.814,485.30,-3685.07,0.8537,0.5142,0.0568,1,3,0.1359
418,32265.50,7425.50,271.466,607439.727,32.32560559,-69.52061377,11315.966,30819.773,487.28,-3685.35,0.8378,0.3018,0.2838,1,3,0.4173
419,32265.50,7809.50,161.201,607448.562,32.31520483,-69.52032353,11205.701,30810.938,485.83,-3685.19,0.8186,0.3428,0.2723,1,3,0.2404
420,32265.50,8193.50,51.235,607458.346,32.30483247,-69.52000127,11095.735,30801.154,484.75,-3684.08,0.8485,0.3749,0.2997,1,3,0.4546
421,32265.50,8577.50,-58.491,607467.401,32.29448322,-69.51970242,10986.009,30792.099,483.97,-3683.70,0.8602,0.6471,0.4467,1,3,0.4414
422,32265.50,8961.50,-166.438,607475.282,32.28430195,-69.51944168,10878.062,30784.218,485.04,-3684.50,0.7885,0.3094,0.1448,1,3,0.2835
423,32265.50,9345.50,-274.909,607483.796,32.27407152,-69.51915942,10769.591,30775.704,485.66,-3684.67,0.7672,0.4010,0.4166,1,3,0.6715
424,32265.50,9729.50,-383.880,607492.647,32.26379429,-69.51886536,10660.620,30766.853,485.83,-3684.51,0.8199,0.5112,0.0858,1,3,0.4489
425,32265.50,10113.50,-491.849,607500.708,32.25361177,-69.51859677,10552.651,30758.792,487.08,-3685.14,0.8290,0.6255,0.2889,1,3,0.1643
426,32265.50,10497.50,-597.265,607508.400,32.24367031,-69.51833983,10447.235,30751.100,490.95,-3686.15,0.7768,0.3621,0.4289,1,3,0.9353
427,32265.50,10881.50,-705.450,607516.700,32.23346802,-69.51806210,10339.050,30742.800,492.12,-3686.56,0.8525,0.4822,0.1748,1,3,0.7096
428,32265.50,11265.50,-814.413,607525.095,32.22319268,-69.51778055,10230.087,30734.405,492.57,-3686.87,0.7860,0.4428,0.2636,1,3,0.9619
429,32265.50,11649.50,-923.419,607533.742,32.21291352,-69.51749004,10121.081,30725.758,493.05,-3686.94,0.8053,0.4173,0.4113,1,3,1.2124
430,32649.50,2817.50,1572.721,607438.524,32.44834435,-69.52058828,12617.221,30820.976,482.03,-3686.34,0.8107,0.2171,0.2222,1,3,0.4547
431,32649.50,3201.50,1464.520,607446.999,32.43813660,-69.52031754,12509.020,30812.501,481.86,-3686.47,0.8476,0.3263,0.2808,1,3,0.1601
432,32649.50,3585.50,1355.328,607456.300,32.42783541,-69.52001896,12399.828,30803.200,480.76,-3685.79,0.8294,0.3403,0.4157,1,3,0.2014
433,32649.50,3969.50,1245.105,607466.289,32.41743725,-69.51969711,12289.605,30793.211,478.70,-3684.43,0.8504,0.4979,0.2630,1,3,0.1719
434,32649.50,4353.50,1135.305,607475.941,32.40707936,-69.51938568,12179.805,30783.559,477.13,-3683.40,0.8721,0.6215,0.2177,1,3,0.2667
435,32649.50,4737.50,1025.542,607485.387,32.39672521,-69.51908040,12070.042,30774.113,475.66,-3682.59,0.8896,0.5017,0.2198,1,3,0.2765
436,32649.50,5121.50,916.545,607494.154,32.38644384,-69.51879684,11961.045,30765.346,475.02,-3682.45,0.8556,0.5171,0.0981,1,3,0.0663
437,32649.50,5505.50,810.092,607502.303,32.37640267,-69.51853289,11854.592,30757.197,476.99,-3682.95,0.8327,0.5605,0.1422,1,3,0.0549
438,32649.50,5889.50,704.893,607510.617,32.36648013,-69.51826287,11749.393,30748.883,480.28,-3683.28,0.8358,0.6312,0.4180,1,3,0.5134
439,32649.50,6273.50,599.132,607518.186,32.35650481,-69.51801683,11643.632,30741.314,483.07,-3684.36,0.8185,0.4129,0.1913,1,3,0.3076
440,32649.50,6657.50,491.961,607526.194,32.34639681,-69.51775573,11536.461,30733.306,484.52,-3685.00,0.8190,0.5674,0.2031,1,3,0.0856
441,32649.50,7041.50,384.634,607534.654,32.33627434,-69.51747911,11429.134,30724.846,485.88,-3685.20,0.8637,0.4244,0.0228,1,3,0.1230
442,32649.50,7425.50,276.472,607543.692,32.32607336,-69.51718277,11320.972,30715.808,486.47,-3684.83,0.8442,0.4373,0.5235,1,3,0.6789
443,32649.50,7809.50,166.663,607553.014,32.31571732,-69.51687646,11211.163,30706.486,485.48,-3684.17,0.8649,0.6355,0.6069,1,3,0.7698
444,32649.50,8193.50,56.748,607561.296,32.30535157,-69.51660384,11101.248,30698.204,484.45,-3684.57,0.8520,0.3147,0.2503,1,3,0.2776
445,32649.50,8577.50,-52.917,607570.199,32.29500975,-69.51631004,10991.583,30689.301,483.73,-3684.34,0.8374,0.4841,0.3370,1,3,0.2310
446,32649.50,8961.50,-160.998,607579.125,32.28481757,-69.51601485,10883.502,30680.375,484.67,-3684.09,0.8729,0.5955,0.1219,1,3,0.3475
447,32649.50,9345.50,-270.114,607587.430,32.27452808,-69.51573950,10774.386,30672.070,484.64,-3684.48,0.7857,0.3954,0.3601,1,3,0.1449
448,32649.50,9729.50,-379.192,607596.446,32.26424257,-69.51544006,10665.308,30663.054,484.71,-3684.15,0.8853,0.6254,0.3111,1,3,0.1444
449,32649.50,10113.50,-486.728,607604.624,32.25410259,-69.51516764,10557.772,30654.876,486.39,-3684.67,0.8539,0.5580,0.1261,1,3,0.3299
450,32649.50,10497.50,-594.844,607612.799,32.24390830,-69.51489468,10449.656,30646.701,487.56,-3685.19,0.7827,0.3271,0.3712,1,3,0.1431
451,32649.50,10881.50,-703.236,607620.966,32.23368825,-69.51462136,10341.264,30638.534,488.52,-3685.73,0.7373,0.2741,0.2618,1,3,0.6670
452,32649.50,11265.50,-811.781,607629.736,32.22345404,-69.51432746,10232.719,30629.764,489.39,-3685.67,0.7765,0.3827,0.1858,1,3,0.5784
453,32649.50,11649.50,-919.694,607637.647,32.21327963,-69.51406134,10124.806,30621.853,490.97,-3686.47,0.7699,0.3445,0.2884,1,3,0.4240
454,33033.50,2817.50,1576.290,607542.448,32.44865559,-69.51715843,12620.790,30717.052,479.81,-3685.84,0.7972,0.5790,0.4765,1,3,0.2961
455,33033.50,3201.50,1469.126,607551.391,32.43854726,-69.51687218,12513.626,30708.109,480.67,-3685.51,0.7923,0.2941,0.2809,1,3,0.4643
456,33033.50,3585.50,1360.469,607560.138,32.42829843,-69.51659185,12404.969,30699.362,480.11,-3685.38,0.8663,0.4742,0.1909,1,3,0.3372
457,33033.50,3969.50,1251.317,607569.868,32.41800303,-69.51627853,12295.817,30689.632,479.12,-3684.28,0.8343,0.4650,0.3966,1,3,0.5517
458,33033.50,4353.50,1140.017,607579.499,32.40750538,-69.51596790,12184.517,30680.001,476.05,-3683.27,0.8997,0.6960,0.3631,1,3,0.2988
459,33033.50,4737.50,1029.498,607588.936,32.39708179,-69.51566298,12073.998,30670.564,473.82,-3682.47,0.8452,0.4387,0.2883,1,3,0.1917
460,33033.50,5121.50,921.385,607597.750,32.38688552,-69.51537787,11965.885,30661.750,474.07,-3682.29,0.8152,0.4346,0.2185,1,3,0.1326
461,33033.50,5505.50,815.451,607606.090,32.37689496,-69.51510764,11859.951,30653.410,476.55,-3682.59,0.8203,0.4492,0.1797,1,3,0.2049
462,33033.50,5889.50,710.346,607613.844,32.36698298,-69.51485611,11754.846,30645.656,479.94,-3683.48,0.7790,0.4190,0.2915,1,3,0.3906
463,33033.50,6273.50,604.758,607621.669,32.35702573,-69.51460164,11649.258,30637.831,482.91,-3684.30,0.7786,0.2707,0.2815,1,3,0.4057
464,33033.50,6657.50,497.732,607629.997,32.34693310,-69.51433003,11542.232,30629.503,484.50,-3684.63,0.8361,0.6327,0.3794,1,3,0.5143
465,33033.50,7041.50,389.262,607638.366,32.33670450,-69.51405646,11433.762,30621.134,484.72,-3684.92,0.8397,0.4479,0.0901,1,3,0.1292
466,33033.50,7425.50,281.058,607647.442,32.32650133,-69.51375892,11325.558,30612.058,485.27,-3684.51,0.8476,0.4162,0.3806,1,3,0.5346
467,33033.50,7809.50,171.548,607656.310,32.31617519,-69.51346762,11216.048,30603.190,484.58,-3684.31,0.8625,0.4192,0.2644,1,3,0.4364
468,33033.50,8193.50,62.080,607665.186,32.30585346,-69.51317541,11106.580,30594.314,483.99,-3684.10,0.8846,0.5988,0.1027,1,3,0.2874
469,33033.50,8577.50,-47.724,607674.219,32.29550027,-69.51287734,10996.776,30585.281,483.14,-3683.75,0.8454,0.3995,0.0601,1,3,0.2538
470,33033.50,8961.50,-155.984,607683.094,32.28529295,-69.51258387,10888.516,30576.406,483.90,-3683.55,0.7759,0.3204,0.5705,1,3,0.7948
471,33033.50,9345.50,-266.208,607691.656,32.27490075,-69.51230008,10778.292,30567.844,482.76,-3683.68,0.7823,0.4846,0.4483,1,3,0.1998
472,33033.50,9729.50,-374.537,607700.446,32.26468758,-69.51200812,10669.963,30559.054,483.58,-3683.58,0.7723,0.3492,0.2748,1,3,0.5608
473,33033.50,10113.50,-483.587,607708.811,32.25440661,-69.51172951,10560.913,30550.689,483.75,-3683.91,0.7965,0.3168,0.2743,1,3,0.0923
474,33033.50,10497.50,-592.355,607717.311,32.24415256,-69.51144585,10452.145,30542.189,484.27,-3684.11,0.7734,0.3693,0.0816,1,3,0.3289
475,33033.50,10881.50,-701.294,607725.957,32.23388274,-69.51115672,10343.206,30533.543,484.68,-3684.17,0.7903,0.2672,0.3816,1,3,0.1740
476,33033.50,11265.50,-808.853,607734.057,32.22374325,-69.51088499,10235.647,30525.443,486.54,-3684.78,0.7548,0.2499,0.3459,1,3,0.2917
477,33033.50,11649.50,-915.259,607741.308,32.21371260,-69.51064073,10129.241,30518.192,489.62,-3686.24,0.7804,0.4191,0.2057,1,3,0.6051
478,33417.50,2817.50,1578.266,607646.929,32.44881633,-69.51371037,12622.766,30612.571,475.82,-3684.90,0.8805,0.6376,0.2765,1,4,0.5589
479,33417.50,3201.50,1471.529,607655.656,32.43874998,-69.51343120,12516.029,30603.844,477.12,-3684.79,0.8184,0.3371,0.2273,1,4,0.4119
480,33417.50,3585.50,1364.268,607663.925,32.42863467,-69.51316660,12408.768,30595.575,477.95,-3685.14,0.8299,0.3414,0.3863,1,4,0.4962
481,33417.50,3969.50,1254.562,607674.008,32.41828877,-69.51284165,12299.062,30585.492,476.41,-3683.67,0.8198,0.5273,0.5017,1,4,0.4956
482,33417.50,4353.50,1144.073,607683.503,32.40786944,-69.51253550,12188.573,30575.997,474.15,-3682.81,0.8553,0.3752,0.4083,1,4,0.4804
483,33417.50,4737.50,1033.922,607692.832,32.39748228,-69.51223417,12078.422,30566.668,472.29,-3682.11,0.8121,0.4156,0.4303,1,4,0.4375
484,33417.50,5121.50,926.158,607701.881,32.38732061,-69.51194127,11970.658,30557.619,472.88,-3681.69,0.8517,0.5118,0.3350,1,4,0.4176
485,33417.50,5505.50,820.238,607710.130,32.37733313,-69.51167409,11864.738,30549.370,475.39,-3682.09,0.8374,0.6051,0.5847,1,4,0.6784
486,33417.50,5889.50,714.623,607717.661,32.36737486,-69.51142997,11759.123,30541.839,478.26,-3683.20,0.7855,0.4208,0.1436,1,4,0.3117
487,33417.50,6273.50,608.835,607725.173,32.35740036,-69.51118588,11653.335,30534.327,481.03,-3684.34,0.7867,0.4069,0.2733,1,4,0.3948
488,33417.50,6657.50,501.992,607734.102,32.34732668,-69.51089442,11546.492,30525.398,482.81,-3684.06,0.8510,0.4986,0.5553,1,4,0.7125
489,33417.50,7041.50,393.777,607742.778,32.33712388,-69.51061075,11438.277,30516.722,483.28,-3684.05,0.8038,0.5726,0.4857,1,4,0.5876
490,33417.50,7425.50,285.181,607750.887,32.32688547,-69.51034516,11329.681,30508.613,483.44,-3684.60,0.7852,0.2238,0.2893,1,4,0.4270
491,33417.50,7809.50,175.783,607759.645,32.31657170,-69.51005753,11220.283,30499.855,482.86,-3684.51,0.8447,0.5263,0.3999,1,4,0.4650
492,33417.50,8193.50,66.188,607769.182,32.30623973,-69.50974351,11110.688,30490.318,482.15,-3683.65,0.8763,0.5158,0.3776,1,4,0.3794
493,33417.50,8577.50,-44.892,607778.496,32.29576795,-69.50943622,10999.608,30481.004,480.02,-3683.01,0.8448,0.4266,0.1322,1,4,0.2569
494,33417.50,8961.50,-154.602,607787.339,32.28542580,-69.50914382,10889.898,30472.161,479.33,-3682.85,0.7942,0.3242,0.5177,1,4,0.7251
495,33417.50,9345.50,-262.626,607796.230,32.27524280,-69.50884917,10781.874,30463.270,480.39,-3682.64,0.8724,0.6395,0.4581,1,4,0.7078
496,33417.50,9729.50,-370.898,607804.424,32.26503662,-69.50857692,10673.602,30455.076,481.27,-3683.14,0.8148,0.3063,0.0462,1,4,0.4543
497,33417.50,10113.50,-478.990,607813.060,32.25484783,-69.50828946,10565.510,30446.440,482.40,-3683.20,0.8315,0.4721,0.4041,1,4,0.3003
498,33417.50,10497.50,-588.535,607821.043,32.24452222,-69.50802284,10455.965,30438.457,482.14,-3683.92,0.8565,0.6234,0.4059,1,4,0.9229
499,33417.50,10881.50,-696.472,607829.606,32.23434858,-69.50773651,10348.028,30429.894,483.55,-3684.06,0.8236,0.4065,0.4348,1,4,1.2676
500,33417.50,11265.50,-803.427,607837.858,32.22426774,-69.50745984,10241.073,30421.642,486.02,-3684.52,0.8250,0.4171,0.3679,1,4,1.1385
501,33417.50,11649.50,-911.485,607845.772,32.21408312,-69.50719364,10133.015,30413.728,487.45,-3685.32,0.8023,0.3159,0.4801,1,4,1.5796
502,33801.50,2817.50,1580.234,607752.108,32.44897605,-69.51023927,12624.734,30507.392,471.81,-3683.26,0.7237,0.2717,0.0972,1,4,0.2757
503,33801.50,3201.50,1474.340,607760.158,32.43899114,-69.50998243,12518.840,30499.342,473.95,-3683.82,0.7840,0.4749,0.1223,1,4,0.3142
504,33801.50,3585.50,1368.269,607768.810,32.42898970,-69.50970508,12412.769,30490.690,475.98,-3683.79,0.8800,0.4992,0.2792,1,4,0.1199
505,33801.50,3969.50,1258.749,607778.244,32.41866315,-69.50940158,12303.249,30481.256,474.62,-3682.98,0.8630,0.5064,0.4278,1,4,0.3395
506,33801.50,4353.50,1147.852,607787.923,32.40820714,-69.50908941,12192.352,30471.577,471.95,-3681.92,0.8215,0.5221,0.5354,1,4,0.5406
507,33801.50,4737.50,1038.221,607797.513,32.39787081,-69.50877948,12082.721,30461.987,470.61,-3680.96,0.7904,0.2704,0.3249,1,4,0.2196
508,33801.50,5121.50,930.177,607805.664,32.38768461,-69.50851624,11974.677,30453.836,470.93,-3681.45,0.8288,0.6080,0.2431,1,4,0.3304
509,33801.50,5505.50,823.956,607814.135,32.37767039,-69.50824177,11868.456,30445.365,473.13,-3681.62,0.8408,0.4279,0.1024,1,4,0.1367
510,33801.50,5889.50,718.075,607821.772,32.36768869,-69.50799418,11762.575,30437.728,475.74,-3682.63,0.7434,0.3527,0.1704,1,4,0.2576
511,33801.50,6273.50,613.281,607829.791,32.35780962,-69.50773334,11657.781,30429.709,479.50,-3683.26,0.7422,0.3798,0.4813,1,4,0.6114
512,33801.50,6657.50,505.902,607837.887,32.34768712,-69.50746944,11550.402,30421.613,480.74,-3683.81,0.7765,0.2761,0.0393,1,4,0.1471
513,33801.50,7041.50,398.164,607846.043,32.33753112,-69.50720296,11442.664,30413.457,481.69,-3684.32,0.8240,0.4044,0.3489,1,4,0.4891
514,33801.50,7425.50,289.379,607855.054,32.32727654,-69.50690762,11333.879,30404.446,481.66,-3683.97,0.8751,0.4900,0.1647,1,4,0.2857
515,33801.50,7809.50,179.902,607864.501,32.31695711,-69.50659728,11224.402,30394.999,481.01,-3683.19,0.8226,0.4092,0.5420,1,4,0.5804
516,33801.50,8193.50,68.719,607873.324,32.30647715,-69.50630687,11113.219,30386.176,478.71,-3683.04,0.8579,0.5096,0.4217,1,4,0.4984
517,33801.50,8577.50,-41.280,607883.122,32.29610913,-69.50598360,11003.220,30376.378,477.66,-3681.92,0.8714,0.3604,0.1785,1,4,0.1569
518,33801.50,8961.50,-150.457,607891.435,32.28581890,-69.50570871,10894.043,30368.065,477.51,-3682.29,0.8236,0.4088,0.3306,1,4,0.5522
519,33801.50,9345.50,-257.453,607900.083,32.27573455,-69.50542217,10787.047,30359.417,479.60,-3682.33,0.8806,0.5766,0.3300,1,4,0.2665
520,33801.50,9729.50,-366.094,607908.122,32.26549540,-69.50515503,10678.406,30351.378,480.11,-3682.98,0.8688,0.6377,0.4590,1,4,0.8786
521,33801.50,10113.50,-473.903,607916.559,32.25533493,-69.50487417,10570.597,30342.941,481.52,-3683.24,0.8585,0.6253,0.1898,1,4,0.7054
522,33801.50,10497.50,-582.100,607924.679,32.24513814,-69.50460311,10462.400,30334.821,482.61,-3683.82,0.8372,0.6889,0.1096,1,4,0.7539
523,33801.50,10881.50,-690.148,607932.650,32.23495573,-69.50433635,10354.352,30326.850,483.91,-3684.55,0.8318,0.3808,0.3997,1,4,1.1442
524,33801.50,11265.50,-797.195,607941.057,32.22486791,-69.50405459,10247.305,30318.443,486.28,-3684.85,0.8272,0.3487,0.1939,1,4,1.0296
525,33801.50,11649.50,-905.944,607948.839,32.21461988,-69.50379276,10138.556,30310.661,487.02,-3685.79,0.8178,0.2334,0.4783,1,4,1.5430
526,34185.50,2817.50,1582.027,607856.775,32.44911946,-69.50678516,12626.527,30402.725,467.68,-3682.09,0.7842,0.4416,0.2506,1,4,0.6429
527,34185.50,3201.50,1478.022,607864.662,32.43931435,-69.50653355,12522.522,30394.838,471.71,-3682.82,0.8161,0.4476,0.1602,1,4,0.1233
528,34185.50,3585.50,1371.218,607872.794,32.42924559,-69.50627344,12415.718,30386.706,473.00,-3683.30,0.8246,0.4589,0.4363,1,4,0.6124
529,34185.50,3969.50,1263.905,607881.634,32.41912895,-69.50598939,12308.405,30377.866,473.85,-3683.09,0.8182,0.3410,0.2352,1,4,0.2576
530,34185.50,4353.50,1154.235,607891.142,32.40879041,-69.50568285,12198.735,30368.358,472.41,-3682.21,0.8084,0.4235,0.0842,1,4,0.1056
531,34185.50,4737.50,1044.797,607900.330,32.39847403,-69.50538619,12089.297,30359.170,471.27,-3681.65,0.8117,0.2909,0.1012,1,4,0.1814
532,34185.50,5121.50,935.440,607909.675,32.38816560,-69.50508368,11979.940,30349.825,470.27,-3680.94,0.8120,0.5109,0.6414,1,4,0.5736
533,34185.50,5505.50,829.031,607917.641,32.37813549,-69.50482592,11873.531,30341.859,472.28,-3681.62,0.7954,0.4044,0.2645,1,4,0.2588
534,34185.50,5889.50,723.002,607925.949,32.36814144,-69.50455622,11767.502,30333.551,474.75,-3681.95,0.7937,0.3727,0.1628,1,4,0.2202
535,34185.50,6273.50,616.931,607933.741,32.35814369,-69.50430294,11661.431,30325.759,477.23,-3682.81,0.8558,0.4231,0.0326,1,4,0.1920
536,34185.50,6657.50,510.821,607941.988,32.34814258,-69.50403403,11555.321,30317.512,479.74,-3683.22,0.8191,0.3407,0.4131,1,4,0.5262
537,34185.50,7041.50,402.769,607949.989,32.33795866,-69.50377268,11447.269,30309.511,480.38,-3683.87,0.8351,0.2915,0.2786,1,4,0.3498
538,34185.50,7425.50,293.279,607958.820,32.32763941,-69.50348334,11337.779,30300.680,479.64,-3683.71,0.8635,0.5297,0.5680,1,4,0.5655
539,34185.50,7809.50,183.806,607968.205,32.31732211,-69.50317506,11228.306,30291.295,478.99,-3682.99,0.8815,0.4672,0.1768,1,4,0.2468
540,34185.50,8193.50,73.330,607977.142,32.30691066,-69.50288093,11117.830,30282.358,477.40,-3682.73,0.8606,0.4509,0.5408,1,4,0.6289
541,34185.50,8577.50,-37.276,607986.606,32.29648720,-69.50256872,11007.224,30272.894,475.75,-3681.94,0.9046,0.7242,0.4011,1,4,0.5157
542,34185.50,8961.50,-145.060,607995.344,32.28632997,-69.50227986,10899.440,30264.156,476.99,-3681.88,0.8450,0.3718,0.0697,1,4,0.3090
543,34185.50,9345.50,-252.489,608003.033,32.27620645,-69.50202496,10792.011,30256.467,478.64,-3682.88,0.8095,0.2460,0.5700,1,4,0.8528
544,34185.50,9729.50,-359.411,608011.571,32.26613098,-69.50174142,10685.089,30247.929,480.88,-3683.03,0.8594,0.5852,0.1982,1,4,0.5569
545,34185.50,10113.50,-467.745,608019.793,32.25592276,-69.50146768,10576.755,30239.707,481.76,-3683.50,0.8888,0.5857,0.1735,1,4,0.4044
546,34185.50,10497.50,-575.796,608027.917,32.24574152,-69.50119653,10468.704,30231.583,483.00,-3684.08,0.8066,0.3659,0.3392,1,4,0.9567
547,34185.50,10881.50,-683.168,608036.000,32.23562449,-69.50092614,10361.332,30223.500,484.98,-3684.70,0.8725,0.6853,0.4991,1,4,1.2438
548,34185.50,11265.50,-791.551,608044.138,32.22541247,-69.50065328,10252.949,30215.362,486.02,-3685.27,0.8063,0.4059,0.5323,1,4,1.4316
549,34185.50,11649.50,-901.272,608052.420,32.21507471,-69.50037494,10143.228,30207.080,485.78,-3685.71,0.9106,0.6220,0.7343,1,4,1.6909
550,34569.50,2817.50,1586.947,607960.891,32.44955757,-69.50334900,12631.447,30298.609,466.69,-3681.46,0.7873,0.4190,0.2527,1,4,0.1726
551,34569.50,3201.50,1481.873,607968.399,32.43965347,-69.50310997,12526.373,30291.101,469.65,-3682.56,0.7911,0.3861,0.2562,1,4,0.5358
552,34569.50,3585.50,1375.280,607976.957,32.42960628,-69.50283586,12419.780,30282.543,471.15,-3682.62,0.8539,0.5273,0.1210,1,4,0.3289
553,34569.50,3969.50,1268.449,607985.487,32.41953688,-69.50256202,12312.949,30274.013,472.48,-3682.71,0.8290,0.2853,0.0949,1,4,0.2070
554,34569.50,4353.50,1159.772,607994.123,32.40929377,-69.50228420,12204.272,30265.377,472.03,-3682.70,0.8532,0.3395,0.4640,1,4,0.5938
555,34569.50,4737.50,1051.048,608003.449,32.39904641,-69.50198299,12095.548,30256.051,471.60,-3682.01,0.8562,0.6718,0.3589,1,4,0.4532
556,34569.50,5121.50,942.643,608012.627,32.38882946,-69.50168598,11987.143,30246.873,471.56,-3681.47,0.8342,0.3273,0.0848,1,4,0.0785
557,34569.50,5505.50,834.967,608020.979,32.37868155,-69.50141556,11879.467,30238.521,472.31,-3681.76,0.8080,0.1734,0.2073,1,4,0.2876
558,34569.50,5889.50,728.142,608029.327,32.36861421,-69.50114464,11772.642,30230.173,473.97,-3682.05,0.8172,0.3667,0.1333,1,4,0.2541
559,34569.50,6273.50,621.938,608037.742,32.35860555,-69.50087083,11666.438,30221.758,476.33,-3682.29,0.7926,0.2808,0.2443,1,4,0.2708
560,34569.50,6657.50,514.867,608045.572,32.34851556,-69.50061575,11559.367,30213.928,477.88,-3683.11,0.8686,0.6084,0.1929,1,4,0.3042
561,34569.50,7041.50,408.067,608053.707,32.33845139,-69.50034999,11452.567,30205.793,479.77,-3683.64,0.8536,0.3996,0.2664,1,4,0.3820
562,34569.50,7425.50,299.312,608062.664,32.32820323,-69.50005650,11343.812,30196.836,479.77,-3683.34,0.8577,0.3348,0.2922,1,4,0.3823
563,34569.50,7809.50,189.760,608072.116,32.31788019,-69.49974604,11234.260,30187.384,479.04,-3682.56,0.8419,0.4584,0.2995,1,4,0.2493
564,34569.50,8193.50,79.217,608080.607,32.30746413,-69.49946667,11123.717,30178.893,477.38,-3682.74,0.8106,0.3562,0.5334,1,4,0.6234
565,34569.50,8577.50,-30.063,608089.620,32.29716736,-69.49916940,11014.437,30169.880,477.06,-3682.41,0.8596,0.5422,0.3441,1,4,0.4541
566,34569.50,8961.50,-138.132,608098.547,32.28698507,-69.49887431,10906.368,30160.953,478.01,-3682.16,0.7644,0.4744,0.4560,1,4,0.6158
567,34569.50,9345.50,-245.157,608106.008,32.27690125,-69.49862702,10799.343,30153.492,480.07,-3683.39,0.8232,0.4449,0.4555,1,4,0.7044
568,34569.50,9729.50,-352.300,608114.796,32.26680673,-69.49833526,10692.200,30144.704,482.08,-3683.29,0.8096,0.4634,0.3303,1,4,0.5054
569,34569.50,10113.50,-460.768,608123.029,32.25658767,-69.49806120,10583.732,30136.471,482.83,-3683.75,0.7688,0.3160,0.1627,1,4,0.5507
570,34569.50,10497.50,-568.671,608131.503,32.24642208,-69.49777857,10475.829,30127.997,484.22,-3683.98,0.7574,0.5343,0.4152,1,4,0.7904
571,34569.50,10881.50,-677.755,608139.652,32.23614549,-69.49750598,10366.745,30119.848,484.49,-3684.53,0.7624,0.4560,0.2223,1,4,0.5437
572,34569.50,11265.50,-787.559,608148.860,32.22580143,-69.49719776,10256.941,30110.640,484.10,-3684.03,0.8142,0.6646,0.3525,1,4,0.7044
573,34569.50,11649.50,-896.147,608156.451,32.21557204,-69.49694230,10148.353,30103.049,485.00,-3685.16,0.8647,0.5462,0.3343,1,4,1.2415
574,34953.50,2817.50,1592.274,608064.109,32.45003418,-69.49994245,12636.774,30195.391,466.09,-3681.72,0.8276,0.5569,0.3729,1,4,0.4895
575,34953.50,3201.50,1487.515,608072.041,32.44016127,-69.49968947,12532.015,30187.459,469.36,-3682.40,0.8175,0.3750,0.1348,1,4,0.3862
576,34953.50,3585.50,1381.704,608080.726,32.43018942,-69.49941111,12426.204,30178.774,471.65,-3682.33,0.8273,0.4805,0.3768,1,4,0.3243
577,34953.50,3969.50,1274.842,608088.419,32.42011898,-69.49916494,12319.342,30171.081,472.95,-3683.26,0.7648,0.2462,0.3459,1,4,0.4858
578,34953.50,4353.50,1166.288,608097.945,32.40988907,-69.49885779,12210.788,30161.555,472.62,-3682.36,0.8080,0.3522,0.0948,1,4,0.0562
579,34953.50,4737.50,1057.740,608107.171,32.39966005,-69.49855990,12102.240,30152.329,472.37,-3681.77,0.8340,0.6662,0.3160,1,4,0.1976
580,34953.50,5121.50,949.729,608115.651,32.38948198,-69.49828596,11994.229,30143.849,472.72,-3681.92,0.8468,0.3384,0.0592,1,4,0.1052
581,34953.50,5505.50,841.799,608124.281,32.37931193,-69.49800641,11886.299,30135.219,473.21,-3681.93,0.8259,0.2995,0.0237,1,4,0.1386
582,34953.50,5889.50,734.558,608133.006,32.36920695,-69.49772309,11779.058,30126.494,474.47,-3681.85,0.8407,0.4187,0.2845,1,4,0.1740
583,34953.50,6273.50,627.514,608140.898,32.35912097,-69.49746663,11672.014,30118.602,475.98,-3682.61,0.8148,0.3494,0.2701,1,4,0.2354
584,34953.50,6657.50,521.291,608149.344,32.34911252,-69.49719124,11565.791,30110.156,478.38,-3682.82,0.8239,0.4540,0.3005,1,4,0.3101
585,34953.50,7041.50,414.347,608157.457,32.33903649,-69.49692622,11458.847,30102.043,480.13,-3683.36,0.8020,0.3709,0.2508,1,4,0.2927
586,34953.50,7425.50,306.065,608166.107,32.32883460,-69.49664290,11350.565,30093.393,480.60,-3683.38,0.8756,0.5268,0.2970,1,4,0.3233
587,34953.50,7809.50,196.622,608174.931,32.31852359,-69.49635323,11241.122,30084.569,479.98,-3683.22,0.8647,0.5391,0.0900,1,4,0.0981
588,34953.50,8193.50,86.655,608183.413,32.30816365,-69.49607418,11131.155,30076.087,478.90,-3683.41,0.8212,0.3502,0.5385,1,4,0.6080
589,34953.50,8577.50,-22.423,608193.021,32.29788759,-69.49575733,11022.077,30066.479,478.78,-3682.48,0.8534,0.5297,0.2898,1,4,0.1609
590,34953.50,8961.50,-130.979,608201.119,32.28766107,-69.49548965,10913.521,30058.381,479.24,-3683.07,0.7915,0.2493,0.5874,1,4,0.7599
591,34953.50,9345.50,-237.730,608209.574,32.27760484,-69.49520959,10806.770,30049.926,481.58,-3683.30,0.8366,0.4195,0.2255,1,4,0.2180
592,34953.50,9729.50,-345.171,608217.832,32.26748397,-69.49493539,10699.329,30041.668,483.29,-3683.73,0.7840,0.4252,0.3435,1,4,0.3663
593,34953.50,10113.50,-453.084,608225.888,32.25731882,-69.49466720,10591.416,30033.612,484.60,-3684.37,0.8054,0.4088,0.1818,1,4,0.4264
594,34953.50,10497.50,-561.565,608234.144,32.24710049,-69.49439178,10482.935,30025.356,485.40,-3684.82,0.8681,0.3842,0.0899,1,4,0.4147
595,34953.50,10881.50,-670.036,608242.380,32.23688337,-69.49411640,10374.464,30017.120,486.29,-3685.29,0.7184,0.2300,0.1208,1,4,0.5364
596,34953.50,11265.50,-780.240,608251.237,32.22650331,-69.49381978,10264.260,30008.263,485.50,-3685.14,0.8891,0.5682,0.1343,1,4,0.8187
597,34953.50,11649.50,-893.318,608261.085,32.21585310,-69.49348968,10151.182,29998.415,481.92,-3684.00,0.8415,0.5940,0.3980,1,4,1.3398
598,35337.50,2817.50,1598.851,608167.148,32.45062836,-69.49654176,12643.351,30092.352,466.71,-3682.18,0.7811,0.5072,0.6349,1,4,0.9839
599,35337.50,3201.50,1494.522,608175.069,32.44079769,-69.49628912,12539.022,30084.431,470.42,-3682.87,0.8506,0.4149,0.1248,1,4,0.3541
600,35337.50,3585.50,1387.987,608183.831,32.43075927,-69.49600834,12432.487,30075.669,471.98,-3682.73,0.7893,0.6378,0.3258,1,4,0.3691
601,35337.50,3969.50,1281.548,608191.895,32.42073025,-69.49574992,12326.048,30067.605,473.71,-3683.28,0.8630,0.4112,0.1264,1,4,0.1873
602,35337.50,4353.50,1173.240,608201.059,32.41052530,-69.49545476,12217.740,30058.441,473.63,-3682.75,0.8630,0.5117,0.2643,1,4,0.2021
603,35337.50,4737.50,1064.528,608209.698,32.40028264,-69.49517627,12109.028,30049.802,473.21,-3682.74,0.8691,0.4918,0.2202,1,4,0.3332
604,35337.50,5121.50,956.693,608218.234,32.39012298,-69.49490053,12001.193,30041.266,473.74,-3682.84,0.8960,0.5964,0.4468,1,4,0.5161
605,35337.50,5505.50,849.975,608227.241,32.38006871,-69.49460854,11894.475,30032.259,475.44,-3682.47,0.7836,0.3671,0.3185,1,4,0.2852
606,35337.50,5889.50,742.105,608235.110,32.36990633,-69.49435351,11786.605,30024.390,476.07,-3683.25,0.9011,0.7370,0.3939,1,4,0.4703
607,35337.50,6273.50,634.690,608243.854,32.35978690,-69.49406900,11679.190,30015.646,477.21,-3683.16,0.8637,0.4135,0.1428,1,4,0.1969
608,35337.50,6657.50,527.957,608251.939,32.34973221,-69.49380558,11572.457,30007.561,479.10,-3683.73,0.8211,0.3888,0.2471,1,4,0.3383
609,35337.50,7041.50,420.426,608260.746,32.33960243,-69.49351772,11464.926,29998.754,480.26,-3683.58,0.7996,0.3713,0.1499,1,4,0.1055
610,35337.50,7425.50,312.075,608268.940,32.32939584,-69.49324950,11356.575,29990.560,480.66,-3684.05,0.8324,0.4720,0.2688,1,4,0.3263
611,35337.50,7809.50,202.642,608278.215,32.31908751,-69.49294495,11247.142,29981.285,480.05,-3683.44,0.8519,0.5539,0.1039,1,4,0.1379
612,35337.50,8193.50,93.027,608287.155,32.30876242,-69.49265083,11137.527,29972.345,479.33,-3683.17,0.8470,0.4038,0.1067,1,4,0.1785
613,35337.50,8577.50,-16.279,608295.774,32.29846663,-69.49236665,11028.221,29963.726,478.98,-3683.23,0.8451,0.4529,0.4975,1,4,0.6057
614,35337.50,8961.50,-123.671,608304.042,32.28835148,-69.49209344,10920.829,29955.458,480.61,-3683.64,0.8182,0.4045,0.3638,1,4,0.5082
615,35337.50,9345.50,-231.100,608312.357,32.27823312,-69.49181802,10813.400,29947.143,482.26,-3684.02,0.7908,0.3197,0.2748,1,4,0.1834
616,35337.50,9729.50,-339.275,608321.199,32.26804476,-69.49152456,10705.225,29938.301,483.24,-3683.86,0.7925,0.3756,0.3411,1,4,0.2643
617,35337.50,10113.50,-446.751,608328.881,32.25792257,-69.49126880,10597.749,29930.619,484.99,-3684.88,0.8433,0.3640,0.1197,1,4,0.2463
618,35337.50,10497.50,-555.129,608337.056,32.24771560,-69.49099608,10489.371,29922.444,485.90,-3685.40,0.8133,0.2827,0.4543,1,4,0.3073
619,35337.50,10881.50,-663.594,608346.067,32.23750085,-69.49069515,10380.906,29913.433,486.79,-3685.10,0.8588,0.4705,0.3915,1,4,0.4286
620,35337.50,11265.50,-775.030,608355.239,32.22700658,-69.49038817,10269.470,29904.261,484.78,-3684.63,0.8730,0.7502,0.7829,1,4,0.1332
621,35337.50,11649.50,-887.229,608364.630,32.21644087,-69.49007322,10157.271,29894.870,482.07,-3683.96,0.7162,0.4936,0.2430,1,4,0.5612
622,35721.50,2817.50,1607.670,608270.188,32.45143347,-69.49314084,12652.170,29989.312,469.52,-3682.70,0.8093,0.3928,0.1865,1,0,0.1995
623,35721.50,3201.50,1502.172,608277.886,32.44149447,-69.49289574,12546.672,29981.614,472.06,-3683.62,0.8519,0.5400,0.3153,1,0,0.3324
624,35721.50,3585.50,1396.018,608286.126,32.43149369,-69.49263217,12440.518,29973.374,474.00,-3684.00,0.8235,0.2630,0.2261,1,0,0.2384
625,35721.50,3969.50,1288.420,608294.723,32.42135713,-69.49235634,12332.920,29964.777,474.57,-3684.02,0.8290,0.3923,0.3580,1,0,0.3703
626,35721.50,4353.50,1180.524,608303.982,32.41119269,-69.49205803,12225.024,29955.518,474.90,-3683.39,0.8287,0.3843,0.1839,1,0,0.1705
627,35721.50,4737.50,1071.766,608312.751,32.40094741,-69.49177532,12116.266,29946.749,474.44,-3683.25,0.8260,0.5269,0.1611,1,0,0.1579
628,35721.50,5121.50,965.522,608321.403,32.39093921,-69.49149567,12010.022,29938.097,476.56,-3683.24,0.8214,0.4242,0.2895,1,0,0.3031
629,35721.50,5505.50,858.308,608329.408,32.38084005,-69.49123684,11902.808,29930.092,477.77,-3683.87,0.8614,0.5019,0.2033,1,0,0.1701
630,35721.50,5889.50,750.396,608338.031,32.37067538,-69.49095701,11794.896,29921.469,478.35,-3683.89,0.8310,0.4738,0.2870,1,0,0.2554
631,35721.50,6273.50,642.409,608347.207,32.36050380,-69.49065831,11686.909,29912.293,478.92,-3683.37,0.8217,0.4701,0.3440,1,0,0.3584
632,35721.50,6657.50,534.686,608354.973,32.35035749,-69.49040548,11579.186,29904.527,479.82,-3684.26,0.8056,0.4266,0.4862,1,0,0.4823
633,35721.50,7041.50,427.606,608363.837,32.34027201,-69.49011576,11472.106,29895.663,481.44,-3684.05,0.7211,0.2789,0.6076,1,0,0.6133
634,35721.50,7425.50,319.207,608372.034,32.33006257,-69.48984748,11363.707,29887.466,481.79,-3684.52,0.8153,0.4227,0.2244,1,0,0.2041
635,35721.50,7809.50,210.123,608381.116,32.31978884,-69.48954937,11254.623,29878.384,481.53,-3684.10,0.8235,0.3291,0.2005,1,0,0.2104
636,35721.50,8193.50,100.826,608390.582,32.30949534,-69.48923795,11145.326,29868.918,481.12,-3683.31,0.8222,0.5800,0.4596,1,0,0.4824
637,35721.50,8577.50,-8.103,608398.647,32.29923688,-69.48897207,11036.397,29860.853,481.15,-3683.92,0.8822,0.5264,0.2544,1,0,0.2663
638,35721.50,8961.50,-116.771,608407.377,32.28900324,-69.48868364,10927.729,29852.123,481.50,-3683.87,0.8225,0.3054,0.0467,1,0,0.0330
639,35721.50,9345.50,-224.702,608416.137,32.27883932,-69.48839359,10819.798,29843.363,482.66,-3683.80,0.8352,0.3103,0.4072,1,0,0.4626
640,35721.50,9729.50,-333.052,608423.905,32.26863626,-69.48813561,10711.448,29835.595,483.47,-3684.72,0.8377,0.4737,0.2731,1,0,0.2119
641,35721.50,10113.50,-439.901,608432.153,32.25857473,-69.48786122,10604.599,29827.347,485.84,-3685.17,0.8491,0.4942,0.3554,1,0,0.4379
642,35721.50,10497.50,-547.615,608440.623,32.24843203,-69.48757886,10496.885,29818.877,487.41,-3685.40,0.8158,0.3250,0.5417,1,0,0.6401
643,35721.50,10881.50,-656.550,608448.735,32.23817466,-69.48730760,10387.950,29810.765,487.83,-3686.00,0.8582,0.3718,0.1791,1,0,0.3038
644,35721.50,11265.50,-766.591,608457.828,32.22781358,-69.48700331,10277.909,29801.672,487.22,-3685.61,0.7743,0.4608,0.6490,1,0,0.8106
645,35721.50,11649.50,-880.074,608467.441,32.21712869,-69.48668103,10164.426,29792.059,483.22,-3684.71,0.6923,0.3773,0.1856,1,0,0.3106
646,36105.50,2817.50,1611.720,608373.923,32.45178914,-69.48971746,12656.220,29885.577,467.63,-3682.50,0.8168,0.5799,0.1919,1,0,0.1990
647,36105.50,3201.50,1506.389,608382.073,32.44186738,-69.48945745,12550.889,29877.427,470.33,-3682.96,0.8104,0.5344,0.4008,1,0,0.3644
648,36105.50,3585.50,1401.919,608389.612,32.43202705,-69.48921692,12446.419,29869.888,473.96,-3684.04,0.7545,0.3298,0.3591,1,0,0.3801
649,36105.50,3969.50,1296.201,608398.028,32.42206929,-69.48894694,12340.701,29861.472,476.41,-3684.25,0.8491,0.4337,0.2686,1,0,0.3074
650,36105.50,4353.50,1187.423,608406.823,32.41182358,-69.48866406,12231.923,29852.677,475.86,-3684.08,0.8752,0.6526,0.2866,1,0,0.3122
651,36105.50,4737.50,1079.864,608415.819,32.40169291,-69.48837384,12124.364,29843.681,476.60,-3683.72,0.8029,0.6296,0.3369,1,0,0.3634
652,36105.50,5121.50,972.737,608423.973,32.39160339,-69.48811071,12017.237,29835.527,477.83,-3684.20,0.8499,0.5586,0.3218,1,0,0.3405
653,36105.50,5505.50,865.457,608432.080,32.38149964,-69.48784858,11909.957,29827.420,478.98,-3684.73,0.8207,0.3914,0.5005,1,0,0.5011
654,36105.50,5889.50,757.421,608440.710,32.37132498,-69.48756854,11801.921,29818.790,479.43,-3684.75,0.8573,0.4582,0.5066,1,0,0.4882
655,36105.50,6273.50,649.942,608450.121,32.36120290,-69.48726210,11694.442,29809.379,480.51,-3683.99,0.8497,0.4753,0.3250,1,0,0.3482
656,36105.50,6657.50,541.954,608458.065,32.35103333,-69.48700346,11586.454,29801.435,481.15,-3684.70,0.8659,0.4771,0.2606,1,0,0.2391
657,36105.50,7041.50,434.057,608466.538,32.34087262,-69.48672674,11478.557,29792.962,481.95,-3684.88,0.8506,0.6710,0.3222,1,0,0.3012
658,36105.50,7425.50,325.747,608474.919,32.33067329,-69.48645243,11370.247,29784.581,482.39,-3685.17,0.8672,0.5807,0.5558,1,0,0.5325
659,36105.50,7809.50,215.552,608484.972,32.32029665,-69.48612233,11260.052,29774.528,481.02,-3683.78,0.7947,0.4713,0.1426,1,0,0.1690
660,36105.50,8193.50,107.046,608493.710,32.31007944,-69.48583493,11151.546,29765.790,481.40,-3683.72,0.8197,0.3614,0.2936,1,0,0.3026
661,36105.50,8577.50,-1.835,608501.864,32.29982721,-69.48556617,11042.665,29757.636,481.48,-3684.24,0.8682,0.6634,0.3312,1,0,0.2929
662,36105.50,8961.50,-111.092,608511.170,32.28953988,-69.48525879,10933.408,29748.330,481.25,-3683.62,0.8434,0.3482,0.1927,1,0,0.1966
663,36105.50,9345.50,-219.639,608519.622,32.27931963,-69.48497892,10824.861,29739.878,481.79,-3683.85,0.8330,0.3291,0.0857,1,0,0.1174
664,36105.50,9729.50,-327.058,608527.318,32.26920595,-69.48472338,10717.442,29732.182,483.52,-3684.84,0.7793,0.4140,0.2792,1,0,0.2380
665,36105.50,10113.50,-433.405,608535.279,32.25919334,-69.48445850,10611.095,29724.221,486.40,-3685.58,0.7516,0.3324,0.0923,1,0,0.1595
666,36105.50,10497.50,-541.488,608543.414,32.24901768,-69.48418721,10503.012,29716.086,487.61,-3686.14,0.8247,0.2650,0.1818,1,0,0.2308
667,36105.50,10881.50,-649.887,608551.561,32.23881251,-69.48391488,10394.613,29707.939,488.56,-3686.70,0.8163,0.3362,0.4975,1,0,0.5679
668,36105.50,11265.50,-760.172,608560.510,32.22843010,-69.48361536,10284.328,29698.990,487.70,-3686.46,0.7636,0.2928,0.4307,1,0,0.5053
669,36105.50,11649.50,-872.124,608570.536,32.21789124,-69.48327958,10172.376,29688.964,485.24,-3685.15,0.7753,0.3926,0.3370,1,0,0.4912
670,36489.50,3969.50,1303.355,608501.178,32.42272222,-69.48554276,12347.855,29758.322,477.71,-3684.60,0.8380,0.5081,0.3493,1,0,0.3797
671,36489.50,4353.50,1194.391,608510.203,32.41246068,-69.48525232,12238.891,29749.297,476.98,-3684.20,0.8259,0.4459,0.3812,1,0,0.4176
672,36489.50,4737.50,1087.621,608518.546,32.40240610,-69.48498366,12132.121,29740.954,478.51,-3684.49,0.8214,0.5221,0.1774,1,0,0.2082
673,36489.50,5121.50,980.869,608526.846,32.39235356,-69.48471575,12025.369,29732.654,480.12,-3684.82,0.7952,0.2784,0.1492,1,0,0.1441
674,36489.50,5505.50,872.991,608535.517,32.38219519,-69.48443507,11917.491,29723.983,480.67,-3684.79,0.8448,0.4399,0.0968,1,0,0.1063
675,36489.50,5889.50,764.784,608544.280,32.37200608,-69.48415073,11809.284,29715.220,480.95,-3684.68,0.8310,0.3429,0.1047,1,0,0.1297
676,36489.50,6273.50,656.351,608552.596,32.36179598,-69.48388048,11700.851,29706.904,481.08,-3685.01,0.8388,0.4459,0.3424,1,0,0.3221
677,36489.50,6657.50,548.694,608561.477,32.35165929,-69.48359095,11593.194,29698.023,482.05,-3684.78,0.8140,0.2718,0.2814,1,0,0.2887
678,36489.50,7041.50,441.546,608569.903,32.34157078,-69.48331582,11486.046,29689.597,483.59,-3685.02,0.8484,0.3401,0.2160,1,0,0.2337
679,36489.50,7425.50,332.377,608578.540,32.33129226,-69.48303309,11376.877,29680.960,483.18,-3685.04,0.8759,0.5707,0.2164,1,0,0.2014
680,36489.50,7809.50,222.575,608588.362,32.32095438,-69.48271064,11267.075,29671.138,482.20,-3683.89,0.8434,0.5445,0.4862,1,0,0.5069
681,36489.50,8193.50,113.509,608596.563,32.31068624,-69.48244103,11158.009,29662.937,482.03,-3684.36,0.8552,0.3949,0.0757,1,0,0.0577
682,36489.50,8577.50,3.706,608605.608,32.30034891,-69.48214293,11048.206,29653.892,481.18,-3683.99,0.8666,0.4913,0.0829,1,0,0.0767
683,36489.50,8961.50,-105.320,608614.670,32.29008500,-69.48184362,10939.180,29644.830,481.18,-3683.61,0.8435,0.4220,0.2585,1,0,0.2599
684,36489.50,9345.50,-214.463,608623.016,32.27981041,-69.48156727,10830.037,29636.484,481.12,-3683.95,0.8532,0.3975,0.1538,1,0,0.1145
685,36489.50,9729.50,-321.342,608630.870,32.26974922,-69.48130658,10723.158,29628.630,483.40,-3684.79,0.8618,0.4866,0.2060,1,0,0.1614
686,36489.50,10113.50,-428.242,608639.315,32.25968638,-69.48102573,10616.258,29620.185,485.72,-3685.04,0.7314,0.2535,0.3129,1,0,0.3466
687,36489.50,10497.50,-535.866,608647.112,32.24955560,-69.48076564,10508.634,29612.388,487.39,-3685.95,0.7960,0.3991,0.1697,1,0,0.2485
688,36489.50,10881.50,-644.446,608655.321,32.23933504,-69.48049128,10400.054,29604.179,488.16,-3686.44,0.8727,0.4713,0.3556,1,0,0.4363
689,36489.50,11265.50,-753.802,608664.167,32.22904194,-69.48019526,10290.698,29595.333,488.23,-3686.31,0.8403,0.4734,0.5071,1,0,0.6183
690,36489.50,11649.50,-863.714,608672.739,32.21869661,-69.47990761,10180.786,29586.761,487.81,-3686.45,0.7777,0.3979,0.6391,1,0,0.7482
691,36873.50,3969.50,1310.834,608603.777,32.42340568,-69.48215676,12355.334,29655.723,479.28,-3685.51,0.8625,0.5925,0.3233,1,0,0.3020
692,36873.50,4353.50,1202.368,608613.144,32.41319263,-69.48185509,12246.868,29646.356,479.04,-3684.77,0.8320,0.3217,0.4658,1,0,0.4761
693,36873.50,4737.50,1095.331,608620.986,32.40311467,-69.48160299,12139.831,29638.514,480.30,-3685.56,0.8243,0.3996,0.2966,1,0,0.2602
694,36873.50,5121.50,988.109,608629.803,32.39301949,-69.48131809,12032.609,29629.697,481.44,-3685.38,0.8501,0.5826,0.2772,1,0,0.2753
695,36873.50,5505.50,880.270,608638.345,32.38286645,-69.48104169,11924.770,29621.155,482.03,-3685.48,0.8317,0.4739,0.2721,1,0,0.2576
696,36873.50,5889.50,771.182,608647.194,32.37259618,-69.48075459,11815.682,29612.306,481.44,-3685.27,0.8599,0.4257,0.3373,1,0,0.3155
697,36873.50,6273.50,663.680,608656.039,32.36247539,-69.48046693,11708.180,29603.461,482.50,-3685.08,0.8802,0.5721,0.2026,1,0,0.2236
698,36873.50,6657.50,555.629,608664.676,32.35230330,-69.48018549,11600.129,29594.824,483.07,-3685.10,0.8576,0.3429,0.2348,1,0,0.2511
699,36873.50,7041.50,447.417,608673.310,32.34211638,-69.47990354,11491.917,29586.190,483.55,-3685.12,0.8265,0.2839,0.2349,1,0,0.2527
700,36873.50,7425.50,337.657,608682.399,32.33178389,-69.47960598,11382.157,29577.101,482.55,-3684.70,0.8429,0.4692,0.1590,1,0,0.1788
701,36873.50,7809.50,228.636,608691.393,32.32152138,-69.47931088,11273.136,29568.107,482.35,-3684.37,0.8252,0.3121,0.2956,1,0,0.3205
702,36873.50,8193.50,119.512,608700.036,32.31124948,-69.47902670,11164.012,29559.464,482.12,-3684.40,0.8652,0.5833,0.3588,1,0,0.3896
703,36873.50,8577.50,9.106,608709.447,32.30085711,-69.47871656,11053.606,29550.053,480.67,-3683.67,0.8437,0.3919,0.2550,1,0,0.2667
704,36873.50,8961.50,-101.253,608718.133,32.29046955,-69.47842970,10943.247,29541.367,479.34,-3683.66,0.8355,0.4536,0.2514,1,0,0.2172
705,36873.50,9345.50,-209.656,608726.563,32.28026633,-69.47815061,10834.844,29532.937,480.02,-3683.92,0.8051,0.1923,0.3268,1,0,0.2823
706,36873.50,9729.50,-316.942,608735.520,32.27016863,-69.47785352,10727.558,29523.980,481.90,-3683.65,0.7541,0.4154,0.5354,1,0,0.5569
707,36873.50,10113.50,-423.756,608742.518,32.26011541,-69.47762047,10620.744,29516.982,484.30,-3685.35,0.8162,0.4788,0.4351,1,0,0.4704
708,36873.50,10497.50,-530.980,608751.075,32.25002409,-69.47733535,10513.520,29508.425,486.37,-3685.49,0.7839,0.4019,0.3603,1,0,0.4085
709,36873.50,10881.50,-640.367,608759.304,32.23972935,-69.47706035,10404.133,29500.196,486.34,-3685.97,0.7721,0.3586,0.8079,1,0,0.8969
710,36873.50,11265.50,-749.947,608767.929,32.22941686,-69.47677164,10294.553,29491.571,486.18,-3686.06,0.7590,0.3564,0.3602,1,0,0.4345
711,36873.50,11649.50,-857.629,608775.924,32.21928312,-69.47650312,10186.871,29483.576,487.99,-3686.77,0.7850,0.3443,0.6930,1,0,0.7824
712,37257.50,2817.50,1636.495,608681.751,32.45404440,-69.47955787,12680.995,29577.749,474.64,-3685.20,0.8369,0.4361,0.2201,1,0,0.1840
713,37257.50,3201.50,1529.665,608690.094,32.44398654,-69.47929175,12574.165,29569.406,475.85,-3685.47,0.8037,0.5711,0.4019,1,0,0.4251
714,37257.50,3585.50,1424.136,608698.339,32.43405133,-69.47902814,12468.636,29561.161,478.42,-3685.85,0.8523,0.5149,0.0935,1,0,0.0658
715,37257.50,3969.50,1316.448,608706.959,32.42391318,-69.47875171,12360.948,29552.541,478.90,-3685.85,0.8240,0.4150,0.2551,1,0,0.2743
716,37257.50,4353.50,1209.738,608716.111,32.41386714,-69.47845701,12254.238,29543.389,480.42,-3685.32,0.8303,0.4351,0.5431,1,0,0.5604
717,37257.50,4737.50,1103.197,608724.353,32.40383762,-69.47819173,12147.697,29535.147,482.18,-3685.71,0.8268,0.5045,0.5017,1,0,0.5171
718,37257.50,5121.50,995.221,608732.397,32.39367323,-69.47793246,12039.721,29527.103,482.57,-3686.31,0.8295,0.4014,0.1900,1,0,0.1956
719,37257.50,5505.50,887.380,608741.461,32.38352169,-69.47763887,11931.880,29518.039,483.15,-3685.88,0.8639,0.5232,0.4441,1,0,0.4355
720,37257.50,5889.50,778.020,608750.008,32.37322748,-69.47736179,11822.520,29509.492,482.29,-3685.98,0.8357,0.5028,0.3537,1,0,0.3403
721,37257.50,6273.50,668.882,608759.703,32.36295436,-69.47704619,11713.382,29499.797,481.71,-3684.94,0.8692,0.6252,0.3102,1,0,0.3198
722,37257.50,6657.50,561.525,608768.070,32.35284940,-69.47677369,11606.025,29491.430,482.98,-3685.22,0.8743,0.4692,0.2166,1,0,0.2381
723,37257.50,7041.50,452.664,608776.480,32.34260302,-69.47649918,11497.164,29483.020,482.81,-3685.47,0.8485,0.4579,0.2055,1,0,0.1854
724,37257.50,7425.50,343.092,608785.531,32.33229009,-69.47620287,11387.592,29473.969,482.00,-3685.08,0.8316,0.3380,0.2813,1,0,0.2646
725,37257.50,7809.50,234.618,608794.654,32.32208075,-69.47590355,11279.118,29464.846,482.35,-3684.63,0.8415,0.3436,0.2527,1,0,0.2754
726,37257.50,8193.50,123.907,608803.877,32.31166113,-69.47560030,11168.407,29455.623,480.53,-3684.08,0.8542,0.5128,0.2643,1,0,0.2870
727,37257.50,8577.50,14.073,608813.077,32.30132446,-69.47529714,11058.573,29446.423,479.65,-3683.56,0.8525,0.6336,0.2834,1,0,0.2832
728,37257.50,8961.50,-96.585,608821.912,32.29091044,-69.47500538,10947.915,29437.588,478.02,-3683.40,0.8022,0.3441,0.3491,1,0,0.3156
729,37257.50,9345.50,-204.942,608830.683,32.28071331,-69.47471509,10839.558,29428.817,478.75,-3683.32,0.7780,0.3438,0.0243,1,0,0.0594
730,37257.50,9729.50,-312.396,608838.476,32.27060148,-69.47445644,10732.104,29421.024,480.46,-3684.22,0.7891,0.4004,0.2572,1,0,0.2311
731,37257.50,11265.50,-745.648,608871.760,32.22983340,-69.47334577,10298.852,29387.740,484.50,-3685.74,0.7861,0.3922,0.4828,1,0,0.5352
732,37257.50,11649.50,-854.120,608880.532,32.21962717,-69.47305162,10190.380,29378.968,485.52,-3685.69,0.8593,0.4546,0.7953,1,0,0.8706
733,37641.50,2817.50,1641.887,608785.737,32.45452560,-69.47612622,12686.387,29473.763,474.06,-3684.72,0.8316,0.6450,0.8289,1,1,0.8984
734,37641.50,3201.50,1536.420,608794.163,32.44459759,-69.47585727,12580.920,29465.337,476.63,-3684.91,0.8065,0.3197,0.7272,1,1,0.7952
735,37641.50,3585.50,1429.188,608802.225,32.43450391,-69.47559989,12473.688,29457.275,477.50,-3685.46,0.8274,0.3111,0.2843,1,1,0.3567
736,37641.50,3969.50,1322.483,608810.836,32.42445995,-69.47532371,12366.983,29448.664,478.96,-3685.48,0.8775,0.6398,0.3324,1,1,0.3891
737,37641.50,4353.50,1215.662,608818.886,32.41440544,-69.47506545,12260.162,29440.614,480.37,-3686.05,0.8335,0.4874,0.1680,1,1,0.1099
738,37641.50,4737.50,1108.302,608827.124,32.40430047,-69.47480037,12152.802,29432.376,481.31,-3686.45,0.8607,0.5663,0.3393,1,1,0.2902
739,37641.50,5121.50,1001.133,608836.321,32.39421357,-69.47450305,12045.633,29423.179,482.50,-3685.89,0.7210,0.5853,0.4499,1,1,0.4390
740,37641.50,5505.50,893.371,608844.211,32.38407139,-69.47424823,11937.871,29415.289,483.17,-3686.64,0.7939,0.3464,0.3803,1,1,0.3841
741,37641.50,5889.50,785.062,608853.842,32.37387765,-69.47393538,11829.562,29405.658,483.36,-3685.65,0.8637,0.4613,0.4802,1,1,0.5259
742,37641.50,6273.50,676.002,608862.463,32.36361383,-69.47365521,11720.502,29397.037,482.86,-3685.68,0.8295,0.2858,0.1546,1,1,0.1962
743,37641.50,6657.50,567.378,608871.687,32.35339111,-69.47335453,11611.878,29387.813,482.86,-3685.11,0.8507,0.5095,0.3932,1,1,0.3878
744,37641.50,7041.50,458.514,608879.969,32.34314625,-69.47308429,11503.014,29379.531,482.69,-3685.49,0.8408,0.4484,0.1458,1,1,0.1462
745,37641.50,7425.50,348.685,608889.771,32.33281082,-69.47276324,11393.185,29369.729,481.62,-3684.35,0.8055,0.4913,0.5047,1,1,0.5034
746,37641.50,7809.50,240.157,608898.491,32.32259815,-69.47247726,11284.657,29361.009,481.92,-3684.30,0.8298,0.5284,0.4574,1,1,0.4509
747,37641.50,8193.50,130.281,608906.950,32.31225897,-69.47219924,11174.781,29352.550,480.93,-3684.51,0.8164,0.3768,0.1419,1,1,0.1661
748,37641.50,8577.50,19.473,608916.599,32.30183232,-69.47188134,11063.973,29342.901,479.08,-3683.54,0.8082,0.3344,0.2228,1,1,0.1822
749,37641.50,8961.50,-90.241,608925.476,32.29150890,-69.47158821,10954.259,29334.024,478.39,-3683.34,0.8294,0.2745,0.1454,1,1,0.0868
750,37641.50,9345.50,-198.135,608934.125,32.28135708,-69.47130200,10846.365,29325.375,479.59,-3683.38,0.8591,0.4838,0.3288,1,1,0.3232
751,37641.50,9729.50,-306.258,608942.509,32.27118396,-69.47102387,10738.242,29316.991,480.63,-3683.69,0.8227,0.3797,0.4087,1,1,0.4421
752,37641.50,10881.50,-629.639,608966.331,32.24075918,-69.47022966,10414.861,29293.169,485.12,-3685.97,0.7577,0.2050,0.5787,1,1,0.4125
753,37641.50,11265.50,-739.152,608975.329,32.23045653,-69.46992871,10305.348,29284.171,485.03,-3685.68,0.8855,0.5770,0.6065,1,1,0.4006
754,37641.50,11649.50,-850.327,608984.880,32.21999781,-69.46960876,10194.173,29274.620,483.35,-3684.84,0.8384,0.4591,1.1423,1,1,0.9164
755,38025.50,2817.50,1647.515,608888.670,32.45502902,-69.47272935,12692.015,29370.830,473.73,-3685.27,0.8225,0.4015,0.1967,1,1,0.1715
756,38025.50,3201.50,1540.471,608897.753,32.44495419,-69.47243887,12584.971,29361.747,474.72,-3684.80,0.8670,0.6641,0.3456,1,1,0.3580
757,38025.50,3585.50,1434.172,608905.876,32.43495004,-69.47217942,12478.672,29353.624,476.52,-3685.30,0.8588,0.5575,0.1787,1,1,0.2347
758,38025.50,3969.50,1327.762,608914.065,32.42493562,-69.47191718,12372.262,29345.435,478.28,-3685.73,0.8573,0.5875,0.2017,1,1,0.2398
759,38025.50,4353.50,1221.747,608922.205,32.41495858,-69.47165592,12266.247,29337.295,480.50,-3686.22,0.8500,0.4124,0.1057,1,1,0.0500
760,38025.50,4737.50,1113.592,608931.748,32.40478034,-69.47134788,12158.092,29327.752,480.64,-3685.31,0.8739,0.6119,0.5840,1,1,0.5875
761,38025.50,5121.50,1005.935,608939.684,32.39464936,-69.47109221,12050.435,29319.816,481.35,-3686.01,0.6854,0.4995,0.3647,1,1,0.3028
762,38025.50,5505.50,899.340,608947.854,32.38461862,-69.47082813,11943.840,29311.646,483.19,-3686.48,0.8174,0.5637,0.2068,1,1,0.1652
763,38025.50,5889.50,791.043,608957.127,32.37442791,-69.47052712,11835.543,29302.373,483.39,-3685.85,0.8328,0.4003,0.3284,1,1,0.3692
764,38025.50,6273.50,681.191,608965.864,32.36409117,-69.47024322,11725.691,29293.636,482.09,-3685.76,0.8434,0.5638,0.4653,1,1,0.5038
765,38025.50,6657.50,573.548,608974.799,32.35396258,-69.46995208,11618.048,29284.701,483.08,-3685.48,0.8687,0.6188,0.1604,1,1,0.1537
766,38025.50,7041.50,465.592,608983.209,32.34380491,-69.46967760,11510.092,29276.291,483.82,-3685.73,0.8152,0.2825,0.0516,1,1,0.0347
767,38025.50,7425.50,356.234,608992.052,32.33351558,-69.46938827,11400.734,29267.448,483.22,-3685.55,0.7802,0.2588,0.1246,1,1,0.1296
768,38025.50,7809.50,246.843,609000.763,32.32322338,-69.46910264,11291.343,29258.737,482.65,-3685.51,0.8846,0.5628,0.3984,1,1,0.4085
769,38025.50,8193.50,136.982,609010.632,32.31288728,-69.46877814,11181.482,29248.868,481.68,-3684.31,0.7715,0.4668,0.3220,1,1,0.3064
770,38025.50,8577.50,25.171,609020.179,32.30236804,-69.46846362,11069.671,29239.321,478.83,-3683.44,0.7693,0.5157,0.1663,1,1,0.1339
771,38025.50,8961.50,-84.624,609028.712,32.29203877,-69.46818190,10959.876,29230.788,478.06,-3683.59,0.8402,0.3934,0.5909,1,1,0.6386
772,38025.50,9345.50,-192.363,609037.230,32.28190330,-69.46790003,10852.137,29222.270,479.42,-3683.76,0.8162,0.3450,0.3980,1,1,0.4631
773,38025.50,9729.50,-299.980,609045.588,32.27177945,-69.46762281,10744.520,29213.912,480.96,-3684.09,0.8479,0.5164,0.1606,1,1,0.1470
774,38025.50,10113.50,-409.470,609053.988,32.26147980,-69.46734356,10635.030,29205.512,480.69,-3684.39,0.8238,0.4120,0.2088,1,1,0.1877
775,38025.50,10497.50,-517.530,609062.715,32.25131489,-69.46705290,10526.970,29196.785,481.92,-3684.36,0.7910,0.2769,0.3980,1,1,0.2907
776,38025.50,10881.50,-626.101,609070.364,32.24110219,-69.46679716,10418.399,29189.136,482.71,-3685.42,0.8443,0.3865,0.3898,1,1,0.3797
777,38025.50,11265.50,-735.520,609079.403,32.23081008,-69.46649488,10308.980,29180.097,482.72,-3685.09,0.8541,0.3527,0.1538,1,1,0.0411
778,38025.50,11649.50,-845.450,609088.570,32.22047022,-69.46618769,10199.050,29170.930,482.28,-3684.64,0.8540,0.4370,0.8277,1,1,0.6286
779,38409.50,2817.50,1653.212,608992.407,32.45553865,-69.46930596,12697.712,29267.093,473.54,-3684.98,0.8624,0.2689,0.0833,1,1,0.0754
780,38409.50,3201.50,1545.821,609001.021,32.44543299,-69.46903105,12590.321,29258.479,474.19,-3684.98,0.8241,0.5460,0.2716,1,1,0.2159
781,38409.50,3585.50,1438.728,609009.828,32.43535562,-69.46874912,12483.228,29249.672,475.20,-3684.79,0.8493,0.4528,0.2349,1,1,0.2099
782,38409.50,3969.50,1332.772,609017.594,32.42538571,-69.46850081,12377.272,29241.906,477.41,-3685.65,0.8171,0.4921,0.3155,1,1,0.2699
783,38409.50,4353.50,1226.709,609025.753,32.41540592,-69.46823896,12271.209,29233.747,479.58,-3686.12,0.7837,0.4328,0.7719,1,1,0.7055
784,38409.50,4737.50,1120.654,609034.413,32.40542703,-69.46795997,12165.154,29225.087,481.83,-3686.09,0.7660,0.4307,0.4434,1,1,0.4083
785,38409.50,5121.50,1012.977,609042.972,32.39529585,-69.46768378,12057.477,29216.528,482.51,-3686.16,0.8747,0.5596,0.1680,1,1,0.1444
786,38409.50,5505.50,904.049,609051.601,32.38504728,-69.46740472,11948.549,29207.899,482.02,-3686.18,0.8342,0.3443,0.3918,1,1,0.3519
787,38409.50,5889.50,796.204,609060.566,32.37490074,-69.46711389,11840.704,29198.934,482.67,-3685.86,0.8264,0.3331,0.3148,1,1,0.3552
788,38409.50,6273.50,687.912,609069.375,32.36471256,-69.46682758,11732.412,29190.125,482.94,-3685.70,0.8602,0.4330,0.1010,1,1,0.1371
789,38409.50,6657.50,579.803,609077.993,32.35454189,-69.46654695,11624.303,29181.507,483.46,-3685.73,0.8712,0.4172,0.0273,1,1,0.0117
790,38409.50,7041.50,471.483,609086.770,32.34435161,-69.46626042,11515.983,29172.730,483.83,-3685.62,0.8371,0.4775,0.2931,1,1,0.2731
791,38409.50,7425.50,362.719,609095.913,32.33411981,-69.46596121,11407.219,29163.587,483.83,-3685.13,0.8395,0.3634,0.4070,1,1,0.4002
792,38409.50,7809.50,252.948,609104.229,32.32379371,-69.46568865,11297.448,29155.271,482.88,-3685.49,0.8462,0.4470,0.3084,1,1,0.3162
793,38409.50,8193.50,142.586,609114.266,32.31341219,-69.46535866,11187.086,29145.234,481.41,-3684.12,0.8405,0.5816,0.4029,1,1,0.3966
794,38409.50,8577.50,30.998,609123.332,32.30291574,-69.46506006,11075.498,29136.168,478.78,-3683.74,0.8429,0.5236,0.2044,1,1,0.2385
795,38409.50,8961.50,-78.334,609132.305,32.29263182,-69.46476385,10966.166,29127.195,478.48,-3683.44,0.8934,0.6614,0.1506,1,1,0.1247
796,38409.50,9345.50,-187.439,609141.417,32.28236951,-69.46446241,10857.061,29118.083,478.47,-3683.02,0.7131,0.3229,0.3089,1,1,0.2983
797,38409.50,9729.50,-295.772,609149.147,32.27218011,-69.46420593,10748.728,29110.353,479.29,-3683.98,0.7486,0.3750,0.5447,1,1,0.6114
798,38409.50,10113.50,-403.451,609157.535,32.26205248,-69.46392715,10641.049,29101.965,480.84,-3684.29,0.7712,0.1668,0.1056,1,1,0.0770
799,38409.50,10497.50,-512.696,609166.422,32.25177784,-69.46363119,10531.804,29093.078,480.88,-3684.10,0.8498,0.3592,0.1882,1,1,0.1389
800,38409.50,10881.50,-621.297,609174.699,32.24156410,-69.46335477,10423.203,29084.801,481.64,-3684.53,0.8438,0.4850,0.3829,1,1,0.2453
801,38409.50,11265.50,-730.718,609183.557,32.23127348,-69.46305849,10313.782,29075.943,481.65,-3684.38,0.8232,0.3789,0.4758,1,1,0.3476
802,38409.50,11649.50,-840.599,609192.296,32.22093996,-69.46276546,10203.901,29067.204,481.26,-3684.35,0.8657,0.5472,0.4540,1,1,0.3168
803,38793.50,2817.50,1659.121,609095.941,32.45606798,-69.46588929,12703.621,29163.559,473.62,-3684.84,0.8621,0.5570,0.1074,1,1,0.1538
804,38793.50,3201.50,1551.552,609104.512,32.44594735,-69.46561585,12596.052,29154.988,474.09,-3684.88,0.8850,0.5014,0.1999,1,1,0.2018
805,38793.50,3585.50,1444.725,609113.080,32.43589674,-69.46534179,12489.225,29146.420,475.37,-3684.93,0.8624,0.5874,0.0801,1,1,0.0651
806,38793.50,3969.50,1338.133,609120.867,32.42586869,-69.46509290,12382.633,29138.633,476.95,-3685.77,0.8462,0.5977,0.8271,1,1,0.7677
807,38793.50,4353.50,1232.528,609129.315,32.41593361,-69.46482151,12277.028,29130.185,479.58,-3685.95,0.7741,0.5343,0.2874,1,1,0.2364
808,38793.50,4737.50,1126.141,609137.390,32.40592525,-69.46456188,12170.641,29122.110,481.49,-3686.50,0.8407,0.3751,0.4172,1,1,0.3744
809,38793.50,5121.50,1018.107,609146.695,32.39576216,-69.46426115,12062.607,29112.805,481.82,-3685.83,0.8008,0.4456,0.1268,1,1,0.1703
810,38793.50,5505.50,909.659,609155.864,32.38556038,-69.46396426,11954.159,29103.636,481.80,-3685.31,0.8303,0.4732,0.3692,1,1,0.3968
811,38793.50,5889.50,799.442,609164.962,32.37519252,-69.46366918,11843.942,29094.538,480.08,-3684.85,0.7492,0.3612,0.1833,1,1,0.2254
812,38793.50,6273.50,691.528,609173.329,32.36504164,-69.46339748,11736.028,29086.171,480.73,-3685.14,0.8117,0.5260,0.3893,1,1,0.3515
813,38793.50,6657.50,585.557,609181.623,32.35507378,-69.46312747,11630.057,29077.877,483.39,-3685.50,0.8758,0.5714,0.1495,1,1,0.1482
814,38793.50,7041.50,477.384,609190.160,32.34489911,-69.46284890,11521.884,29069.340,483.91,-3685.62,0.8325,0.5670,0.0744,1,1,0.0833
815,38793.50,7425.50,368.381,609198.873,32.33464665,-69.46256391,11412.881,29060.627,483.67,-3685.57,0.8371,0.5476,0.0821,1,1,0.0873
816,38793.50,7809.50,258.691,609207.767,32.32432975,-69.46227233,11303.191,29051.733,482.80,-3685.34,0.8699,0.5222,0.2477,1,1,0.2554
817,38793.50,8193.50,147.892,609217.565,32.31390899,-69.46195026,11192.392,29041.935,480.90,-3684.22,0.7936,0.3822,0.1324,1,1,0.1214
818,38793.50,8577.50,36.148,609227.531,32.30339959,-69.46162199,11080.648,29031.969,478.12,-3682.93,0.8278,0.6696,0.5566,1,1,0.5600
819,38793.50,8961.50,-73.084,609236.438,32.29312675,-69.46132799,10971.416,29023.062,477.91,-3682.70,0.8268,0.3349,0.4166,1,1,0.3874
820,38793.50,9345.50,-183.666,609245.286,32.28272738,-69.46103529,10860.834,29014.214,476.42,-3682.54,0.8414,0.3206,0.0532,1,1,0.0588
821,38793.50,9729.50,-293.656,609254.109,32.27238387,-69.46074275,10750.844,29005.391,475.59,-3682.41,0.8276,0.4663,0.1819,1,1,0.2387
822,38793.50,10113.50,-400.146,609261.706,32.26236971,-69.46049011,10644.354,28997.794,478.32,-3683.51,0.7548,0.4401,0.2577,1,1,0.3148
823,38793.50,10497.50,-507.845,609269.917,32.25224221,-69.46021655,10536.655,28989.583,479.92,-3684.00,0.8053,0.2234,0.3350,1,1,0.2580
824,38793.50,11649.50,-836.176,609296.126,32.22136940,-69.45933982,10208.324,28963.374,479.87,-3683.92,0.8790,0.6198,0.3927,1,1,0.2713
825,39177.50,2817.50,1665.134,609199.049,32.45660709,-69.46248670,12709.634,29060.451,473.65,-3685.24,0.8469,0.4043,0.4123,1,1,0.4117
826,39177.50,3201.50,1557.870,609208.323,32.44651670,-69.46219006,12602.370,29051.177,474.42,-3684.58,0.8349,0.4387,0.3444,1,1,0.3890
827,39177.50,3585.50,1451.112,609216.168,32.43647442,-69.46193994,12495.612,29043.332,475.77,-3685.35,0.8217,0.5250,0.5637,1,1,0.5607
828,39177.50,3969.50,1344.900,609225.017,32.42648360,-69.46165600,12389.400,29034.483,477.72,-3685.12,0.8496,0.4170,0.3697,1,1,0.4116
829,39177.50,4353.50,1238.331,609232.700,32.41645965,-69.46140997,12282.831,29026.800,479.39,-3686.07,0.7771,0.2617,0.3261,1,1,0.2865
830,39177.50,4737.50,1131.867,609240.918,32.40644578,-69.46114563,12176.367,29018.582,481.23,-3686.48,0.8569,0.4892,0.3325,1,1,0.3131
831,39177.50,5121.50,1023.778,609249.935,32.39627917,-69.46085442,12068.278,29009.565,481.50,-3686.10,0.8144,0.5995,0.2849,1,1,0.2506
832,39177.50,5505.50,915.580,609259.137,32.38610266,-69.46055650,11960.080,29000.363,481.74,-3685.54,0.8667,0.5624,0.5964,1,1,0.6399
833,39177.50,5889.50,805.678,609267.901,32.37576618,-69.46027246,11850.178,28991.599,480.33,-3685.42,0.8797,0.5380,0.3636,1,1,0.3733
834,39177.50,6273.50,697.160,609276.928,32.36556018,-69.45997904,11741.660,28982.572,480.38,-3685.05,0.8461,0.5771,0.4426,1,1,0.4216
835,39177.50,6657.50,591.323,609284.972,32.35560669,-69.45971730,11635.823,28974.528,483.17,-3685.66,0.8320,0.5174,0.3852,1,1,0.3948
836,39177.50,7041.50,483.999,609293.597,32.34551347,-69.45943587,11528.499,28965.903,484.54,-3685.69,0.8118,0.3391,0.3868,1,1,0.3950
837,39177.50,7425.50,373.991,609302.346,32.33516829,-69.45914974,11418.491,28957.154,483.30,-3685.60,0.8258,0.4143,0.3245,1,1,0.3425
838,39177.50,7809.50,263.026,609311.683,32.32473332,-69.45884358,11307.526,28947.817,481.16,-3684.93,0.8393,0.4700,0.6101,1,1,0.6406
839,39177.50,8193.50,151.176,609321.727,32.31421541,-69.45851346,11195.676,28937.773,478.20,-3683.57,0.8354,0.4887,0.4762,1,1,0.4911
840,39177.50,8577.50,41.092,609331.355,32.30386388,-69.45819635,11085.592,28928.145,477.08,-3682.61,0.8066,0.3740,0.3543,1,1,0.3347
841,39177.50,8961.50,-68.879,609339.792,32.29352340,-69.45791788,10975.621,28919.708,476.13,-3682.86,0.8819,0.6064,0.4342,1,1,0.4355
842,39177.50,9345.50,-178.970,609348.940,32.28317188,-69.45761533,10865.530,28910.560,475.14,-3682.40,0.8500,0.3884,0.2872,1,1,0.3222
843,39177.50,9729.50,-289.003,609357.797,32.27282604,-69.45732169,10755.497,28901.703,474.26,-3682.23,0.7854,0.3663,0.2970,1,1,0.3388
844,39177.50,10113.50,-395.178,609365.606,32.26284329,-69.45706206,10649.322,28893.894,477.31,-3683.12,0.7873,0.4250,0.1299,1,1,0.0969
845,39177.50,10497.50,-503.095,609373.743,32.25269703,-69.45679099,10541.405,28885.757,478.69,-3683.68,0.8376,0.5897,0.0969,1,1,0.1060
846,39177.50,11649.50,-832.048,609399.574,32.22177089,-69.45592680,10212.452,28859.926,478.02,-3683.98,0.8596,0.4759,0.4442,1,1,0.3817
847,39561.50,2817.50,1668.669,609303.203,32.45691279,-69.45904987,12713.169,28956.297,471.14,-3684.62,0.8961,0.6868,0.2594,1,2,0.3412
848,39561.50,3201.50,1562.969,609311.749,32.44697128,-69.45877714,12607.469,28947.751,473.48,-3684.69,0.7237,0.3278,0.4761,1,2,0.5161
849,39561.50,3585.50,1456.820,609319.893,32.43698795,-69.45851712,12501.320,28939.607,475.44,-3685.16,0.8617,0.5129,0.1037,1,2,0.1592
850,39561.50,3969.50,1350.964,609328.305,32.42703236,-69.45824761,12395.464,28931.195,477.75,-3685.37,0.7919,0.3439,0.2412,1,2,0.1914
851,39561.50,4353.50,1244.483,609335.960,32.41701844,-69.45800253,12288.983,28923.540,479.51,-3686.35,0.8098,0.4583,0.3875,1,2,0.4214
852,39561.50,4737.50,1138.043,609344.204,32.40700846,-69.45773739,12182.543,28915.296,481.37,-3686.73,0.8632,0.4958,0.3751,1,2,0.4022
853,39561.50,5121.50,1029.459,609353.479,32.39679698,-69.45743773,12073.959,28906.021,481.15,-3686.09,0.8392,0.5724,0.1284,1,2,0.1631
854,39561.50,5505.50,921.488,609362.709,32.38664351,-69.45713890,11965.988,28896.791,481.61,-3685.51,0.8556,0.3931,0.3629,1,2,0.3579
855,39561.50,5889.50,811.721,609371.406,32.37632155,-69.45685709,11856.221,28888.094,480.34,-3685.45,0.8726,0.3885,0.2673,1,2,0.2965
856,39561.50,6273.50,702.515,609380.370,32.36605259,-69.45656580,11747.015,28879.130,479.70,-3685.14,0.8259,0.5349,0.3358,1,2,0.3630
857,39561.50,6657.50,595.172,609388.924,32.35595907,-69.45628737,11639.672,28870.576,480.99,-3685.24,0.8025,0.5118,0.1866,1,2,0.1663
858,39561.50,7041.50,488.494,609396.832,32.34592838,-69.45602955,11532.994,28862.668,483.00,-3685.99,0.9082,0.6460,0.3109,1,2,0.3164
859,39561.50,7425.50,378.532,609406.136,32.33558926,-69.45572518,11423.032,28853.364,481.80,-3685.35,0.7723,0.2958,0.3979,1,2,0.4278
860,39561.50,7809.50,267.109,609415.857,32.32511295,-69.45540638,11311.609,28843.643,479.21,-3684.30,0.8477,0.4606,0.4093,1,2,0.4302
861,39561.50,8193.50,155.932,609426.069,32.31466011,-69.45507073,11200.432,28833.431,476.93,-3682.76,0.8345,0.5230,0.5196,1,2,0.5306
862,39561.50,8577.50,46.317,609434.781,32.30435444,-69.45478387,11090.817,28824.719,476.27,-3682.72,0.8223,0.1855,0.2296,1,2,0.2404
863,39561.50,8961.50,-62.632,609443.168,32.29411173,-69.45450710,10981.868,28816.332,476.35,-3683.02,0.7569,0.1579,0.1493,1,2,0.1425
864,39561.50,9345.50,-170.660,609451.574,32.28395589,-69.45422909,10873.840,28807.926,477.42,-3683.30,0.7305,0.3127,0.1173,1,2,0.0858
865,39561.50,9729.50,-280.243,609460.359,32.27365416,-69.45393788,10764.257,28799.141,476.99,-3683.21,0.8310,0.3796,0.1384,1,2,0.0969
866,39561.50,10113.50,-388.239,609468.927,32.26350189,-69.45365325,10656.261,28790.573,478.22,-3683.33,0.8453,0.4125,0.1649,1,2,0.2021
867,39561.50,10497.50,-498.177,609477.229,32.25316730,-69.45337667,10546.323,28782.271,477.58,-3683.73,0.8495,0.5074,0.3584,1,2,0.3054
868,39561.50,10881.50,-608.510,609486.248,32.24279600,-69.45307581,10435.990,28773.252,476.61,-3683.42,0.8570,0.4249,0.4689,1,2,0.5066
869,39561.50,11265.50,-718.422,609495.002,32.23246455,-69.45278302,10326.078,28764.498,476.12,-3683.37,0.8336,0.5751,0.3492,1,2,0.3002
870,39561.50,11649.50,-826.596,609503.627,32.22229673,-69.45249394,10217.904,28755.873,477.44,-3683.46,0.8630,0.4806,0.0791,1,2,0.1573
871,39945.50,2817.50,1673.934,609406.583,32.45738116,-69.45563843,12718.434,28852.917,470.51,-3684.75,0.7995,0.4549,0.6482,1,2,0.7651
872,39945.50,3201.50,1568.780,609415.327,32.44749265,-69.45535916,12613.280,28844.173,473.40,-3684.62,0.8750,0.5359,0.4286,1,2,0.4560
873,39945.50,3585.50,1462.089,609423.169,32.43746013,-69.45510919,12506.589,28836.331,474.81,-3685.40,0.7994,0.3788,0.4511,1,2,0.5227
874,39945.50,3969.50,1356.306,609431.611,32.42751305,-69.45483873,12400.806,28827.889,477.20,-3685.58,0.8281,0.4507,0.1812,1,2,0.2202
875,39945.50,4353.50,1250.645,609439.892,32.41757779,-69.45457296,12295.145,28819.608,479.78,-3685.93,0.8582,0.5405,0.1561,1,2,0.1205
876,39945.50,4737.50,1142.645,609448.236,32.40742287,-69.45430464,12187.145,28811.264,480.08,-3686.21,0.8543,0.6103,0.5325,1,2,0.5422
877,39945.50,5121.50,1035.104,609457.107,32.39731123,-69.45401830,12079.604,28802.393,480.90,-3685.98,0.8730,0.6227,0.3582,1,2,0.3795
878,39945.50,5505.50,925.967,609466.079,32.38704990,-69.45372808,11970.467,28793.421,480.20,-3685.65,0.8574,0.3707,0.1904,1,2,0.1991
879,39945.50,5889.50,816.578,609475.211,32.37676511,-69.45343193,11861.078,28784.289,479.31,-3685.16,0.8888,0.6771,0.2146,1,2,0.2241
880,39945.50,6273.50,708.146,609484.653,32.36657061,-69.45312487,11752.646,28774.847,479.44,-3684.37,0.8646,0.4702,0.3908,1,2,0.3894
881,39945.50,6657.50,599.397,609492.943,32.35634666,-69.45285521,11643.897,28766.557,479.32,-3684.73,0.8016,0.4465,0.1548,1,2,0.1544
882,39945.50,7041.50,492.141,609500.848,32.34626341,-69.45259757,11536.641,28758.652,480.76,-3685.49,0.8370,0.4642,0.5142,1,2,0.5030
883,39945.50,7425.50,383.040,609510.789,32.33600685,-69.45227216,11427.540,28748.711,480.42,-3684.21,0.8441,0.5658,0.4310,1,2,0.4465
884,39945.50,7809.50,272.924,609520.021,32.32565528,-69.45196952,11317.424,28739.479,479.14,-3683.65,0.8098,0.4968,0.4721,1,2,0.4932
885,39945.50,8193.50,161.845,609529.513,32.31521344,-69.45165765,11206.345,28729.987,476.95,-3682.83,0.8273,0.5240,0.3774,1,2,0.3851
886,39945.50,8577.50,52.168,609538.335,32.30490373,-69.45136722,11096.668,28721.165,476.24,-3682.68,0.7958,0.3451,0.2435,1,2,0.2566
887,39945.50,8961.50,-57.069,609546.775,32.29463563,-69.45108872,10987.431,28712.725,476.03,-3682.93,0.8539,0.4036,0.0983,1,2,0.0886
888,39945.50,9345.50,-165.090,609555.523,32.28448218,-69.45079946,10879.410,28703.977,477.10,-3682.86,0.8034,0.3898,0.2912,1,2,0.3217
889,39945.50,9729.50,-273.478,609563.293,32.27429453,-69.45054181,10771.022,28696.207,477.87,-3683.78,0.8209,0.3215,0.3994,1,2,0.3973
890,39945.50,10113.50,-382.074,609572.319,32.26408755,-69.45024206,10662.426,28687.181,478.50,-3683.45,0.8479,0.6602,0.2031,1,2,0.2392
891,39945.50,10497.50,-492.292,609580.748,32.25372847,-69.44996135,10552.208,28678.752,477.58,-3683.72,0.8333,0.5066,0.5154,1,2,0.5489
892,39945.50,10881.50,-601.464,609590.398,32.24346808,-69.44963973,10443.036,28669.102,477.77,-3682.78,0.8349,0.5736,0.6591,1,2,0.7124
893,39945.50,11265.50,-711.102,609598.552,32.23316402,-69.44936681,10333.398,28660.948,477.56,-3683.34,0.8529,0.4794,0.3861,1,2,0.3418
894,39945.50,11649.50,-820.374,609606.832,32.22289466,-69.44908908,10224.126,28652.668,477.78,-3683.77,0.8392,0.2718,0.1897,1,2,0.2896
895,40329.50,2817.50,1680.573,609510.062,32.45797847,-69.45222368,12725.073,28749.438,471.30,-3684.75,0.9439,0.8088,0.2660,1,2,0.3396
896,40329.50,3201.50,1574.823,609518.639,32.44803568,-69.45194999,12619.323,28740.861,473.59,-3684.78,0.8686,0.5029,0.3491,1,2,0.3831
897,40329.50,3585.50,1467.882,609526.813,32.43798125,-69.45168913,12512.382,28732.687,474.75,-3685.22,0.8992,0.7115,0.4865,1,2,0.5545
898,40329.50,4353.50,1255.392,609543.136,32.41800405,-69.45116621,12299.892,28716.364,478.67,-3686.15,0.8250,0.3830,0.4718,1,2,0.5046
899,40329.50,4737.50,1148.194,609552.422,32.40792608,-69.45086680,12192.694,28707.078,479.78,-3685.50,0.8725,0.6838,0.3537,1,2,0.3216
900,40329.50,5121.50,1039.176,609561.462,32.39767733,-69.45057500,12083.676,28698.038,479.13,-3685.09,0.8510,0.6114,0.2426,1,2,0.2087
901,40329.50,5505.50,929.415,609570.140,32.38735911,-69.45029454,11973.915,28689.360,477.80,-3685.06,0.8061,0.5496,0.3642,1,2,0.3956
902,40329.50,5889.50,821.087,609579.063,32.37717583,-69.45000526,11865.587,28680.437,477.97,-3684.78,0.8391,0.4398,0.3967,1,2,0.3913
903,40329.50,6273.50,712.179,609588.195,32.36693833,-69.44970848,11756.679,28671.305,477.62,-3684.30,0.8140,0.3622,0.1423,1,2,0.1414
904,40329.50,6657.50,604.231,609596.658,32.35679148,-69.44943311,11648.731,28662.842,478.31,-3684.49,0.7772,0.3418,0.2304,1,2,0.2277
905,40329.50,7041.50,496.977,609605.009,32.34671001,-69.44916078,11541.477,28654.491,479.75,-3684.80,0.8108,0.3715,0.3469,1,2,0.3810
906,40329.50,7425.50,387.246,609614.230,32.33639608,-69.44885918,11431.746,28645.270,478.78,-3684.24,0.8335,0.3745,0.0990,1,2,0.1037
907,40329.50,7809.50,277.747,609623.154,32.32610418,-69.44856671,11322.247,28636.346,478.11,-3683.98,0.8674,0.4733,0.2231,1,2,0.2042
908,40329.50,8193.50,168.159,609632.574,32.31580427,-69.44825723,11212.659,28626.926,477.42,-3683.24,0.8017,0.3962,0.2359,1,2,0.2542
909,40329.50,8577.50,58.046,609641.745,32.30545531,-69.44795532,11102.546,28617.755,476.27,-3682.74,0.8093,0.3044,0.2333,1,2,0.2459
910,40329.50,8961.50,-51.637,609650.675,32.29514713,-69.44766070,10992.863,28608.825,475.61,-3682.49,0.8337,0.5251,0.5005,1,2,0.5126
911,40329.50,9345.50,-159.664,609658.614,32.28499480,-69.44739815,10884.836,28600.886,476.68,-3683.24,0.8382,0.2991,0.1662,1,2,0.1387
912,40329.50,9729.50,-268.515,609667.326,32.27476533,-69.44710946,10775.985,28592.174,476.99,-3683.22,0.7856,0.2771,0.0575,1,2,0.0195
913,40329.50,10113.50,-377.531,609675.623,32.26452058,-69.44683381,10666.969,28583.877,477.20,-3683.62,0.8063,0.3352,0.3528,1,2,0.3390
914,40329.50,10497.50,-486.529,609684.366,32.25427785,-69.44654280,10557.971,28575.134,477.50,-3683.58,0.7966,0.2348,0.1720,1,2,0.1715
915,40329.50,10881.50,-596.330,609692.949,32.24395999,-69.44625641,10448.170,28566.551,477.06,-3683.70,0.8042,0.2845,0.3400,1,2,0.3056
916,40329.50,11265.50,-705.401,609702.176,32.23371110,-69.44594812,10339.099,28557.324,477.42,-3683.18,0.8249,0.2889,0.3772,1,2,0.3736
917,40329.50,11649.50,-814.260,609709.968,32.22348228,-69.44568656,10230.240,28549.532,478.06,-3684.10,0.8331,0.5314,0.2305,1,2,0.2218
918,40713.50,2817.50,1687.634,609613.279,32.45861541,-69.44881754,12732.134,28646.221,472.45,-3684.92,0.8456,0.4218,0.2232,1,2,0.3200
919,40713.50,3201.50,1581.363,609621.374,32.44862543,-69.44855985,12625.863,28638.126,474.22,-3685.44,0.7893,0.3719,0.3064,1,2,0.3868
920,40713.50,3585.50,1474.871,609629.857,32.43861484,-69.44828878,12519.371,28629.643,475.84,-3685.58,0.8641,0.6774,0.2255,1,2,0.2865
921,40713.50,3969.50,1368.155,609638.428,32.42858336,-69.44801419,12412.655,28621.072,477.29,-3685.63,0.9152,0.7454,0.1280,1,2,0.1776
922,40713.50,4353.50,1260.944,609647.369,32.41850566,-69.44772683,12305.444,28612.131,478.32,-3685.31,0.8307,0.3766,0.2348,1,2,0.1922
923,40713.50,4737.50,1153.384,609655.762,32.40839555,-69.44745693,12197.884,28603.738,479.06,-3685.55,0.8514,0.3827,0.1636,1,2,0.1788
924,40713.50,5121.50,1044.052,609665.018,32.39811896,-69.44715807,12088.552,28594.482,478.10,-3684.93,0.8748,0.5850,0.1674,1,2,0.1837
925,40713.50,5505.50,935.198,609674.192,32.38788771,-69.44686120,11979.698,28585.308,477.68,-3684.40,0.8640,0.5012,0.2274,1,2,0.2264
926,40713.50,5889.50,826.951,609683.150,32.37771380,-69.44657083,11871.451,28576.350,477.93,-3684.09,0.8422,0.4520,0.3213,1,2,0.3053
927,40713.50,6273.50,718.142,609691.518,32.36748736,-69.44629927,11762.642,28567.982,477.69,-3684.37,0.8487,0.6376,0.1958,1,2,0.1981
928,40713.50,6657.50,609.838,609700.277,32.35730872,-69.44601418,11654.338,28559.223,478.01,-3684.26,0.8399,0.3806,0.1298,1,2,0.1413
929,40713.50,7041.50,501.007,609709.472,32.34708076,-69.44571407,11545.507,28550.028,477.88,-3683.73,0.8302,0.5849,0.3191,1,2,0.2981
930,40713.50,7425.50,391.453,609718.289,32.33678521,-69.44542583,11435.953,28541.211,477.09,-3683.57,0.8268,0.4922,0.2332,1,2,0.2147
931,40713.50,7809.50,282.308,609727.089,32.32652840,-69.44513749,11326.808,28532.411,476.77,-3683.44,0.8159,0.4205,0.1846,1,2,0.1669
932,40713.50,8193.50,173.862,609736.099,32.31633753,-69.44484156,11218.362,28523.401,477.22,-3683.11,0.8185,0.3818,0.3812,1,2,0.4001
933,40713.50,8577.50,64.187,609744.952,32.30603148,-69.44455015,11108.687,28514.548,476.51,-3682.93,0.8164,0.4175,0.1007,1,2,0.1145
934,40713.50,8961.50,-45.873,609754.078,32.29568954,-69.44424914,10998.627,28505.422,475.48,-3682.49,0.8202,0.4378,0.1478,1,2,0.1597
935,40713.50,9345.50,-155.367,609762.733,32.28540105,-69.44396297,10889.133,28496.767,475.08,-3682.52,0.8243,0.3839,0.2902,1,2,0.3087
936,40713.50,9729.50,-264.907,609771.347,32.27510859,-69.44367754,10779.593,28488.153,474.70,-3682.60,0.8303,0.5602,0.3627,1,2,0.3586
937,40713.50,10113.50,-372.013,609779.946,32.26504514,-69.44339198,10672.487,28479.554,476.83,-3682.69,0.7732,0.3793,0.3882,1,2,0.4318
938,40713.50,10497.50,-480.246,609787.877,32.25487601,-69.44312780,10564.254,28471.623,477.89,-3683.46,0.8273,0.4533,0.3705,1,2,0.3343
939,40713.50,10881.50,-589.643,609796.440,32.24459782,-69.44284212,10454.857,28463.060,477.85,-3683.60,0.7784,0.2226,0.1008,1,2,0.1427
940,40713.50,11265.50,-698.867,609805.249,32.23433619,-69.44254769,10345.633,28454.251,478.06,-3683.51,0.7915,0.2075,0.1920,1,2,0.2660
941,40713.50,11649.50,-807.811,609813.744,32.22410124,-69.44226299,10236.689,28445.756,478.61,-3683.72,0.8446,0.5049,0.3244,1,2,0.3156
942,41097.50,2817.50,1694.112,609717.012,32.45919720,-69.44539447,12738.612,28542.488,473.00,-3684.56,0.8372,0.5388,0.4047,1,2,0.3367
943,41097.50,3201.50,1587.951,609725.057,32.44921921,-69.44513845,12632.451,28534.443,474.88,-3685.13,0.8263,0.3456,0.1737,1,2,0.1189
944,41097.50,3585.50,1481.268,609733.718,32.43919230,-69.44486156,12525.768,28525.782,476.30,-3685.09,0.7956,0.2925,0.3918,1,2,0.3299
945,41097.50,3969.50,1373.889,609742.064,32.42910030,-69.44459451,12418.389,28517.436,477.09,-3685.37,0.8493,0.2890,0.1251,1,2,0.0926
946,41097.50,4353.50,1265.090,609750.832,32.41887514,-69.44431297,12309.590,28508.668,476.53,-3685.23,0.8644,0.6990,0.4640,1,2,0.4914
947,41097.50,4737.50,1158.105,609759.471,32.40882072,-69.44403496,12202.605,28500.029,477.85,-3685.22,0.8773,0.3537,0.1075,1,2,0.1245
948,41097.50,5121.50,1048.277,609768.969,32.39849930,-69.44372815,12092.777,28490.531,476.39,-3684.36,0.8309,0.5038,0.4853,1,2,0.5102
949,41097.50,5505.50,940.013,609777.948,32.38832520,-69.44343774,11984.513,28481.552,476.56,-3684.02,0.8733,0.5377,0.1661,1,2,0.1444
950,41097.50,5889.50,832.787,609786.561,32.37824895,-69.44315872,11877.287,28472.939,477.83,-3684.05,0.7853,0.3676,0.3411,1,2,0.3248
951,41097.50,6273.50,724.839,609795.038,32.36810519,-69.44288358,11769.339,28464.462,478.45,-3684.22,0.8170,0.2639,0.2101,1,2,0.2024
952,41097.50,6657.50,615.886,609803.527,32.35786726,-69.44260747,11660.386,28455.973,478.13,-3684.39,0.8387,0.4714,0.2694,1,2,0.2959
953,41097.50,7041.50,505.886,609812.992,32.34753122,-69.44229852,11550.386,28446.508,476.83,-3683.58,0.8287,0.3817,0.0824,1,2,0.0609
954,41097.50,7425.50,396.717,609822.102,32.33727347,-69.44200064,11441.217,28437.398,476.42,-3683.14,0.8555,0.4636,0.1844,1,2,0.1989
955,41097.50,7809.50,287.240,609831.017,32.32698720,-69.44170851,11331.740,28428.483,475.78,-3682.89,0.8531,0.3298,0.1411,1,2,0.1545
956,41097.50,8193.50,179.571,609839.782,32.31687110,-69.44142068,11224.071,28419.718,477.00,-3682.80,0.8156,0.2852,0.4589,1,2,0.4700
957,41097.50,8577.50,70.142,609848.425,32.30658987,-69.44113628,11114.642,28411.075,476.54,-3682.83,0.8314,0.4669,0.2126,1,2,0.2286
958,41097.50,8961.50,-40.023,609857.645,32.29623985,-69.44083219,11004.477,28401.855,475.40,-3682.30,0.8276,0.3902,0.3669,1,2,0.3866
959,41097.50,9345.50,-151.894,609867.289,32.28572988,-69.44051343,10892.606,28392.211,472.63,-3681.34,0.8792,0.7250,0.3422,1,2,0.3321
960,41097.50,9729.50,-259.104,609874.801,32.27565802,-69.44026440,10785.396,28384.699,474.58,-3682.52,0.7812,0.4287,0.2830,1,2,0.2833
961,41097.50,10113.50,-365.470,609882.652,32.26566575,-69.44000356,10679.030,28376.848,477.44,-3683.36,0.8662,0.5583,0.1852,1,2,0.1526
962,41097.50,10497.50,-474.513,609890.925,32.25542221,-69.43972812,10569.987,28368.575,477.69,-3683.79,0.8637,0.5359,0.3034,1,2,0.2729
963,41097.50,10881.50,-583.095,609899.237,32.24522234,-69.43945081,10461.405,28360.263,478.48,-3684.18,0.8530,0.5275,0.4530,1,2,0.3912
964,41097.50,11265.50,-691.815,609908.424,32.23500982,-69.43914395,10352.685,28351.076,479.19,-3683.71,0.8434,0.4705,0.3710,1,2,0.3982
965,41097.50,11649.50,-800.651,609916.813,32.22478665,-69.43886277,10243.849,28342.687,479.85,-3684.03,0.7738,0.4342,0.3793,1,2,0.4497
966,41481.50,2817.50,1700.717,609819.682,32.45979097,-69.44200647,12745.217,28439.818,473.55,-3685.39,0.8528,0.4964,0.0604,1,3,0.1715
967,41481.50,3201.50,1593.599,609828.793,32.44972442,-69.44171542,12638.099,28430.707,474.47,-3684.89,0.8472,0.5370,0.4155,1,3,0.5216
968,41481.50,3585.50,1487.141,609837.238,32.43972048,-69.44144567,12531.641,28422.262,476.12,-3685.07,0.8246,0.5103,0.4363,1,3,0.4729
969,41481.50,3969.50,1380.024,609845.251,32.42965488,-69.44118960,12424.524,28414.249,477.18,-3685.68,0.8446,0.4378,0.2277,1,3,0.2722
970,41481.50,4353.50,1270.867,609854.455,32.41939768,-69.44089377,12315.367,28405.045,476.26,-3685.10,0.8443,0.4070,0.1659,1,3,0.1732
971,41481.50,4737.50,1163.047,609863.148,32.40926653,-69.44061406,12207.547,28396.352,476.74,-3685.04,0.8496,0.4397,0.1722,1,3,0.1665
972,41481.50,5121.50,1053.851,609872.671,32.39900616,-69.44030642,12098.351,28386.829,475.91,-3684.15,0.8528,0.5354,0.1608,1,3,0.1614
973,41481.50,5505.50,944.876,609881.710,32.38876702,-69.44001411,11989.376,28377.790,475.37,-3683.75,0.8028,0.5986,0.3951,1,3,0.4327
974,41481.50,5889.50,836.488,609890.487,32.37858333,-69.43972975,11880.988,28369.013,475.49,-3683.62,0.7315,0.3526,0.2076,1,3,0.2352
975,41481.50,6273.50,729.910,609898.481,32.36857002,-69.43947054,11774.410,28361.019,477.48,-3684.28,0.8445,0.4406,0.1651,1,3,0.1282
976,41481.50,6657.50,620.807,609907.245,32.35831969,-69.43918537,11665.307,28352.255,477.00,-3684.17,0.8350,0.3321,0.2501,1,3,0.2478
977,41481.50,7041.50,512.018,609916.749,32.34809910,-69.43887513,11556.518,28342.751,476.91,-3683.32,0.8030,0.4131,0.3654,1,3,0.3421
978,41481.50,7425.50,402.256,609925.961,32.33778748,-69.43857393,11446.756,28333.539,475.92,-3682.77,0.8464,0.4116,0.4143,1,3,0.3948
979,41481.50,7809.50,293.248,609934.365,32.32754698,-69.43829870,11337.748,28325.135,475.74,-3683.04,0.8953,0.6989,0.2988,1,3,0.3230
980,41481.50,8193.50,184.945,609942.928,32.31737306,-69.43801759,11229.445,28316.572,476.33,-3683.15,0.8353,0.4875,0.1194,1,3,0.1097
981,41481.50,8577.50,76.404,609951.452,32.30717701,-69.43773713,11120.904,28308.048,476.76,-3683.30,0.8701,0.5484,0.2502,1,3,0.2649
982,41481.50,8961.50,-34.417,609960.557,32.29676710,-69.43743687,11010.083,28298.943,474.96,-3682.88,0.8368,0.3893,0.3068,1,3,0.2792
983,41481.50,9345.50,-144.070,609969.249,32.28646719,-69.43714956,10900.430,28290.251,474.41,-3682.87,0.7831,0.4463,0.5314,1,3,0.4847
984,41481.50,9729.50,-251.609,609977.591,32.27636610,-69.43687319,10792.891,28281.909,476.03,-3683.22,0.8386,0.4968,0.2751,1,3,0.2796
985,41481.50,10113.50,-359.696,609986.307,32.26621391,-69.43658384,10684.804,28273.193,477.17,-3683.20,0.8205,0.2980,0.2523,1,3,0.4014
986,41481.50,10497.50,-468.305,609994.260,32.25601287,-69.43631903,10576.195,28265.240,477.86,-3683.95,0.8044,0.3783,0.3171,1,3,0.2205
987,41481.50,10881.50,-575.535,610002.786,32.24594169,-69.43603470,10468.965,28256.714,479.99,-3684.13,0.8154,0.3769,0.4551,1,3,0.7068
988,41481.50,11265.50,-684.124,610011.069,32.23574310,-69.43575773,10360.376,28248.431,480.83,-3684.55,0.8340,0.4230,0.2737,1,3,0.5791
989,41481.50,11649.50,-792.203,610019.474,32.22559279,-69.43547612,10252.297,28240.026,482.25,-3684.86,0.8238,0.4737,0.6447,1,3,1.0164
990,41865.50,2817.50,1706.253,609923.158,32.46028386,-69.43859203,12750.753,28336.342,473.06,-3685.42,0.8291,0.4335,0.3475,1,3,0.2033
991,41865.50,3201.50,1598.996,609931.449,32.45020626,-69.43832809,12643.496,28328.051,473.85,-3685.74,0.8148,0.4392,0.6880,1,3,0.5846
992,41865.50,3585.50,1493.215,609940.593,32.44026734,-69.43803526,12537.715,28318.907,476.18,-3685.22,0.8220,0.4361,0.3147,1,3,0.3601
993,41865.50,3969.50,1385.844,609949.004,32.43017957,-69.43776611,12430.344,28310.496,476.98,-3685.43,0.8499,0.3626,0.1728,1,3,0.2379
994,41865.50,4353.50,1277.424,609958.137,32.41999334,-69.43747261,12321.924,28301.363,476.80,-3684.92,0.7533,0.2931,0.2286,1,3,0.2551
995,41865.50,4737.50,1167.843,609966.843,32.40969839,-69.43719263,12212.343,28292.657,475.52,-3684.85,0.8293,0.3427,0.3523,1,3,0.3423
996,41865.50,5121.50,1059.049,609976.208,32.39947760,-69.43689020,12103.549,28283.292,475.09,-3684.12,0.8543,0.5054,0.1515,1,3,0.1335
997,41865.50,5505.50,950.322,609985.398,32.38926343,-69.43659293,11994.822,28274.102,474.80,-3683.57,0.8330,0.4317,0.1381,1,3,0.1442
998,41865.50,5889.50,842.887,609993.657,32.37917104,-69.43632564,11887.387,28265.843,475.87,-3683.95,0.8272,0.5028,0.1541,1,3,0.1925
999,41865.50,6273.50,734.664,610002.235,32.36900486,-69.43604725,11779.164,28257.265,476.21,-3684.03,0.8189,0.3245,0.1892,1,3,0.2093
1000,41865.50,6657.50,626.308,610011.173,32.35882650,-69.43575636,11670.808,28248.327,476.49,-3683.74,0.8558,0.3438,0.0531,1,3,0.1014
1001,41865.50,7041.50,516.759,610020.152,32.34853624,-69.43546350,11561.259,28239.348,475.64,-3683.42,0.8379,0.4541,0.4057,1,3,0.4577
1002,41865.50,7425.50,407.503,610028.842,32.33827395,-69.43517955,11452.003,28230.658,475.15,-3683.39,0.8519,0.5303,0.5380,1,3,0.5741
1003,41865.50,7809.50,300.126,610037.839,32.32818831,-69.43488476,11344.626,28221.661,476.60,-3683.07,0.8288,0.4064,0.4018,1,3,0.3786
1004,41865.50,8193.50,191.654,610045.954,32.31800022,-69.43461848,11236.154,28213.546,477.03,-3683.62,0.8150,0.3124,0.2189,1,3,0.2184
1005,41865.50,8577.50,82.494,610054.898,32.30774771,-69.43432420,11126.994,28204.602,476.83,-3683.36,0.8635,0.6232,0.1079,1,3,0.0923
1006,41865.50,8961.50,-28.440,610064.140,32.29732901,-69.43401946,11016.060,28195.360,474.93,-3682.80,0.8520,0.5649,0.4245,1,3,0.3976
1007,41865.50,9345.50,-137.936,610072.801,32.28704558,-69.43373321,10906.564,28186.699,474.53,-3682.82,0.7626,0.3792,0.3724,1,3,0.3422
1008,41865.50,9729.50,-245.614,610081.128,32.27693313,-69.43345737,10798.886,28178.372,476.01,-3683.18,0.7710,0.2491,0.2410,1,3,0.1982
1009,41865.50,10113.50,-354.990,610090.146,32.26666165,-69.43315810,10689.510,28169.354,475.87,-3682.86,0.8170,0.4229,0.1145,1,3,0.2393
1010,41865.50,10497.50,-461.234,610097.602,32.25668437,-69.43290976,10583.266,28161.898,478.92,-3684.11,0.7005,0.3802,0.3450,1,3,0.1430
1011,41865.50,10881.50,-568.356,610105.490,32.24662498,-69.43264653,10476.144,28154.010,481.16,-3684.92,0.8313,0.3232,0.1042,1,3,0.2147
1012,41865.50,11265.50,-677.327,610114.052,32.23639227,-69.43236037,10367.173,28145.448,481.62,-3685.07,0.8200,0.2893,0.0455,1,3,0.2679
1013,41865.50,11649.50,-785.328,610122.444,32.22625090,-69.43207925,10259.172,28137.056,483.12,-3685.39,0.8484,0.4951,0.3487,1,3,0.7028
1014,42249.50,2817.50,1712.334,610027.317,32.46082767,-69.43515504,12756.834,28232.183,473.35,-3684.79,0.8408,0.6832,0.4190,1,3,0.4779
1015,42249.50,3201.50,1604.941,610035.439,32.45073896,-69.43489674,12649.441,28224.061,474.00,-3685.28,0.8827,0.5533,0.1259,1,3,0.1285
1016,42249.50,3585.50,1498.208,610043.684,32.44071259,-69.43463367,12542.708,28215.816,475.38,-3685.66,0.8318,0.3572,0.5216,1,3,0.4328
1017,42249.50,3969.50,1390.294,610052.996,32.43057525,-69.43433487,12434.794,28206.504,475.64,-3684.97,0.8381,0.3839,0.2923,1,3,0.3498
1018,42249.50,4353.50,1280.445,610062.087,32.42025656,-69.43404287,12324.945,28197.413,474.03,-3684.50,0.8915,0.6655,0.2717,1,3,0.2501
1019,42249.50,4737.50,1173.895,610070.244,32.41024824,-69.43378082,12218.395,28189.256,475.78,-3684.98,0.8447,0.4042,0.3636,1,3,0.3502
1020,42249.50,5121.50,1064.521,610079.984,32.39997455,-69.43346612,12109.021,28179.516,474.78,-3683.87,0.8824,0.5030,0.1412,1,3,0.1228
1021,42249.50,5505.50,956.096,610088.406,32.38979059,-69.43319418,12000.596,28171.094,474.79,-3684.09,0.8088,0.2522,0.3785,1,3,0.4018
1022,42249.50,5889.50,848.408,610097.568,32.37967609,-69.43289717,11892.908,28161.932,475.60,-3683.58,0.8087,0.5578,0.3899,1,3,0.4169
1023,42249.50,6273.50,740.017,610106.306,32.36949577,-69.43261354,11784.517,28153.194,475.78,-3683.49,0.8809,0.6468,0.2344,1,3,0.2589
1024,42249.50,6657.50,632.825,610114.149,32.35942856,-69.43235875,11677.325,28145.351,477.22,-3684.30,0.8299,0.4726,0.2498,1,3,0.2543
1025,42249.50,7041.50,523.098,610123.282,32.34912335,-69.43206087,11567.598,28136.218,476.19,-3683.82,0.8845,0.4986,0.2844,1,3,0.2958
1026,42249.50,7425.50,413.444,610132.386,32.33882536,-69.43176328,11457.944,28127.114,475.30,-3683.38,0.8507,0.5735,0.2910,1,3,0.3136
1027,42249.50,7809.50,305.091,610141.471,32.32864983,-69.43146566,11349.591,28118.029,475.78,-3682.97,0.8517,0.5028,0.1672,1,3,0.1421
1028,42249.50,8193.50,197.813,610149.699,32.31857553,-69.43119569,11242.313,28109.801,477.40,-3683.41,0.8386,0.4907,0.2501,1,3,0.2444
1029,42249.50,8577.50,88.451,610157.829,32.30830584,-69.43092830,11132.951,28101.671,477.01,-3683.96,0.8585,0.5082,0.5181,1,3,0.5072
1030,42249.50,8961.50,-21.384,610167.221,32.29799201,-69.43061865,11023.116,28092.279,476.20,-3683.25,0.8403,0.5328,0.1869,1,3,0.1845
1031,42249.50,9345.50,-134.034,610177.720,32.28741423,-69.43027179,10910.466,28081.780,472.65,-3681.44,0.8149,0.7080,0.2999,1,3,0.2930
1032,42249.50,9729.50,-240.346,610185.098,32.27743174,-69.43002730,10804.154,28074.402,475.50,-3682.75,0.7955,0.4516,0.2106,1,3,0.1295
1033,42249.50,10113.50,-349.362,610193.818,32.26719571,-69.42973788,10695.138,28065.682,475.72,-3682.72,0.8894,0.7010,0.0978,1,3,0.1955
1034,42249.50,10497.50,-455.887,610201.434,32.25719380,-69.42948430,10588.613,28058.066,478.49,-3683.81,0.6511,0.3768,0.2598,1,3,0.1269
1035,42249.50,10881.50,-562.242,610208.876,32.24720808,-69.42923583,10482.258,28050.624,481.50,-3685.07,0.8375,0.5150,0.1331,1,3,0.2478
1036,42249.50,11265.50,-671.141,610217.361,32.23698388,-69.42895230,10373.359,28042.139,482.03,-3685.29,0.8262,0.3790,0.1106,1,3,0.2287
1037,42249.50,11649.50,-779.057,610225.635,32.22685226,-69.42867510,10265.443,28033.865,483.61,-3685.73,0.8332,0.5290,0.1711,1,3,0.5088
1038,42633.50,2817.50,1717.519,610130.384,32.46128739,-69.43175421,12762.019,28129.116,472.70,-3685.23,0.8665,0.6173,0.3089,1,3,0.4222
1039,42633.50,3201.50,1610.646,610139.095,32.45124916,-69.43147644,12655.146,28120.405,473.87,-3685.13,0.8730,0.4309,0.1807,1,3,0.2763
1040,42633.50,3585.50,1504.274,610147.279,32.44125832,-69.43121540,12548.774,28112.221,475.60,-3685.57,0.7624,0.2984,0.0574,1,3,0.1067
1041,42633.50,3969.50,1396.533,610156.100,32.43113903,-69.43093282,12441.033,28103.400,476.04,-3685.37,0.8092,0.3088,0.0629,1,3,0.1107
1042,42633.50,4353.50,1287.513,610165.051,32.42090004,-69.43064544,12332.013,28094.449,475.26,-3685.04,0.8390,0.4052,0.2719,1,3,0.2480
1043,42633.50,4737.50,1179.172,610174.929,32.41072478,-69.43032678,12223.672,28084.571,475.22,-3683.80,0.8083,0.6954,0.7451,1,3,0.7457
1044,42633.50,5121.50,1070.652,610183.054,32.40053338,-69.43006532,12115.152,28076.446,475.07,-3684.31,0.8806,0.6585,0.3265,1,3,0.3150
1045,42633.50,5505.50,962.378,610192.068,32.39036528,-69.42977387,12006.878,28067.432,475.23,-3683.93,0.8780,0.6012,0.2565,1,3,0.2275
1046,42633.50,5889.50,855.427,610200.515,32.38032165,-69.42950046,11899.927,28058.985,476.78,-3684.13,0.7738,0.4770,0.2925,1,3,0.3119
1047,42633.50,6273.50,748.526,610208.856,32.37028308,-69.42922990,11793.026,28050.644,478.45,-3684.44,0.8624,0.5053,0.4323,1,3,0.4208
1048,42633.50,6657.50,638.732,610218.257,32.35997304,-69.42892386,11683.232,28041.243,477.29,-3683.69,0.8080,0.3473,0.4381,1,3,0.4373
1049,42633.50,7041.50,528.877,610227.315,32.34965757,-69.42862850,11573.377,28032.185,476.14,-3683.30,0.8411,0.3629,0.4903,1,3,0.4559
1050,42633.50,7425.50,418.564,610236.101,32.33929948,-69.42834146,11463.064,28023.399,474.59,-3683.17,0.8020,0.4048,0.2292,1,3,0.2239
1051,42633.50,7809.50,309.544,610245.929,32.32906298,-69.42801939,11354.044,28013.571,474.40,-3682.01,0.7750,0.5325,0.6823,1,3,0.6789
1052,42633.50,8193.50,203.675,610253.136,32.31912278,-69.42778306,11248.175,28006.364,477.43,-3683.48,0.8199,0.3917,0.4818,1,3,0.4636
1053,42633.50,8577.50,94.840,610261.600,32.30890426,-69.42750473,11139.340,27997.900,477.56,-3683.69,0.8144,0.3024,0.0804,1,3,0.0758
1054,42633.50,8961.50,-14.542,610270.453,32.29863467,-69.42721288,11029.958,27989.047,477.21,-3683.52,0.8217,0.4067,0.2856,1,3,0.3150
1055,42633.50,9345.50,-124.662,610279.153,32.28829619,-69.42692546,10919.838,27980.347,476.19,-3683.51,0.7966,0.4365,0.5292,1,3,0.4840
1056,42633.50,9729.50,-231.749,610287.154,32.27824267,-69.42666044,10812.751,27972.346,478.27,-3684.20,0.8257,0.4173,0.2931,1,3,0.2712
1057,42633.50,10113.50,-342.509,610296.507,32.26784460,-69.42635016,10701.991,27962.993,476.74,-3683.54,0.9115,0.7403,0.2664,1,3,0.1743
1058,42633.50,10497.50,-449.420,610304.302,32.25780819,-69.42609072,10595.080,27955.198,479.13,-3684.44,0.6171,0.4120,0.3513,1,3,0.2058
1059,42633.50,10881.50,-556.435,610312.213,32.24776221,-69.42582682,10488.065,27947.287,481.47,-3685.24,0.8031,0.3014,0.2177,1,3,0.3430
1060,42633.50,11265.50,-664.591,610320.834,32.23760948,-69.42553881,10379.909,27938.666,482.75,-3685.32,0.8165,0.3147,0.3070,1,3,0.5447
1061,42633.50,11649.50,-772.763,610329.461,32.22745551,-69.42525000,10271.737,27930.039,484.08,-3685.41,0.8295,0.5146,0.7172,1,3,0.9818
1062,43017.50,2817.50,1723.178,610234.111,32.46179131,-69.42833159,12767.678,28025.389,472.26,-3684.98,0.8185,0.4723,0.1549,1,3,0.1923
1063,43017.50,3201.50,1616.360,610242.698,32.45175996,-69.42805795,12660.860,28016.802,473.49,-3685.01,0.8745,0.5554,0.2122,1,3,0.2821
1064,43017.50,3585.50,1510.289,610250.647,32.44179911,-69.42780466,12554.789,28008.853,475.53,-3685.67,0.8732,0.5369,0.2217,1,3,0.2744
1065,43017.50,3969.50,1402.831,610259.944,32.43170810,-69.42750640,12447.331,27999.556,476.25,-3685.00,0.8881,0.6636,0.6413,1,3,0.6850
1066,43017.50,4353.50,1295.325,610268.484,32.42161292,-69.42723248,12339.825,27991.016,476.98,-3685.09,0.8353,0.4899,0.3923,1,3,0.4213
1067,43017.50,4737.50,1186.768,610276.845,32.41141944,-69.42696392,12231.268,27982.655,476.73,-3685.36,0.8748,0.4926,0.2105,1,3,0.1993
1068,43017.50,5121.50,1077.597,610285.790,32.40116849,-69.42667553,12122.097,27973.710,475.93,-3685.05,0.8795,0.6853,0.4703,1,3,0.4548
1069,43017.50,5505.50,970.301,610294.649,32.39109385,-69.42638919,12014.801,27964.851,477.07,-3684.83,0.8601,0.5459,0.0481,1,3,0.0656
1070,43017.50,6273.50,754.674,610311.473,32.37084840,-69.42584421,11799.174,27948.027,478.51,-3685.30,0.8015,0.3859,0.3344,1,3,0.3245
1071,43017.50,6657.50,645.105,610321.282,32.36056116,-69.42552473,11689.605,27938.218,477.58,-3684.14,0.8418,0.3530,0.3407,1,3,0.3219
1072,43017.50,7041.50,534.298,610331.157,32.35015806,-69.42520248,11578.798,27928.343,475.47,-3682.93,0.8495,0.5038,0.5223,1,3,0.5119
1073,43017.50,7425.50,424.931,610339.978,32.33989046,-69.42491432,11469.431,27919.522,474.87,-3682.77,0.8600,0.5922,0.5095,1,3,0.4783
1074,43017.50,7809.50,315.487,610348.772,32.32961594,-69.42462636,11359.987,27910.728,474.26,-3682.65,0.8886,0.6451,0.1805,1,3,0.1693
1075,43017.50,8193.50,208.530,610356.187,32.31957527,-69.42438325,11253.030,27903.313,476.20,-3683.90,0.8379,0.4800,0.4179,1,3,0.4241
1076,43017.50,8577.50,100.774,610365.533,32.30945980,-69.42407584,11145.274,27893.967,477.41,-3683.24,0.8876,0.6752,0.5155,1,3,0.5232
1077,43017.50,8961.50,-9.239,610374.619,32.29913276,-69.42377635,11035.261,27884.881,476.43,-3682.83,0.8516,0.5850,0.4932,1,3,0.4934
1078,43017.50,9345.50,-117.601,610382.311,32.28896093,-69.42352220,10926.899,27877.189,477.17,-3683.83,0.8199,0.3786,0.1973,1,3,0.1777
1079,43017.50,9729.50,-225.178,610390.684,32.27886311,-69.42324497,10819.322,27868.816,478.75,-3684.14,0.8232,0.2959,0.0719,1,3,0.1409
1080,43017.50,10113.50,-334.826,610399.403,32.26857126,-69.42295568,10709.674,27860.097,478.34,-3684.12,0.8209,0.4019,0.1477,1,3,0.0741
1081,43017.50,10497.50,-441.911,610407.887,32.25852010,-69.42267352,10602.589,27851.613,480.55,-3684.33,0.8239,0.2669,0.4629,1,3,0.5664
1082,43017.50,10881.50,-550.166,610415.989,32.24835948,-69.42240332,10494.334,27843.511,481.66,-3684.94,0.8332,0.4904,0.5153,1,3,0.6802
1083,43017.50,11265.50,-659.230,610423.989,32.23812317,-69.42213583,10385.270,27835.511,482.03,-3685.65,0.8062,0.2619,0.3449,1,3,0.4897
1084,43017.50,11649.50,-767.846,610432.874,32.22792936,-69.42183855,10276.654,27826.626,482.91,-3685.48,0.8218,0.3550,0.2996,1,3,0.5026
1085,43401.50,2817.50,1729.853,610337.605,32.46239049,-69.42491659,12774.353,27921.895,472.93,-3684.93,0.8439,0.5057,0.3922,1,4,0.3647
1086,43401.50,3201.50,1622.185,610346.379,32.45228094,-69.42463690,12666.685,27913.121,473.30,-3684.77,0.8246,0.3455,0.3707,1,4,0.3450
1087,43401.50,3969.50,1409.341,610362.955,32.43229696,-69.42410745,12453.841,27896.545,476.75,-3685.43,0.8385,0.3492,0.2612,1,4,0.2290
1088,43401.50,4353.50,1301.217,610371.988,32.42214536,-69.42381739,12345.717,27887.512,476.86,-3685.03,0.8913,0.5473,0.3976,1,4,0.3763
1089,43401.50,4737.50,1193.141,610380.106,32.41199886,-69.42355687,12237.641,27879.394,477.09,-3685.54,0.8600,0.5613,0.3177,1,4,0.3690
1090,43401.50,5121.50,1085.034,610388.818,32.40184947,-69.42327608,12129.534,27870.682,477.36,-3685.47,0.8211,0.3941,0.2972,1,4,0.3209
1091,43401.50,5505.50,977.213,610397.489,32.39172735,-69.42299602,12021.713,27862.011,477.97,-3685.43,0.7928,0.4121,0.2893,1,4,0.3153
1092,43401.50,5889.50,869.528,610406.515,32.38161813,-69.42270363,11914.028,27852.985,478.79,-3685.05,0.8711,0.3533,0.1366,1,4,0.1237
1093,43401.50,6273.50,761.564,610415.504,32.37148311,-69.42241185,11806.064,27843.996,479.40,-3684.71,0.8548,0.4641,0.6123,1,4,0.6767
1094,43401.50,6657.50,651.367,610425.034,32.36113870,-69.42210164,11695.867,27834.466,477.83,-3683.84,0.8117,0.6970,0.7879,1,4,0.7422
1095,43401.50,7041.50,541.177,610433.406,32.35079527,-69.42182900,11585.677,27826.094,476.34,-3684.12,0.7934,0.4459,0.2805,1,4,0.3006
1096,43401.50,7425.50,432.261,610443.077,32.34057173,-69.42151281,11476.761,27816.423,476.19,-3683.12,0.8525,0.5738,0.4691,1,4,0.4745
1097,43401.50,7809.50,322.725,610451.878,32.33029030,-69.42122471,11367.225,27807.622,475.49,-3682.98,0.7779,0.3515,0.3520,1,4,0.3184
1098,43401.50,8193.50,215.503,610460.145,32.32022639,-69.42095351,11260.003,27799.355,477.17,-3683.39,0.8100,0.3380,0.3579,1,4,0.3607
1099,43401.50,8577.50,106.864,610468.444,32.31002974,-69.42068069,11151.364,27791.056,477.50,-3683.77,0.8556,0.5754,0.2751,1,4,0.2578
1100,43401.50,8961.50,-2.822,610477.583,32.29973518,-69.42037949,11041.678,27781.917,476.84,-3683.31,0.8652,0.5990,0.1745,1,4,0.1561
1101,43401.50,9345.50,-111.322,610485.591,32.28955211,-69.42011496,10933.178,27773.909,477.44,-3683.99,0.8399,0.3323,0.2837,1,4,0.3077
1102,43401.50,9729.50,-220.206,610494.297,32.27933339,-69.41982678,10824.294,27765.203,477.72,-3683.97,0.8470,0.3888,0.2325,1,4,0.2770
1103,43401.50,10113.50,-329.316,610503.258,32.26909363,-69.41952954,10715.184,27756.242,477.84,-3683.71,0.8802,0.6489,0.1857,1,4,0.2364
1104,43401.50,10497.50,-436.477,610511.143,32.25903711,-69.41926719,10608.023,27748.357,479.98,-3684.52,0.8184,0.4034,0.0396,1,4,0.0748
1105,43401.50,10881.50,-545.515,610519.759,32.24880482,-69.41898004,10498.985,27739.741,480.31,-3684.61,0.8411,0.4590,0.2100,1,4,0.0952
1106,43401.50,11265.50,-653.179,610527.448,32.23870157,-69.41872291,10391.321,27732.052,482.08,-3685.63,0.7253,0.2469,0.3220,1,4,0.4403
1107,43401.50,11649.50,-761.946,610536.411,32.22849527,-69.41842305,10282.554,27723.089,482.81,-3685.38,0.8060,0.3340,0.3225,1,4,0.2573
1108,43785.50,2817.50,1736.131,610440.803,32.46295228,-69.42151145,12780.631,27818.697,473.34,-3685.15,0.8123,0.2832,0.2444,1,4,0.2207
1109,43785.50,3201.50,1628.128,610449.926,32.45281290,-69.42122027,12672.628,27809.574,473.39,-3684.64,0.8577,0.5450,0.4441,1,4,0.4204
1110,43785.50,3585.50,1521.182,610457.860,32.44277338,-69.42096763,12565.682,27801.640,474.55,-3685.32,0.7988,0.2588,0.1688,1,4,0.2400
1111,43785.50,3969.50,1414.147,610466.176,32.43272563,-69.42070176,12458.647,27793.324,475.69,-3685.63,0.7882,0.5189,0.7361,1,4,0.7422
1112,43785.50,4353.50,1306.841,610474.998,32.42265260,-69.42041863,12351.341,27784.502,476.63,-3685.43,0.8792,0.5756,0.1488,1,4,0.1963
1113,43785.50,4737.50,1197.922,610483.846,32.41242849,-69.42013410,12242.422,27775.654,476.01,-3685.22,0.8464,0.4259,0.3677,1,4,0.3916
1114,43785.50,5121.50,1090.808,610492.505,32.40237408,-69.41985506,12135.308,27766.995,477.27,-3685.19,0.8415,0.3660,0.2426,1,4,0.2186
1115,43785.50,5505.50,983.022,610500.901,32.39225696,-69.41958409,12027.522,27758.599,477.92,-3685.44,0.8845,0.5943,0.3842,1,4,0.3907
1116,43785.50,5889.50,874.983,610509.666,32.38211635,-69.41930038,11919.483,27749.834,478.39,-3685.32,0.8763,0.6883,0.3354,1,4,0.3208
1117,43785.50,6273.50,766.412,610519.132,32.37192592,-69.41899289,11810.912,27740.368,478.39,-3684.50,0.8427,0.4482,0.3743,1,4,0.4374
1118,43785.50,6657.50,658.611,610527.575,32.36180819,-69.41871851,11703.111,27731.925,479.22,-3684.71,0.8576,0.6822,0.1677,1,4,0.1545
1119,43785.50,7041.50,549.373,610536.332,32.35155589,-69.41843318,11593.873,27723.168,478.68,-3684.61,0.8390,0.3953,0.1548,1,4,0.2231
1120,43785.50,7425.50,439.716,610545.357,32.34126456,-69.41813839,11484.216,27714.143,477.80,-3684.25,0.8207,0.3952,0.1486,1,4,0.1770
1121,43785.50,7809.50,329.896,610554.531,32.33095814,-69.41783802,11374.396,27704.969,476.81,-3683.75,0.8325,0.3744,0.1765,1,4,0.1496
1122,43785.50,8193.50,221.470,610563.119,32.32078295,-69.41755629,11265.970,27696.381,477.28,-3683.83,0.8781,0.5451,0.2120,1,4,0.1887
1123,43785.50,8577.50,111.793,610571.944,32.31049060,-69.41726615,11156.293,27687.556,476.57,-3683.68,0.7983,0.5046,0.4980,1,4,0.4926
1124,43785.50,8961.50,2.963,610580.804,32.30027805,-69.41697420,11047.463,27678.696,476.78,-3683.50,0.8142,0.3089,0.4138,1,4,0.4255
1125,43785.50,9345.50,-105.296,610589.057,32.29011936,-69.41670164,10939.204,27670.443,477.62,-3683.94,0.9004,0.5697,0.3657,1,4,0.3984
1126,43785.50,9729.50,-216.567,610599.025,32.27967836,-69.41637181,10827.933,27660.475,475.51,-3682.66,0.8489,0.5847,0.2176,1,4,0.2330
1127,43785.50,10113.50,-324.281,610607.351,32.26957138,-69.41609557,10720.219,27652.149,477.03,-3683.03,0.7574,0.4055,0.3360,1,4,0.3044
1128,43785.50,10497.50,-430.961,610615.056,32.25956173,-69.41583920,10613.539,27644.444,479.65,-3684.02,0.7819,0.3419,0.3069,1,4,0.3212
1129,43785.50,11649.50,-755.644,610639.635,32.22909862,-69.41501793,10288.856,27619.865,483.27,-3685.57,0.8384,0.3911,0.1826,1,4,0.2041
1130,44169.50,2817.50,1742.135,610544.109,32.46348812,-69.41810277,12786.635,27715.391,473.48,-3685.27,0.8014,0.3594,0.1349,1,4,0.1345
1131,44169.50,3201.50,1633.735,610552.823,32.45331336,-69.41782517,12678.235,27706.677,473.12,-3685.17,0.7923,0.2521,0.2052,1,4,0.2923
1132,44169.50,3585.50,1525.707,610561.671,32.44317373,-69.41754251,12570.207,27697.829,473.20,-3684.94,0.8568,0.6154,0.2580,1,4,0.3412
1133,44169.50,3969.50,1419.239,610570.102,32.43318083,-69.41727284,12463.739,27689.398,474.91,-3685.13,0.7843,0.4006,0.1768,1,4,0.2368
1134,44169.50,4353.50,1311.406,610578.857,32.42306013,-69.41699197,12355.906,27680.643,475.32,-3685.00,0.8370,0.4841,0.2229,1,4,0.2721
1135,44169.50,4737.50,1204.406,610588.047,32.41301776,-69.41669607,12248.906,27671.453,476.63,-3684.44,0.7771,0.4247,0.5187,1,4,0.5060
1136,44169.50,5889.50,880.416,610613.542,32.38261215,-69.41587323,11924.916,27645.958,477.95,-3684.87,0.8731,0.5507,0.1374,1,4,0.2003
1137,44169.50,6273.50,771.123,610622.458,32.37235578,-69.41558397,11815.623,27637.042,477.23,-3684.60,0.8540,0.5752,0.4035,1,4,0.3557
1138,44169.50,6657.50,664.622,610630.266,32.36236183,-69.41533051,11709.122,27629.234,479.36,-3685.44,0.9104,0.6620,0.5056,1,4,0.5218
1139,44169.50,7041.50,555.891,610639.400,32.35215874,-69.41503277,11600.391,27620.100,479.34,-3684.97,0.7941,0.2711,0.2350,1,4,0.2634
1140,44169.50,7425.50,446.640,610648.713,32.34190719,-69.41472847,11491.140,27610.787,478.85,-3684.32,0.8362,0.3762,0.1879,1,4,0.1324
1141,44169.50,7809.50,336.956,610657.684,32.33161534,-69.41443485,11381.456,27601.816,478.00,-3684.01,0.8536,0.4971,0.2013,1,4,0.2490
1142,44169.50,8193.50,227.554,610666.373,32.32135023,-69.41414986,11272.054,27593.127,477.50,-3684.00,0.8690,0.3890,0.2430,1,4,0.2513
1143,44169.50,8577.50,117.462,610675.629,32.31102069,-69.41384556,11161.962,27583.871,476.38,-3683.42,0.8968,0.6931,0.1513,1,4,0.1684
1144,44169.50,8961.50,9.088,610684.022,32.30085266,-69.41356903,11053.588,27575.478,477.04,-3683.71,0.8632,0.4769,0.3240,1,4,0.3390
1145,44169.50,9345.50,-99.513,610692.683,32.29066356,-69.41328306,10944.987,27566.817,477.53,-3683.73,0.8096,0.4131,0.5454,1,4,0.5662
1146,44169.50,9729.50,-209.195,610701.839,32.28037339,-69.41298007,10835.305,27557.661,477.02,-3683.27,0.8318,0.4841,0.3764,1,4,0.3236
1147,44169.50,10113.50,-318.441,610710.385,32.27012441,-69.41269658,10726.059,27549.115,477.01,-3683.42,0.8196,0.3838,0.1952,1,4,0.2794
1148,44169.50,10497.50,-425.516,610718.224,32.26007933,-69.41243582,10618.984,27541.276,479.23,-3684.28,0.6895,0.4572,0.1893,1,4,0.2839
1149,44169.50,11649.50,-749.358,610742.652,32.22970028,-69.41161970,10295.142,27516.848,483.69,-3685.97,0.8460,0.5376,0.3197,1,4,0.2023
1150,44553.50,2817.50,1747.979,610647.139,32.46400883,-69.41470326,12792.479,27612.361,473.40,-3685.71,0.8280,0.2632,0.2906,1,4,0.4221
1151,44553.50,3201.50,1640.479,610656.220,32.45392017,-69.41441353,12684.979,27603.280,473.95,-3685.24,0.7746,0.2062,0.0633,1,4,0.0681
1152,44553.50,3585.50,1532.726,610664.994,32.44380809,-69.41413330,12577.226,27594.506,474.31,-3685.08,0.8988,0.6564,0.1992,1,4,0.1940
1153,44553.50,3969.50,1424.516,610674.038,32.43365329,-69.41384361,12469.016,27585.462,474.28,-3684.66,0.8852,0.5869,0.0841,1,4,0.0354
1154,44553.50,4353.50,1316.515,610682.340,32.42351862,-69.41357771,12361.015,27577.160,474.52,-3684.98,0.7739,0.6535,0.5364,1,4,0.5708
1155,44553.50,4737.50,1210.287,610690.888,32.41355053,-69.41330296,12254.787,27568.612,476.60,-3685.07,0.8896,0.6168,0.0728,1,4,0.1198
1156,44553.50,5889.50,887.093,610717.012,32.38322451,-69.41245945,11931.593,27542.488,478.72,-3684.86,0.8664,0.5689,0.3243,1,4,0.3921
1157,44553.50,6273.50,779.078,610725.614,32.37308985,-69.41218054,11823.578,27533.886,479.27,-3684.91,0.8597,0.5638,0.2182,1,4,0.2862
1158,44553.50,6657.50,670.870,610734.316,32.36293732,-69.41189771,11715.370,27525.184,479.70,-3684.86,0.8328,0.3140,0.1321,1,4,0.1689
1159,44553.50,7041.50,561.991,610742.726,32.35272222,-69.41162387,11606.491,27516.774,479.53,-3685.11,0.8132,0.2968,0.3138,1,4,0.3509
1160,44553.50,7425.50,453.650,610751.831,32.34255777,-69.41132647,11498.150,27507.669,479.96,-3684.67,0.8326,0.3472,0.4295,1,4,0.5026
1161,44553.50,7809.50,343.452,610761.479,32.33221933,-69.41101056,11387.952,27498.021,478.59,-3683.69,0.8227,0.5786,0.4637,1,4,0.4732
1162,44553.50,8193.50,234.069,610770.026,32.32195780,-69.41073033,11278.569,27489.474,478.11,-3683.81,0.8410,0.2913,0.1384,1,4,0.1545
1163,44553.50,8577.50,124.708,610779.334,32.31169854,-69.41042430,11169.208,27480.166,477.72,-3683.18,0.8158,0.5528,0.4995,1,4,0.4927
1164,44553.50,8961.50,15.013,610787.431,32.30140831,-69.41015760,11059.513,27472.069,477.06,-3683.77,0.8298,0.4262,0.5284,1,4,0.5421
1165,44553.50,9345.50,-93.011,610796.231,32.29127508,-69.40986706,10951.489,27463.269,478.13,-3683.65,0.8639,0.5651,0.1852,1,4,0.1894
1166,44553.50,9729.50,-202.113,610804.662,32.28104100,-69.40958806,10842.387,27454.838,478.20,-3683.91,0.8721,0.5586,0.4612,1,4,0.4274
1167,44553.50,10113.50,-311.464,610813.545,32.27078396,-69.40929351,10733.036,27445.955,478.08,-3683.72,0.8750,0.5671,0.1380,1,4,0.2112
1168,44553.50,10497.50,-419.055,610821.941,32.26069220,-69.40901442,10625.445,27437.559,479.79,-3684.03,0.8026,0.4445,0.2946,1,4,0.2515
1169,44553.50,10881.50,-526.547,610829.378,32.25060991,-69.40876633,10517.953,27430.122,481.67,-3685.29,0.7815,0.4039,0.3350,1,4,0.4273
1170,44553.50,11265.50,-633.858,610837.960,32.24054502,-69.40847984,10410.642,27421.540,483.79,-3685.42,0.8626,0.5446,0.4056,1,4,0.3363
1171,44553.50,11649.50,-743.690,610845.751,32.23024376,-69.40821873,10300.810,27413.749,483.46,-3686.34,0.8289,0.4893,0.4737,1,4,0.5669
1172,44937.50,2817.50,1753.590,610750.843,32.46450739,-69.41128159,12798.090,27508.657,473.05,-3685.52,0.8254,0.3430,0.0949,1,4,0.2211
1173,44937.50,3201.50,1646.137,610760.160,32.45442475,-69.41098408,12690.637,27499.340,473.64,-3684.81,0.8344,0.5694,0.4981,1,4,0.3923
1174,44937.50,3585.50,1537.585,610768.660,32.44423950,-69.41071300,12582.085,27490.840,473.20,-3684.93,0.8743,0.5148,0.1452,1,4,0.1997
1175,44937.50,3969.50,1429.401,610777.728,32.43408892,-69.41042253,12473.901,27481.772,473.20,-3684.49,0.8529,0.5373,0.0685,1,4,0.1107
1176,44937.50,4353.50,1323.029,610786.432,32.42410861,-69.41014328,12367.529,27473.068,475.07,-3684.41,0.8027,0.4389,0.4338,1,4,0.3915
1177,44937.50,4737.50,1216.505,610794.285,32.41411458,-69.40989154,12261.005,27465.215,476.85,-3685.19,0.7940,0.4059,0.0856,1,4,0.0493
1178,44937.50,5121.50,1109.197,610803.023,32.40404703,-69.40961003,12153.697,27456.477,477.92,-3685.08,0.8304,0.4332,0.2394,1,4,0.2031
1179,44937.50,5505.50,1001.331,610811.554,32.39392749,-69.40933473,12045.831,27447.946,478.49,-3685.19,0.8845,0.4647,0.0967,1,4,0.1329
1180,44937.50,5889.50,892.524,610820.033,32.38371996,-69.40906057,11937.024,27439.467,478.19,-3685.36,0.8154,0.3826,0.3415,1,4,0.3572
1181,44937.50,6273.50,784.644,610828.616,32.37359966,-69.40878231,11829.144,27430.884,478.88,-3685.42,0.7987,0.3936,0.3600,1,4,0.3573
1182,44937.50,6657.50,677.006,610837.467,32.36350228,-69.40849457,11721.506,27422.033,479.88,-3685.23,0.8808,0.5998,0.1366,1,4,0.2113
1183,44937.50,7041.50,568.751,610846.624,32.35334734,-69.40819613,11613.251,27412.876,480.33,-3684.73,0.7691,0.1904,0.5753,1,4,0.6357
1184,44937.50,7425.50,459.512,610855.285,32.34310035,-69.40791346,11504.012,27404.215,479.86,-3684.73,0.8999,0.6714,0.7053,1,4,0.7655
1185,44937.50,7809.50,349.774,610864.314,32.33280690,-69.40761798,11394.274,27395.186,478.95,-3684.37,0.8037,0.2297,0.1548,1,4,0.1997
1186,44937.50,8193.50,240.345,610873.146,32.32254278,-69.40732838,11284.845,27386.354,478.43,-3684.21,0.8426,0.3650,0.2083,1,4,0.2410
1187,44937.50,8577.50,130.688,610882.013,32.31225743,-69.40703696,11175.188,27377.487,477.74,-3684.02,0.8849,0.6132,0.1924,1,4,0.1941
1188,44937.50,8961.50,21.959,610890.847,32.30205956,-69.40674597,11066.459,27368.653,478.04,-3683.87,0.8691,0.5353,0.0851,1,4,0.0849
1189,44937.50,9345.50,-87.006,610899.623,32.29183981,-69.40645629,10957.494,27359.877,478.18,-3683.78,0.8064,0.2364,0.1644,1,4,0.1694
1190,44937.50,9729.50,-196.751,610908.473,32.28154716,-69.40616349,10847.749,27351.027,477.60,-3683.62,0.8169,0.3635,0.1840,1,4,0.2225
1191,44937.50,10113.50,-305.242,610916.718,32.27137241,-69.40589004,10739.258,27342.782,478.35,-3684.07,0.8508,0.4200,0.1059,1,4,0.1368
1192,44937.50,10497.50,-412.095,610924.993,32.26135153,-69.40561497,10632.405,27334.507,480.79,-3684.49,0.8145,0.3739,0.4299,1,4,0.3539
1193,44937.50,10881.50,-520.772,610932.925,32.25115992,-69.40535055,10523.728,27326.575,481.49,-3685.26,0.8104,0.6737,0.3307,1,4,0.4270
1194,44937.50,11265.50,-628.992,610941.393,32.24101137,-69.40506786,10415.508,27318.107,482.70,-3685.50,0.7822,0.3405,0.1152,1,4,0.0449
1195,44937.50,11649.50,-736.742,610949.566,32.23090726,-69.40479426,10307.758,27309.934,484.45,-3686.04,0.8378,0.3993,0.3625,1,4,0.2306
1196,45321.50,2817.50,1758.507,610854.527,32.46494064,-69.40786067,12803.007,27404.973,471.95,-3685.41,0.8477,0.5324,0.2472,1,4,0.3710
1197,45321.50,3201.50,1650.469,610863.368,32.45480495,-69.40757896,12694.969,27396.132,471.96,-3685.18,0.8056,0.4161,0.3142,1,4,0.4074
1198,45321.50,3585.50,1542.349,610872.535,32.44466172,-69.40728585,12586.849,27386.965,471.95,-3684.63,0.8667,0.4640,0.1311,1,4,0.2074
1199,45321.50,3969.50,1435.118,610880.683,32.43460248,-69.40702567,12479.618,27378.817,472.90,-3685.10,0.8149,0.4202,0.5340,1,4,0.5928
1200,45321.50,4353.50,1328.957,610889.396,32.42464365,-69.40674619,12373.457,27370.104,474.98,-3685.02,0.8778,0.5205,0.1563,1,4,0.1837
1201,45321.50,4737.50,1222.681,610897.379,32.41467449,-69.40649014,12267.181,27362.121,477.01,-3685.66,0.8278,0.4814,0.3237,1,4,0.3202
1202,45321.50,5121.50,1116.380,610906.160,32.40470311,-69.40620719,12160.880,27353.340,479.08,-3685.52,0.8098,0.3450,0.3256,1,4,0.3487
1203,45321.50,5505.50,1007.365,610914.957,32.39447753,-69.40592323,12051.865,27344.543,478.51,-3685.36,0.8929,0.4978,0.1838,1,4,0.2414
1204,45321.50,5889.50,897.337,610924.020,32.38415705,-69.40562991,11941.837,27335.480,476.99,-3684.94,0.8179,0.4019,0.2833,1,4,0.3162
1205,45321.50,6273.50,789.107,610933.092,32.37400558,-69.40533556,11833.607,27326.408,477.33,-3684.52,0.7686,0.4321,0.1442,1,4,0.1805
1206,45321.50,6657.50,682.208,610940.968,32.36397942,-69.40508000,11726.708,27318.532,479.07,-3685.30,0.8553,0.6632,0.3817,1,4,0.3325
1207,45321.50,7425.50,466.192,610959.076,32.34371948,-69.40448933,11510.692,27300.424,480.52,-3684.51,0.8482,0.5201,0.6585,1,4,0.6949
1208,45321.50,7809.50,356.607,610967.919,32.33344214,-69.40420003,11401.107,27291.581,479.77,-3684.33,0.8005,0.4235,0.4822,1,4,0.5086
1209,45321.50,8193.50,246.745,610976.235,32.32313912,-69.40392749,11291.245,27283.265,478.81,-3684.69,0.8103,0.2945,0.2923,1,4,0.3078
1210,45321.50,8577.50,137.697,610985.312,32.31291266,-69.40362917,11182.197,27274.188,478.74,-3684.29,0.8438,0.3274,0.0561,1,4,0.0404
1211,45321.50,8961.50,29.144,610993.852,32.30273293,-69.40334796,11073.644,27265.648,479.22,-3684.43,0.8419,0.5930,0.0137,1,4,0.0185
1212,45321.50,9345.50,-81.150,611003.193,32.29239029,-69.40303965,10963.350,27256.307,478.03,-3683.78,0.8756,0.5783,0.2012,1,4,0.1732
1213,45321.50,9729.50,-189.542,611011.540,32.28222626,-69.40276350,10854.958,27247.960,478.80,-3684.12,0.8694,0.4547,0.0907,1,4,0.0639
1214,45321.50,10113.50,-298.141,611020.036,32.27204311,-69.40248181,10746.359,27239.464,479.44,-3684.32,0.7932,0.4493,0.1090,1,4,0.1081
1215,45321.50,10497.50,-405.828,611027.751,32.26194571,-69.40222526,10638.672,27231.749,481.05,-3685.31,0.8298,0.4150,0.2461,1,4,0.2849
1216,45321.50,10881.50,-515.710,611036.298,32.25164280,-69.40194054,10528.790,27223.202,480.54,-3685.46,0.8434,0.5032,0.4988,1,4,0.5372
1217,45321.50,11265.50,-624.770,611045.106,32.24141727,-69.40164665,10419.730,27214.394,480.91,-3685.36,0.6825,0.3527,0.2711,1,4,0.3627
1218,45321.50,11649.50,-731.996,611052.817,32.23136395,-69.40138834,10312.504,27206.683,483.19,-3686.36,0.7976,0.3700,0.4246,1,4,0.5272
1219,45705.50,2817.50,1764.617,610958.369,32.46548559,-69.40443444,12809.117,27301.131,472.18,-3685.09,0.8330,0.3964,0.1721,1,0,0.1377
1220,45705.50,3201.50,1656.106,610967.191,32.45530727,-69.40415345,12700.606,27292.309,471.71,-3684.88,0.8806,0.4297,0.1070,1,0,0.1464
1221,45705.50,3585.50,1548.170,610976.136,32.44518316,-69.40386771,12592.670,27283.364,471.89,-3684.56,0.8578,0.5761,0.3229,1,0,0.3483
1222,45705.50,3969.50,1441.334,610984.860,32.43516242,-69.40358853,12485.834,27274.640,473.23,-3684.45,0.8083,0.5167,0.3501,1,0,0.3539
1223,45705.50,4353.50,1335.463,610992.393,32.42523273,-69.40334797,12379.963,27267.107,475.61,-3685.55,0.7966,0.6143,0.3301,1,0,0.3687
1224,45705.50,4737.50,1229.532,611000.885,32.41529753,-69.40307514,12274.032,27258.615,477.98,-3685.68,0.8416,0.5507,0.1403,1,0,0.1621
1225,45705.50,5121.50,1122.482,611009.598,32.40525760,-69.40279452,12166.982,27249.902,479.31,-3685.61,0.8590,0.3962,0.3195,1,0,0.2777
1226,45705.50,5505.50,1013.384,611018.424,32.39502587,-69.40250964,12057.884,27241.076,478.65,-3685.42,0.8041,0.2657,0.1010,1,0,0.1295
1227,45705.50,5889.50,903.401,611027.443,32.38471147,-69.40221780,11947.901,27232.057,477.17,-3685.05,0.8528,0.5796,0.4380,1,0,0.4896
1228,45705.50,6273.50,795.022,611036.177,32.37454774,-69.40193466,11839.522,27223.323,477.37,-3684.96,0.7945,0.5299,0.3453,1,0,0.3810
1229,45705.50,6657.50,688.195,611044.376,32.36452993,-69.40166847,11732.695,27215.124,479.18,-3685.42,0.7943,0.2259,0.4068,1,0,0.4423
1230,45705.50,7041.50,580.033,611052.990,32.35438717,-69.40138801,11624.533,27206.510,479.72,-3685.46,0.8518,0.4706,0.3406,1,0,0.3678
1231,45705.50,7425.50,471.567,611061.769,32.34421614,-69.40110148,11516.067,27197.731,480.03,-3685.35,0.8311,0.3688,0.3220,1,0,0.3491
1232,45705.50,7809.50,362.676,611071.382,32.33400554,-69.40078682,11407.176,27188.118,479.97,-3684.40,0.8624,0.4306,0.5227,1,0,0.5234
1233,45705.50,8193.50,252.780,611079.833,32.32370104,-69.40050987,11297.280,27179.667,478.98,-3684.62,0.8340,0.6053,0.2750,1,0,0.2672
1234,45705.50,8577.50,144.665,611088.674,32.31356379,-69.40021938,11189.165,27170.826,479.83,-3684.46,0.8140,0.2642,0.2131,1,0,0.2036
1235,45705.50,8961.50,35.391,611097.103,32.30331820,-69.39994183,11079.891,27162.397,479.59,-3684.71,0.7918,0.2801,0.1501,1,0,0.1569
1236,45705.50,9345.50,-73.812,611106.344,32.29307957,-69.39963688,10970.688,27153.156,479.49,-3684.15,0.8241,0.5045,0.3278,1,0,0.3241
1237,45705.50,9729.50,-182.382,611114.779,32.28290054,-69.39935786,10862.118,27144.721,480.09,-3684.41,0.8180,0.3764,0.3185,1,0,0.3150
1238,45705.50,10113.50,-291.304,611122.901,32.27268886,-69.39908855,10753.196,27136.599,480.40,-3684.98,0.8287,0.4023,0.2300,1,0,0.2084
1239,45705.50,10497.50,-399.270,611131.326,32.26256699,-69.39880860,10645.230,27128.174,481.74,-3685.26,0.8713,0.5256,0.0345,1,0,0.0425
1240,45705.50,10881.50,-508.747,611139.705,32.25230377,-69.39852951,10535.753,27119.795,481.63,-3685.58,0.8791,0.5190,0.2519,1,0,0.2332
1241,45705.50,11265.50,-617.786,611148.394,32.24208195,-69.39823956,10426.714,27111.106,482.03,-3685.60,0.8488,0.4304,0.2050,1,0,0.2427
1242,45705.50,11649.50,-727.058,611156.517,32.23183852,-69.39796766,10317.442,27102.983,482.26,-3686.19,0.7933,0.3028,0.5064,1,0,0.4521
1243,46089.50,2817.50,1770.441,611061.320,32.46600377,-69.40103768,12814.941,27198.180,472.23,-3685.65,0.8520,0.4652,0.3766,1,0,0.4110
1244,46089.50,3201.50,1662.829,611070.613,32.45591135,-69.40074110,12707.329,27188.887,472.66,-3684.97,0.8132,0.3968,0.2004,1,0,0.1692
1245,46089.50,3585.50,1555.127,611079.313,32.44581087,-69.40046347,12599.627,27180.187,473.07,-3684.89,0.8940,0.6510,0.1438,1,0,0.1099
1246,46089.50,3969.50,1448.427,611087.770,32.43580475,-69.40019313,12492.927,27171.730,474.55,-3685.05,0.8358,0.5148,0.1095,1,0,0.0808
1247,46089.50,4353.50,1341.678,611096.337,32.42579421,-69.39991856,12386.178,27163.163,476.05,-3685.11,0.7630,0.3730,0.2642,1,0,0.2377
1248,46089.50,4737.50,1235.122,611104.026,32.41580217,-69.39967231,12279.622,27155.474,477.80,-3686.05,0.8307,0.3777,0.3103,1,0,0.3581
1249,46089.50,5121.50,1127.487,611113.020,32.40570907,-69.39938249,12171.987,27146.480,478.54,-3685.69,0.8484,0.5306,0.0781,1,0,0.1079
1250,46089.50,5505.50,1018.426,611121.848,32.39548252,-69.39909758,12062.926,27137.652,477.92,-3685.51,0.8346,0.3341,0.2499,1,0,0.2669
1251,46089.50,5889.50,909.359,611130.700,32.38525576,-69.39881125,11953.859,27128.800,477.36,-3685.30,0.8689,0.6882,0.5411,1,0,0.5980
1252,46089.50,6273.50,800.827,611139.614,32.37507941,-69.39852219,11845.327,27119.886,477.40,-3685.03,0.8660,0.4998,0.3456,1,0,0.3848
1253,46089.50,6657.50,693.599,611148.209,32.36502563,-69.39824298,11738.099,27111.291,478.81,-3685.09,0.8648,0.5955,0.1647,1,0,0.2065
1254,46089.50,7041.50,585.643,611156.719,32.35490385,-69.39796600,11630.143,27102.781,479.56,-3685.24,0.8082,0.4628,0.2143,1,0,0.2544
1255,46089.50,7425.50,477.118,611165.473,32.34472903,-69.39768033,11521.618,27094.027,479.81,-3685.15,0.8615,0.4250,0.1764,1,0,0.2112
1256,46089.50,7809.50,367.993,611174.364,32.33449821,-69.39738950,11412.493,27085.136,479.52,-3684.92,0.8692,0.5579,0.3159,1,0,0.3055
1257,46089.50,8193.50,259.276,611183.247,32.32430600,-69.39709831,11303.776,27076.253,479.71,-3684.71,0.8307,0.3580,0.1608,1,0,0.1420
1258,46089.50,8577.50,150.461,611192.136,32.31410487,-69.39680629,11194.961,27067.364,479.86,-3684.50,0.8177,0.3794,0.3932,1,0,0.3951
1259,46089.50,8961.50,41.646,611201.014,32.30390404,-69.39651400,11086.146,27058.486,480.08,-3684.31,0.8231,0.4067,0.4240,1,0,0.4184
1260,46089.50,9345.50,-67.505,611209.259,32.29367200,-69.39624191,10976.995,27050.241,480.03,-3684.75,0.8587,0.4690,0.2537,1,0,0.2577
1261,46089.50,9729.50,-176.392,611217.527,32.28346495,-69.39596845,10868.108,27041.973,480.32,-3685.17,0.8494,0.3860,0.3465,1,0,0.3363
1262,46089.50,10113.50,-284.851,611225.719,32.27329833,-69.39569689,10759.649,27033.781,481.09,-3685.67,0.8797,0.5376,0.4990,1,0,0.4890
1263,46089.50,10497.50,-393.993,611235.125,32.26306796,-69.39538458,10650.507,27024.375,481.25,-3684.96,0.8230,0.4456,0.5289,1,0,0.5633
1264,46089.50,10881.50,-504.559,611244.476,32.25270449,-69.39507344,10539.941,27015.024,480.06,-3684.32,0.8128,0.4466,0.4973,1,0,0.5343
1265,46089.50,11265.50,-615.854,611253.300,32.24227296,-69.39477901,10428.646,27006.200,478.20,-3684.20,0.7695,0.4855,0.1942,1,0,0.2512
1266,46089.50,11649.50,-723.687,611261.295,32.23216615,-69.39451135,10320.813,26998.205,479.87,-3684.92,0.7326,0.3880,0.2746,1,0,0.2057
1267,46473.50,2817.50,1777.652,611164.231,32.46665186,-69.39764216,12822.152,27095.269,473.48,-3686.31,0.8293,0.2804,0.2396,1,0,0.2790
1268,46473.50,3201.50,1669.993,611173.621,32.45655664,-69.39734240,12714.493,27085.879,473.87,-3685.53,0.7791,0.3035,0.3651,1,0,0.3261
1269,46473.50,3585.50,1562.513,611182.132,32.44647874,-69.39707104,12607.013,27077.368,474.50,-3685.64,0.8435,0.4509,0.2561,1,0,0.2327
1270,46473.50,3969.50,1455.749,611190.602,32.43646821,-69.39680033,12500.249,27068.898,475.92,-3685.79,0.8351,0.4220,0.1166,1,0,0.0702
1271,46473.50,4353.50,1349.000,611199.099,32.42645940,-69.39652808,12393.500,27060.401,477.42,-3685.92,0.8380,0.6010,0.1904,1,0,0.1382
1272,46473.50,4737.50,1242.030,611207.884,32.41643006,-69.39624578,12286.530,27051.616,478.76,-3685.77,0.8250,0.3900,0.4766,1,0,0.4290
1273,46473.50,5121.50,1133.797,611216.730,32.40628260,-69.39596092,12178.297,27042.770,478.90,-3685.56,0.8421,0.3919,0.4748,1,0,0.4266
1274,46473.50,5505.50,1024.200,611225.341,32.39600760,-69.39568323,12068.700,27034.159,477.74,-3685.59,0.8245,0.2549,0.1556,1,0,0.1811
1275,46473.50,5889.50,915.012,611234.328,32.38577119,-69.39539250,11959.512,27025.172,477.06,-3685.24,0.8432,0.6607,0.5291,1,0,0.5828
1276,46473.50,6273.50,807.422,611243.150,32.37568489,-69.39510647,11851.922,27016.350,478.05,-3685.07,0.8283,0.2690,0.1630,1,0,0.1907
1277,46473.50,6657.50,699.455,611251.628,32.36556347,-69.39483119,11743.955,27007.872,478.72,-3685.25,0.8405,0.4633,0.1020,1,0,0.1469
1278,46473.50,7041.50,592.485,611260.408,32.35553583,-69.39454527,11636.985,26999.092,480.45,-3685.12,0.7943,0.2979,0.5505,1,0,0.5089
1279,46473.50,7425.50,482.601,611269.099,32.34523539,-69.39426178,11527.101,26990.401,479.34,-3685.10,0.8769,0.5083,0.1351,1,0,0.1650
1280,46473.50,7809.50,373.406,611278.205,32.33499979,-69.39396390,11417.906,26981.295,478.98,-3684.66,0.8399,0.4510,0.1785,1,0,0.1717
1281,46473.50,8193.50,264.400,611286.678,32.32478216,-69.39368629,11308.900,26972.822,478.88,-3684.86,0.8487,0.3469,0.1219,1,0,0.1360
1282,46473.50,8577.50,155.222,611295.842,32.31454869,-69.39338520,11199.722,26963.658,478.67,-3684.37,0.8265,0.3356,0.1821,1,0,0.1730
1283,46473.50,8961.50,47.237,611303.877,32.30442740,-69.39312076,11091.737,26955.623,479.73,-3685.02,0.8313,0.3186,0.1761,1,0,0.1776
1284,46473.50,9345.50,-61.151,611312.985,32.29426861,-69.39282025,10983.349,26946.515,480.44,-3684.59,0.7828,0.3117,0.4669,1,0,0.4680
1285,46473.50,9729.50,-169.530,611321.274,32.28411088,-69.39254614,10874.970,26938.226,481.23,-3685.00,0.8023,0.2554,0.4442,1,0,0.4555
1286,46473.50,10113.50,-278.770,611330.487,32.27387280,-69.39224091,10765.730,26929.013,481.23,-3684.48,0.8465,0.6005,0.8765,1,0,0.9068
1287,46473.50,10497.50,-389.621,611338.570,32.26348397,-69.39197227,10654.879,26920.930,479.68,-3685.09,0.8956,0.6369,0.2850,1,0,0.2501
1288,46473.50,10881.50,-503.309,611349.235,32.25282983,-69.39161772,10541.191,26910.265,475.36,-3683.13,0.6693,0.3618,0.2554,1,0,0.2844
1289,46857.50,2817.50,1783.941,611267.463,32.46721319,-69.39423615,12828.441,26992.037,473.73,-3686.67,0.7877,0.1767,0.3671,1,0,0.4148
1290,46857.50,3201.50,1676.790,611276.481,32.45716739,-69.39394869,12721.290,26983.019,474.63,-3686.27,0.8293,0.2952,0.1442,1,0,0.1658
1291,46857.50,3585.50,1569.255,611285.144,32.44708605,-69.39367232,12613.755,26974.356,475.21,-3686.22,0.8387,0.5341,0.3193,1,0,0.3531
1292,46857.50,3969.50,1460.621,611294.408,32.43690168,-69.39337562,12505.121,26965.092,474.75,-3685.58,0.8208,0.4646,0.0527,1,0,0.0453
1293,46857.50,4353.50,1353.973,611302.848,32.42690402,-69.39310530,12398.473,26956.652,476.35,-3685.77,0.8292,0.4621,0.2578,1,0,0.2214
1294,46857.50,4737.50,1247.843,611310.861,32.41695528,-69.39284843,12292.343,26948.639,478.53,-3686.39,0.9277,0.6998,0.1200,1,0,0.1686
1295,46857.50,5121.50,1139.157,611319.934,32.40676706,-69.39255611,12183.657,26939.566,478.22,-3685.95,0.8825,0.5331,0.0486,1,0,0.0865
1296,46857.50,5505.50,1030.128,611328.910,32.39654690,-69.39226641,12074.628,26930.590,477.63,-3685.61,0.8404,0.3921,0.1142,1,0,0.1397
1297,46857.50,5889.50,920.924,611337.705,32.38631074,-69.39198203,11965.424,26921.795,476.94,-3685.46,0.8713,0.5253,0.3739,1,0,0.4194
1298,46857.50,6273.50,812.553,611346.808,32.37615293,-69.39168681,11857.053,26912.692,477.14,-3685.01,0.8186,0.6167,0.2752,1,0,0.3204
1299,46857.50,6657.50,705.720,611354.790,32.36613963,-69.39142787,11750.220,26904.710,478.95,-3685.68,0.8631,0.5380,0.2940,1,0,0.3361
1300,46857.50,7041.50,597.959,611363.735,32.35603946,-69.39113661,11642.459,26895.765,479.89,-3685.39,0.8282,0.3436,0.1602,1,0,0.1646
1301,46857.50,7425.50,489.142,611372.607,32.34584076,-69.39084713,11533.642,26886.893,479.85,-3685.18,0.8471,0.5000,0.4085,1,0,0.3753
1302,46857.50,7809.50,379.189,611381.860,32.33553577,-69.39054448,11423.689,26877.640,478.73,-3684.60,0.8683,0.4048,0.2982,1,0,0.2675
1303,46857.50,8193.50,268.944,611390.560,32.32520380,-69.39025940,11313.444,26868.940,477.39,-3684.57,0.8721,0.6238,0.4078,1,0,0.4030
1304,46857.50,8577.50,158.928,611399.746,32.31489349,-69.38995764,11203.428,26859.754,476.35,-3684.06,0.8779,0.6399,0.1881,1,0,0.2054
1305,46857.50,8961.50,52.043,611407.754,32.30487706,-69.38969410,11096.543,26851.746,478.50,-3684.73,0.7524,0.3769,0.1377,1,0,0.1442
1306,46857.50,9345.50,-56.009,611415.924,32.29475144,-69.38942457,10988.491,26843.576,479.55,-3685.25,0.7754,0.2631,0.4573,1,0,0.4491
1307,46857.50,9729.50,-164.599,611424.874,32.28457568,-69.38912871,10879.901,26834.626,480.13,-3684.99,0.8324,0.4419,0.1648,1,0,0.1804
1308,46857.50,10497.50,-383.679,611442.557,32.26404703,-69.38854214,10660.821,26816.943,479.59,-3684.70,0.8418,0.3740,0.2586,1,0,0.2927
1309,46857.50,10881.50,-496.803,611451.828,32.25344736,-69.38823364,10547.697,26807.672,475.84,-3684.13,0.8861,0.7854,0.3644,1,0,0.3434
1310,47241.50,2817.50,1789.844,611371.122,32.46773811,-69.39081614,12834.344,26888.378,473.67,-3686.55,0.8269,0.5160,0.2813,1,0,0.3236
1311,47241.50,3201.50,1683.032,611379.755,32.45772585,-69.39054138,12727.532,26879.745,474.91,-3686.53,0.8050,0.2365,0.1427,1,0,0.1925
1312,47241.50,3585.50,1576.024,611388.661,32.44769544,-69.39025698,12620.524,26870.839,476.02,-3686.24,0.8318,0.2782,0.2052,1,0,0.1849
1313,47241.50,3969.50,1467.724,611397.537,32.43754423,-69.38997309,12512.224,26861.963,475.90,-3685.99,0.8406,0.4842,0.2344,1,0,0.2219
1314,47241.50,4353.50,1359.604,611406.652,32.42741019,-69.38968066,12404.104,26852.848,476.02,-3685.50,0.7677,0.3447,0.2690,1,0,0.2385
1315,47241.50,4737.50,1253.145,611414.155,32.41743234,-69.38944065,12297.645,26845.345,477.88,-3686.62,0.8621,0.4274,0.4744,1,0,0.5275
1316,47241.50,5121.50,1145.197,611423.422,32.40731495,-69.38914195,12189.697,26836.078,478.31,-3685.99,0.8739,0.4970,0.0094,1,0,0.0452
1317,47241.50,5505.50,1035.894,611432.544,32.39707085,-69.38884748,12080.394,26826.956,477.44,-3685.51,0.8923,0.4729,0.0804,1,0,0.1009
1318,47241.50,5889.50,926.686,611441.489,32.38683599,-69.38855819,11971.186,26818.011,476.75,-3685.21,0.8494,0.5045,0.2435,1,0,0.2952
1319,47241.50,6273.50,819.324,611450.072,32.37677449,-69.38828011,11863.824,26809.428,477.96,-3685.28,0.8229,0.3929,0.1716,1,0,0.2168
1320,47241.50,6657.50,711.798,611458.234,32.36669790,-69.38801531,11756.298,26801.266,479.07,-3685.77,0.8457,0.4609,0.3106,1,0,0.3424
1321,47241.50,7041.50,603.356,611466.942,32.35653575,-69.38773191,11647.856,26792.558,479.34,-3685.72,0.8674,0.4248,0.3273,1,0,0.3626
1322,47241.50,7425.50,494.726,611475.899,32.34635624,-69.38743965,11539.226,26783.601,479.48,-3685.42,0.8551,0.3171,0.1689,1,0,0.2095
1323,47241.50,7809.50,385.355,611485.178,32.33610750,-69.38713617,11429.855,26774.322,478.95,-3684.81,0.8477,0.3755,0.1437,1,0,0.1153
1324,47241.50,8193.50,275.364,611494.413,32.32580105,-69.38683350,11319.864,26765.087,477.86,-3684.25,0.8394,0.4367,0.2853,1,0,0.2877
1325,47241.50,8577.50,165.774,611503.263,32.31553251,-69.38654285,11210.274,26756.237,477.24,-3684.08,0.8247,0.2786,0.2535,1,0,0.2597
1326,47241.50,8961.50,57.954,611511.181,32.30542998,-69.38628232,11102.454,26748.319,478.46,-3684.84,0.8006,0.2707,0.2306,1,0,0.2371
1327,47241.50,9345.50,-50.104,611519.494,32.29530557,-69.38600811,10994.396,26740.006,479.51,-3685.21,0.8127,0.3450,0.3378,1,0,0.3340
1328,47241.50,9729.50,-159.045,611528.933,32.28509862,-69.38569615,10885.455,26730.567,479.74,-3684.47,0.8517,0.4345,0.5252,1,0,0.5353
1329,47241.50,10113.50,-269.212,611537.782,32.27477722,-69.38540298,10775.288,26721.718,478.81,-3684.31,0.8148,0.3791,0.3334,1,0,0.3508
1330,47241.50,10497.50,-378.873,611546.398,32.26450341,-69.38511684,10665.627,26713.102,478.45,-3684.40,0.9149,0.6632,0.3253,1,0,0.3610
1331,47241.50,10881.50,-486.625,611554.086,32.25440864,-69.38486073,10557.875,26705.414,480.07,-3685.41,0.7445,0.3068,0.1851,1,0,0.1903
1332,47625.50,2817.50,1795.316,611474.894,32.46822230,-69.38739246,12839.816,26784.606,473.22,-3686.29,0.7526,0.2785,0.0988,1,1,0.0748
1333,47625.50,3201.50,1688.925,611483.261,32.45825134,-69.38712647,12733.425,26776.239,474.88,-3686.54,0.8424,0.2726,0.1828,1,1,0.1388
1334,47625.50,3585.50,1581.938,611492.180,32.44822455,-69.38684171,12626.438,26767.320,476.00,-3686.24,0.8500,0.3646,0.2013,1,1,0.2848
1335,47625.50,3969.50,1474.138,611500.919,32.43812200,-69.38656230,12518.638,26758.581,476.39,-3686.12,0.8354,0.3738,0.2286,1,1,0.2767
1336,47625.50,4353.50,1365.565,611509.450,32.42794729,-69.38628922,12410.065,26750.050,476.06,-3686.22,0.8628,0.4249,0.3689,1,1,0.3184
1337,47625.50,4737.50,1258.422,611518.765,32.41790668,-69.38598952,12302.922,26740.735,477.23,-3685.53,0.8029,0.3397,0.3591,1,1,0.4001
1338,47625.50,5121.50,1150.847,611527.156,32.40782612,-69.38571971,12195.347,26732.344,478.03,-3685.78,0.8868,0.5058,0.4311,1,1,0.4397
1339,47625.50,5505.50,1041.761,611536.149,32.39760412,-69.38542954,12086.261,26723.351,477.39,-3685.42,0.8656,0.4293,0.1675,1,1,0.1805
1340,47625.50,5889.50,933.053,611544.647,32.38741796,-69.38515499,11977.553,26714.853,477.19,-3685.57,0.8331,0.3602,0.3523,1,1,0.3416
1341,47625.50,6273.50,825.270,611553.572,32.37731858,-69.38486571,11869.770,26705.928,477.98,-3685.29,0.8032,0.3412,0.1174,1,1,0.1193
1342,47625.50,6657.50,717.593,611561.724,32.36722954,-69.38460127,11762.093,26697.776,478.94,-3685.80,0.8667,0.4059,0.3304,1,1,0.3314
1343,47625.50,7041.50,609.057,611570.610,32.35706023,-69.38431204,11653.557,26688.890,479.11,-3685.57,0.8659,0.3934,0.2202,1,1,0.2253
1344,47625.50,7425.50,500.423,611579.577,32.34688207,-69.38401948,11544.923,26679.923,479.25,-3685.26,0.7950,0.2399,0.1846,1,1,0.1894
1345,47625.50,7809.50,391.091,611588.295,32.33663876,-69.38373454,11435.591,26671.205,478.76,-3685.21,0.8387,0.4273,0.4305,1,1,0.4440
1346,47625.50,8193.50,281.881,611597.333,32.32640724,-69.38343840,11326.381,26662.167,478.46,-3684.85,0.8534,0.4118,0.1116,1,1,0.1202
1347,47625.50,8577.50,173.054,611606.231,32.31621182,-69.38314621,11217.554,26653.269,478.60,-3684.63,0.8628,0.4220,0.3232,1,1,0.3216
1348,47625.50,8961.50,64.664,611614.626,32.30605770,-69.38286998,11109.164,26644.874,479.25,-3684.91,0.8224,0.3701,0.2963,1,1,0.2986
1349,47625.50,9345.50,-43.249,611623.472,32.29594854,-69.38257824,11001.251,26636.028,480.44,-3684.75,0.7962,0.2950,0.6036,1,1,0.6058
1350,47625.50,9729.50,-154.017,611631.698,32.28557213,-69.38230631,10890.483,26627.802,478.84,-3685.22,0.8737,0.5574,0.5324,1,1,0.5264
1351,47625.50,10113.50,-265.810,611641.823,32.27510013,-69.38197105,10778.690,26617.677,476.29,-3683.79,0.8787,0.6819,0.6446,1,1,0.6761
1352,47625.50,10497.50,-373.970,611649.970,32.26496866,-69.38170046,10670.530,26609.530,477.43,-3684.34,0.6018,0.4011,0.4150,1,1,0.3879
1353,47625.50,10881.50,-480.615,611657.491,32.25497932,-69.38144991,10563.885,26602.009,480.16,-3685.53,0.7897,0.3871,0.1691,1,1,0.1332
1354,47625.50,11265.50,-588.769,611666.027,32.24484900,-69.38116523,10455.731,26593.473,481.44,-3685.70,0.8197,0.3042,0.3907,1,1,0.4197
1355,47625.50,11649.50,-698.477,611674.405,32.23457344,-69.38088505,10346.023,26585.095,481.24,-3686.03,0.8592,0.5273,0.1364,1,1,0.1095
1356,48009.50,2817.50,1798.956,611579.441,32.46853463,-69.38394347,12843.456,26680.059,470.94,-3685.30,0.7337,0.4577,0.3391,1,1,0.4025
1357,48009.50,3201.50,1694.480,611587.010,32.45874487,-69.38370362,12738.980,26672.490,474.52,-3686.35,0.8088,0.4258,0.0898,1,1,0.1701
1358,48009.50,3585.50,1587.906,611595.609,32.44875862,-69.38342940,12632.406,26663.891,476.06,-3686.36,0.8171,0.2889,0.1923,1,1,0.2805
1359,48009.50,3969.50,1479.590,611604.511,32.43860936,-69.38314472,12524.090,26654.989,475.93,-3686.08,0.8209,0.4404,0.2701,1,1,0.3033
1360,48009.50,4353.50,1369.009,611614.178,32.42824806,-69.38283435,12413.509,26645.322,473.59,-3685.05,0.7769,0.3629,0.3117,1,1,0.3204
1361,48009.50,4737.50,1260.595,611623.190,32.41809013,-69.38254474,12305.095,26636.310,473.49,-3684.66,0.8368,0.5823,0.3329,1,1,0.3502
1362,48009.50,5121.50,1155.695,611631.065,32.40826191,-69.38229182,12200.195,26628.435,476.97,-3685.43,0.7686,0.5267,0.2338,1,1,0.2656
1363,48009.50,5505.50,1048.466,611639.581,32.39821570,-69.38201727,12092.966,26619.919,478.18,-3685.55,0.8317,0.3550,0.3008,1,1,0.3243
1364,48009.50,5889.50,939.692,611648.102,32.38802502,-69.38174204,11984.192,26611.398,477.92,-3685.67,0.8704,0.4561,0.1080,1,1,0.0943
1365,48009.50,6273.50,831.085,611657.196,32.37785018,-69.38144724,11875.585,26602.304,477.89,-3685.23,0.8448,0.4245,0.2487,1,1,0.2538
1366,48009.50,6657.50,723.312,611665.906,32.36775380,-69.38116445,11767.812,26593.594,478.75,-3685.17,0.8342,0.6171,0.3184,1,1,0.3147
1367,48009.50,7041.50,614.800,611674.293,32.35758857,-69.38089169,11659.300,26585.207,478.95,-3685.44,0.8419,0.3741,0.1457,1,1,0.1508
1368,48009.50,7425.50,505.591,611682.961,32.34735824,-69.38060907,11550.091,26576.539,478.51,-3685.44,0.8461,0.3999,0.3987,1,1,0.4105
1369,48009.50,7809.50,397.045,611692.245,32.33719023,-69.38030548,11441.545,26567.255,478.81,-3684.82,0.8604,0.4878,0.2295,1,1,0.2202
1370,48009.50,8193.50,288.050,611700.661,32.32698060,-69.38002986,11332.550,26558.839,478.72,-3685.08,0.8252,0.3138,0.1013,1,1,0.1107
1371,48009.50,8577.50,178.980,611709.155,32.31676418,-69.37975105,11223.480,26550.345,478.62,-3685.26,0.8295,0.2933,0.5054,1,1,0.5095
1372,48009.50,8961.50,70.763,611717.950,32.30662795,-69.37946167,11115.263,26541.550,479.44,-3685.15,0.8340,0.3664,0.1790,1,1,0.1806
1373,48009.50,9345.50,-37.855,611726.604,32.29645445,-69.37917630,11006.645,26532.896,479.93,-3685.18,0.8118,0.2712,0.2173,1,1,0.2206
1374,48009.50,10113.50,-258.934,611744.648,32.27574830,-69.37857934,10785.566,26514.852,477.26,-3684.52,0.8698,0.5570,0.1640,1,1,0.1562
1375,48009.50,10497.50,-367.043,611753.328,32.26562338,-69.37829120,10677.457,26506.172,478.46,-3684.54,0.8361,0.4968,0.3045,1,1,0.3269
1376,48009.50,10881.50,-475.574,611760.957,32.25545909,-69.37803709,10568.926,26498.543,479.30,-3685.62,0.8120,0.3783,0.3915,1,1,0.3571
1377,48009.50,11265.50,-583.944,611769.793,32.24531030,-69.37774252,10460.556,26489.707,480.37,-3685.49,0.7879,0.2248,0.1967,1,1,0.2398
1378,48009.50,11649.50,-692.788,611778.142,32.23511727,-69.37746337,10351.712,26481.358,481.03,-3685.85,0.8402,0.3100,0.1672,1,1,0.2246
1379,48393.50,2817.50,1804.938,611682.820,32.46906639,-69.38053279,12849.438,26576.680,471.01,-3685.47,0.7858,0.3969,0.1885,1,1,0.2873
1380,48393.50,3201.50,1699.456,611690.624,32.45918403,-69.38028533,12743.956,26568.876,473.58,-3686.28,0.8406,0.4807,0.1723,1,1,0.1494
1381,48393.50,3585.50,1593.197,611698.916,32.44922907,-69.38002124,12637.697,26560.584,475.43,-3686.60,0.8209,0.2861,0.1751,1,1,0.1388
1382,48393.50,3969.50,1485.094,611708.402,32.43910134,-69.37971729,12529.594,26551.098,475.51,-3685.74,0.8944,0.6145,0.3981,1,1,0.4622
1383,48393.50,4353.50,1374.135,611718.216,32.42870633,-69.37940213,12418.635,26541.284,472.80,-3684.55,0.8660,0.6226,0.2988,1,1,0.3476
1384,48393.50,4737.50,1266.305,611726.703,32.41860493,-69.37912986,12310.805,26532.797,473.28,-3684.70,0.6409,0.3685,0.1377,1,1,0.1532
1385,48393.50,5121.50,1161.592,611734.355,32.40879602,-69.37888430,12206.092,26525.145,476.95,-3685.68,0.8197,0.4331,0.2830,1,1,0.2970
1386,48393.50,5505.50,1055.082,611742.434,32.39881885,-69.37862415,12099.582,26517.066,478.88,-3686.24,0.8217,0.3345,0.0536,1,1,0.0614
1387,48393.50,5889.50,946.501,611751.513,32.38864791,-69.37833054,11991.001,26507.987,478.81,-3685.81,0.8504,0.2817,0.1749,1,1,0.1867
1388,48393.50,6273.50,837.940,611759.764,32.37847915,-69.37806360,11882.440,26499.736,478.83,-3686.21,0.8234,0.3513,0.3707,1,1,0.3614
1389,48393.50,6657.50,729.980,611768.869,32.36836693,-69.37776782,11774.480,26490.631,479.51,-3685.76,0.7706,0.3140,0.0878,1,1,0.0934
1390,48393.50,7041.50,620.892,611777.586,32.35814933,-69.37748426,11665.392,26481.914,479.13,-3685.70,0.8982,0.5730,0.1439,1,1,0.1416
1391,48393.50,7425.50,511.284,611786.569,32.34788338,-69.37719128,11555.784,26472.931,478.30,-3685.38,0.8734,0.5408,0.2350,1,1,0.2424
1392,48393.50,7809.50,401.889,611795.962,32.33763762,-69.37688414,11446.389,26463.538,477.74,-3684.65,0.8624,0.4110,0.1556,1,1,0.1469
1393,48393.50,8193.50,292.761,611804.480,32.32741718,-69.37660522,11337.261,26455.020,477.52,-3684.81,0.8249,0.3247,0.1256,1,1,0.1346
1394,48393.50,8577.50,185.220,611812.950,32.31734572,-69.37632721,11229.720,26446.550,478.95,-3685.01,0.8357,0.3191,0.0774,1,1,0.0722
1395,48393.50,8961.50,76.600,611821.586,32.30717339,-69.37604312,11121.100,26437.914,479.37,-3685.06,0.8225,0.3738,0.3517,1,1,0.3548
1396,48393.50,9345.50,-32.986,611830.401,32.29691102,-69.37575248,11011.514,26429.099,478.89,-3684.93,0.7831,0.4035,0.0889,1,1,0.0914
1397,48393.50,9729.50,-142.151,611839.226,32.28668822,-69.37546084,10902.349,26420.274,478.90,-3684.79,0.8559,0.4167,0.3759,1,1,0.3886
1398,48393.50,10113.50,-252.731,611847.799,32.27633326,-69.37517690,10791.769,26411.701,477.56,-3684.92,0.8048,0.3475,0.3009,1,1,0.2873
1399,48393.50,10497.50,-361.927,611856.841,32.26610822,-69.37487683,10682.573,26402.659,477.67,-3684.57,0.8840,0.5560,0.1062,1,1,0.1191
1400,48393.50,10881.50,-470.199,611865.466,32.25597006,-69.37458990,10574.301,26394.034,478.77,-3684.65,0.7889,0.2705,0.4645,1,1,0.4957
1401,48393.50,11265.50,-578.773,611872.964,32.24580373,-69.37433949,10465.727,26386.536,479.63,-3685.86,0.8613,0.5143,0.3644,1,1,0.3356
1402,48393.50,11649.50,-687.529,611881.419,32.23562070,-69.37405689,10356.971,26378.081,480.38,-3686.12,0.7955,0.2800,0.2044,1,1,0.1439
1403,48777.50,2817.50,1811.996,611786.144,32.46969890,-69.37712385,12856.496,26473.356,472.04,-3685.68,0.7780,0.3695,0.3881,1,1,0.4933
1404,48777.50,3201.50,1705.348,611794.830,32.45970879,-69.37684745,12749.848,26464.670,473.44,-3685.60,0.7930,0.2985,0.5542,1,1,0.6435
1405,48777.50,3585.50,1599.078,611802.882,32.44975447,-69.37659131,12643.578,26456.618,475.29,-3686.17,0.8643,0.5016,0.4233,1,1,0.4781
1406,48777.50,3969.50,1491.400,611811.600,32.43966841,-69.37631269,12535.900,26447.900,475.79,-3686.07,0.8139,0.4241,0.3354,1,1,0.3874
1407,48777.50,4353.50,1382.463,611820.483,32.42946468,-69.37602813,12426.963,26439.017,475.10,-3685.82,0.7989,0.3280,0.1362,1,1,0.1509
1408,48777.50,4737.50,1275.100,611829.412,32.41940865,-69.37574128,12319.600,26430.088,476.05,-3685.52,0.7998,0.3250,0.3092,1,1,0.3481
1409,48777.50,5121.50,1167.816,611837.566,32.40936049,-69.37547940,12212.316,26421.934,477.15,-3686.00,0.8181,0.2836,0.0224,1,1,0.0184
1410,48777.50,5505.50,1061.095,611845.799,32.39936529,-69.37521423,12105.595,26413.701,478.87,-3686.41,0.8657,0.4750,0.2153,1,1,0.2033
1411,48777.50,5889.50,952.993,611854.484,32.38924089,-69.37493360,11997.493,26405.016,479.28,-3686.37,0.8390,0.3732,0.1901,1,1,0.1764
1412,48777.50,6273.50,844.574,611863.426,32.37908713,-69.37464392,11889.074,26396.074,479.44,-3686.08,0.8790,0.4671,0.0799,1,1,0.0822
1413,48777.50,6657.50,735.482,611872.044,32.36887064,-69.37436428,11779.982,26387.456,478.99,-3686.11,0.8810,0.6213,0.3015,1,1,0.2941
1414,48777.50,7041.50,626.841,611881.020,32.35869655,-69.37407219,11671.341,26378.480,479.06,-3685.79,0.8786,0.5216,0.1328,1,1,0.1340
1415,48777.50,7425.50,517.436,611890.544,32.34845133,-69.37376142,11561.936,26368.956,478.42,-3684.93,0.8863,0.5413,0.4453,1,1,0.4467
1416,48777.50,7809.50,407.229,611899.327,32.33813130,-69.37347444,11451.729,26360.173,477.06,-3684.82,0.8277,0.4906,0.1223,1,1,0.1239
1417,48777.50,8193.50,298.297,611909.106,32.32793090,-69.37315396,11342.797,26350.394,477.03,-3683.71,0.7858,0.5236,0.8739,1,1,0.8631
1418,48777.50,8577.50,190.487,611916.997,32.31783596,-69.37289508,11234.987,26342.503,478.20,-3684.50,0.8187,0.3446,0.4426,1,1,0.4394
1419,48777.50,8961.50,81.906,611925.626,32.30766901,-69.37261126,11126.406,26333.874,478.66,-3684.55,0.7855,0.2172,0.4877,1,1,0.4878
1420,48777.50,9345.50,-27.669,611934.275,32.29740930,-69.37232612,11016.831,26325.225,478.19,-3684.59,0.8473,0.4401,0.3012,1,1,0.3042
1421,48777.50,9729.50,-138.515,611943.149,32.28703091,-69.37203292,10905.985,26316.351,476.51,-3684.40,0.8494,0.4304,0.0753,1,1,0.0695
1422,48777.50,10113.50,-248.441,611952.064,32.27673899,-69.37173769,10796.059,26307.436,475.83,-3684.18,0.8439,0.4572,0.1832,1,1,0.1777
1423,48777.50,10497.50,-357.190,611960.562,32.26655750,-69.37145560,10687.310,26298.938,476.38,-3684.39,0.8334,0.3824,0.0300,1,1,0.0112
1424,48777.50,10881.50,-465.475,611969.194,32.25641982,-69.37116849,10579.025,26290.306,477.47,-3684.46,0.8097,0.4244,0.5297,1,1,0.5417
1425,48777.50,11265.50,-574.171,611977.026,32.24624383,-69.37090711,10470.329,26282.474,478.22,-3685.34,0.7778,0.4778,0.2860,1,1,0.2558
1426,48777.50,11649.50,-682.799,611985.105,32.23607445,-69.37063693,10361.701,26274.395,479.10,-3685.97,0.8313,0.4680,0.3657,1,1,0.3252
1427,49161.50,2817.50,1817.219,611889.677,32.47015921,-69.37370824,12861.719,26369.823,471.24,-3685.66,0.7905,0.4751,0.3205,1,1,0.3666
1428,49161.50,3201.50,1710.376,611897.735,32.46015265,-69.37345258,12754.876,26361.765,472.44,-3686.22,0.8054,0.3506,0.3470,1,1,0.2883
1429,49161.50,3585.50,1603.675,611906.366,32.45015962,-69.37317742,12648.175,26353.134,473.86,-3686.20,0.8217,0.2457,0.1773,1,1,0.1304
1430,49161.50,3969.50,1495.953,611915.031,32.44007113,-69.37290061,12540.453,26344.469,474.32,-3686.16,0.8498,0.4934,0.3459,1,1,0.3093
1431,49161.50,4353.50,1389.118,611923.666,32.43006601,-69.37262408,12433.618,26335.834,475.74,-3686.15,0.8443,0.4704,0.2649,1,1,0.2574
1432,49161.50,4737.50,1281.745,611931.760,32.42001088,-69.37236484,12326.245,26327.740,476.68,-3686.69,0.8390,0.4035,0.5839,1,1,0.5520
1433,49161.50,5121.50,1174.638,611941.126,32.40998067,-69.37206296,12219.138,26318.374,477.95,-3685.96,0.8445,0.5077,0.2798,1,1,0.3120
1434,49161.50,5505.50,1066.628,611949.173,32.39986650,-69.37180408,12111.128,26310.327,478.38,-3686.55,0.8572,0.4643,0.3354,1,1,0.3135
1435,49161.50,5889.50,958.811,611958.163,32.38977046,-69.37151342,12003.311,26301.337,479.08,-3686.21,0.8670,0.4258,0.1702,1,1,0.1666
1436,49161.50,6273.50,849.103,611967.721,32.37949763,-69.37120348,11893.603,26291.779,477.95,-3685.30,0.8240,0.5624,0.4124,1,1,0.4235
1437,49161.50,6657.50,740.940,611976.041,32.36936986,-69.37093369,11785.440,26283.459,478.43,-3685.63,0.8721,0.4298,0.2291,1,1,0.2357
1438,49161.50,7041.50,631.816,611984.955,32.35915244,-69.37064369,11676.316,26274.545,478.01,-3685.38,0.8525,0.6676,0.1559,1,1,0.1616
1439,49161.50,7425.50,522.503,611993.341,32.34891752,-69.37037048,11567.003,26266.159,477.47,-3685.66,0.8902,0.5308,0.6171,1,1,0.6192
1440,49161.50,7809.50,413.773,612002.996,32.33873747,-69.37005473,11458.273,26256.504,477.58,-3684.67,0.9001,0.6189,0.2273,1,1,0.2259
1441,49161.50,8193.50,305.133,612011.814,32.32856617,-69.36976599,11349.633,26247.686,477.85,-3684.52,0.8327,0.4842,0.4025,1,1,0.4018
1442,49161.50,8577.50,196.236,612019.907,32.31837114,-69.36950050,11240.736,26239.593,477.93,-3685.11,0.8185,0.3911,0.2227,1,1,0.2222
1443,49161.50,8961.50,87.399,612028.816,32.30818199,-69.36920748,11131.899,26230.684,478.13,-3684.88,0.8063,0.3375,0.1665,1,1,0.1673
1444,49161.50,9345.50,-22.645,612037.842,32.29788013,-69.36890996,11021.855,26221.658,477.20,-3684.54,0.8749,0.5263,0.1484,1,1,0.1504
1445,49161.50,9729.50,-133.270,612046.595,32.28752413,-69.36862075,10911.230,26212.905,475.74,-3684.48,0.8488,0.4422,0.3567,1,1,0.3523
1446,49161.50,10113.50,-243.694,612056.464,32.27718732,-69.36829412,10800.806,26203.036,474.56,-3683.30,0.8330,0.4256,0.3629,1,1,0.3702
1447,49161.50,10497.50,-353.344,612064.463,32.26692318,-69.36802851,10691.156,26195.037,474.22,-3684.00,0.7910,0.5751,0.4311,1,1,0.4152
1448,49161.50,10881.50,-460.447,612072.789,32.25689785,-69.36775153,10584.053,26186.711,476.49,-3684.38,0.8610,0.4598,0.1746,1,1,0.1867
1449,49161.50,11265.50,-568.051,612080.771,32.24682583,-69.36748525,10476.449,26178.729,478.32,-3685.11,0.8560,0.5945,0.2113,1,1,0.2336
1450,49161.50,11649.50,-677.162,612088.976,32.23661295,-69.36721096,10367.338,26170.524,478.72,-3685.62,0.8110,0.3864,0.3062,1,1,0.2858
1451,49545.50,2817.50,1823.044,611993.199,32.47067575,-69.37029295,12867.544,26266.301,471.22,-3685.67,0.8247,0.3774,0.2736,1,2,0.2766
1452,49545.50,3201.50,1716.298,612001.879,32.46067981,-69.37001683,12760.798,26257.621,472.53,-3685.60,0.8410,0.6047,0.3153,1,2,0.2972
1453,49545.50,3585.50,1608.631,612010.037,32.45059810,-69.36975737,12653.131,26249.463,472.98,-3686.06,0.8637,0.5214,0.3836,1,2,0.3956
1454,49545.50,3969.50,1502.203,612018.846,32.44063245,-69.36947573,12546.703,26240.654,474.73,-3685.88,0.8447,0.4147,0.1494,1,2,0.1634
1455,49545.50,4353.50,1394.376,612026.984,32.43053632,-69.36921572,12438.876,26232.516,475.16,-3686.36,0.8386,0.4247,0.5733,1,2,0.5674
1456,49545.50,4737.50,1287.291,612036.249,32.42050960,-69.36891785,12331.791,26223.251,476.39,-3685.73,0.8734,0.3886,0.4039,1,2,0.4366
1457,49545.50,5121.50,1179.577,612044.681,32.41042444,-69.36864688,12224.077,26214.819,477.05,-3685.93,0.8039,0.4161,0.1507,1,2,0.2037
1458,49545.50,5505.50,1072.082,612052.964,32.40036009,-69.36838019,12116.582,26206.536,478.00,-3686.29,0.8512,0.5359,0.4512,1,2,0.5095
1459,49545.50,5889.50,964.146,612062.233,32.39025460,-69.36808039,12008.646,26197.267,478.58,-3685.67,0.8371,0.2971,0.3350,1,2,0.3179
1460,49545.50,6273.50,855.148,612070.930,32.38005015,-69.36779884,11899.648,26188.570,478.16,-3685.62,0.8759,0.4395,0.1213,1,2,0.1634
1461,49545.50,6657.50,745.696,612079.901,32.36980330,-69.36750766,11790.196,26179.599,477.35,-3685.30,0.8509,0.5313,0.1604,1,2,0.1218
1462,49545.50,7041.50,636.860,612088.752,32.35961448,-69.36721978,11681.360,26170.748,477.22,-3685.11,0.8195,0.4682,0.1939,1,2,0.2419
1463,49545.50,7425.50,528.188,612097.216,32.34944137,-69.36694400,11572.688,26162.284,477.32,-3685.31,0.8540,0.4776,0.4948,1,2,0.4666
1464,49545.50,7809.50,420.095,612106.085,32.33932273,-69.36665422,11464.595,26153.415,478.07,-3685.11,0.8369,0.3796,0.2988,1,2,0.3406
1465,49545.50,8193.50,311.362,612115.003,32.32914441,-69.36636220,11355.862,26144.497,478.25,-3684.86,0.8571,0.4201,0.2586,1,2,0.2768
1466,49545.50,8577.50,202.465,612123.991,32.31895103,-69.36606725,11246.965,26135.509,478.33,-3684.55,0.8497,0.5251,0.4502,1,2,0.4392
1467,49545.50,8961.50,92.516,612132.300,32.30865953,-69.36579404,11137.016,26127.200,477.42,-3684.92,0.8041,0.2651,0.2143,1,2,0.2351
1468,49545.50,9345.50,-17.478,612141.362,32.29836409,-69.36549535,11027.022,26118.138,476.53,-3684.55,0.8113,0.3896,0.4533,1,2,0.4460
1469,49545.50,9729.50,-127.627,612150.437,32.28805438,-69.36519559,10916.873,26109.063,475.56,-3684.16,0.8600,0.4311,0.1821,1,2,0.1966
1470,49545.50,10113.50,-238.526,612159.281,32.27767486,-69.36490278,10805.974,26100.219,473.90,-3684.01,0.8863,0.5591,0.4812,1,2,0.5016
1471,49545.50,10497.50,-347.358,612168.300,32.26748907,-69.36460358,10697.142,26091.200,474.37,-3683.69,0.8208,0.5064,0.0174,1,2,0.0276
1472,49545.50,11649.50,-672.034,612192.470,32.23710364,-69.36379742,10372.466,26067.030,478.02,-3685.65,0.7914,0.4015,0.3903,1,2,0.4130
1473,49929.50,2817.50,1828.558,612096.551,32.47116307,-69.36688335,12873.058,26162.949,470.89,-3685.84,0.7981,0.4939,0.4481,1,2,0.4364
1474,49929.50,3201.50,1722.403,612105.157,32.46122422,-69.36660964,12766.903,26154.343,472.78,-3685.85,0.7827,0.3136,0.3545,1,2,0.3666
1475,49929.50,3585.50,1614.705,612113.805,32.45114110,-69.36633408,12659.205,26145.695,473.20,-3685.82,0.8219,0.4394,0.2995,1,2,0.3389
1476,49929.50,3969.50,1507.641,612122.825,32.44111754,-69.36604554,12552.141,26136.675,474.32,-3685.42,0.8282,0.3879,0.4450,1,2,0.4133
1477,49929.50,4353.50,1400.348,612130.909,32.43107309,-69.36578732,12444.848,26128.591,475.28,-3685.96,0.8522,0.5670,0.6455,1,2,0.6948
1478,49929.50,4737.50,1292.243,612139.720,32.42095269,-69.36550454,12336.743,26119.780,475.49,-3685.78,0.8802,0.6803,0.0597,1,2,0.1198
1479,49929.50,5121.50,1185.220,612148.458,32.41093395,-69.36522345,12229.720,26111.042,476.85,-3685.68,0.8363,0.3030,0.2647,1,2,0.2665
1480,49929.50,5505.50,1077.428,612156.855,32.40084341,-69.36495306,12121.928,26102.645,477.50,-3685.92,0.8477,0.3421,0.0352,1,2,0.0516
1481,49929.50,5889.50,969.117,612165.790,32.39070465,-69.36466432,12013.617,26093.710,477.70,-3685.63,0.8590,0.3781,0.1616,1,2,0.1511
1482,49929.50,6273.50,860.624,612173.976,32.38054912,-69.36439965,11905.124,26085.524,477.79,-3686.10,0.8418,0.3733,0.4126,1,2,0.4490
1483,49929.50,6657.50,751.282,612182.880,32.37031440,-69.36411068,11795.782,26076.620,477.09,-3685.84,0.8391,0.4376,0.5354,1,2,0.5463
1484,49929.50,7041.50,642.578,612192.445,32.36013962,-69.36379926,11687.078,26067.055,477.10,-3684.94,0.8509,0.3752,0.1437,1,2,0.1602
1485,49929.50,7425.50,532.975,612200.921,32.34988105,-69.36352317,11577.475,26058.579,476.27,-3685.12,0.8198,0.4549,0.4993,1,2,0.4823
1486,49929.50,7809.50,424.801,612209.278,32.33975649,-69.36325031,11469.301,26050.222,476.94,-3685.43,0.8349,0.4642,0.5833,1,2,0.5796
1487,49929.50,8193.50,317.084,612218.609,32.32967496,-69.36294470,11361.584,26040.891,478.13,-3684.78,0.8301,0.3195,0.3172,1,2,0.3085
1488,49929.50,8577.50,208.520,612227.276,32.31951451,-69.36266033,11253.020,26032.224,478.54,-3684.79,0.8468,0.3616,0.4391,1,2,0.4519
1489,49929.50,8961.50,99.084,612235.931,32.30927268,-69.36237577,11143.584,26023.569,478.15,-3684.81,0.8529,0.4518,0.3221,1,2,0.3476
1490,49929.50,9345.50,-11.210,612245.071,32.29895098,-69.36207456,11033.290,26014.429,476.96,-3684.36,0.7810,0.3724,0.2283,1,2,0.2151
1491,49929.50,9729.50,-121.883,612254.007,32.28859398,-69.36177940,10922.617,26005.493,475.46,-3684.11,0.8322,0.4499,0.1709,1,2,0.1646
1492,49929.50,10113.50,-231.096,612262.873,32.27837393,-69.36148593,10813.404,25996.627,475.49,-3683.94,0.8356,0.4407,0.2090,1,2,0.1933
1493,49929.50,10497.50,-339.424,612270.960,32.26823704,-69.36121751,10705.076,25988.540,476.47,-3684.55,0.8639,0.4790,0.1346,1,2,0.1325
1494,49929.50,11649.50,-666.296,612295.856,32.23765114,-69.36038750,10378.204,25963.644,477.92,-3685.78,0.8469,0.4170,0.4038,1,2,0.4210
1495,50313.50,2817.50,1834.882,612199.591,32.47172619,-69.36348400,12879.382,26059.909,471.20,-3686.39,0.8128,0.3122,0.4015,1,2,0.4209
1496,50313.50,3201.50,1728.385,612208.054,32.46175698,-69.36321508,12772.885,26051.446,472.76,-3686.54,0.8300,0.2480,0.2978,1,2,0.3437
1497,50313.50,3585.50,1620.765,612216.689,32.45168282,-69.36293995,12665.265,26042.811,473.26,-3686.52,0.8541,0.3875,0.4577,1,2,0.4821
1498,50313.50,3969.50,1513.886,612225.949,32.44167825,-69.36264356,12558.386,26033.551,474.57,-3685.88,0.8281,0.2265,0.2942,1,2,0.3000
1499,50313.50,4353.50,1405.911,612234.177,32.43157155,-69.36238064,12450.411,26025.323,474.84,-3686.28,0.8501,0.4183,0.3518,1,2,0.3475
1500,50313.50,4737.50,1298.621,612242.844,32.42152917,-69.36210259,12343.121,26016.656,475.87,-3686.25,0.8693,0.4762,0.4383,1,2,0.5036
1501,50313.50,5121.50,1191.182,612251.868,32.41147312,-69.36181213,12235.682,26007.632,476.81,-3685.86,0.8868,0.5475,0.2883,1,2,0.3156
1502,50313.50,5505.50,1081.814,612261.024,32.40123675,-69.36151683,12126.314,25998.476,475.89,-3685.34,0.8833,0.5875,0.2380,1,2,0.2649
1503,50313.50,5889.50,974.532,612269.007,32.39119605,-69.36125947,12019.032,25990.493,477.12,-3686.00,0.8874,0.4349,0.2107,1,2,0.2548
1504,50313.50,6273.50,865.927,612278.001,32.38103170,-69.36096819,11910.427,25981.499,477.09,-3685.66,0.8666,0.3569,0.0764,1,2,0.1235
1505,50313.50,6657.50,757.063,612286.466,32.37084345,-69.36069375,11801.563,25973.034,476.87,-3685.85,0.8445,0.4980,0.4555,1,2,0.4702
1506,50313.50,7041.50,647.334,612295.715,32.36057452,-69.36039281,11691.834,25963.785,475.85,-3685.26,0.8351,0.6527,0.5852,1,2,0.5619
1507,50313.50,7425.50,539.005,612304.823,32.35043685,-69.36009587,11583.505,25954.677,476.30,-3684.81,0.8437,0.3570,0.0754,1,2,0.1171
1508,50313.50,7809.50,430.249,612313.798,32.34025946,-69.35980267,11474.749,25945.702,476.39,-3684.51,0.8419,0.3749,0.2545,1,2,0.2588
1509,50313.50,8193.50,321.732,612322.498,32.33010484,-69.35951790,11366.232,25937.002,476.78,-3684.48,0.8585,0.4887,0.3247,1,2,0.3074
1510,50313.50,8577.50,212.557,612330.931,32.31988893,-69.35924133,11257.057,25928.569,476.58,-3684.72,0.8391,0.4086,0.1463,1,2,0.1823
1511,50313.50,8961.50,105.182,612339.187,32.30984177,-69.35896990,11149.682,25920.313,478.25,-3685.15,0.8608,0.4821,0.2365,1,2,0.2677
1512,50313.50,9345.50,-4.963,612348.363,32.29953562,-69.35866756,11039.537,25911.137,477.21,-3684.66,0.8420,0.3607,0.2083,1,2,0.2099
1513,50313.50,9729.50,-114.865,612357.208,32.28925259,-69.35837545,10929.635,25902.292,476.48,-3684.50,0.8622,0.5011,0.2185,1,2,0.2290
1514,50313.50,10113.50,-223.512,612365.610,32.27908722,-69.35809734,10820.988,25893.890,477.08,-3684.79,0.8857,0.5134,0.2474,1,2,0.2525
1515,50313.50,10497.50,-332.244,612374.054,32.26891411,-69.35781720,10712.256,25885.446,477.65,-3685.05,0.8790,0.4812,0.2897,1,2,0.2893
1516,50313.50,10881.50,-440.932,612381.897,32.25874542,-69.35755623,10603.568,25877.603,478.34,-3685.91,0.8387,0.4034,0.4134,1,2,0.4209
1517,50313.50,11265.50,-549.991,612390.492,32.24854241,-69.35726983,10494.509,25869.008,478.73,-3686.02,0.8331,0.4745,0.3246,1,2,0.3297
1518,50313.50,11649.50,-658.951,612399.017,32.23834883,-69.35698507,10385.549,25860.483,479.28,-3686.21,0.8308,0.3972,0.2776,1,2,0.2947
1519,50697.50,2817.50,1840.933,612303.053,32.47226334,-69.36007078,12885.433,25956.447,471.27,-3686.48,0.8206,0.4883,0.4205,1,2,0.4393
1520,50697.50,3201.50,1734.418,612311.524,32.46229409,-69.35980162,12778.918,25947.976,472.81,-3686.62,0.8765,0.5382,0.3071,1,2,0.3418
1521,50697.50,3585.50,1626.399,612320.955,32.45218418,-69.35950033,12670.899,25938.545,472.91,-3685.81,0.8409,0.4665,0.2522,1,2,0.2700
1522,50697.50,3969.50,1518.720,612329.851,32.44210649,-69.35921603,12563.220,25929.649,473.42,-3685.54,0.8012,0.3947,0.3097,1,2,0.3072
1523,50697.50,4353.50,1411.143,612338.121,32.43203878,-69.35895173,12455.643,25921.379,474.09,-3685.89,0.8827,0.5162,0.1266,1,2,0.1384
1524,50697.50,4737.50,1302.675,612347.427,32.42188776,-69.35865271,12347.175,25912.073,473.94,-3685.22,0.8065,0.6531,0.4903,1,2,0.5210
1525,50697.50,5121.50,1196.220,612355.426,32.41192561,-69.35839604,12240.720,25904.074,475.87,-3685.85,0.7488,0.2654,0.0949,1,2,0.0348
1526,50697.50,5505.50,1088.242,612364.151,32.40182116,-69.35811492,12132.742,25895.349,476.34,-3685.77,0.8141,0.3116,0.0526,1,2,0.0176
1527,50697.50,5889.50,979.913,612373.096,32.39168407,-69.35782592,12024.413,25886.404,476.52,-3685.47,0.8422,0.4116,0.1773,1,2,0.1991
1528,50697.50,6273.50,871.173,612381.470,32.38150880,-69.35755512,11915.673,25878.030,476.36,-3685.75,0.9169,0.7021,0.4099,1,2,0.3821
1529,50697.50,6657.50,762.538,612390.464,32.37134372,-69.35726324,11807.038,25869.036,476.37,-3685.40,0.8462,0.3976,0.1541,1,2,0.1615
1530,50697.50,7041.50,654.190,612399.795,32.36120562,-69.35695961,11698.690,25859.705,476.73,-3684.73,0.8308,0.4048,0.4525,1,2,0.4608
1531,50697.50,7425.50,545.076,612408.252,32.35099630,-69.35668419,11589.576,25851.248,476.40,-3684.94,0.8532,0.4384,0.0398,1,2,0.0775
1532,50697.50,7809.50,435.389,612416.699,32.34073363,-69.35640846,11479.889,25842.801,475.55,-3685.16,0.8071,0.3781,0.5193,1,2,0.5263
1533,50697.50,8193.50,327.348,612425.489,32.33062521,-69.35612074,11371.848,25834.011,476.42,-3685.04,0.8554,0.4789,0.2374,1,2,0.2304
1534,50697.50,8577.50,219.195,612434.610,32.32050658,-69.35582151,11263.695,25824.890,477.24,-3684.60,0.8875,0.6290,0.3837,1,2,0.3732
1535,50697.50,8961.50,110.528,612443.263,32.31034016,-69.35553704,11155.028,25816.237,477.62,-3684.62,0.8205,0.5305,0.4553,1,2,0.4571
1536,50697.50,9345.50,1.332,612451.549,32.30012458,-69.35526407,11045.832,25807.951,477.53,-3685.02,0.8186,0.2790,0.1036,1,2,0.1272
1537,50697.50,9729.50,-107.876,612460.550,32.28990814,-69.35496689,10936.624,25798.950,477.50,-3684.71,0.8359,0.4087,0.3692,1,2,0.3721
1538,50697.50,10113.50,-216.468,612468.938,32.27974971,-69.35468927,10828.032,25790.562,478.15,-3685.02,0.8513,0.4683,0.3208,1,2,0.3226
1539,50697.50,10497.50,-326.668,612477.360,32.26944095,-69.35440987,10717.832,25782.140,477.26,-3685.30,0.8481,0.5563,0.4531,1,2,0.4557
1540,50697.50,10881.50,-434.724,612485.891,32.25933322,-69.35412627,10609.776,25773.609,478.58,-3685.47,0.8335,0.4001,0.1468,1,2,0.1394
1541,50697.50,11265.50,-543.304,612494.067,32.24917665,-69.35385373,10501.196,25765.433,479.44,-3686.00,0.8911,0.5613,0.1318,1,2,0.1333
1542,50697.50,11649.50,-652.558,612502.780,32.23895737,-69.35356282,10391.942,25756.720,479.70,-3686.00,0.8271,0.5055,0.1807,1,2,0.1758
1543,51081.50,2817.50,1847.598,612406.754,32.47285776,-69.35664965,12892.098,25852.746,472.00,-3686.31,0.8347,0.5026,0.2662,1,2,0.2184
1544,51081.50,3201.50,1740.954,612415.233,32.46287813,-69.35638029,12785.454,25844.267,473.41,-3686.44,0.8185,0.3481,0.1037,1,2,0.0424
1545,51081.50,3585.50,1632.687,612423.789,32.45274696,-69.35610792,12677.187,25835.711,473.27,-3686.50,0.8464,0.5802,0.3432,1,2,0.3938
1546,51081.50,3969.50,1524.343,612433.546,32.44260851,-69.35579533,12568.843,25825.954,473.11,-3685.37,0.8543,0.4966,0.3686,1,2,0.3159
1547,51081.50,4353.50,1416.871,612441.858,32.43255233,-69.35552966,12461.371,25817.642,473.89,-3685.68,0.8423,0.5258,0.0568,1,2,0.0894
1548,51081.50,4737.50,1308.278,612451.281,32.42239127,-69.35522684,12352.778,25808.219,473.61,-3684.89,0.7787,0.6546,1.5539,0,2,1.5681
1549,51081.50,5121.50,1200.465,612459.004,32.41230381,-69.35497938,12244.965,25800.496,474.18,-3685.80,0.7997,0.5646,0.4320,1,2,0.4617
1550,51081.50,5505.50,1093.114,612467.945,32.40225965,-69.35469111,12137.614,25791.555,475.28,-3685.50,0.8534,0.5811,0.3616,1,2,0.2975
1551,51081.50,5889.50,984.969,612476.606,32.39214146,-69.35441150,12029.469,25782.894,475.64,-3685.48,0.8623,0.4936,0.0880,1,2,0.1201
1552,51081.50,6273.50,877.086,612484.931,32.38204819,-69.35414231,11921.586,25774.569,476.34,-3685.81,0.8588,0.6333,0.3467,1,2,0.3465
1553,51081.50,6657.50,768.467,612494.027,32.37188620,-69.35384711,11812.967,25765.473,476.37,-3685.37,0.8346,0.2426,0.0929,1,2,0.0894
1554,51081.50,7041.50,659.510,612502.994,32.36169296,-69.35355554,11704.010,25756.506,476.12,-3685.06,0.8720,0.5363,0.1896,1,2,0.2496
1555,51081.50,7425.50,551.134,612511.565,32.35155436,-69.35327635,11595.634,25747.935,476.52,-3685.15,0.8408,0.4542,0.0763,1,2,0.0867
1556,51081.50,7809.50,441.657,612520.358,32.34131300,-69.35298926,11486.157,25739.142,475.89,-3685.02,0.7985,0.4822,0.3050,1,2,0.3530
1557,51081.50,8193.50,333.254,612528.934,32.33117244,-69.35270865,11377.754,25730.566,476.40,-3685.12,0.8799,0.6253,0.4601,1,2,0.5068
1558,51081.50,8577.50,224.574,612538.004,32.32100623,-69.35241114,11269.074,25721.496,476.69,-3684.73,0.8511,0.4935,0.2609,1,2,0.2169
1559,51081.50,8961.50,116.113,612546.388,32.31086082,-69.35213559,11160.613,25713.112,477.28,-3685.02,0.8430,0.3589,0.2335,1,2,0.2672
1560,51081.50,9345.50,7.918,612555.208,32.30074059,-69.35184503,11052.418,25704.292,478.19,-3684.89,0.8363,0.3284,0.4232,1,2,0.4240
1561,51081.50,9729.50,-101.654,612563.299,32.29049186,-69.35157791,10942.846,25696.201,477.79,-3685.49,0.8617,0.4480,0.2703,1,2,0.2662
1562,51081.50,10113.50,-210.421,612571.802,32.28031865,-69.35129652,10834.079,25687.698,478.27,-3685.68,0.8691,0.5369,0.3075,1,2,0.2987
1563,51081.50,10497.50,-319.220,612580.274,32.27014279,-69.35101553,10725.280,25679.226,478.78,-3685.91,0.8502,0.4200,0.2676,1,2,0.2648
1564,51081.50,10881.50,-427.670,612589.128,32.25999984,-69.35072131,10616.830,25670.372,479.71,-3685.76,0.8051,0.4275,0.2515,1,2,0.2485
1565,51081.50,11265.50,-536.223,612597.318,32.24984745,-69.35044838,10508.277,25662.182,480.60,-3686.28,0.8573,0.4506,0.1966,1,2,0.1955
1566,51081.50,11649.50,-645.373,612605.925,32.23963962,-69.35016101,10399.127,25653.575,480.96,-3686.38,0.8432,0.5187,0.2736,1,2,0.2700
1567,51465.50,2817.50,1853.661,612510.148,32.47339573,-69.35323875,12898.161,25749.352,472.18,-3686.41,0.8883,0.4953,0.3628,1,3,0.3623
1568,51465.50,3201.50,1745.732,612519.875,32.46329724,-69.35292840,12790.232,25739.625,472.31,-3685.30,0.8152,0.6357,0.7503,1,3,0.7499
1569,51465.50,3585.50,1639.334,612527.247,32.45334284,-69.35269494,12683.834,25732.253,474.03,-3686.54,0.8010,0.4393,0.3082,1,3,0.3134
1570,51465.50,3969.50,1531.645,612535.940,32.44326766,-69.35241742,12576.145,25723.560,474.53,-3686.47,0.8191,0.3606,0.3231,1,3,0.3373
1571,51465.50,4353.50,1423.663,612544.769,32.43316530,-69.35213480,12468.163,25714.731,474.80,-3686.27,0.8306,0.4628,0.4064,1,3,0.4287
1572,51465.50,4737.50,1316.185,612553.644,32.42311039,-69.35185000,12360.685,25705.856,475.63,-3686.03,0.8509,0.4174,0.0747,1,3,0.1054
1573,51465.50,5121.50,1207.987,612562.508,32.41298844,-69.35156497,12252.487,25696.992,475.82,-3685.80,0.7834,0.1593,0.1207,1,3,0.1531
1574,51465.50,5505.50,1099.807,612571.340,32.40286837,-69.35128038,12144.307,25688.160,476.09,-3685.60,0.8883,0.5377,0.1532,1,3,0.1775
1575,51465.50,5889.50,990.992,612579.983,32.39268931,-69.35100143,12035.492,25679.517,475.79,-3685.61,0.8281,0.2862,0.3542,1,3,0.3961
1576,51465.50,6273.50,883.008,612588.491,32.38258823,-69.35072628,11927.508,25671.009,476.38,-3685.75,0.8411,0.3545,0.2478,1,3,0.2677
1577,51465.50,6657.50,774.330,612597.554,32.37242248,-69.35043219,11818.830,25661.946,476.35,-3685.34,0.8384,0.2773,0.1785,1,3,0.2351
1578,51465.50,7041.50,665.366,612605.934,32.36223026,-69.35016001,11709.866,25653.566,476.10,-3685.61,0.8362,0.3334,0.5636,1,3,0.6009
1579,51465.50,7425.50,557.041,612615.291,32.35209813,-69.34985495,11601.541,25644.209,476.55,-3684.92,0.7875,0.4181,0.1895,1,3,0.2254
1580,51465.50,7809.50,448.182,612624.135,32.34191625,-69.34956619,11492.682,25635.365,476.54,-3684.74,0.8697,0.6292,0.2282,1,3,0.2432
1581,51465.50,8193.50,339.531,612633.026,32.33175426,-69.34927524,11384.031,25626.474,476.80,-3684.52,0.8323,0.5218,0.4500,1,3,0.4645
1582,51465.50,8577.50,231.271,612641.370,32.32162902,-69.34900169,11275.771,25618.130,477.51,-3684.86,0.8625,0.5383,0.3252,1,3,0.3058
1583,51465.50,8961.50,122.945,612649.741,32.31149796,-69.34872664,11167.445,25609.759,478.23,-3685.17,0.8516,0.4353,0.3652,1,3,0.3299
1584,51465.50,9345.50,14.066,612658.602,32.30131543,-69.34843477,11058.566,25600.898,478.46,-3684.99,0.8640,0.6183,0.5768,1,3,0.5489
1585,51465.50,9729.50,-95.040,612666.904,32.29111194,-69.34816070,10949.460,25592.596,478.53,-3685.38,0.8626,0.5028,0.1109,1,3,0.1152
1586,51465.50,10113.50,-204.232,612675.056,32.28090072,-69.34789096,10840.268,25584.444,478.59,-3685.92,0.8108,0.3318,0.3395,1,3,0.3377
1587,51465.50,10497.50,-313.501,612683.895,32.27068259,-69.34759790,10730.999,25575.605,478.63,-3685.78,0.9073,0.6464,0.1707,1,3,0.1775
1588,51465.50,10881.50,-420.925,612691.882,32.26063729,-69.34733235,10623.575,25567.618,480.58,-3686.50,0.8857,0.6314,0.1535,1,3,0.1521
1589,51465.50,11265.50,-529.539,612700.399,32.25048097,-69.34704864,10514.961,25559.101,481.41,-3686.69,0.8685,0.4911,0.0508,1,3,0.0538
1590,51465.50,11649.50,-638.855,612708.426,32.24025925,-69.34678045,10405.645,25551.074,481.61,-3687.38,0.8191,0.4403,0.4027,1,3,0.3896
1591,51849.50,2817.50,1860.141,612613.013,32.47397265,-69.34984529,12904.641,25646.487,472.85,-3687.05,0.8161,0.3906,0.2841,1,3,0.2744
1592,51849.50,3201.50,1752.679,612622.351,32.46391961,-69.34954775,12797.179,25637.149,473.44,-3686.32,0.8039,0.4938,0.2241,1,3,0.2325
1593,51849.50,3585.50,1645.998,612630.753,32.45394017,-69.34928038,12690.498,25628.747,474.88,-3686.54,0.8429,0.3483,0.1873,1,3,0.1991
1594,51849.50,3969.50,1538.082,612639.044,32.44384557,-69.34901618,12582.582,25620.456,475.15,-3686.87,0.8430,0.3427,0.2995,1,3,0.2924
1595,51849.50,4353.50,1430.205,612648.443,32.43375463,-69.34871479,12474.705,25611.057,475.53,-3686.09,0.8777,0.7610,0.2717,1,3,0.2695
1596,51849.50,4737.50,1321.969,612657.150,32.42363055,-69.34843563,12366.469,25602.350,475.61,-3686.02,0.8385,0.2784,0.1613,1,3,0.1391
1597,51849.50,5121.50,1214.015,612665.877,32.41353309,-69.34815515,12258.515,25593.623,476.04,-3685.93,0.8458,0.3116,0.1731,1,3,0.1417
1598,51849.50,5505.50,1105.634,612674.883,32.40339595,-69.34786488,12150.134,25584.617,476.11,-3685.56,0.8441,0.4137,0.2690,1,3,0.3000
1599,51849.50,5889.50,996.884,612683.368,32.39322469,-69.34759118,12041.384,25576.132,475.87,-3685.72,0.8503,0.4731,0.2131,1,3,0.2477
1600,51849.50,6273.50,888.675,612692.180,32.38310420,-69.34730601,11933.175,25567.320,476.24,-3685.56,0.8605,0.2955,0.1862,1,3,0.2400
1601,51849.50,6657.50,780.192,612701.030,32.37295841,-69.34701900,11824.692,25558.470,476.41,-3685.36,0.8453,0.4135,0.3345,1,3,0.3942
1602,51849.50,7041.50,671.293,612709.426,32.36277399,-69.34674633,11715.793,25550.074,476.22,-3685.62,0.8290,0.3785,0.5562,1,3,0.6034
1603,51849.50,7425.50,562.665,612718.351,32.35261526,-69.34645558,11607.165,25541.149,476.37,-3685.36,0.8356,0.5537,0.2508,1,3,0.2804
1604,51849.50,7809.50,454.448,612726.663,32.34249520,-69.34618438,11498.948,25532.837,477.00,-3685.72,0.8607,0.5071,0.4959,1,3,0.5254
1605,51849.50,8193.50,345.158,612735.913,32.33227509,-69.34588164,11389.658,25523.587,476.62,-3685.14,0.8414,0.4085,0.1359,1,3,0.1710
1606,51849.50,8577.50,237.468,612743.947,32.32220491,-69.34561834,11281.968,25515.553,477.91,-3685.78,0.8354,0.4339,0.3493,1,3,0.3548
1607,51849.50,8961.50,128.814,612752.711,32.31204482,-69.34533036,11173.314,25506.789,478.30,-3685.70,0.8196,0.4400,0.2098,1,3,0.2344
1608,51849.50,9345.50,20.298,612761.058,32.30189799,-69.34505547,11064.798,25498.442,478.89,-3686.04,0.8649,0.4607,0.3233,1,3,0.3295
1609,51849.50,9729.50,-88.431,612769.831,32.29173145,-69.34476592,10956.069,25489.669,479.34,-3685.95,0.7670,0.5640,0.2833,1,3,0.3070
1610,51849.50,10113.50,-197.452,612778.523,32.28153793,-69.34447839,10847.048,25480.977,479.56,-3685.96,0.8353,0.3228,0.2569,1,3,0.2386
1611,51849.50,10497.50,-306.646,612787.306,32.27132851,-69.34418725,10737.854,25472.194,479.68,-3685.87,0.8228,0.3652,0.1286,1,3,0.1293
1612,51849.50,10881.50,-414.066,612795.206,32.26128519,-69.34392459,10630.434,25464.294,481.64,-3686.68,0.8679,0.5699,0.1914,1,3,0.1955
1613,51849.50,11265.50,-523.292,612803.670,32.25107339,-69.34364268,10521.208,25455.830,481.86,-3686.92,0.8537,0.6296,0.1864,1,3,0.1587
1614,51849.50,11649.50,-632.135,612811.961,32.24089761,-69.34336584,10412.365,25447.539,482.53,-3687.35,0.8439,0.3971,0.1709,1,3,0.1383
1615,52233.50,2817.50,1866.950,612716.379,32.47457998,-69.34643533,12911.450,25543.121,473.74,-3687.21,0.8384,0.3298,0.1261,1,3,0.1342
1616,52233.50,3201.50,1758.053,612725.396,32.46439461,-69.34614854,12802.553,25534.104,472.90,-3686.81,0.8734,0.6878,0.3380,1,3,0.3337
1617,52233.50,3585.50,1652.358,612733.765,32.45450908,-69.34588222,12696.858,25525.735,475.32,-3687.06,0.8518,0.3445,0.0423,1,3,0.0572
1618,52233.50,4737.50,1328.209,612760.226,32.42419315,-69.34503545,12372.709,25499.274,475.93,-3686.48,0.7852,0.3368,0.2899,1,3,0.2536
1619,52233.50,5121.50,1219.715,612769.421,32.41404690,-69.34473963,12264.215,25490.079,475.82,-3685.92,0.7708,0.1978,0.2852,1,3,0.2597
1620,52233.50,5505.50,1111.435,612778.352,32.40392092,-69.34445186,12155.935,25481.148,475.99,-3685.63,0.7828,0.1988,0.3186,1,3,0.3392
1621,52233.50,5889.50,1002.877,612786.782,32.39376924,-69.34417997,12047.377,25472.718,475.95,-3685.84,0.8307,0.3585,0.1269,1,3,0.1687
1622,52233.50,6273.50,894.574,612795.518,32.38364176,-69.34389739,11939.074,25463.982,476.23,-3685.76,0.8509,0.4606,0.1119,1,3,0.1579
1623,52233.50,6657.50,786.490,612804.643,32.37353490,-69.34360130,11830.990,25454.857,476.79,-3685.28,0.8693,0.4316,0.3988,1,3,0.3720
1624,52233.50,7041.50,676.990,612813.502,32.36329604,-69.34331342,11721.490,25445.998,476.01,-3685.08,0.8380,0.4902,0.3700,1,3,0.3121
1625,52233.50,7425.50,569.775,612821.939,32.35327108,-69.34303876,11614.275,25437.561,477.57,-3685.31,0.7644,0.1635,0.3895,1,3,0.3603
1626,52233.50,7809.50,461.327,612830.620,32.34313119,-69.34275543,11505.827,25428.880,477.97,-3685.29,0.7956,0.6188,0.4091,1,3,0.4301
1627,52233.50,8193.50,352.615,612838.930,32.33296679,-69.34248375,11397.115,25420.570,478.17,-3685.66,0.8598,0.4018,0.2380,1,3,0.2856
1628,52233.50,8577.50,244.158,612847.518,32.32282663,-69.34220221,11288.658,25411.982,478.69,-3685.74,0.8247,0.3280,0.0811,1,3,0.0917
1629,52233.50,8961.50,135.422,612856.267,32.31266060,-69.34191476,11179.922,25403.233,479.00,-3685.68,0.8516,0.5112,0.2143,1,3,0.2326
1630,52233.50,9345.50,27.124,612865.027,32.30253580,-69.34162634,11071.624,25394.473,479.81,-3685.60,0.8407,0.4115,0.6013,1,3,0.5779
1631,52233.50,9729.50,-81.711,612873.060,32.29236103,-69.34136122,10962.789,25386.440,480.15,-3686.26,0.8596,0.4234,0.1589,1,3,0.1281
1632,52233.50,10113.50,-190.335,612881.555,32.28220634,-69.34108025,10854.165,25377.945,480.77,-3686.46,0.8855,0.4344,0.2556,1,3,0.2312
1633,52233.50,10497.50,-299.554,612889.920,32.27199635,-69.34080291,10744.946,25369.580,480.87,-3686.80,0.8446,0.3896,0.2475,1,3,0.2585
1634,52233.50,10881.50,-408.424,612898.403,32.26181921,-69.34052105,10636.076,25361.097,481.37,-3687.02,0.8405,0.4824,0.1914,1,3,0.1898
1635,52233.50,11265.50,-516.373,612906.818,32.25172844,-69.34024082,10528.127,25352.682,482.87,-3687.31,0.8556,0.3935,0.1281,1,3,0.1397
1636,52233.50,11649.50,-625.754,612915.592,32.24150412,-69.33994807,10418.746,25343.908,483.00,-3687.25,0.8428,0.3995,0.3070,1,3,0.3147
1637,52617.50,2817.50,1873.894,612819.609,32.47519978,-69.34302986,12918.394,25439.891,474.61,-3687.61,0.7677,0.2314,0.2096,1,3,0.2190
1638,52617.50,3201.50,1766.699,612828.732,32.46517517,-69.34273944,12811.199,25430.768,475.47,-3687.10,0.8243,0.4848,0.4759,1,3,0.4858
1639,52617.50,3585.50,1659.289,612837.190,32.45513099,-69.34247039,12703.789,25422.310,476.18,-3687.25,0.8121,0.2178,0.3619,1,3,0.3656
1640,52617.50,4737.50,1334.989,612863.209,32.42480614,-69.34163834,12379.489,25396.291,476.64,-3687.11,0.8391,0.4907,0.3633,1,3,0.3350
1641,52617.50,5121.50,1226.869,612872.609,32.41469643,-69.34133577,12271.369,25386.891,476.90,-3686.35,0.8236,0.3932,0.3599,1,3,0.3439
1642,52617.50,5505.50,1118.339,612881.025,32.40454891,-69.34106503,12162.839,25378.475,476.82,-3686.57,0.7666,0.2152,0.2621,1,3,0.2223
1643,52617.50,5889.50,1009.616,612890.261,32.39438341,-69.34076664,12054.116,25369.239,476.62,-3685.98,0.8225,0.1861,0.1552,1,3,0.1786
1644,52617.50,6273.50,900.949,612898.695,32.38422360,-69.34049406,11945.449,25360.805,476.53,-3686.20,0.7968,0.2277,0.2455,1,3,0.2678
1645,52617.50,6657.50,792.164,612907.823,32.37405296,-69.34019795,11836.664,25351.677,476.39,-3685.72,0.8409,0.3534,0.3123,1,3,0.3661
1646,52617.50,7041.50,684.052,612916.180,32.36394553,-69.33992662,11728.552,25343.320,477.00,-3686.03,0.8146,0.2108,0.3122,1,3,0.3567
1647,52617.50,7425.50,575.747,612924.798,32.35382037,-69.33964605,11620.247,25334.702,477.47,-3686.07,0.7938,0.3260,0.2424,1,3,0.2725
1648,52617.50,7809.50,467.376,612933.404,32.34368938,-69.33936526,11511.876,25326.096,477.95,-3686.13,0.8422,0.2495,0.2675,1,3,0.3032
1649,52617.50,8193.50,358.909,612942.069,32.33354963,-69.33908188,11403.409,25317.431,478.39,-3686.14,0.8320,0.4644,0.2032,1,3,0.2398
1650,52617.50,8577.50,250.656,612950.503,32.32343016,-69.33880547,11295.156,25308.997,479.12,-3686.38,0.8258,0.3287,0.2411,1,3,0.2224
1651,52617.50,8961.50,141.426,612959.623,32.31321961,-69.33850582,11185.926,25299.877,478.93,-3685.94,0.8338,0.4865,0.1808,1,3,0.2205
1652,52617.50,9345.50,33.250,612967.745,32.30310792,-69.33823847,11077.750,25291.755,479.87,-3686.51,0.8616,0.4485,0.1581,1,3,0.1785
1653,52617.50,10113.50,-183.351,612984.896,32.28286215,-69.33767192,10861.149,25274.604,481.69,-3686.74,0.8530,0.3433,0.3468,1,3,0.3298
1654,52617.50,10497.50,-292.421,612993.141,32.27266778,-69.33739858,10752.079,25266.359,481.93,-3687.20,0.8696,0.4581,0.1559,1,3,0.1682
1655,52617.50,10881.50,-400.214,613001.284,32.26259292,-69.33712799,10644.286,25258.216,483.52,-3687.76,0.8610,0.5507,0.0352,1,3,0.0336
1656,52617.50,11265.50,-509.177,613009.880,32.25240910,-69.33684184,10535.323,25249.620,484.00,-3687.87,0.8953,0.5501,0.1901,1,3,0.2029
1657,52617.50,11649.50,-618.322,613018.600,32.24220857,-69.33655091,10426.178,25240.900,484.37,-3687.86,0.8479,0.4098,0.3089,1,3,0.3183
1658,53001.50,2817.50,1880.064,612922.502,32.47574712,-69.33963559,12924.564,25336.998,474.84,-3688.27,0.8479,0.6433,0.4507,1,3,0.4466
1659,53001.50,3201.50,1773.435,612931.114,32.46577728,-69.33936204,12817.935,25328.386,476.27,-3688.27,0.8230,0.3373,0.3691,1,3,0.3621
1660,53001.50,3585.50,1665.508,612939.975,32.45568628,-69.33907976,12710.008,25319.525,476.46,-3688.03,0.8071,0.2931,0.3361,1,3,0.3292
1661,53001.50,3969.50,1557.817,612948.469,32.44561773,-69.33880895,12602.317,25311.031,476.96,-3688.16,0.8463,0.4271,0.6021,1,3,0.5997
1662,53001.50,4353.50,1451.220,612957.578,32.43565152,-69.33851715,12495.720,25301.922,478.62,-3687.67,0.7992,0.3521,0.1102,1,3,0.1268
1663,53001.50,4737.50,1343.063,612966.390,32.42553991,-69.33823466,12387.563,25293.110,478.78,-3687.49,0.7655,0.3247,0.1055,1,3,0.1293
1664,53001.50,5121.50,1234.093,612975.200,32.41535251,-69.33795164,12278.593,25284.300,478.19,-3687.32,0.8319,0.2897,0.2431,1,3,0.2640
1665,53001.50,5505.50,1124.765,612984.412,32.40513188,-69.33765475,12169.265,25275.088,477.32,-3686.75,0.8144,0.4780,0.3373,1,3,0.3754
1666,53001.50,5889.50,1016.755,612993.568,32.39503477,-69.33735899,12061.255,25265.932,477.82,-3686.24,0.8111,0.2639,0.2932,1,3,0.3093
1667,53001.50,6273.50,907.246,613002.671,32.38479789,-69.33706442,11951.746,25256.829,476.90,-3685.78,0.8387,0.5482,0.5016,1,3,0.5418
1668,53001.50,6657.50,798.786,613010.722,32.37465944,-69.33680385,11843.286,25248.778,477.08,-3686.38,0.7556,0.1649,0.4179,1,3,0.4409
1669,53001.50,7041.50,691.011,613019.712,32.36458519,-69.33651167,11735.511,25239.788,478.02,-3686.05,0.8048,0.1901,0.1528,1,3,0.1986
1670,53001.50,7425.50,582.766,613028.258,32.35446730,-69.33623354,11627.266,25231.242,478.56,-3686.17,0.8280,0.2704,0.1022,1,3,0.1505
1671,53001.50,7809.50,474.317,613036.829,32.34433071,-69.33595393,11518.817,25222.671,478.96,-3686.26,0.8180,0.2486,0.1273,1,3,0.1743
1672,53001.50,8193.50,366.180,613045.213,32.33422348,-69.33567986,11410.680,25214.287,479.73,-3686.55,0.8132,0.2141,0.1728,1,3,0.1465
1673,53001.50,8577.50,257.522,613053.963,32.32406792,-69.33539308,11302.022,25205.537,480.05,-3686.48,0.8321,0.2671,0.1178,1,3,0.0750
1674,53001.50,8961.50,148.955,613062.671,32.31392109,-69.33510706,11193.455,25196.829,480.53,-3686.45,0.7994,0.5175,0.1304,1,3,0.1099
1675,53001.50,9345.50,40.734,613071.457,32.30380691,-69.33481784,11085.234,25188.043,481.42,-3686.35,0.7988,0.3354,0.4468,1,3,0.4446
1676,53001.50,9729.50,-67.698,613079.213,32.29367322,-69.33456197,10976.802,25180.287,482.17,-3687.29,0.8677,0.4616,0.2753,1,3,0.2955
1677,53001.50,10113.50,-176.395,613088.417,32.28351509,-69.33425770,10868.105,25171.083,482.72,-3686.78,0.8585,0.5423,0.5548,1,3,0.5490
1678,53001.50,10497.50,-285.263,613096.259,32.27334130,-69.33399771,10759.237,25163.241,483.16,-3687.64,0.8805,0.5648,0.1155,1,3,0.1198
1679,53001.50,10881.50,-393.066,613104.092,32.26326720,-69.33373740,10651.434,25155.408,484.74,-3688.51,0.8742,0.5493,0.4638,1,3,0.4571
1680,53001.50,11265.50,-502.374,613112.927,32.25305282,-69.33344337,10542.126,25146.573,484.88,-3688.38,0.7703,0.3034,0.4697,1,3,0.4679
1681,53001.50,11649.50,-611.357,613121.432,32.24286909,-69.33315959,10433.143,25138.068,485.41,-3688.59,0.8062,0.3340,0.2238,1,3,0.2107
1682,53385.50,2817.50,1885.805,613026.126,32.47625404,-69.33621730,12930.305,25233.374,474.77,-3688.17,0.8144,0.4296,0.4248,1,4,0.3345
1683,53385.50,3201.50,1780.118,613034.660,32.46637388,-69.33594628,12824.618,25224.840,477.14,-3688.25,0.7676,0.3501,0.5442,1,4,0.5040
1684,53385.50,3585.50,1673.888,613042.715,32.45644337,-69.33569048,12718.388,25216.785,479.04,-3688.81,0.8241,0.3208,0.2571,1,4,0.1760
1685,53385.50,3969.50,1566.614,613051.754,32.44641533,-69.33540171,12611.114,25207.746,479.95,-3688.39,0.8169,0.2912,0.1545,1,4,0.2126
1686,53385.50,4353.50,1458.840,613060.472,32.43634094,-69.33512296,12503.340,25199.028,480.43,-3688.30,0.7924,0.2141,0.1756,1,4,0.2049
1687,53385.50,4737.50,1350.461,613068.847,32.42621028,-69.33485492,12394.961,25190.653,480.37,-3688.56,0.8024,0.3779,0.4270,1,4,0.3599
1688,53385.50,5121.50,1241.934,613078.589,32.41606583,-69.33454119,12286.434,25180.911,480.23,-3687.45,0.8205,0.3073,0.3153,1,4,0.3722
1689,53385.50,5505.50,1132.935,613087.290,32.40587779,-69.33426116,12177.435,25172.210,479.68,-3687.39,0.7886,0.1957,0.2259,1,4,0.2260
1690,53385.50,5889.50,1023.751,613096.855,32.39567254,-69.33395204,12068.251,25162.645,479.02,-3686.47,0.8194,0.3227,0.4190,1,4,0.4486
1691,53385.50,6273.50,914.242,613105.911,32.38543739,-69.33365906,11958.742,25153.589,478.09,-3686.06,0.7798,0.3339,0.3190,1,4,0.3417
1692,53385.50,6657.50,805.451,613114.318,32.37526964,-69.33338681,11849.951,25145.182,477.95,-3686.31,0.8017,0.2054,0.1300,1,4,0.1475
1693,53385.50,7041.50,697.461,613122.759,32.36517711,-69.33311280,11741.961,25136.741,478.67,-3686.53,0.8227,0.2953,0.1917,1,4,0.1900
1694,53385.50,7425.50,589.628,613131.594,32.35509943,-69.33282513,11634.128,25127.906,479.62,-3686.35,0.8511,0.3287,0.1420,1,4,0.1525
1695,53385.50,7809.50,481.662,613139.886,32.34500965,-69.33255475,11526.162,25119.614,480.50,-3686.73,0.8412,0.3439,0.1841,1,4,0.1752
1696,53385.50,8193.50,373.066,613147.901,32.33486124,-69.33229293,11417.566,25111.599,480.82,-3687.39,0.8390,0.5935,0.7176,1,4,0.7127
1697,53385.50,8577.50,265.224,613157.439,32.32478350,-69.33198019,11309.724,25102.061,481.96,-3686.52,0.7975,0.3417,0.5173,1,4,0.5246
1698,53385.50,8961.50,155.934,613165.257,32.31457084,-69.33172360,11200.434,25094.243,481.71,-3687.39,0.7810,0.3306,0.4370,1,4,0.4336
1699,53385.50,9345.50,47.852,613174.118,32.30447132,-69.33143193,11092.352,25085.382,482.74,-3687.21,0.8233,0.4208,0.1682,1,4,0.1426
1700,53385.50,9729.50,-60.571,613182.405,32.29434021,-69.33115857,10983.929,25077.095,483.50,-3687.62,0.8381,0.3571,0.1342,1,4,0.1640
1701,53385.50,10113.50,-169.451,613191.082,32.28416676,-69.33087173,10875.049,25068.418,483.87,-3687.63,0.8576,0.4249,0.1619,1,4,0.2077
1702,53385.50,10497.50,-277.837,613199.171,32.27403963,-69.33060364,10766.663,25060.329,484.79,-3688.25,0.8480,0.5357,0.3272,1,4,0.3734
1703,53385.50,10881.50,-385.920,613207.208,32.26394107,-69.33033665,10658.580,25052.292,486.09,-3688.91,0.8391,0.4034,0.3320,1,4,0.3252
1704,53385.50,11265.50,-494.111,613215.847,32.25383282,-69.33004915,10550.389,25043.653,487.35,-3688.98,0.8192,0.3257,0.0643,1,4,0.1099
1705,53385.50,11649.50,-604.246,613224.595,32.24354314,-69.32975738,10440.254,25034.905,486.73,-3688.95,0.8364,0.3146,0.0495,1,4,0.0676
1706,53769.50,2817.50,1893.376,613129.677,32.47693177,-69.33280129,12937.876,25129.823,476.42,-3688.18,0.8453,0.4883,0.1996,1,4,0.3164
1707,53769.50,3201.50,1787.765,613137.972,32.46706044,-69.33253818,12832.265,25121.528,478.87,-3688.50,0.7751,0.2340,0.3549,1,4,0.4612
1708,53769.50,3585.50,1681.523,613146.182,32.45713040,-69.33227731,12726.023,25113.318,480.75,-3688.91,0.8169,0.3566,0.3228,1,4,0.4413
1709,53769.50,3969.50,1573.974,613154.124,32.44707860,-69.33202478,12618.474,25105.376,481.39,-3689.59,0.7884,0.2101,0.3970,1,4,0.2915
1710,53769.50,4353.50,1467.061,613163.318,32.43708619,-69.33173030,12511.561,25096.182,482.73,-3689.02,0.8002,0.4059,0.4126,1,4,0.5058
1711,53769.50,4737.50,1357.873,613172.429,32.42688156,-69.33143813,12402.373,25087.071,481.86,-3688.54,0.8251,0.3471,0.1740,1,4,0.2563
1712,53769.50,5121.50,1249.147,613181.546,32.41672031,-69.33114506,12293.647,25077.954,481.52,-3688.06,0.8367,0.3867,0.4694,1,4,0.5152
1713,53769.50,5505.50,1140.130,613190.362,32.40653231,-69.33086127,12184.630,25069.138,480.96,-3687.88,0.7946,0.2084,0.1639,1,4,0.1843
1714,53769.50,5889.50,1029.945,613199.546,32.39623532,-69.33056483,12074.445,25059.954,479.29,-3687.34,0.8268,0.3690,0.1902,1,4,0.1695
1715,53769.50,6273.50,920.566,613208.990,32.38601390,-69.33025907,11965.066,25050.510,478.49,-3686.55,0.8281,0.3306,0.1213,1,4,0.1279
1716,53769.50,6657.50,812.639,613217.441,32.37592859,-69.32998540,11857.139,25042.059,479.22,-3686.75,0.7849,0.2821,0.0778,1,4,0.1124
1717,53769.50,7041.50,704.396,613225.904,32.36581407,-69.32971069,11748.896,25033.596,479.69,-3686.95,0.8243,0.3870,0.3929,1,4,0.3582
1718,53769.50,7425.50,595.952,613234.646,32.35568098,-69.32942616,11640.452,25024.854,480.03,-3686.87,0.8233,0.4174,0.1145,1,4,0.0962
1719,53769.50,7809.50,488.561,613243.156,32.34564662,-69.32914863,11533.061,25016.344,481.48,-3687.02,0.8053,0.3465,0.1346,1,4,0.1352
1720,53769.50,8193.50,380.165,613251.112,32.33551868,-69.32888877,11424.665,25008.388,482.00,-3687.74,0.8211,0.3655,0.4335,1,4,0.4257
1721,53769.50,8577.50,271.805,613259.634,32.32539430,-69.32860961,11316.305,24999.866,482.62,-3687.89,0.8051,0.3897,0.5682,1,4,0.5591
1722,53769.50,8961.50,163.706,613268.557,32.31529458,-69.32831656,11208.206,24990.943,483.57,-3687.65,0.8227,0.3195,0.3608,1,4,0.3665
1723,53769.50,9345.50,55.268,613276.961,32.30516345,-69.32804006,11099.768,24982.539,484.25,-3687.93,0.8211,0.3215,0.1149,1,4,0.1401
1724,53769.50,9729.50,-52.829,613285.687,32.29506445,-69.32775225,10991.671,24973.813,485.33,-3687.90,0.8525,0.4466,0.3412,1,4,0.3709
1725,53769.50,10113.50,-162.332,613293.537,32.28483441,-69.32749273,10882.168,24965.963,485.07,-3688.74,0.8732,0.6516,0.5347,1,4,0.5110
1726,53769.50,10497.50,-270.343,613302.196,32.27474411,-69.32720589,10774.157,24957.304,486.37,-3688.78,0.7961,0.2702,0.1473,1,4,0.0989
1727,53769.50,10881.50,-377.810,613310.344,32.26470482,-69.32693529,10666.690,24949.156,488.29,-3689.34,0.8451,0.6367,0.6841,1,4,0.7929
1728,53769.50,11265.50,-486.838,613318.794,32.25452000,-69.32665407,10557.662,24940.706,488.71,-3689.60,0.8393,0.3214,0.3295,1,4,0.4528
1729,53769.50,11649.50,-597.157,613327.099,32.24421482,-69.32637695,10447.343,24932.401,487.90,-3690.01,0.8511,0.5650,0.5720,1,4,0.5136
1730,54153.50,2817.50,1900.070,613232.702,32.47752750,-69.32940274,12944.570,25026.798,477.10,-3688.77,0.8192,0.5674,0.1305,1,4,0.2239
1731,54153.50,3201.50,1794.380,613240.799,32.46765046,-69.32914621,12838.880,25018.701,479.47,-3689.29,0.8312,0.4254,0.1596,1,4,0.2659
1732,54153.50,3585.50,1688.013,613248.429,32.45771061,-69.32890452,12732.513,25011.071,481.23,-3690.27,0.8158,0.4846,0.5640,1,4,0.4522
1733,54153.50,3969.50,1581.116,613257.177,32.44772113,-69.32862540,12625.616,25002.323,482.52,-3690.15,0.7937,0.3624,0.3287,1,4,0.2277
1734,54153.50,4353.50,1473.433,613266.294,32.43765852,-69.32833355,12517.933,24993.206,483.10,-3689.66,0.8280,0.4754,0.3536,1,4,0.4086
1735,54153.50,4737.50,1364.915,613275.593,32.42751814,-69.32803514,12409.415,24983.907,482.90,-3688.99,0.8395,0.3655,0.3096,1,4,0.4018
1736,54153.50,5121.50,1255.077,613284.608,32.41725472,-69.32774555,12299.577,24974.892,481.45,-3688.61,0.8802,0.6756,0.0591,1,4,0.0651
1737,54153.50,5505.50,1146.177,613293.891,32.40707919,-69.32744643,12190.677,24965.609,481.00,-3687.96,0.8341,0.3686,0.3321,1,4,0.3562
1738,54153.50,5889.50,1035.441,613303.327,32.39673245,-69.32714174,12079.941,24956.173,478.78,-3687.17,0.8143,0.3561,0.1815,1,4,0.2366
1739,54153.50,6273.50,926.734,613312.276,32.38657563,-69.32685230,11971.234,24947.224,478.66,-3686.87,0.8050,0.3314,0.0719,1,4,0.1151
1740,54153.50,6657.50,819.315,613320.984,32.37653944,-69.32657017,11863.815,24938.516,479.89,-3686.82,0.8156,0.4832,0.3980,1,4,0.4351
1741,54153.50,7041.50,711.006,613329.073,32.36642053,-69.32630784,11755.506,24930.427,480.30,-3687.39,0.8524,0.5947,0.4710,1,4,0.4954
1742,54153.50,7425.50,602.826,613337.511,32.35631380,-69.32603336,11647.326,24921.989,480.90,-3687.61,0.7714,0.2838,0.3840,1,4,0.4019
1743,54153.50,7809.50,495.366,613346.066,32.34627463,-69.32575441,11539.866,24913.434,482.29,-3687.73,0.8405,0.3643,0.0770,1,4,0.0836
1744,54153.50,8193.50,387.305,613354.267,32.33617964,-69.32548648,11431.805,24905.233,483.14,-3688.20,0.8551,0.4889,0.4219,1,4,0.4098
1745,54153.50,8577.50,279.075,613363.387,32.32606905,-69.32518763,11323.575,24896.113,483.89,-3687.75,0.8163,0.2770,0.2885,1,4,0.2968
1746,54153.50,8961.50,170.043,613371.656,32.31588389,-69.32491625,11214.543,24887.844,483.91,-3688.17,0.8385,0.2965,0.2083,1,4,0.2134
1747,54153.50,9345.50,62.546,613380.010,32.30584239,-69.32464139,11107.046,24879.490,485.52,-3688.50,0.8547,0.3699,0.3936,1,4,0.4158
1748,54153.50,9729.50,-46.594,613388.342,32.29564775,-69.32436666,10997.906,24871.158,485.56,-3688.86,0.8286,0.5148,0.4009,1,4,0.3578
1749,54153.50,10113.50,-155.431,613397.016,32.28548163,-69.32408000,10889.069,24862.484,485.97,-3688.88,0.8330,0.3553,0.1553,1,4,0.1728
1750,54153.50,10497.50,-263.330,613405.451,32.27540338,-69.32380058,10781.170,24854.049,487.39,-3689.14,0.8291,0.2697,0.1897,1,4,0.2741
1751,54153.50,10881.50,-370.877,613413.561,32.26535830,-69.32353128,10673.623,24845.939,489.22,-3689.74,0.8520,0.3571,0.3763,1,4,0.4942
1752,54153.50,11265.50,-479.914,613422.093,32.25517431,-69.32324740,10564.586,24837.407,489.63,-3689.91,0.8442,0.3712,0.4941,1,4,0.6316
1753,54153.50,11649.50,-589.006,613430.618,32.24498554,-69.32296311,10455.494,24828.882,490.06,-3690.10,0.7883,0.2146,0.3292,1,4,0.4782
1754,54537.50,2817.50,1906.559,613335.986,32.47810378,-69.32599571,12951.059,24923.514,477.59,-3689.06,0.8793,0.5815,0.3645,1,4,0.4890
1755,54537.50,3201.50,1801.102,613344.374,32.46825006,-69.32572958,12845.602,24915.126,480.20,-3689.28,0.7758,0.4578,0.4859,1,4,0.6298
1756,54537.50,3585.50,1694.788,613352.014,32.45831688,-69.32548762,12739.288,24907.486,482.01,-3690.26,0.8191,0.5472,0.1718,1,4,0.0739
1757,54537.50,3969.50,1587.984,613361.089,32.44833771,-69.32519773,12632.484,24898.411,483.39,-3689.81,0.8439,0.5519,0.5594,1,4,0.6909
1758,54537.50,4353.50,1479.855,613370.168,32.43823509,-69.32490723,12524.355,24889.332,483.52,-3689.35,0.8326,0.4433,0.6918,1,4,0.8009
1759,54537.50,4737.50,1370.879,613379.051,32.42805367,-69.32462260,12415.379,24880.449,482.87,-3689.10,0.8751,0.6909,0.3942,1,4,0.4812
1760,54537.50,5121.50,1261.356,613387.583,32.41782154,-69.32434896,12305.856,24871.917,481.73,-3689.20,0.8091,0.3443,0.2992,1,4,0.2297
1761,54537.50,5505.50,1151.167,613397.433,32.40752725,-69.32403125,12195.667,24862.067,479.99,-3687.99,0.8664,0.6309,0.1383,1,4,0.1965
1762,54537.50,5889.50,1040.468,613407.246,32.39718564,-69.32371414,12084.968,24852.254,477.81,-3686.83,0.8150,0.2820,0.2431,1,4,0.2341
1763,54537.50,6273.50,930.855,613416.576,32.38694585,-69.32341225,11975.355,24842.924,476.78,-3686.14,0.7529,0.3761,0.6280,1,4,0.6951
1764,54537.50,6657.50,825.186,613424.371,32.37707491,-69.32316015,11869.686,24835.129,479.77,-3687.00,0.8511,0.4012,0.3249,1,4,0.3488
1765,54537.50,7041.50,718.207,613432.512,32.36708187,-69.32289610,11762.707,24826.988,481.50,-3687.52,0.8582,0.3700,0.3494,1,4,0.3334
1766,54537.50,7425.50,610.131,613440.423,32.35698664,-69.32263906,11654.631,24819.077,482.21,-3688.27,0.7984,0.2681,0.2901,1,4,0.2836
1767,54537.50,7809.50,502.704,613448.950,32.34695228,-69.32236104,11547.204,24810.550,483.63,-3688.41,0.8396,0.4028,0.1311,1,4,0.1050
1768,54537.50,8193.50,394.311,613457.526,32.33682786,-69.32208082,11438.811,24801.974,484.15,-3688.51,0.8092,0.3460,0.1609,1,4,0.1432
1769,54537.50,8577.50,285.553,613466.266,32.32666976,-69.32179455,11330.053,24793.234,484.38,-3688.44,0.8223,0.5291,0.0228,1,4,0.0154
1770,54537.50,8961.50,175.810,613475.284,32.31641986,-69.32149851,11220.310,24784.216,483.68,-3688.11,0.8502,0.5545,0.0547,1,4,0.0559
1771,54537.50,9729.50,-39.413,613491.924,32.29631913,-69.32095051,11005.087,24767.576,486.75,-3688.85,0.8381,0.3550,0.3881,1,4,0.4270
1772,54537.50,10113.50,-148.675,613501.126,32.28611498,-69.32064646,10895.825,24758.374,486.74,-3688.34,0.8284,0.5088,0.7381,1,4,0.7633
1773,54537.50,10497.50,-257.544,613509.024,32.27594788,-69.32038482,10786.956,24750.476,487.18,-3689.14,0.8173,0.2948,0.2091,1,4,0.2659
1774,54537.50,10881.50,-365.493,613517.391,32.26586699,-69.32010705,10679.007,24742.109,488.62,-3689.48,0.8096,0.3678,0.3726,1,4,0.4118
1775,54537.50,11265.50,-474.008,613525.586,32.25573348,-69.31983434,10570.492,24733.914,489.55,-3689.99,0.7902,0.5101,0.2697,1,4,0.3359
1776,54537.50,11649.50,-583.203,613533.752,32.24553667,-69.31956193,10461.297,24725.748,489.87,-3690.54,0.8716,0.4380,0.1860,1,4,0.0047
1777,54921.50,2817.50,1912.942,613439.110,32.47867001,-69.32259398,12957.442,24820.390,477.99,-3689.49,0.7997,0.3457,0.0927,1,4,0.1793
1778,54921.50,3201.50,1807.513,613446.868,32.46882074,-69.32234869,12852.013,24812.632,480.62,-3690.34,0.8361,0.5270,0.3191,1,4,0.1649
1779,54921.50,3585.50,1701.456,613455.622,32.45891290,-69.32206997,12745.956,24803.878,482.69,-3690.21,0.8060,0.4641,0.3558,1,4,0.4031
1780,54921.50,3969.50,1594.704,613464.196,32.44894044,-69.32179665,12639.204,24795.304,484.13,-3690.25,0.8195,0.2194,0.2970,1,4,0.4235
1781,54921.50,4353.50,1485.991,613473.482,32.43878486,-69.32149940,12530.491,24786.018,483.67,-3689.59,0.8351,0.3632,0.5081,1,4,0.6132
1782,54921.50,4737.50,1376.279,613482.306,32.42853646,-69.32121683,12420.779,24777.194,482.28,-3689.40,0.8455,0.4663,0.0926,1,4,0.0959
1783,54921.50,5121.50,1266.989,613491.879,32.41832763,-69.32090887,12311.489,24767.621,481.38,-3688.46,0.8037,0.3488,0.3872,1,4,0.4183
1784,54921.50,5505.50,1156.805,613501.000,32.40803563,-69.32061527,12201.305,24758.500,479.65,-3687.98,0.8349,0.3151,0.0833,1,4,0.1321
1785,54921.50,5889.50,1046.955,613510.263,32.39777510,-69.32031628,12091.455,24749.237,478.32,-3687.36,0.8046,0.3276,0.1056,1,4,0.0810
1786,54921.50,6273.50,937.967,613519.705,32.38759544,-69.32001068,11982.467,24739.795,477.91,-3686.57,0.8414,0.4751,0.4195,1,4,0.4758
1787,54921.50,6657.50,831.010,613528.159,32.37760577,-69.31973695,11875.510,24731.341,479.61,-3686.77,0.8448,0.5097,0.5604,1,4,0.5984
1788,54921.50,7041.50,724.124,613535.580,32.36762316,-69.31949666,11768.624,24723.920,481.44,-3688.01,0.8468,0.3392,0.3524,1,4,0.3999
1789,54921.50,7425.50,616.469,613544.386,32.35756891,-69.31921012,11660.969,24715.114,482.57,-3687.86,0.7793,0.2917,0.5373,1,4,0.5754
1790,54921.50,7809.50,509.295,613552.619,32.34755978,-69.31894186,11553.795,24706.881,484.24,-3688.30,0.7899,0.4427,0.3333,1,4,0.3528
1791,54921.50,8193.50,401.707,613561.335,32.33751235,-69.31865705,11446.207,24698.165,485.57,-3688.25,0.7615,0.3962,0.6462,1,4,0.6578
1792,54921.50,8577.50,292.706,613569.633,32.32733323,-69.31838540,11337.206,24689.867,485.55,-3688.63,0.8422,0.4082,0.1960,1,4,0.2039
1793,54921.50,8961.50,183.754,613578.506,32.31715891,-69.31809417,11228.254,24680.994,485.65,-3688.44,0.8033,0.3228,0.4143,1,4,0.4244
1794,54921.50,9345.50,75.582,613586.591,32.30705777,-69.31782829,11120.082,24672.909,486.59,-3689.04,0.8469,0.5113,0.2948,1,4,0.3166
1795,54921.50,9729.50,-33.299,613594.772,32.29689065,-69.31755861,11011.201,24664.728,486.89,-3689.55,0.8237,0.2835,0.2979,1,4,0.2757
1796,54921.50,10113.50,-142.632,613603.852,32.28668157,-69.31725864,10901.868,24655.648,486.80,-3689.17,0.8158,0.3345,0.1676,1,4,0.1133
1797,54921.50,10497.50,-252.155,613612.478,32.27645512,-69.31697297,10792.345,24647.022,486.60,-3689.24,0.8326,0.6209,0.2023,1,4,0.1278
1798,54921.50,10881.50,-361.189,613621.032,32.26627461,-69.31668908,10683.311,24638.468,486.94,-3689.39,0.8131,0.4009,0.0444,1,4,0.1089
1799,54921.50,11265.50,-468.209,613629.275,32.25628242,-69.31641484,10576.291,24630.225,489.37,-3689.85,0.8120,0.3165,0.3694,1,4,0.4575
1800,54921.50,11649.50,-578.049,613637.233,32.24602710,-69.31614929,10466.451,24622.267,489.05,-3690.61,0.8041,0.4107,0.3781,1,4,0.2921
1801,55305.50,2817.50,1919.562,613542.862,32.47925800,-69.31917159,12964.062,24716.638,478.79,-3689.30,0.8358,0.4729,0.3577,1,4,0.5050
1802,55305.50,3201.50,1814.195,613550.582,32.46941619,-69.31892756,12858.695,24708.918,481.49,-3690.19,0.8651,0.5216,0.1084,1,4,0.2307
1803,55305.50,3585.50,1708.143,613558.514,32.45951066,-69.31867599,12752.643,24700.986,483.56,-3690.88,0.8155,0.2405,0.1721,1,4,0.0823
1804,55305.50,3969.50,1600.702,613567.659,32.44947539,-69.31838395,12645.202,24691.841,484.31,-3690.35,0.8074,0.2976,0.2363,1,4,0.3567
1805,55305.50,4353.50,1491.228,613576.294,32.43925062,-69.31810826,12535.728,24683.206,483.09,-3690.34,0.8491,0.4993,0.4122,1,4,0.3183
1806,55305.50,4737.50,1382.411,613585.662,32.42908744,-69.31780773,12426.911,24673.838,482.60,-3689.61,0.8441,0.4261,0.2346,1,4,0.2088
1807,55305.50,5121.50,1273.125,613595.301,32.41888066,-69.31749763,12317.625,24664.199,481.70,-3688.60,0.7681,0.2340,0.2612,1,4,0.2967
1808,55305.50,5505.50,1162.975,613604.251,32.40859357,-69.31720967,12207.475,24655.249,480.00,-3688.29,0.8653,0.4705,0.2475,1,4,0.2480
1809,55305.50,5889.50,1053.664,613613.374,32.39838514,-69.31691531,12098.164,24646.126,479.21,-3687.81,0.8310,0.2922,0.3376,1,4,0.3845
1810,55305.50,6273.50,945.822,613621.811,32.38831427,-69.31664286,11990.322,24637.689,479.96,-3688.03,0.8471,0.3999,0.5657,1,4,0.6170
1811,55305.50,6657.50,837.605,613630.430,32.37820868,-69.31636378,11882.105,24629.070,480.39,-3688.06,0.8384,0.4947,0.7586,1,4,0.8088
1812,55305.50,7041.50,731.098,613639.022,32.36826292,-69.31608492,11775.598,24620.478,482.60,-3688.13,0.7971,0.3887,0.5161,1,4,0.5610
1813,55305.50,7425.50,624.735,613647.405,32.35833102,-69.31581233,11669.235,24612.095,485.02,-3688.41,0.7957,0.3895,0.4378,1,4,0.4501
1814,55305.50,7809.50,516.149,613655.521,32.34819177,-69.31554798,11560.649,24603.979,485.29,-3688.96,0.8735,0.7065,0.2899,1,4,0.2532
1815,55305.50,8193.50,408.281,613663.697,32.33811985,-69.31528103,11452.781,24595.803,486.33,-3689.45,0.8437,0.3358,0.2749,1,4,0.2695
1816,55305.50,8577.50,299.661,613672.446,32.32797795,-69.31499456,11344.161,24587.054,486.70,-3689.38,0.8367,0.3048,0.2790,1,4,0.2771
1817,55305.50,8961.50,191.167,613681.488,32.31784812,-69.31469780,11235.667,24578.012,487.25,-3689.02,0.8505,0.3894,0.3834,1,4,0.3958
1818,55305.50,9345.50,81.247,613689.901,32.30758543,-69.31442113,11125.747,24569.599,486.45,-3689.29,0.8050,0.3991,0.2352,1,4,0.2382
1819,55305.50,9729.50,-28.701,613698.841,32.29732040,-69.31412644,11015.799,24560.659,485.68,-3689.04,0.8692,0.5571,0.5221,1,4,0.4972
1820,55305.50,10113.50,-138.134,613707.779,32.28710376,-69.31383118,10906.366,24551.721,485.50,-3688.80,0.8233,0.5416,0.0868,1,4,0.0763
1821,55305.50,10497.50,-246.150,613716.349,32.27701977,-69.31354745,10798.350,24543.151,486.80,-3688.93,0.7792,0.3127,0.2352,1,4,0.2524
1822,55305.50,10881.50,-354.952,613724.268,32.26686253,-69.31328455,10689.548,24535.232,487.38,-3689.71,0.8306,0.4710,0.2711,1,4,0.2154
1823,55305.50,11265.50,-462.730,613732.477,32.25680126,-69.31301144,10581.770,24527.023,489.05,-3690.21,0.8156,0.4920,0.0985,1,4,0.1848
1824,55305.50,11649.50,-572.439,613741.633,32.24656008,-69.31270643,10472.061,24517.867,488.86,-3689.77,0.7932,0.3798,0.3226,1,4,0.3753
1825,55689.50,2817.50,1925.765,613645.526,32.47980712,-69.31578513,12970.265,24613.974,479.20,-3690.20,0.7536,0.4015,0.2773,1,0,0.3738
1826,55689.50,3969.50,1606.867,613670.894,32.45002583,-69.31497876,12651.367,24588.606,484.68,-3690.69,0.6344,0.3131,0.0795,1,0,0.0019
1827,55689.50,4353.50,1497.857,613679.815,32.43984609,-69.31469366,12542.357,24579.685,483.93,-3690.39,0.8759,0.5246,0.2489,1,0,0.3048
1828,55689.50,4737.50,1389.079,613689.147,32.42968820,-69.31439433,12433.579,24570.353,483.47,-3689.69,0.8275,0.4808,0.0654,1,0,0.0194
1829,55689.50,5121.50,1279.292,613698.031,32.41943651,-69.31410921,12323.792,24561.469,482.07,-3689.44,0.7791,0.2264,0.3796,1,0,0.4514
1830,55689.50,5505.50,1170.103,613707.384,32.40924075,-69.31380794,12214.603,24552.116,481.34,-3688.73,0.7714,0.2077,0.1989,1,0,0.2682
1831,55689.50,5889.50,1060.818,613716.425,32.39903650,-69.31351633,12105.318,24543.075,480.57,-3688.33,0.8559,0.3797,0.2876,1,0,0.3487
1832,55689.50,6273.50,953.329,613725.307,32.38900019,-69.31322923,11997.829,24534.193,481.67,-3688.10,0.8476,0.3674,0.4009,1,0,0.3716
1833,55689.50,6657.50,845.634,613733.492,32.37894505,-69.31296452,11890.134,24526.008,482.63,-3688.57,0.8499,0.4983,0.4449,1,0,0.4606
1834,55689.50,7041.50,738.450,613741.984,32.36893782,-69.31268900,11782.950,24517.516,484.16,-3688.74,0.8335,0.5281,0.0609,1,0,0.0610
1835,55689.50,7425.50,631.971,613749.942,32.35899674,-69.31243048,11676.471,24509.558,486.47,-3689.44,0.8095,0.5341,0.1798,1,0,0.1757
1836,55689.50,7809.50,524.702,613758.250,32.34898215,-69.31215983,11569.202,24501.250,488.05,-3689.80,0.8176,0.3670,0.1350,1,0,0.1330
1837,55689.50,8193.50,416.451,613766.728,32.33887611,-69.31188297,11460.951,24492.772,488.71,-3689.99,0.8361,0.3767,0.3463,1,0,0.3542
1838,55689.50,8577.50,306.840,613775.487,32.32864341,-69.31159624,11351.340,24484.013,488.09,-3689.91,0.7885,0.2984,0.3886,1,0,0.4207
1839,55689.50,8961.50,196.971,613784.409,32.31838693,-69.31130347,11241.471,24475.091,487.27,-3689.67,0.8532,0.5911,0.2826,1,0,0.3251
1840,55689.50,9345.50,87.174,613793.310,32.30813745,-69.31101076,11131.674,24466.190,486.59,-3689.45,0.8455,0.5170,0.3112,1,0,0.3502
1841,55689.50,9729.50,-23.681,613802.795,32.29778945,-69.31069816,11020.819,24456.705,484.91,-3688.66,0.8923,0.5295,0.1266,1,0,0.1676
1842,55689.50,10113.50,-134.947,613812.030,32.28740351,-69.31039310,10909.553,24447.470,482.90,-3688.12,0.8350,0.5090,0.4041,1,0,0.4297
1843,55689.50,10497.50,-243.492,613820.411,32.27727175,-69.31011560,10801.008,24439.089,483.67,-3688.44,0.7365,0.2278,0.3372,1,0,0.3605
1844,55689.50,10881.50,-350.158,613828.826,32.26731569,-69.30983640,10694.342,24430.674,486.39,-3688.73,0.7657,0.5819,0.4102,1,0,0.3695
1845,55689.50,11265.50,-457.768,613836.724,32.25727177,-69.30957358,10586.732,24422.776,488.23,-3689.54,0.7676,0.2936,0.2807,1,0,0.2508
1846,55689.50,11649.50,-566.821,613845.290,32.24709345,-69.30928808,10477.679,24414.210,488.69,-3689.68,0.8414,0.4703,0.4018,1,0,0.3629
1847,56073.50,2817.50,1932.598,613748.843,32.48041474,-69.31237711,12977.098,24510.657,480.00,-3690.45,0.8404,0.4899,0.2764,1,0,0.3149
1848,56073.50,3969.50,1612.476,613774.604,32.45052412,-69.31155804,12656.976,24484.896,484.26,-3690.54,0.8737,0.6532,0.1980,1,0,0.1265
1849,56073.50,4353.50,1504.238,613782.862,32.44041826,-69.31129475,12548.738,24476.638,484.28,-3690.90,0.8142,0.3363,0.4185,1,0,0.4917
1850,56073.50,4737.50,1394.927,613792.130,32.43021232,-69.31099762,12439.427,24467.370,483.29,-3690.27,0.8160,0.4497,0.4111,1,0,0.4826
1851,56073.50,5121.50,1285.515,613801.877,32.41999717,-69.31068405,12330.015,24457.623,482.27,-3689.16,0.8710,0.5777,0.0695,1,0,0.0694
1852,56073.50,5505.50,1176.762,613810.392,32.40984401,-69.31041042,12221.262,24449.108,481.97,-3689.28,0.7980,0.3002,0.4359,1,0,0.4970
1853,56073.50,5889.50,1068.458,613819.826,32.39973299,-69.31010581,12112.958,24439.674,482.19,-3688.49,0.8452,0.5088,0.2788,1,0,0.2613
1854,56073.50,6273.50,960.816,613827.993,32.38968415,-69.30984235,12005.316,24431.507,483.13,-3688.97,0.7733,0.3339,0.1350,1,0,0.1908
1855,56073.50,6657.50,853.245,613836.880,32.37964221,-69.30955452,11897.745,24422.620,484.21,-3688.74,0.8285,0.4519,0.3084,1,0,0.2502
1856,56073.50,7041.50,746.537,613844.342,32.36968113,-69.30931302,11791.037,24415.158,486.22,-3689.94,0.8185,0.4142,0.3139,1,0,0.3668
1857,56073.50,7425.50,639.941,613853.130,32.35973072,-69.30902717,11684.441,24406.370,488.41,-3689.81,0.8293,0.4473,0.4037,1,0,0.3660
1858,56073.50,7809.50,532.450,613861.555,32.34969709,-69.30875269,11576.950,24397.945,489.77,-3690.05,0.8155,0.3076,0.5909,1,0,0.5647
1859,56073.50,8193.50,423.279,613869.480,32.33950692,-69.30849414,11467.779,24390.020,489.52,-3690.80,0.8173,0.2705,0.4780,1,0,0.5158
1860,56073.50,8577.50,314.556,613878.869,32.32935881,-69.30818666,11359.056,24380.631,489.78,-3690.09,0.8537,0.4428,0.6558,1,0,0.6515
1861,56073.50,8961.50,204.328,613887.290,32.31907051,-69.30791049,11248.828,24372.210,488.60,-3690.35,0.8407,0.4310,0.4168,1,0,0.4539
1862,56073.50,9345.50,93.282,613896.615,32.30870613,-69.30760385,11137.782,24362.885,486.67,-3689.71,0.8075,0.3798,0.4001,1,0,0.4412
1863,56073.50,9729.50,-18.228,613906.603,32.29829875,-69.30727468,11026.272,24352.897,484.34,-3688.41,0.7374,0.2068,0.0857,1,0,0.0893
1864,56073.50,10113.50,-130.453,613916.473,32.28782502,-69.30694874,10914.047,24343.027,481.37,-3687.23,0.8197,0.4187,0.1529,1,0,0.1110
1865,56073.50,10497.50,-240.552,613925.527,32.27754999,-69.30664906,10803.948,24333.973,480.59,-3686.88,0.8065,0.4943,0.3265,1,0,0.3032
1866,56073.50,10881.50,-346.731,613932.567,32.26764106,-69.30641522,10697.769,24326.933,483.79,-3688.54,0.7722,0.4921,0.1721,1,0,0.2105
1867,56073.50,11265.50,-452.520,613940.058,32.25776869,-69.30616589,10591.980,24319.442,487.45,-3689.76,0.8029,0.6030,0.1205,1,0,0.1188
1868,56073.50,11649.50,-561.432,613948.364,32.24760523,-69.30588901,10483.068,24311.136,488.06,-3690.17,0.8451,0.5300,0.1793,1,0,0.1881
1869,56457.50,2817.50,1939.088,613851.936,32.48099021,-69.30897654,12983.588,24407.564,480.41,-3690.89,0.8365,0.4081,0.3821,1,0,0.4550
1870,56457.50,3201.50,1833.148,613860.616,32.47109967,-69.30870103,12877.648,24398.884,482.53,-3690.82,0.8515,0.3366,0.2457,1,0,0.2351
1871,56457.50,3585.50,1726.157,613869.465,32.46111120,-69.30841943,12770.657,24390.035,483.67,-3690.59,0.8130,0.3982,0.3296,1,0,0.2592
1872,56457.50,3969.50,1617.846,613877.813,32.45099994,-69.30815385,12662.346,24381.687,483.55,-3690.86,0.8716,0.5044,0.3145,1,0,0.3858
1873,56457.50,4353.50,1509.968,613886.631,32.44092931,-69.30787211,12554.468,24372.869,483.93,-3690.67,0.8228,0.2693,0.2686,1,0,0.3385
1874,56457.50,4737.50,1402.128,613895.918,32.43086240,-69.30757425,12446.628,24363.582,484.42,-3690.01,0.8399,0.4098,0.2293,1,0,0.1765
1875,56457.50,5121.50,1293.104,613904.727,32.42068534,-69.30729164,12337.604,24354.773,483.78,-3689.84,0.7917,0.2275,0.0868,1,0,0.1435
1876,56457.50,5505.50,1183.846,613913.745,32.41048670,-69.30700153,12228.346,24345.755,482.98,-3689.46,0.8054,0.2483,0.2552,1,0,0.3042
1877,56457.50,5889.50,1074.907,613922.497,32.40031813,-69.30671951,12119.407,24337.003,482.56,-3689.35,0.8117,0.3022,0.6025,1,0,0.6398
1878,56457.50,6273.50,968.142,613930.651,32.39035287,-69.30645645,12012.642,24328.849,484.38,-3689.85,0.7982,0.3214,0.6158,1,0,0.6525
1879,56457.50,6657.50,861.213,613939.652,32.38037246,-69.30616488,11905.713,24319.848,486.11,-3689.50,0.7838,0.3409,0.3671,1,0,0.3259
1880,56457.50,7041.50,754.430,613947.797,32.37040600,-69.30590090,11798.930,24311.703,488.04,-3690.01,0.8511,0.5566,0.2455,1,0,0.2106
1881,56457.50,7425.50,647.445,613955.993,32.36042098,-69.30563462,11691.945,24303.507,489.84,-3690.48,0.8199,0.5508,0.2605,1,0,0.2282
1882,56457.50,7809.50,539.292,613963.748,32.35032733,-69.30538232,11583.792,24295.752,490.54,-3691.39,0.7736,0.1868,0.4733,1,0,0.5169
1883,56457.50,8193.50,430.257,613972.969,32.34015147,-69.30508106,11474.757,24286.531,490.43,-3690.84,0.8113,0.1967,0.1361,1,0,0.1709
1884,56457.50,8577.50,320.648,613981.681,32.32992234,-69.30479598,11365.148,24277.819,489.80,-3690.81,0.7694,0.2309,0.3043,1,0,0.3451
1885,56457.50,8961.50,211.105,613990.383,32.31969967,-69.30451057,11255.605,24269.117,489.31,-3690.79,0.7953,0.2821,0.4815,1,0,0.5216
1886,56457.50,9345.50,100.405,613999.805,32.30936933,-69.30420078,11144.905,24259.695,487.72,-3690.05,0.7597,0.2701,0.3533,1,0,0.3912
1887,56457.50,9729.50,-12.177,614010.146,32.29886370,-69.30386000,11032.323,24249.354,484.33,-3688.40,0.8081,0.4720,0.2751,1,0,0.2773
1888,56457.50,10113.50,-125.142,614019.352,32.28832270,-69.30355597,10919.358,24240.148,480.61,-3687.89,0.7977,0.5137,0.6570,1,0,0.7041
1889,56457.50,10497.50,-234.902,614028.377,32.27808102,-69.30325729,10809.598,24231.123,480.17,-3687.56,0.8581,0.5525,0.4556,1,0,0.4961
1890,56457.50,10881.50,-342.015,614036.928,32.26808656,-69.30297365,10702.485,24222.572,482.44,-3687.72,0.7692,0.4408,0.2724,1,0,0.2552
1891,56457.50,11265.50,-448.828,614044.103,32.25812035,-69.30273474,10595.672,24215.397,485.08,-3689.25,0.8343,0.6190,0.6860,1,0,0.7061
1892,56457.50,11649.50,-557.430,614052.292,32.24798748,-69.30246176,10487.070,24207.208,485.99,-3689.77,0.6498,0.2369,0.3875,1,0,0.4294
1893,56841.50,2817.50,1945.105,613955.454,32.48152117,-69.30556204,12989.605,24304.046,480.57,-3690.80,0.8434,0.3841,0.4065,1,0,0.4569
1894,56841.50,3201.50,1838.393,613964.165,32.47156028,-69.30528562,12882.893,24295.335,481.92,-3690.70,0.8234,0.3146,0.1422,1,0,0.2079
1895,56841.50,3585.50,1731.206,613973.015,32.46155518,-69.30500403,12775.706,24286.485,482.86,-3690.47,0.8702,0.5591,0.0714,1,0,0.0195
1896,56841.50,3969.50,1624.137,613981.146,32.45156166,-69.30474553,12668.637,24278.354,483.99,-3690.96,0.8813,0.6880,0.4215,1,0,0.4732
1897,56841.50,4353.50,1515.869,613990.849,32.44145607,-69.30443469,12560.369,24268.651,483.98,-3689.88,0.9168,0.7765,0.6753,1,0,0.6468
1898,56841.50,4737.50,1407.929,613999.014,32.43138176,-69.30417389,12452.429,24260.486,484.36,-3690.35,0.7961,0.4090,0.4615,1,0,0.4802
1899,56841.50,5121.50,1300.405,614007.809,32.42134636,-69.30389168,12344.905,24251.691,485.23,-3690.19,0.8373,0.3758,0.0267,1,0,0.0756
1900,56841.50,5505.50,1190.254,614016.747,32.41106609,-69.30360428,12234.754,24242.753,483.53,-3689.89,0.8812,0.4886,0.5207,1,0,0.5720
1901,56841.50,5889.50,1081.961,614025.739,32.40095947,-69.30331433,12126.461,24233.761,483.76,-3689.54,0.8440,0.3387,0.4664,1,0,0.4973
1902,56841.50,6273.50,974.982,614034.113,32.39097592,-69.30304408,12019.482,24225.387,485.37,-3689.82,0.8073,0.3916,0.4118,1,0,0.4283
1903,56841.50,6657.50,868.890,614042.431,32.38107530,-69.30277502,11913.390,24217.069,487.93,-3690.15,0.8399,0.3809,0.1626,1,0,0.1263
1904,56841.50,7041.50,761.361,614050.667,32.37104096,-69.30250814,11805.861,24208.833,489.12,-3690.58,0.8076,0.4097,0.2329,1,0,0.2288
1905,56841.50,7425.50,654.114,614059.122,32.36103316,-69.30223336,11698.614,24200.378,490.66,-3690.78,0.7691,0.3363,0.1494,1,0,0.1184
1906,56841.50,7809.50,546.284,614067.095,32.35097121,-69.30197391,11590.784,24192.405,491.68,-3691.48,0.8473,0.3296,0.2994,1,0,0.3357
1907,56841.50,8193.50,436.456,614076.208,32.34072312,-69.30167628,11480.956,24183.292,490.77,-3691.04,0.8548,0.5710,0.3234,1,0,0.3516
1908,56841.50,8577.50,326.672,614085.729,32.33047936,-69.30136454,11371.172,24173.771,489.97,-3690.19,0.8448,0.5694,0.5312,1,0,0.5193
1909,56841.50,8961.50,217.970,614094.350,32.32033692,-69.30108185,11262.470,24165.150,490.32,-3690.25,0.7859,0.4433,0.3715,1,0,0.3585
1910,56841.50,9345.50,106.535,614103.169,32.30993970,-69.30079198,11151.035,24156.331,488.00,-3690.12,0.7762,0.2452,0.3857,1,0,0.4232
1911,56841.50,9729.50,-4.667,614112.949,32.29956461,-69.30046976,11039.833,24146.551,485.99,-3689.03,0.7865,0.3273,0.1550,1,0,0.1795
1912,56841.50,10113.50,-116.756,614122.386,32.28910699,-69.30015817,10927.744,24137.114,483.15,-3688.29,0.8095,0.4985,0.3491,1,0,0.3911
1913,56841.50,10497.50,-226.905,614131.102,32.27883072,-69.29986974,10817.595,24128.398,482.32,-3688.27,0.8280,0.4939,0.8499,1,0,0.8906
1914,56841.50,10881.50,-336.568,614139.657,32.26860008,-69.29958595,10707.932,24119.843,482.04,-3688.42,0.7577,0.4411,0.6959,1,0,0.7475
1915,56841.50,11265.50,-443.671,614147.988,32.25860858,-69.29930898,10600.829,24111.512,484.39,-3688.80,0.9151,0.7478,0.3732,1,0,0.4045
1916,56841.50,11649.50,-552.851,614156.169,32.24842353,-69.29903624,10491.649,24103.331,484.73,-3689.33,0.8158,0.3772,0.6771,1,0,0.7163
1917,57225.50,2817.50,1949.640,614059.404,32.48191363,-69.30213351,12994.140,24200.096,479.26,-3690.28,0.8106,0.5501,0.2452,1,0,0.3140
1918,57225.50,3201.50,1843.123,614067.754,32.47197265,-69.30186899,12887.623,24191.746,480.80,-3690.54,0.8233,0.3091,0.3188,1,0,0.3837
1919,57225.50,3585.50,1737.288,614076.374,32.46209551,-69.30159490,12781.788,24183.126,483.10,-3690.54,0.8062,0.3672,0.1337,1,0,0.1061
1920,57225.50,3969.50,1630.334,614084.896,32.45211422,-69.30132351,12674.834,24174.604,484.34,-3690.64,0.8667,0.5582,0.1439,1,0,0.1188
1921,57225.50,4353.50,1521.540,614093.834,32.44196145,-69.30103798,12566.040,24165.666,483.80,-3690.33,0.8768,0.5908,0.1091,1,0,0.1553
1922,57225.50,4737.50,1414.826,614102.256,32.43200314,-69.30076866,12459.326,24157.244,485.41,-3690.53,0.8369,0.3807,0.3769,1,0,0.3809
1923,57225.50,5121.50,1307.569,614110.379,32.42199452,-69.30050859,12352.069,24149.121,486.55,-3691.05,0.8149,0.3906,0.3864,1,0,0.4330
1924,57225.50,5505.50,1198.410,614119.819,32.41180838,-69.30020463,12242.910,24139.681,485.85,-3690.25,0.7847,0.4330,0.1925,1,0,0.2248
1925,57225.50,5889.50,1090.002,614128.713,32.40169277,-69.29991800,12134.502,24130.787,485.96,-3690.00,0.8361,0.5340,0.0990,1,0,0.1307
1926,57225.50,6273.50,982.598,614137.592,32.39167109,-69.29963118,12027.098,24121.908,487.14,-3689.77,0.7646,0.3577,0.6608,1,0,0.6132
1927,57225.50,6657.50,875.686,614145.760,32.38169574,-69.29936714,11920.186,24113.740,488.89,-3690.25,0.8087,0.4359,0.3813,1,0,0.3366
1928,57225.50,7041.50,768.735,614153.391,32.37171702,-69.29912018,11813.235,24106.109,490.66,-3691.28,0.8753,0.4996,0.2859,1,0,0.3153
1929,57225.50,7425.50,660.982,614162.489,32.36166360,-69.29882431,11705.482,24097.011,491.69,-3690.84,0.8454,0.5583,0.4030,1,0,0.3687
1930,57225.50,7809.50,552.878,614170.724,32.35157779,-69.29855625,11597.378,24088.776,492.44,-3691.28,0.8868,0.4856,0.1920,1,0,0.1720
1931,57225.50,8193.50,442.563,614180.012,32.34128597,-69.29825290,11487.063,24079.488,491.04,-3690.66,0.8331,0.4521,0.2865,1,0,0.2677
1932,57225.50,8577.50,333.733,614188.290,32.33113298,-69.29798219,11378.233,24071.210,491.20,-3691.06,0.8974,0.5588,0.1724,1,0,0.2057
1933,57225.50,8961.50,223.350,614197.479,32.32083530,-69.29768081,11267.850,24062.021,489.86,-3690.55,0.8531,0.5012,0.2151,1,0,0.2445
1934,57225.50,9345.50,112.398,614207.493,32.31048491,-69.29735157,11156.898,24052.007,488.03,-3689.22,0.8332,0.6127,0.6951,1,0,0.6794
1935,57225.50,9729.50,1.122,614215.985,32.30010463,-69.29707186,11045.622,24043.515,485.94,-3689.42,0.8479,0.5026,0.4862,1,0,0.5172
1936,57225.50,10113.50,-107.647,614225.023,32.28995854,-69.29677351,10936.853,24034.477,486.42,-3689.08,0.6894,0.2739,0.0854,1,0,0.0471
1937,57225.50,10497.50,-217.991,614233.493,32.27966575,-69.29649320,10826.509,24026.007,485.40,-3689.31,0.8670,0.6557,0.6710,1,0,0.7127
1938,57225.50,10881.50,-327.880,614242.812,32.26941582,-69.29618428,10716.620,24016.688,484.89,-3688.69,0.8791,0.6386,0.0888,1,0,0.0448
1939,57225.50,11265.50,-436.800,614251.313,32.25925646,-69.29590171,10607.700,24008.187,485.43,-3688.90,0.8291,0.4562,0.1537,1,0,0.1051
1940,57225.50,11649.50,-546.334,614259.786,32.24904006,-69.29561940,10498.166,23999.714,485.41,-3689.14,0.8357,0.4228,0.4134,1,0,0.4483
1941,57609.50,2817.50,1955.580,614162.682,32.48243716,-69.29872700,13000.080,24096.818,479.27,-3690.50,0.8649,0.4205,0.3129,1,1,0.2889
1942,57609.50,3201.50,1847.804,614172.120,32.47238012,-69.29842675,12892.304,24087.380,479.56,-3689.67,0.8678,0.4810,0.4532,1,1,0.4263
1943,57609.50,3585.50,1742.552,614180.302,32.46255910,-69.29816707,12787.052,24079.198,482.43,-3690.11,0.6683,0.3373,0.3794,1,1,0.4335
1944,57609.50,3969.50,1637.271,614188.338,32.45273569,-69.29791163,12681.771,24071.162,485.35,-3690.69,0.8628,0.5135,0.4484,1,1,0.5036
1945,57609.50,4353.50,1529.271,614196.400,32.44265889,-69.29765494,12573.771,24063.100,485.61,-3691.26,0.8499,0.5053,0.2646,1,1,0.2099
1946,57609.50,4737.50,1422.087,614205.242,32.43265833,-69.29737184,12466.587,24054.258,486.75,-3691.04,0.8487,0.2081,0.0510,1,1,0.1132
1947,57609.50,5121.50,1314.898,614213.964,32.42265760,-69.29709209,12359.398,24045.536,487.95,-3690.96,0.8262,0.3404,0.2334,1,1,0.2967
1948,57609.50,5505.50,1206.856,614222.685,32.41257753,-69.29681181,12251.356,24036.815,488.37,-3690.88,0.7945,0.2817,0.2848,1,1,0.3571
1949,57609.50,5889.50,1098.306,614231.021,32.40245046,-69.29654361,12142.806,24028.479,488.34,-3691.18,0.8679,0.5247,0.2652,1,1,0.2082
1950,57609.50,6273.50,990.061,614239.855,32.39235201,-69.29625837,12034.561,24019.645,488.68,-3691.00,0.8364,0.3075,0.3481,1,1,0.3637
1951,57609.50,6657.50,882.496,614248.724,32.38231720,-69.29597132,11926.996,24010.776,489.77,-3690.79,0.8185,0.5001,0.4377,1,1,0.5112
1952,57609.50,7041.50,775.204,614257.082,32.37230833,-69.29570045,11819.704,24002.418,491.20,-3691.09,0.8591,0.6280,0.2956,1,1,0.3675
1953,57609.50,7425.50,667.781,614264.964,32.36228749,-69.29544470,11712.281,23994.536,492.57,-3691.87,0.7852,0.1983,0.4415,1,1,0.3760
1954,57609.50,7809.50,559.381,614273.645,32.35217571,-69.29516200,11603.881,23985.855,493.02,-3691.85,0.8238,0.4878,0.4233,1,1,0.3750
1955,57609.50,8193.50,449.369,614282.798,32.34191384,-69.29486313,11493.869,23976.702,491.93,-3691.37,0.8669,0.5157,0.0782,1,1,0.0549
1956,57609.50,8577.50,339.535,614291.868,32.33166886,-69.29456634,11384.035,23967.632,491.08,-3690.98,0.9032,0.6741,0.0636,1,1,0.0967
1957,57609.50,8961.50,227.708,614301.570,32.32123824,-69.29424810,11272.208,23957.930,488.30,-3689.96,0.8145,0.4514,0.1851,1,1,0.2421
1958,57609.50,9345.50,116.467,614311.350,32.31086264,-69.29392659,11160.967,23948.150,486.18,-3688.86,0.8341,0.5025,0.2661,1,1,0.3272
1959,57609.50,9729.50,4.596,614321.044,32.30042868,-69.29360730,11049.096,23938.456,483.50,-3687.86,0.8137,0.5673,0.3567,1,1,0.3741
1960,57609.50,10113.50,-103.858,614328.832,32.29031358,-69.29335016,10940.642,23930.668,484.29,-3688.77,0.8983,0.7857,0.2830,1,1,0.3069
1961,57609.50,11265.50,-429.755,614353.898,32.25992027,-69.29251889,10614.745,23905.602,486.55,-3689.81,0.8475,0.3869,0.2377,1,1,0.2593
1962,57609.50,11649.50,-539.472,614363.095,32.24968859,-69.29221275,10505.028,23896.405,486.36,-3689.33,0.7866,0.2491,0.3330,1,1,0.4030
1963,57993.50,2817.50,1961.939,614266.494,32.48299943,-69.29530287,13006.439,23993.006,479.67,-3690.18,0.8337,0.4364,0.3141,1,1,0.2897
1964,57993.50,3201.50,1852.201,614276.147,32.47276104,-69.29499577,12896.701,23983.353,477.99,-3689.14,0.8919,0.7290,0.3535,1,1,0.3441
1965,57993.50,3585.50,1748.227,614283.905,32.46306100,-69.29475000,12792.727,23975.595,482.15,-3690.00,0.6850,0.5196,0.5156,1,1,0.5153
1966,57993.50,3969.50,1643.357,614291.607,32.45327764,-69.29450555,12687.857,23967.893,485.47,-3690.92,0.8470,0.3671,0.3487,1,1,0.3848
1967,57993.50,4353.50,1535.847,614300.095,32.44324818,-69.29423482,12580.347,23959.405,486.22,-3691.06,0.8551,0.5760,0.2207,1,1,0.2896
1968,57993.50,4737.50,1427.928,614308.887,32.43318076,-69.29395348,12472.428,23950.613,486.63,-3690.90,0.8608,0.6946,0.3512,1,1,0.4148
1969,57993.50,5121.50,1320.525,614317.103,32.42316175,-69.29369046,12365.025,23942.397,487.62,-3691.32,0.8301,0.4599,0.1532,1,1,0.1315
1970,57993.50,5505.50,1211.805,614326.282,32.41302011,-69.29339515,12256.305,23933.218,487.36,-3690.78,0.8466,0.4366,0.3588,1,1,0.4179
1971,57993.50,5889.50,1103.985,614334.782,32.40296274,-69.29312154,12148.485,23924.718,488.06,-3690.92,0.7890,0.2439,0.1465,1,1,0.1696
1972,57993.50,6273.50,995.974,614343.290,32.39288790,-69.29284706,12040.474,23916.210,488.64,-3691.07,0.8681,0.4618,0.3741,1,1,0.3841
1973,57993.50,6657.50,887.848,614351.820,32.38280252,-69.29257123,11932.348,23907.680,489.17,-3691.19,0.7171,0.3233,0.3006,1,1,0.2280
1974,57993.50,7425.50,673.620,614368.480,32.36282153,-69.29203080,11718.120,23891.020,492.45,-3691.85,0.8068,0.3709,0.4042,1,1,0.3429
1975,57993.50,7809.50,565.398,614377.694,32.35272801,-69.29173056,11609.898,23881.806,493.08,-3691.31,0.8193,0.2447,0.4766,1,1,0.5407
1976,57993.50,8193.50,456.030,614386.474,32.34252798,-69.29144401,11500.530,23873.026,492.63,-3691.20,0.8456,0.4024,0.4192,1,1,0.4574
1977,57993.50,8577.50,344.095,614396.208,32.33208872,-69.29112544,11388.595,23863.292,489.68,-3690.14,0.8182,0.5520,0.3260,1,1,0.3830
1978,57993.50,8961.50,232.522,614405.915,32.32168360,-69.29080703,11277.022,23853.585,487.16,-3689.11,0.8428,0.6303,0.5525,1,1,0.5693
1979,57993.50,9345.50,121.516,614415.041,32.31133169,-69.29050715,11166.016,23844.459,485.28,-3688.67,0.8428,0.5990,0.2167,1,1,0.2635
1980,57993.50,9729.50,9.429,614424.776,32.30087926,-69.29018651,11053.929,23834.724,482.37,-3687.63,0.8759,0.5056,0.2531,1,1,0.2945
1981,57993.50,10113.50,-98.193,614432.504,32.29084349,-69.28993142,10946.307,23826.996,484.00,-3688.60,0.8337,0.5544,0.2277,1,1,0.2786
1982,57993.50,11265.50,-423.247,614457.748,32.26053387,-69.28909439,10621.253,23801.752,487.11,-3689.46,0.7122,0.2797,0.3750,1,1,0.4414
1983,57993.50,11649.50,-533.211,614466.287,32.25028083,-69.28881000,10511.289,23793.213,486.67,-3689.64,0.8254,0.4803,0.2423,1,1,0.3275
1984,58377.50,2817.50,1969.111,614369.663,32.48363755,-69.29189993,13013.611,23889.837,480.76,-3690.58,0.8298,0.4711,0.2753,1,1,0.3306
1985,58377.50,3201.50,1860.551,614378.592,32.47351093,-69.29161663,12905.051,23880.908,480.26,-3690.26,0.9308,0.8107,0.0969,1,1,0.0698
1986,58377.50,3585.50,1754.702,614387.070,32.46363745,-69.29134730,12799.202,23872.430,482.55,-3690.40,0.8266,0.4702,0.4857,1,1,0.5497
1987,58377.50,3969.50,1648.274,614395.340,32.45371036,-69.29108432,12692.774,23864.160,484.31,-3690.76,0.8451,0.5272,0.3006,1,1,0.3770
1988,58377.50,4353.50,1541.879,614403.542,32.44378653,-69.29082295,12586.379,23855.958,486.18,-3691.18,0.8906,0.6064,0.1914,1,1,0.2136
1989,58377.50,4737.50,1433.865,614412.310,32.43371191,-69.29054245,12478.365,23847.190,486.49,-3691.04,0.8546,0.3211,0.1706,1,1,0.2483
1990,58377.50,5121.50,1325.080,614421.561,32.42356562,-69.29024540,12369.580,23837.939,486.10,-3690.43,0.8360,0.4421,0.5119,1,1,0.5408
1991,58377.50,5505.50,1216.401,614430.706,32.41342952,-69.28995125,12260.901,23828.794,485.88,-3689.92,0.8285,0.3750,0.4916,1,1,0.5716
1992,58377.50,5889.50,1108.927,614438.930,32.40340617,-69.28968676,12153.427,23820.570,486.93,-3690.34,0.7771,0.2997,0.3598,1,1,0.4347
1993,58377.50,6273.50,1002.329,614447.094,32.39346476,-69.28942358,12046.829,23812.406,488.92,-3690.83,0.7825,0.3454,0.4658,1,1,0.5390
1994,58377.50,6657.50,895.371,614455.427,32.38349008,-69.28915423,11939.871,23804.073,490.62,-3691.15,0.7586,0.3523,0.3759,1,1,0.4623
1995,58377.50,7041.50,788.144,614463.899,32.37349053,-69.28887971,11832.644,23795.601,492.11,-3691.34,0.8256,0.4919,0.4855,1,1,0.5484
1996,58377.50,7425.50,680.223,614472.249,32.36342661,-69.28860859,11724.723,23787.251,492.98,-3691.65,0.8168,0.4626,0.3328,1,1,0.4226
1997,58377.50,7809.50,571.807,614480.799,32.35331673,-69.28833028,11616.307,23778.701,493.42,-3691.77,0.8368,0.2061,0.3022,1,1,0.3598
1998,58377.50,8193.50,462.030,614489.847,32.34308019,-69.28803496,11506.530,23769.653,492.56,-3691.39,0.8049,0.3624,0.2646,1,1,0.3409
1999,58377.50,8577.50,350.296,614499.050,32.33266154,-69.28773390,11394.796,23760.450,489.81,-3690.86,0.8248,0.3941,0.1802,1,1,0.1589
2000,58377.50,8961.50,239.273,614508.796,32.32230938,-69.28741426,11283.773,23750.704,487.84,-3689.80,0.8651,0.5938,0.2108,1,1,0.2277
2001,58377.50,9345.50,127.687,614518.305,32.31190517,-69.28710181,11172.187,23741.195,485.38,-3688.98,0.8687,0.5305,0.2000,1,1,0.1871
2002,58377.50,9729.50,16.644,614527.359,32.30155184,-69.28680366,11061.144,23732.141,483.52,-3688.61,0.8206,0.3355,0.4773,1,1,0.5313
2003,58377.50,10113.50,-90.884,614535.525,32.29152653,-69.28653415,10953.616,23723.975,485.24,-3689.14,0.8602,0.5947,0.1810,1,1,0.0996
2004,58377.50,10497.50,-198.947,614543.630,32.28145155,-69.28626605,10845.553,23715.870,486.50,-3689.74,0.8297,0.3259,0.2965,1,1,0.3548
2005,58377.50,10881.50,-307.969,614552.343,32.27128751,-69.28597726,10736.531,23707.157,486.87,-3689.73,0.8475,0.5475,0.1659,1,1,0.2640
2006,58377.50,11649.50,-527.241,614569.787,32.25084578,-69.28539708,10517.259,23689.713,486.57,-3689.71,0.8267,0.3676,0.2650,1,1,0.3525
2007,58761.50,2817.50,1974.745,614473.006,32.48413204,-69.28849141,13019.245,23786.494,480.41,-3690.77,0.8010,0.5764,0.0630,1,1,0.0617
2008,58761.50,3201.50,1866.613,614482.045,32.47404692,-69.28820448,12911.113,23777.455,480.34,-3690.34,0.7491,0.5497,0.2377,1,1,0.2791
2009,58761.50,3585.50,1761.319,614489.991,32.46422708,-69.28795270,12805.819,23769.509,483.18,-3691.01,0.8464,0.4004,0.0903,1,1,0.0839
2010,58761.50,3969.50,1654.263,614498.825,32.45424283,-69.28767120,12698.763,23760.675,484.32,-3690.80,0.8394,0.3218,0.2413,1,1,0.3176
2011,58761.50,4353.50,1547.090,614506.952,32.44424819,-69.28741239,12591.590,23752.548,485.41,-3691.30,0.8045,0.2685,0.2438,1,1,0.2096
2012,58761.50,4737.50,1439.317,614515.589,32.43419776,-69.28713620,12483.817,23743.911,485.96,-3691.29,0.8515,0.5562,0.3692,1,1,0.3474
2013,58761.50,5121.50,1330.892,614524.730,32.42408675,-69.28684285,12375.392,23734.770,485.93,-3690.79,0.8269,0.3519,0.5460,1,1,0.5886
2014,58761.50,5505.50,1221.917,614533.370,32.41392483,-69.28656538,12266.417,23726.130,485.41,-3690.79,0.8863,0.5663,0.5742,1,1,0.5486
2015,58761.50,5889.50,1113.940,614542.475,32.40385614,-69.28627189,12158.440,23717.025,485.96,-3690.33,0.7599,0.4694,0.3558,1,1,0.3876
2016,58761.50,6273.50,1007.764,614550.357,32.39395578,-69.28601803,12052.264,23709.143,488.37,-3691.09,0.7888,0.5974,0.5571,1,1,0.5582
2017,58761.50,6657.50,901.633,614558.764,32.38405985,-69.28574622,11946.133,23700.736,490.90,-3691.34,0.8177,0.3365,0.2146,1,1,0.2710
2018,58761.50,7041.50,794.647,614567.064,32.37408446,-69.28547739,11839.147,23692.436,492.63,-3691.70,0.8303,0.5088,0.2763,1,1,0.3534
2019,58761.50,7425.50,686.558,614575.381,32.36400659,-69.28520744,11731.058,23684.119,493.33,-3692.04,0.7918,0.2886,0.0663,1,1,0.1648
2020,58761.50,7809.50,577.228,614584.145,32.35381321,-69.28492212,11621.728,23675.355,492.86,-3691.95,0.8312,0.4080,0.0919,1,1,0.0241
2021,58761.50,8193.50,467.043,614593.401,32.34354030,-69.28461999,11511.543,23666.099,491.59,-3691.36,0.8420,0.3488,0.0338,1,1,0.0798
2022,58761.50,8577.50,356.412,614602.910,32.33322616,-69.28430888,11400.912,23656.590,489.95,-3690.53,0.8416,0.4080,0.4231,1,1,0.4096
2023,58761.50,8961.50,245.473,614612.107,32.32288362,-69.28400736,11289.973,23647.393,488.06,-3690.02,0.8753,0.5015,0.1946,1,1,0.2644
2024,58761.50,9345.50,134.816,614620.951,32.31256772,-69.28371685,11179.316,23638.549,486.53,-3689.86,0.8068,0.3656,0.4449,1,1,0.4538
2025,58761.50,9729.50,25.068,614630.202,32.30233687,-69.28341227,11069.568,23629.298,485.97,-3689.30,0.8340,0.5162,0.2007,1,1,0.1344
2026,58761.50,10113.50,-83.839,614639.052,32.29218463,-69.28312026,10960.661,23620.448,486.31,-3689.14,0.8237,0.6251,0.2821,1,1,0.3587
2027,58761.50,10497.50,-193.804,614647.102,32.28193415,-69.28285399,10850.696,23612.398,485.67,-3689.79,0.8826,0.6182,0.5056,1,1,0.5137
2028,58761.50,10881.50,-304.609,614657.049,32.27160558,-69.28252448,10739.891,23602.451,484.25,-3688.55,0.8228,0.4748,0.3654,1,1,0.3488
2029,58761.50,11265.50,-414.259,614664.975,32.26138499,-69.28226100,10630.241,23594.525,484.05,-3689.33,0.8245,0.5769,0.6209,1,1,0.6862
2030,58761.50,11649.50,-521.300,614673.346,32.25140786,-69.28198229,10523.200,23586.154,486.54,-3689.67,0.8046,0.5039,0.2576,1,1,0.3408
2031,59145.50,2817.50,1979.113,614576.918,32.48450808,-69.28506430,13023.613,23682.582,479.01,-3690.31,0.8005,0.4294,0.2250,1,1,0.1749
2032,59145.50,3201.50,1874.452,614585.270,32.47474851,-69.28479972,12918.952,23674.230,482.41,-3690.58,0.8500,0.4441,0.3048,1,1,0.3318
2033,59145.50,3585.50,1767.030,614593.709,32.46473173,-69.28453191,12811.530,23665.791,483.12,-3690.75,0.8814,0.5510,0.1659,1,1,0.1340
2034,59145.50,3969.50,1660.601,614601.901,32.45480787,-69.28427156,12705.101,23657.599,484.89,-3691.18,0.8392,0.3429,0.2138,1,1,0.1455
2035,59145.50,4353.50,1552.457,614610.807,32.44472422,-69.28398721,12596.957,23648.693,485.01,-3690.90,0.8494,0.7013,0.2345,1,1,0.2516
2036,59145.50,4737.50,1445.436,614619.575,32.43474548,-69.28370668,12489.936,23639.925,486.31,-3690.77,0.8521,0.6243,0.2657,1,1,0.3477
2037,59145.50,5121.50,1337.693,614628.101,32.42469984,-69.28343358,12382.193,23631.399,486.96,-3690.88,0.8724,0.5781,0.0851,1,1,0.1614
2038,59145.50,5505.50,1229.283,614636.354,32.41459237,-69.28316889,12273.783,23623.146,487.01,-3691.26,0.8177,0.4464,0.5593,1,1,0.5176
2039,59145.50,5889.50,1121.208,614645.040,32.40451627,-69.28288928,12165.708,23614.460,487.46,-3691.22,0.7705,0.2468,0.5388,1,1,0.4773
2040,59145.50,6273.50,1013.492,614654.225,32.39447383,-69.28259253,12057.992,23605.275,488.34,-3690.68,0.8466,0.7266,0.4032,1,1,0.4679
2041,59145.50,6657.50,907.167,614662.578,32.38456152,-69.28232256,11951.667,23596.922,490.67,-3690.99,0.9176,0.7580,0.3767,1,1,0.4748
2042,59145.50,7041.50,799.112,614671.174,32.37448811,-69.28204407,11843.612,23588.326,491.34,-3691.05,0.8050,0.4871,0.4252,1,1,0.5279
2043,59145.50,7425.50,691.990,614679.350,32.36450210,-69.28177873,11736.490,23580.150,493.00,-3691.54,0.7216,0.2204,0.4314,1,1,0.4683
2044,59145.50,7809.50,582.243,614688.413,32.35427153,-69.28148362,11626.743,23571.087,492.11,-3691.14,0.8852,0.6497,0.3550,1,1,0.4097
2045,59145.50,8193.50,472.545,614697.420,32.34404580,-69.28118972,11517.045,23562.080,491.34,-3690.80,0.8542,0.5566,0.3169,1,1,0.4125
2046,59145.50,8577.50,362.037,614706.779,32.33374482,-69.28088357,11406.537,23552.721,489.82,-3690.12,0.8991,0.7156,0.5595,1,1,0.5721
2047,59145.50,8961.50,252.608,614715.281,32.32354482,-69.28060500,11297.108,23544.219,489.44,-3690.30,0.8460,0.4976,0.2770,1,1,0.2566
2048,59145.50,9345.50,142.115,614723.980,32.31324589,-69.28031932,11186.615,23535.520,488.07,-3690.29,0.7888,0.2872,0.3355,1,1,0.2903
2049,59145.50,9729.50,32.209,614732.936,32.30300202,-69.28002450,11076.709,23526.564,487.35,-3690.02,0.8142,0.4814,0.3570,1,1,0.3607
2050,59145.50,10113.50,-76.781,614741.563,32.29284374,-69.27973989,10967.719,23517.937,487.61,-3690.09,0.8275,0.4499,0.2477,1,1,0.2199
2051,59145.50,10497.50,-188.069,614750.782,32.28247169,-69.27943508,10856.431,23508.718,485.65,-3689.57,0.8450,0.6243,0.5059,1,1,0.5536
2052,59145.50,10881.50,-299.863,614760.891,32.27205276,-69.27910029,10744.637,23498.609,483.24,-3688.17,0.7893,0.3287,0.3254,1,1,0.4071
2053,59145.50,11265.50,-408.393,614769.069,32.26193821,-69.27882854,10636.107,23490.431,484.17,-3688.70,0.7921,0.3095,0.2036,1,1,0.1855
2054,59145.50,11649.50,-515.867,614776.467,32.25192241,-69.27858192,10528.633,23483.033,486.21,-3690.01,0.8034,0.5446,0.2569,1,1,0.2278
2055,59529.50,2817.50,1987.239,614679.773,32.48523468,-69.28167171,13031.739,23579.727,481.26,-3690.95,0.8771,0.5689,0.4163,1,2,0.5157
2056,59529.50,3201.50,1880.797,614688.242,32.47531063,-69.28140348,12925.297,23571.258,482.89,-3691.09,0.8436,0.3726,0.3593,1,2,0.4540
2057,59529.50,3585.50,1773.629,614697.305,32.46531902,-69.28111510,12818.129,23562.195,483.85,-3690.65,0.8013,0.3890,0.4113,1,2,0.4281
2058,59529.50,3969.50,1666.139,614705.145,32.45529802,-69.28086651,12710.639,23554.355,484.56,-3691.43,0.8433,0.5430,0.4069,1,2,0.4068
2059,59529.50,4353.50,1559.627,614713.345,32.44536830,-69.28060530,12604.127,23546.155,486.31,-3691.85,0.8552,0.4952,0.5248,1,2,0.5331
2060,59529.50,4737.50,1452.510,614722.178,32.43538238,-69.28032268,12497.010,23537.322,487.52,-3691.65,0.8147,0.4865,0.3029,1,2,0.2908
2061,59529.50,5121.50,1344.840,614730.581,32.42534523,-69.28005369,12389.340,23528.919,488.24,-3691.89,0.8146,0.3499,0.4935,1,2,0.5074
2062,59529.50,5505.50,1236.756,614739.705,32.41526963,-69.27976030,12281.256,23519.795,488.62,-3691.40,0.9030,0.6840,0.0882,1,2,0.1541
2063,59529.50,5889.50,1128.003,614748.417,32.40513199,-69.27947992,12172.503,23511.083,488.39,-3691.34,0.8421,0.4813,0.2874,1,2,0.3462
2064,59529.50,6273.50,1018.600,614757.321,32.39493407,-69.27919260,12063.100,23502.179,487.58,-3691.08,0.8389,0.5600,0.5162,1,2,0.5671
2065,59529.50,6657.50,911.354,614766.094,32.38493748,-69.27890884,11955.854,23493.406,488.99,-3690.96,0.8238,0.4020,0.1521,1,2,0.2229
2066,59529.50,7041.50,802.967,614775.423,32.37483478,-69.27860620,11847.467,23484.077,489.33,-3690.29,0.8767,0.7046,0.6535,1,2,0.6335
2067,59529.50,7425.50,694.706,614783.456,32.36474422,-69.27834566,11739.206,23476.044,489.85,-3690.92,0.7927,0.5405,0.0679,1,2,0.1005
2068,59529.50,7809.50,586.252,614791.938,32.35463596,-69.27806967,11630.752,23467.562,490.26,-3691.10,0.8152,0.4295,0.2522,1,2,0.3296
2069,59529.50,8193.50,477.764,614800.649,32.34452475,-69.27778553,11522.264,23458.851,490.69,-3691.07,0.8781,0.4883,0.3061,1,2,0.3733
2070,59529.50,8577.50,368.140,614809.271,32.33430796,-69.27750368,11412.640,23450.229,490.05,-3691.12,0.8115,0.4403,0.3794,1,2,0.4377
2071,59529.50,8961.50,258.406,614818.148,32.32408118,-69.27721283,11302.906,23441.352,489.38,-3690.92,0.8402,0.4028,0.4270,1,2,0.4647
2072,59529.50,9345.50,147.807,614827.633,32.31377410,-69.27690126,11192.307,23431.867,487.90,-3690.12,0.9066,0.6653,0.4719,1,2,0.5746
2073,59529.50,9729.50,35.877,614837.784,32.30334334,-69.27656707,11080.377,23421.716,485.16,-3688.66,0.7435,0.5703,0.2854,1,2,0.2463
2074,59529.50,10113.50,-71.321,614845.391,32.29335375,-69.27631614,10973.179,23414.109,487.21,-3689.75,0.7699,0.2744,0.0688,1,2,0.0379
2075,59529.50,10497.50,-180.594,614854.282,32.28317122,-69.27602219,10863.906,23405.218,487.26,-3689.56,0.8214,0.4145,0.2543,1,2,0.3294
2076,59529.50,10881.50,-291.609,614863.311,32.27282658,-69.27572308,10752.891,23396.189,485.63,-3689.24,0.7629,0.5377,0.1724,1,2,0.1100
2077,59529.50,11265.50,-400.615,614871.769,32.26266934,-69.27544213,10643.885,23387.731,486.08,-3689.49,0.8539,0.5905,0.1192,1,2,0.2492
2078,59529.50,11649.50,-509.206,614879.966,32.25255114,-69.27516919,10535.294,23379.534,487.02,-3690.00,0.9020,0.5301,0.1291,1,2,0.3065
2079,59913.50,2817.50,1992.846,614783.066,32.48572612,-69.27826495,13037.346,23476.434,480.77,-3691.26,0.8346,0.4436,0.3513,1,2,0.3997
2080,59913.50,3201.50,1886.137,614792.280,32.47577865,-69.27797222,12930.637,23467.220,482.13,-3690.65,0.8906,0.6090,0.3777,1,2,0.4504
2081,59913.50,3585.50,1776.636,614801.703,32.46557121,-69.27767223,12821.136,23457.797,480.76,-3689.85,0.8858,0.7730,0.8571,1,2,0.8900
2082,59913.50,3969.50,1672.234,614809.045,32.45583979,-69.27743979,12716.734,23450.455,484.55,-3691.13,0.7351,0.4035,0.0330,1,2,0.0411
2083,59913.50,4353.50,1566.402,614817.395,32.44597507,-69.27717363,12610.902,23442.105,486.98,-3691.40,0.8506,0.5191,0.3007,1,2,0.3225
2084,59913.50,4737.50,1459.457,614825.594,32.43600697,-69.27691197,12503.957,23433.906,488.37,-3691.84,0.8226,0.4721,0.0371,1,2,0.0602
2085,59913.50,5121.50,1352.017,614833.796,32.42599300,-69.27664961,12396.517,23425.704,489.32,-3692.27,0.8270,0.4753,0.3720,1,2,0.3695
2086,59913.50,5505.50,1242.368,614843.627,32.41577310,-69.27633305,12286.868,23415.873,488.13,-3691.08,0.7907,0.3954,0.1834,1,2,0.1302
2087,59913.50,5889.50,1133.889,614852.056,32.40566275,-69.27606200,12178.389,23407.444,488.18,-3691.29,0.8379,0.3583,0.3372,1,2,0.3406
2088,59913.50,6657.50,914.912,614870.883,32.38525459,-69.27545321,11959.412,23388.617,486.45,-3689.77,0.8735,0.6657,0.4791,1,2,0.4596
2089,59913.50,7041.50,807.652,614879.172,32.37525875,-69.27518483,11852.152,23380.328,487.92,-3690.14,0.8010,0.4932,0.2958,1,2,0.2289
2090,59913.50,7425.50,699.661,614886.993,32.36519505,-69.27493131,11744.161,23372.507,488.72,-3690.98,0.8195,0.3597,0.3416,1,2,0.4130
2091,59913.50,7809.50,591.075,614895.731,32.35507615,-69.27464692,11635.575,23363.769,488.99,-3690.91,0.8061,0.4256,0.2593,1,2,0.3157
2092,59913.50,8193.50,483.247,614904.511,32.34502812,-69.27436049,11527.747,23354.989,490.08,-3690.80,0.8426,0.4632,0.1052,1,2,0.0997
2093,59913.50,8577.50,374.050,614913.611,32.33485287,-69.27406292,11418.550,23345.889,489.87,-3690.38,0.8975,0.6822,0.6966,1,2,0.7227
2094,59913.50,8961.50,264.066,614922.432,32.32460448,-69.27377395,11308.566,23337.068,488.94,-3690.24,0.8715,0.5034,0.2118,1,2,0.2364
2095,59913.50,9345.50,151.167,614932.450,32.31408489,-69.27344486,11195.667,23327.050,485.17,-3688.91,0.7057,0.5072,0.7202,1,2,0.8261
2096,59913.50,10497.50,-174.507,614957.662,32.28374111,-69.27261327,10869.993,23301.838,487.26,-3689.78,0.8768,0.6961,0.4236,1,2,0.5264
2097,59913.50,10881.50,-283.259,614965.995,32.27360901,-69.27233718,10761.241,23293.505,487.89,-3690.15,0.8089,0.4302,0.2315,1,2,0.3670
2098,59913.50,11649.50,-502.891,614983.843,32.25314747,-69.27174401,10541.609,23275.657,487.24,-3689.72,0.7658,0.2937,0.5940,1,2,0.7529
2099,60297.50,2817.50,1999.118,614887.018,32.48627918,-69.27483644,13043.618,23372.482,481.04,-3690.90,0.8114,0.3179,0.3110,1,2,0.4095
2100,60297.50,3201.50,1892.215,614895.741,32.47631539,-69.27455994,12936.715,23363.759,482.21,-3690.79,0.8234,0.2990,0.3279,1,2,0.4029
2101,60297.50,3585.50,1783.005,614904.436,32.46613697,-69.27428399,12827.505,23355.064,481.13,-3690.71,0.8502,0.6699,0.3608,1,2,0.3765
2102,60297.50,3969.50,1677.228,614912.752,32.45627883,-69.27401959,12721.728,23346.748,483.55,-3691.02,0.8254,0.5843,0.5264,1,2,0.4622
2103,60297.50,4353.50,1571.272,614920.719,32.44640437,-69.27376611,12615.772,23338.781,485.86,-3691.68,0.8630,0.5550,0.3840,1,2,0.3712
2104,60297.50,4737.50,1465.522,614929.056,32.43654922,-69.27349980,12510.022,23330.444,488.44,-3691.97,0.8532,0.7563,0.4405,1,2,0.3734
2105,60297.50,5121.50,1358.718,614937.437,32.42659608,-69.27323153,12403.218,23322.063,490.03,-3692.23,0.8653,0.4607,0.1088,1,2,0.0540
2106,60297.50,5505.50,1249.899,614946.505,32.41645543,-69.27294011,12294.399,23312.995,489.67,-3691.80,0.7898,0.3792,0.3125,1,2,0.3677
2107,60297.50,5889.50,1139.120,614956.142,32.40613228,-69.27262943,12183.620,23303.358,487.42,-3690.81,0.8147,0.3951,0.1063,1,2,0.0594
2108,60297.50,6273.50,1028.573,614965.352,32.39583113,-69.27233216,12073.073,23294.148,485.46,-3690.24,0.8046,0.3466,0.2487,1,2,0.3173
2109,60297.50,6657.50,918.925,614975.107,32.38561400,-69.27201620,11963.425,23284.393,484.47,-3689.14,0.7906,0.3497,0.4505,1,2,0.4283
2110,60297.50,7041.50,810.964,614982.827,32.37555458,-69.27176665,11855.464,23276.673,485.23,-3690.08,0.8066,0.4193,0.4697,1,2,0.5422
2111,60297.50,7425.50,704.786,614991.080,32.36566151,-69.27149882,11749.286,23268.420,487.85,-3690.49,0.8177,0.3937,0.3457,1,2,0.4024
2112,60297.50,7809.50,597.151,614999.188,32.35563295,-69.27123523,11641.651,23260.312,489.07,-3691.05,0.7853,0.3586,0.3528,1,2,0.4191
2113,60297.50,8193.50,489.164,615008.099,32.34557181,-69.27094452,11533.664,23251.401,490.00,-3690.81,0.7916,0.4226,0.2420,1,2,0.1752
2114,60297.50,8577.50,379.936,615016.553,32.33539535,-69.27066830,11424.436,23242.947,489.77,-3691.03,0.8160,0.3491,0.2150,1,2,0.2713
2115,60297.50,8961.50,270.419,615025.164,32.32519229,-69.27038628,11314.919,23234.336,489.31,-3691.10,0.8017,0.2716,0.4494,1,2,0.4986
2116,60297.50,9345.50,159.201,615034.449,32.31483097,-69.27008140,11203.701,23225.051,487.21,-3690.50,0.6654,0.4032,0.6941,1,2,0.7026
2117,60297.50,10497.50,-167.818,615060.646,32.28436694,-69.26921746,10876.682,23198.854,487.96,-3690.39,0.8157,0.4282,0.2655,1,2,0.3623
2118,60297.50,10881.50,-277.692,615069.965,32.27413209,-69.26890888,10766.808,23189.535,487.47,-3689.77,0.8833,0.6378,0.5080,1,2,0.6358
2119,60297.50,11265.50,-389.105,615078.499,32.26375413,-69.26862547,10655.395,23181.001,485.52,-3689.95,0.8605,0.5557,0.3766,1,2,0.4474
2120,60681.50,2817.50,2004.893,614990.651,32.48678573,-69.27141854,13049.393,23268.849,480.93,-3690.90,0.8654,0.4012,0.2764,1,2,0.3690
2121,60681.50,3201.50,1897.083,614999.506,32.47673920,-69.27113782,12941.583,23259.994,481.19,-3690.66,0.8473,0.5160,0.1762,1,2,0.2505
2122,60681.50,3585.50,1789.514,615008.211,32.46671534,-69.27086142,12834.014,23251.289,481.75,-3690.57,0.8474,0.6151,0.0793,1,2,0.1396
2123,60681.50,3969.50,1683.101,615016.498,32.45679957,-69.27059806,12727.601,23243.002,483.54,-3690.90,0.8738,0.6176,0.1090,1,2,0.1691
2124,60681.50,4353.50,1577.309,615024.773,32.44694192,-69.27033445,12621.809,23234.727,486.01,-3691.25,0.7448,0.3123,0.2242,1,2,0.2356
2125,60681.50,4737.50,1471.773,615033.026,32.43710840,-69.27007090,12516.273,23226.474,488.80,-3691.63,0.8077,0.5697,0.5438,1,2,0.5490
2126,60681.50,5121.50,1363.587,615041.241,32.42702829,-69.26980826,12408.087,23218.259,489.01,-3692.05,0.8440,0.4537,0.1058,1,2,0.0922
2127,60681.50,5505.50,1254.738,615050.276,32.41688655,-69.26951795,12299.238,23209.224,488.62,-3691.66,0.7946,0.3278,0.1356,1,2,0.1138
2128,60681.50,5889.50,1144.159,615059.780,32.40658376,-69.26921169,12188.659,23199.720,486.57,-3690.80,0.8273,0.3993,0.1144,1,2,0.1542
2129,60681.50,6273.50,1032.967,615070.036,32.39622414,-69.26887999,12077.467,23189.464,483.97,-3689.19,0.8669,0.6149,0.3438,1,2,0.2805
2130,60681.50,6657.50,922.542,615079.092,32.38593649,-69.26858715,11967.042,23180.408,482.21,-3688.79,0.9024,0.6203,0.1209,1,2,0.1580
2131,60681.50,7809.50,602.777,615103.014,32.35614763,-69.26781141,11647.277,23156.486,488.81,-3690.85,0.7165,0.3456,0.3393,1,2,0.3119
2132,60681.50,8193.50,496.370,615111.263,32.34623540,-69.26754255,11540.870,23148.237,491.33,-3691.27,0.8742,0.5698,0.3391,1,2,0.3602
2133,60681.50,8577.50,387.143,615119.747,32.33606073,-69.26726538,11431.643,23139.753,491.09,-3691.47,0.8866,0.5219,0.2381,1,2,0.3106
2134,60681.50,8961.50,277.468,615128.615,32.32584462,-69.26697492,11321.968,23130.885,490.48,-3691.28,0.8884,0.6591,0.1986,1,2,0.1799
2135,60681.50,9345.50,168.462,615137.516,32.31569111,-69.26668273,11212.962,23121.984,490.59,-3691.06,0.7807,0.3143,0.0783,1,2,0.0888
2136,60681.50,9729.50,57.693,615146.790,32.30537362,-69.26637759,11102.193,23112.710,489.01,-3690.48,0.9061,0.7044,0.3110,1,2,0.4027
2137,60681.50,10113.50,-54.618,615156.882,32.29491285,-69.26604481,10989.882,23102.618,485.96,-3689.08,0.8113,0.5019,0.5464,1,2,0.5901
2138,60681.50,10497.50,-163.138,615164.359,32.28480553,-69.26579762,10881.362,23095.141,486.76,-3690.30,0.8561,0.6705,0.3634,1,2,0.4081
2139,60681.50,10881.50,-273.076,615173.209,32.27456633,-69.26550453,10771.424,23086.291,486.21,-3690.16,0.7283,0.3455,0.3965,1,2,0.3293
2140,60681.50,11265.50,-383.129,615182.052,32.26431680,-69.26521101,10661.371,23077.448,485.62,-3690.02,0.7958,0.4657,0.3006,1,2,0.3343
2141,60681.50,11649.50,-492.610,615190.776,32.25412076,-69.26492076,10551.890,23068.724,485.66,-3690.01,0.8325,0.4932,0.3341,1,2,0.4744
2142,61065.50,2817.50,2009.502,615094.585,32.48718352,-69.26799087,13054.002,23164.915,479.63,-3690.57,0.8295,0.7102,0.3810,1,2,0.4508
2143,61065.50,3201.50,1901.473,615103.005,32.47711839,-69.26772454,12945.973,23156.495,479.67,-3690.76,0.8343,0.5747,0.4215,1,2,0.4676
2144,61065.50,3585.50,1795.292,615111.806,32.46722545,-69.26744484,12839.792,23147.694,481.62,-3690.58,0.8370,0.5193,0.1817,1,2,0.1285
2145,61065.50,3969.50,1688.570,615120.330,32.45728253,-69.26717374,12733.070,23139.170,483.10,-3690.68,0.8509,0.6664,0.3046,1,2,0.2474
2146,61065.50,4353.50,1582.523,615128.027,32.44740299,-69.26692924,12627.023,23131.473,485.32,-3691.61,0.8149,0.3919,0.2365,1,2,0.2835
2147,61065.50,4737.50,1476.592,615136.505,32.43753425,-69.26665836,12521.092,23122.995,487.72,-3691.76,0.7968,0.4124,0.2404,1,2,0.2667
2148,61065.50,5121.50,1368.745,615145.142,32.42748724,-69.26638179,12413.245,23114.358,488.27,-3691.76,0.8724,0.5856,0.3960,1,2,0.4392
2149,61065.50,5505.50,1259.573,615154.049,32.41731712,-69.26609580,12304.073,23105.451,487.56,-3691.49,0.8329,0.5135,0.1192,1,2,0.1698
2150,61065.50,5889.50,1149.179,615163.426,32.40703335,-69.26579372,12193.679,23096.074,485.69,-3690.76,0.9236,0.7509,0.4417,1,2,0.4452
2151,61065.50,6273.50,1038.544,615173.398,32.39672740,-69.26547137,12083.044,23086.102,483.65,-3689.43,0.7830,0.4715,0.4466,1,2,0.4205
2152,61065.50,6657.50,928.774,615182.373,32.38650247,-69.26518124,11973.274,23077.127,482.54,-3689.11,0.8428,0.5015,0.1455,1,2,0.1686
2153,61065.50,7041.50,820.351,615191.140,32.37640330,-69.26489723,11864.851,23068.360,482.84,-3689.00,0.8451,0.4935,0.1462,1,2,0.1403
2154,61065.50,7809.50,607.967,615206.336,32.35662150,-69.26440428,11652.467,23053.164,488.11,-3691.14,0.8619,0.6838,0.4745,1,2,0.5020
2155,61065.50,8193.50,502.609,615214.462,32.34680867,-69.26413946,11547.109,23045.038,491.67,-3691.68,0.8724,0.4682,0.2191,1,2,0.2603
2156,61065.50,8577.50,392.954,615223.367,32.33659580,-69.26384847,11437.454,23036.133,491.01,-3691.45,0.8636,0.5670,0.3761,1,2,0.4455
2157,61065.50,8961.50,283.263,615232.135,32.32637995,-69.26356132,11327.763,23027.365,490.37,-3691.37,0.8700,0.5442,0.1970,1,2,0.2686
2158,61065.50,9345.50,174.313,615241.149,32.31623328,-69.26326546,11218.813,23018.351,490.55,-3691.04,0.8786,0.5887,0.3032,1,2,0.3516
2159,61065.50,9729.50,61.209,615251.136,32.30570017,-69.26293686,11105.709,23008.364,486.63,-3689.74,0.7653,0.5250,0.3271,1,2,0.3975
2160,61065.50,10881.50,-266.671,615277.076,32.27516710,-69.26207971,10777.829,22982.424,486.72,-3689.90,0.8365,0.4741,0.1835,1,2,0.2361
2161,61065.50,11265.50,-376.294,615285.353,32.26495928,-69.26180487,10668.206,22974.147,486.56,-3690.33,0.8617,0.4264,0.2553,1,2,0.3648
2162,61065.50,11649.50,-487.125,615294.701,32.25463932,-69.26149407,10557.375,22964.799,485.25,-3689.69,0.8207,0.3039,0.1617,1,2,0.1335
2163,61449.50,2817.50,2015.004,615197.813,32.48766451,-69.26458642,13059.504,23061.687,479.21,-3690.96,0.8899,0.5609,0.3683,1,3,0.3075
2164,61449.50,3201.50,1907.990,615206.666,32.47769546,-69.26430573,12952.490,23052.834,480.26,-3690.72,0.8511,0.3098,0.0833,1,3,0.0582
2165,61449.50,3585.50,1799.562,615215.326,32.46759498,-69.26403095,12844.062,23044.174,479.97,-3690.67,0.9260,0.7920,0.3850,1,3,0.4256
2166,61449.50,3969.50,1693.730,615223.743,32.45773664,-69.26376333,12738.230,23035.757,482.34,-3690.88,0.8551,0.5843,0.1462,1,3,0.2237
2167,61449.50,4737.50,1481.124,615240.719,32.43793299,-69.26322166,12525.624,23018.781,486.33,-3691.16,0.8173,0.5021,0.4217,1,3,0.4177
2168,61449.50,5121.50,1374.475,615248.332,32.42799951,-69.26297878,12418.975,23011.168,488.07,-3692.18,0.8206,0.3377,0.2710,1,3,0.3174
2169,61449.50,5505.50,1265.447,615257.138,32.41784452,-69.26269612,12309.947,23002.362,487.51,-3692.02,0.7894,0.3783,0.6164,1,3,0.6767
2170,61449.50,5889.50,1156.198,615267.158,32.40766902,-69.26237282,12200.698,22992.342,486.79,-3690.64,0.8593,0.5095,0.3534,1,3,0.3003
2171,61449.50,6273.50,1045.524,615276.629,32.39736117,-69.26206706,12090.024,22982.871,484.71,-3689.82,0.8815,0.5544,0.2522,1,3,0.2004
2172,61449.50,6657.50,933.356,615286.203,32.38691457,-69.26175731,11977.856,22973.297,481.20,-3688.90,0.8761,0.7018,0.1820,1,3,0.2428
2173,61449.50,7041.50,825.566,615295.128,32.37687598,-69.26146810,11870.066,22964.372,482.14,-3688.63,0.6587,0.3276,0.3692,1,3,0.3736
2174,61449.50,7425.50,720.191,615302.178,32.36706278,-69.26124001,11764.691,22957.322,485.55,-3690.24,0.8346,0.4991,0.2562,1,3,0.3089
2175,61449.50,7809.50,614.815,615309.922,32.35724964,-69.26098841,11659.315,22949.578,489.03,-3691.17,0.7740,0.5663,0.0910,1,3,0.1262
2176,61449.50,8193.50,508.205,615318.277,32.34732180,-69.26071613,11552.705,22941.223,491.35,-3691.48,0.8613,0.5254,0.3791,1,3,0.3529
2177,61449.50,8577.50,397.713,615327.097,32.33703276,-69.26042797,11442.213,22932.403,489.85,-3691.34,0.8114,0.3150,0.1075,1,3,0.1120
2178,61449.50,8961.50,287.739,615336.221,32.32679222,-69.26012915,11332.239,22923.279,488.93,-3690.90,0.8472,0.5564,0.0437,1,3,0.0405
2179,61449.50,9345.50,178.263,615344.553,32.31659842,-69.25985579,11222.763,22914.947,488.58,-3691.25,0.8667,0.6377,0.5772,1,3,0.5964
2180,61449.50,9729.50,68.615,615353.995,32.30638878,-69.25954517,11113.115,22905.505,488.12,-3690.50,0.7505,0.3983,0.0741,1,3,0.1446
2181,61449.50,10881.50,-260.702,615380.486,32.27572701,-69.25866995,10783.798,22879.014,486.78,-3690.10,0.9203,0.7468,0.1167,1,3,0.2292
2182,61449.50,11265.50,-370.750,615389.378,32.26548137,-69.25837491,10673.750,22870.122,486.19,-3689.92,0.8689,0.5805,0.2425,1,3,0.2667
2183,61449.50,11649.50,-480.946,615398.043,32.25522216,-69.25808669,10563.554,22861.457,485.52,-3689.97,0.8607,0.5837,0.1514,1,3,0.3183
2184,61833.50,2817.50,2020.127,615301.951,32.48810978,-69.26115204,13064.627,22957.549,478.35,-3690.35,0.8516,0.3586,0.0737,1,3,0.1194
2185,61833.50,3201.50,1912.715,615311.281,32.47810520,-69.26085570,12957.215,22948.219,479.01,-3689.64,0.8355,0.6051,0.5974,1,3,0.5958
2186,61833.50,3585.50,1806.215,615318.912,32.46818630,-69.26061469,12850.715,22940.588,480.65,-3690.62,0.8158,0.4633,0.2988,1,3,0.3996
2187,61833.50,3969.50,1699.550,615327.337,32.45825203,-69.26034692,12744.050,22932.163,482.18,-3690.82,0.8708,0.5545,0.1435,1,3,0.1059
2188,61833.50,5121.50,1380.303,615352.099,32.42852055,-69.25955675,12424.803,22907.401,487.93,-3691.95,0.8539,0.7249,0.4651,1,3,0.5063
2189,61833.50,5505.50,1272.220,615360.576,32.41845528,-69.25928493,12316.720,22898.924,488.31,-3692.11,0.8730,0.3920,0.3533,1,3,0.4093
2190,61833.50,5889.50,1162.217,615370.079,32.40821142,-69.25897877,12206.717,22889.421,486.84,-3691.25,0.8553,0.4944,0.3576,1,3,0.3483
2191,61833.50,6273.50,1051.701,615380.025,32.39791993,-69.25865737,12096.201,22879.475,484.91,-3689.96,0.8721,0.4509,0.4646,1,3,0.4020
2192,61833.50,6657.50,941.041,615389.799,32.38761546,-69.25834098,11985.541,22869.701,482.92,-3688.84,0.8763,0.5814,0.5043,1,3,0.4260
2193,61833.50,7041.50,833.399,615397.899,32.37759240,-69.25807900,11877.899,22861.601,484.00,-3689.39,0.8344,0.5753,0.3023,1,3,0.2225
2194,61833.50,7425.50,726.169,615405.651,32.36760806,-69.25782790,11770.669,22853.849,485.56,-3690.30,0.8197,0.5009,0.2397,1,3,0.2908
2195,61833.50,7809.50,620.912,615413.779,32.35780768,-69.25756368,11665.412,22845.721,489.16,-3690.84,0.7538,0.3393,0.4236,1,3,0.3735
2196,61833.50,8193.50,513.332,615421.690,32.34779121,-69.25730609,11557.832,22837.810,490.51,-3691.61,0.8817,0.4212,0.2235,1,3,0.1858
2197,61833.50,8577.50,402.915,615430.491,32.33751088,-69.25701861,11447.415,22829.009,489.08,-3691.48,0.7991,0.3305,0.4052,1,3,0.4074
2198,61833.50,8961.50,292.838,615440.246,32.32726243,-69.25669899,11337.338,22819.254,488.06,-3690.40,0.8659,0.4640,0.4096,1,3,0.3594
2199,61833.50,10497.50,-146.139,615475.659,32.28639563,-69.25553304,10898.361,22783.841,485.98,-3689.76,0.8326,0.4770,0.1689,1,3,0.2683
2200,61833.50,10881.50,-254.835,615484.039,32.27627727,-69.25525557,10789.665,22775.461,486.68,-3690.09,0.7813,0.3995,0.2295,1,3,0.2299
2201,61833.50,11265.50,-364.061,615492.817,32.26610981,-69.25496431,10680.439,22766.683,486.91,-3690.02,0.8971,0.6977,0.3617,1,3,0.4728
2202,61833.50,11649.50,-474.957,615501.382,32.25578719,-69.25467939,10569.543,22758.118,485.54,-3690.16,0.7899,0.4353,0.1852,1,3,0.3283
2203,62217.50,2817.50,2024.368,615405.931,32.48847288,-69.25772298,13068.868,22853.569,476.59,-3689.89,0.8978,0.7715,0.3941,1,3,0.2679
2204,62217.50,3201.50,1918.670,615414.759,32.47862965,-69.25744307,12963.170,22844.741,478.96,-3689.67,0.7997,0.6481,0.6616,1,3,0.7035
2205,62217.50,3585.50,1812.577,615422.181,32.46875031,-69.25720894,12857.077,22837.319,481.00,-3690.87,0.8730,0.6050,0.1795,1,3,0.2716
2206,62217.50,3969.50,1706.291,615430.956,32.45885296,-69.25692963,12750.791,22828.544,482.92,-3690.71,0.8213,0.4194,0.3469,1,3,0.3749
2207,62217.50,5121.50,1386.189,615455.553,32.42904689,-69.25614511,12430.689,22803.947,487.81,-3692.01,0.8465,0.4521,0.3515,1,3,0.3972
2208,62217.50,5505.50,1278.466,615464.043,32.41901686,-69.25587285,12322.966,22795.457,488.55,-3692.16,0.8479,0.5226,0.2554,1,3,0.3161
2209,62217.50,5889.50,1167.638,615473.966,32.40869778,-69.25555291,12212.138,22785.534,486.25,-3690.88,0.8737,0.6882,0.2049,1,3,0.1517
2210,62217.50,6273.50,1058.206,615482.999,32.39850909,-69.25526160,12102.706,22776.501,485.42,-3690.50,0.8377,0.4917,0.3058,1,3,0.2736
2211,62217.50,6657.50,947.371,615492.307,32.38819011,-69.25496065,11991.871,22767.193,483.24,-3689.84,0.7788,0.5741,0.3136,1,3,0.3519
2212,62217.50,7041.50,838.801,615501.428,32.37808220,-69.25466508,11883.301,22758.072,483.40,-3689.38,0.8537,0.5809,0.2603,1,3,0.3055
2213,62217.50,7425.50,730.542,615509.869,32.36800374,-69.25439131,11775.042,22749.631,483.93,-3689.60,0.8714,0.7171,0.0919,1,3,0.1518
2214,62217.50,7809.50,626.072,615516.641,32.35827833,-69.25417182,11670.572,22742.859,488.32,-3691.50,0.8506,0.4809,0.4983,1,3,0.5193
2215,62217.50,8193.50,518.017,615525.695,32.34821927,-69.25387658,11562.517,22733.805,489.19,-3691.11,0.8743,0.3881,0.1813,1,3,0.2292
2216,62217.50,8577.50,407.513,615534.748,32.33793249,-69.25358082,11452.013,22724.752,487.68,-3690.74,0.8422,0.6592,0.1638,1,3,0.1672
2217,62217.50,8961.50,299.786,615543.666,32.32790459,-69.25328880,11344.286,22715.834,489.01,-3690.50,0.7897,0.3745,0.4635,1,3,0.4487
2218,62217.50,9345.50,190.065,615552.384,32.31769126,-69.25300278,11234.565,22707.116,488.42,-3690.47,0.9009,0.7401,0.3111,1,3,0.2891
2219,62217.50,9729.50,78.850,615561.810,32.30733931,-69.25269277,11123.350,22697.690,486.39,-3689.73,0.8998,0.7216,0.4874,1,3,0.5740
2220,62217.50,10113.50,-31.756,615570.223,32.29704427,-69.25241553,11012.744,22689.277,485.05,-3690.01,0.8796,0.4930,0.4442,1,3,0.4936
2221,62217.50,10497.50,-140.381,615578.818,32.28693383,-69.25213161,10904.119,22680.682,485.75,-3690.11,0.8923,0.7629,0.2687,1,3,0.3363
2222,62217.50,10881.50,-249.587,615587.439,32.27676971,-69.25184623,10794.913,22672.061,485.93,-3690.20,0.8023,0.4815,0.1852,1,3,0.2478
2223,62217.50,11265.50,-358.876,615596.303,32.26659813,-69.25155218,10685.624,22663.197,486.10,-3690.04,0.8613,0.5250,0.1038,1,3,0.2575
2224,62217.50,11649.50,-469.072,615604.981,32.25634239,-69.25126357,10575.428,22654.519,485.43,-3690.08,0.8927,0.7054,0.1903,1,3,0.3773
2225,62601.50,2817.50,2030.717,615508.771,32.48903241,-69.25433136,13075.217,22750.729,477.08,-3690.55,0.8475,0.5055,0.5070,1,3,0.5844
2226,62601.50,3201.50,1924.385,615517.096,32.47913199,-69.25406812,12968.885,22742.404,478.82,-3690.84,0.8271,0.4256,0.5290,1,3,0.5704
2227,62601.50,3585.50,1817.953,615526.217,32.46922229,-69.25377805,12862.453,22733.283,480.53,-3690.34,0.8184,0.4753,0.4894,1,3,0.5830
2228,62601.50,3969.50,1710.838,615534.270,32.45924956,-69.25352262,12755.338,22725.230,481.61,-3690.91,0.8054,0.4330,0.3033,1,3,0.3756
2229,62601.50,4353.50,1604.855,615542.720,32.44938231,-69.25325343,12649.355,22716.780,483.90,-3691.08,0.8616,0.6001,0.2064,1,3,0.2848
2230,62601.50,4737.50,1498.077,615551.383,32.43944133,-69.25297664,12542.577,22708.117,485.45,-3691.05,0.8026,0.5364,0.5270,1,3,0.5558
2231,62601.50,5121.50,1391.719,615558.739,32.42954004,-69.25274233,12436.219,22700.761,487.49,-3692.33,0.7654,0.3860,0.5942,1,3,0.6432
2232,62601.50,5505.50,1284.393,615567.512,32.41954855,-69.25246077,12328.893,22691.988,488.63,-3692.20,0.8837,0.5923,0.2734,1,3,0.3275
2233,62601.50,5889.50,1174.275,615576.939,32.40929737,-69.25215718,12218.775,22682.561,487.04,-3691.41,0.7984,0.4998,0.1873,1,3,0.2412
2234,62601.50,6273.50,1063.803,615586.792,32.39901348,-69.25183891,12108.303,22672.708,485.16,-3690.21,0.8750,0.4550,0.1756,1,3,0.1891
2235,62601.50,6657.50,953.192,615596.208,32.38871696,-69.25153443,11997.692,22663.292,483.21,-3689.45,0.8339,0.3940,0.3210,1,3,0.3790
2236,62601.50,7041.50,844.097,615605.222,32.37856202,-69.25124245,11888.597,22654.278,482.85,-3689.09,0.8206,0.6269,0.3865,1,3,0.3112
2237,62601.50,7425.50,736.925,615613.042,32.36858643,-69.25098916,11781.425,22646.458,484.47,-3689.93,0.8657,0.5901,0.4921,1,3,0.5502
2238,62601.50,7809.50,629.932,615621.093,32.35862769,-69.25072759,11674.432,22638.407,486.34,-3690.55,0.7913,0.5469,0.3018,1,3,0.3290
2239,62601.50,8193.50,522.190,615629.335,32.34859949,-69.25045917,11566.690,22630.165,487.52,-3690.98,0.9006,0.7534,0.5284,1,3,0.5737
2240,62601.50,8577.50,412.210,615639.009,32.33836319,-69.25014295,11456.710,22620.491,486.53,-3689.98,0.7500,0.5468,0.9778,1,3,0.9340
2241,62601.50,8961.50,303.904,615647.362,32.32828314,-69.24986958,11348.404,22612.138,487.28,-3690.31,0.6115,0.3072,0.1900,1,3,0.2569
2242,62601.50,9345.50,196.188,615655.490,32.31825818,-69.24960304,11240.688,22604.010,488.69,-3690.86,0.7819,0.3810,0.3240,1,3,0.4060
2243,62601.50,9729.50,84.873,615665.197,32.30789859,-69.24928382,11129.373,22594.303,486.57,-3689.85,0.8246,0.4205,0.3083,1,3,0.4030
2244,62601.50,10113.50,-26.138,615674.316,32.29756755,-69.24898330,11018.362,22585.184,484.82,-3689.42,0.8267,0.5594,0.6163,1,3,0.7172
2245,62601.50,10881.50,-243.855,615691.164,32.27730699,-69.24842622,10800.645,22568.336,485.82,-3689.98,0.8857,0.6064,0.0517,1,3,0.1990
2246,62601.50,11265.50,-353.255,615700.113,32.26712687,-69.24812939,10691.245,22559.387,485.88,-3689.74,0.8350,0.4348,0.4211,1,3,0.6089
2247,62601.50,11649.50,-463.314,615708.760,32.25688558,-69.24784188,10581.186,22550.740,485.35,-3689.80,0.8421,0.4866,0.3175,1,3,0.5289
2248,62985.50,2817.50,2035.985,615612.828,32.48949072,-69.25089975,13080.485,22646.672,476.54,-3690.02,0.8766,0.6830,0.1682,1,3,0.2587
2249,62985.50,3201.50,1929.523,615621.796,32.47957964,-69.25061534,12974.023,22637.704,478.14,-3689.66,0.8386,0.4303,0.4017,1,3,0.3028
2250,62985.50,3585.50,1823.143,615630.013,32.46967676,-69.25035509,12867.643,22629.487,479.90,-3690.06,0.7740,0.3880,0.2723,1,3,0.1826
2251,62985.50,3969.50,1715.528,615638.221,32.45965913,-69.25009467,12760.028,22621.279,480.49,-3690.47,0.8200,0.5848,0.6839,1,3,0.7781
2252,62985.50,4353.50,1609.492,615646.650,32.44978862,-69.24982617,12653.992,22612.850,482.72,-3690.67,0.8017,0.3579,0.1167,1,3,0.1936
2253,62985.50,4737.50,1503.459,615654.493,32.43991888,-69.24957641,12547.959,22605.007,485.02,-3691.46,0.7560,0.3243,0.2113,1,3,0.2637
2254,62985.50,5121.50,1396.927,615663.277,32.43000274,-69.24929505,12441.427,22596.223,486.89,-3691.31,0.7997,0.5781,0.2803,1,3,0.2600
2255,62985.50,5505.50,1289.452,615671.534,32.41999912,-69.24903053,12333.952,22587.966,487.88,-3691.69,0.8262,0.3314,0.2908,1,3,0.2525
2256,62985.50,5889.50,1179.275,615680.755,32.40974424,-69.24873378,12223.775,22578.745,486.23,-3691.11,0.8249,0.5581,0.1715,1,3,0.2032
2257,62985.50,6273.50,1070.059,615690.011,32.39957901,-69.24843517,12114.559,22569.489,485.61,-3690.51,0.8544,0.5091,0.1117,1,3,0.0726
2258,62985.50,6657.50,960.085,615699.456,32.38934356,-69.24812971,12004.585,22560.044,484.30,-3689.71,0.7980,0.3304,0.2322,1,3,0.2426
2259,62985.50,7041.50,850.136,615707.989,32.37911080,-69.24785370,11894.636,22551.511,483.08,-3689.84,0.8156,0.3668,0.4585,1,3,0.5276
2260,62985.50,7425.50,742.258,615716.980,32.36907107,-69.24756184,11786.758,22542.520,483.99,-3689.51,0.8518,0.5880,0.4264,1,3,0.4749
2261,62985.50,7809.50,636.039,615725.204,32.35918606,-69.24729460,11680.539,22534.296,486.64,-3689.95,0.8344,0.7157,0.3970,1,3,0.3947
2262,62985.50,8193.50,524.880,615733.957,32.34884159,-69.24700944,11569.380,22525.543,484.40,-3689.87,0.7062,0.3717,0.5105,1,3,0.5961
2263,62985.50,9345.50,201.929,615758.927,32.31878927,-69.24619239,11246.429,22500.573,488.63,-3690.94,0.8899,0.6632,0.2248,1,3,0.2872
2264,62985.50,9729.50,90.574,615768.838,32.30842772,-69.24586649,11135.074,22490.662,486.47,-3689.72,0.8416,0.5125,0.3157,1,3,0.3688
2265,62985.50,10113.50,-19.407,615777.579,32.29819421,-69.24557848,11025.093,22481.921,485.75,-3689.67,0.8587,0.5914,0.3575,1,3,0.4736
2266,62985.50,10497.50,-128.133,615786.108,32.28807787,-69.24529685,10916.367,22473.392,486.35,-3689.85,0.9073,0.6241,0.3668,1,3,0.4942
2267,62985.50,10881.50,-237.792,615794.600,32.27787493,-69.24501577,10806.708,22464.900,486.08,-3690.06,0.8184,0.2824,0.0644,1,3,0.2165
2268,62985.50,11265.50,-347.147,615803.366,32.26770064,-69.24472503,10697.353,22456.134,486.19,-3690.00,0.8788,0.5369,0.1661,1,3,0.2903
2269,62985.50,11649.50,-457.140,615812.057,32.25746724,-69.24443609,10587.360,22447.443,485.72,-3690.02,0.8380,0.3014,0.1037,1,3,0.2912
2270,63369.50,2817.50,2040.673,615717.140,32.48989487,-69.24745981,13085.173,22542.360,475.26,-3689.25,0.8211,0.4539,0.3403,1,4,0.3317
2271,63369.50,3201.50,1933.987,615725.733,32.47996472,-69.24718783,12978.487,22533.767,476.64,-3689.27,0.8205,0.4794,0.3329,1,4,0.3382
2272,63369.50,3585.50,1826.611,615734.175,32.46997070,-69.24692029,12871.111,22525.325,477.40,-3689.44,0.7950,0.4748,0.2204,1,4,0.2122
2273,63369.50,3969.50,1718.677,615743.190,32.45992493,-69.24663329,12763.177,22516.310,477.67,-3689.05,0.8428,0.7037,0.3198,1,4,0.3118
2274,63369.50,4353.50,1612.456,615751.089,32.45003901,-69.24638231,12656.956,22508.411,479.72,-3689.77,0.7570,0.3956,0.2192,1,4,0.1872
2275,63369.50,4737.50,1506.718,615758.836,32.44019843,-69.24613571,12551.218,22500.664,482.31,-3690.66,0.8464,0.5556,0.5240,1,4,0.4920
2276,63369.50,5121.50,1400.799,615767.165,32.43034108,-69.24586935,12445.299,22492.335,484.79,-3690.96,0.7997,0.3870,0.2777,1,4,0.2828
2277,63369.50,5505.50,1293.287,615775.692,32.42033567,-69.24559594,12337.787,22483.808,485.75,-3691.08,0.7876,0.6249,0.0895,1,4,0.1235
2278,63369.50,5889.50,1183.940,615784.348,32.41015982,-69.24531778,12228.440,22475.152,484.93,-3691.07,0.8264,0.3587,0.4335,1,4,0.3746
2279,63369.50,6273.50,1075.482,615793.958,32.40006675,-69.24500747,12119.982,22465.542,485.07,-3690.10,0.8120,0.5604,0.4001,1,4,0.4487
2280,63369.50,6657.50,967.413,615802.426,32.39001038,-69.24473418,12011.913,22457.074,485.66,-3690.29,0.8153,0.3729,0.2208,1,4,0.2698
2281,63369.50,7041.50,858.366,615811.113,32.37986329,-69.24445310,11902.866,22448.387,485.34,-3690.26,0.7907,0.3311,0.1051,1,4,0.0821
2282,63369.50,7425.50,749.609,615819.955,32.36974350,-69.24416623,11794.109,22439.545,485.38,-3690.08,0.8132,0.4322,0.1203,1,4,0.1529
2283,63369.50,7809.50,643.152,615828.288,32.35983795,-69.24389544,11687.652,22431.212,487.79,-3690.41,0.8524,0.5810,0.3938,1,4,0.4347
2284,63369.50,8193.50,534.636,615836.342,32.34974106,-69.24363333,11579.136,22423.158,488.20,-3691.03,0.7308,0.3950,0.1494,1,4,0.1233
2285,63369.50,9345.50,209.037,615862.032,32.31944741,-69.24279274,11253.537,22397.468,489.78,-3691.38,0.9008,0.6820,0.0588,1,4,0.0304
2286,63369.50,9729.50,96.645,615872.152,32.30899108,-69.24245998,11141.145,22387.348,486.58,-3689.95,0.8524,0.5979,0.4355,1,4,0.4305
2287,63369.50,10113.50,-13.979,615880.795,32.29869949,-69.24217526,11030.521,22378.705,485.22,-3690.01,0.7703,0.3259,0.4675,1,4,0.4802
2288,63369.50,10497.50,-123.239,615889.656,32.28853519,-69.24188271,10921.261,22369.844,485.28,-3689.84,0.8939,0.7384,0.0406,1,4,0.0784
2289,63369.50,10881.50,-231.286,615898.305,32.27848396,-69.24159649,10813.214,22361.195,486.63,-3689.90,0.8979,0.6569,0.4252,1,4,0.3586
2290,63369.50,11265.50,-340.812,615906.449,32.26829538,-69.24132629,10703.688,22353.051,486.56,-3690.46,0.8869,0.6046,0.0860,1,4,0.1057
2291,63369.50,11649.50,-451.074,615915.226,32.25803867,-69.24103457,10593.426,22344.274,485.83,-3690.40,0.8379,0.3523,0.0826,1,4,0.2010
2292,63753.50,2817.50,2044.931,615820.771,32.49025910,-69.24404244,13089.431,22438.729,473.49,-3689.19,0.8675,0.4425,0.2578,1,4,0.2598
2293,63753.50,3201.50,1937.264,615829.583,32.48023933,-69.24376336,12981.764,22429.917,473.89,-3688.99,0.8445,0.3514,0.2512,1,4,0.2581
2294,63753.50,3585.50,1829.079,615839.127,32.47017137,-69.24345958,12873.579,22420.373,473.85,-3688.06,0.8078,0.4930,0.2711,1,4,0.3034
2295,63753.50,3969.50,1720.524,615847.755,32.46006965,-69.24318543,12765.024,22411.745,473.49,-3688.06,0.7540,0.5341,0.2783,1,4,0.3398
2296,63753.50,4353.50,1615.090,615855.798,32.45025859,-69.24292962,12659.590,22403.702,476.33,-3688.64,0.7819,0.4815,0.0428,1,4,0.0585
2297,63753.50,4737.50,1508.692,615863.533,32.44035822,-69.24268349,12553.192,22395.967,478.26,-3689.54,0.8062,0.5348,0.4740,1,4,0.4514
2298,63753.50,5121.50,1404.653,615871.441,32.43067749,-69.24243086,12449.153,22388.059,482.62,-3690.26,0.7456,0.5025,0.1122,1,4,0.1392
2299,63753.50,5505.50,1297.260,615880.434,32.42068481,-69.24214211,12341.760,22379.066,483.70,-3689.91,0.8657,0.7255,0.6789,1,4,0.7161
2300,63753.50,5889.50,1189.475,615888.937,32.41065598,-69.24186892,12233.975,22370.563,484.44,-3690.05,0.8902,0.5565,0.4017,1,4,0.4410
2301,63753.50,6273.50,1082.648,615896.529,32.40071672,-69.24162512,12127.148,22362.971,486.21,-3691.11,0.8223,0.3939,0.1974,1,4,0.1389
2302,63753.50,6657.50,975.548,615905.125,32.39075219,-69.24134758,12020.048,22354.375,487.78,-3691.16,0.8599,0.5131,0.1131,1,4,0.1705
2303,63753.50,7041.50,865.994,615914.018,32.38055960,-69.24105977,11910.494,22345.482,486.95,-3690.93,0.8188,0.3326,0.1604,1,4,0.1385
2304,63753.50,7425.50,756.716,615922.546,32.37039299,-69.24078333,11801.216,22336.954,486.47,-3691.06,0.8789,0.6780,0.4951,1,4,0.4578
2305,63753.50,7809.50,650.346,615931.048,32.36049712,-69.24050701,11694.846,22328.452,488.96,-3691.23,0.8590,0.5685,0.0702,1,4,0.1082
2306,63753.50,8193.50,543.897,615938.753,32.35059428,-69.24025637,11588.397,22320.747,491.44,-3692.20,0.7532,0.3661,0.1866,1,4,0.1226
2307,63753.50,8577.50,435.216,615947.449,32.34048404,-69.23997250,11479.716,22312.051,491.75,-3692.18,0.7954,0.3794,0.5981,1,4,0.5451
2308,63753.50,8961.50,326.917,615956.275,32.33040960,-69.23968372,11371.417,22303.225,492.52,-3692.03,0.8311,0.5540,0.2823,1,4,0.3243
2309,63753.50,9345.50,216.493,615965.001,32.32013776,-69.23939759,11260.993,22294.499,491.22,-3691.99,0.8084,0.4588,0.4760,1,4,0.5361
2310,63753.50,9729.50,103.695,615974.928,32.30964538,-69.23907127,11148.195,22284.572,487.61,-3690.75,0.7603,0.4380,0.1777,1,4,0.1776
2311,63753.50,10113.50,-6.489,615984.602,32.29939644,-69.23875259,11038.011,22274.898,486.69,-3689.77,0.8877,0.7596,0.4913,1,4,0.4603
2312,63753.50,10497.50,-115.831,615992.740,32.28922609,-69.23848389,10928.669,22266.760,486.68,-3690.33,0.8910,0.5682,0.0397,1,4,0.0512
2313,63753.50,10881.50,-227.151,616001.687,32.27887219,-69.23818789,10817.349,22257.813,484.75,-3690.09,0.8106,0.6897,0.6721,1,4,0.7607
2314,63753.50,11265.50,-337.914,616010.688,32.26857026,-69.23788944,10706.586,22248.812,483.45,-3689.80,0.7748,0.4535,0.3995,1,4,0.4789
2315,63753.50,11649.50,-447.070,616019.073,32.25841812,-69.23761068,10597.430,22240.427,483.82,-3690.13,0.8385,0.5537,0.4921,1,4,0.5719
2316,64137.50,2817.50,2050.222,615924.888,32.49071910,-69.24060894,13094.722,22334.612,472.85,-3688.65,0.8747,0.4795,0.1050,1,4,0.0764
2317,64137.50,3201.50,1940.755,615934.338,32.48053341,-69.24030904,12985.255,22325.162,471.46,-3687.81,0.8152,0.3013,0.3025,1,4,0.2208
2318,64137.50,3585.50,1830.973,615943.941,32.47031859,-69.24000352,12875.473,22315.559,469.82,-3686.83,0.7657,0.3576,0.2524,1,4,0.1377
2319,64137.50,3969.50,1722.143,615952.853,32.46019285,-69.23972003,12766.643,22306.647,469.19,-3686.54,0.7286,0.3858,0.1453,1,4,0.2640
2320,64137.50,4353.50,1616.182,615961.146,32.45033449,-69.23945605,12660.682,22298.354,471.50,-3686.87,0.7408,0.3731,0.1570,1,4,0.2623
2321,64137.50,4737.50,1510.837,615969.264,32.44053363,-69.23919720,12555.337,22290.236,474.49,-3687.38,0.8102,0.5049,0.2852,1,4,0.2699
2322,64137.50,5121.50,1406.545,615975.560,32.43083137,-69.23899775,12451.045,22283.940,478.59,-3689.72,0.6927,0.6082,1.0592,1,4,1.0263
2323,64137.50,5505.50,1303.628,615983.759,32.42125684,-69.23873489,12348.128,22275.741,484.14,-3690.16,0.8467,0.5616,0.3921,1,4,0.4412
2324,64137.50,5889.50,1196.563,615991.600,32.41129686,-69.23848352,12241.063,22267.900,485.61,-3690.97,0.8463,0.4203,0.1854,1,4,0.1711
2325,64137.50,6273.50,1090.719,615999.812,32.40145059,-69.23821923,12135.219,22259.688,488.36,-3691.40,0.8115,0.4903,0.2551,1,4,0.3095
2326,64137.50,6657.50,982.560,616007.805,32.39138924,-69.23796170,12027.060,22251.695,488.87,-3692.06,0.7879,0.3576,0.3768,1,4,0.3077
2327,64137.50,7041.50,873.872,616017.287,32.38127878,-69.23765448,11918.372,22242.213,488.91,-3691.24,0.8275,0.4225,0.2753,1,4,0.3374
2328,64137.50,7425.50,765.003,616025.757,32.37115192,-69.23737998,11809.503,22233.743,488.84,-3691.43,0.7384,0.3451,0.1723,1,4,0.1423
2329,64137.50,7809.50,657.540,616034.107,32.36115614,-69.23710877,11702.040,22225.393,490.24,-3691.75,0.8887,0.7470,0.1611,1,4,0.2007
2330,64137.50,8193.50,550.210,616042.034,32.35117298,-69.23685087,11594.710,22217.466,491.83,-3692.49,0.8028,0.3154,0.2435,1,4,0.2251
2331,64137.50,8577.50,442.604,616050.444,32.34116437,-69.23657645,11487.104,22209.056,493.22,-3692.76,0.8350,0.3491,0.1041,1,4,0.0264
2332,64137.50,8961.50,333.208,616059.125,32.33098959,-69.23629250,11377.708,22200.375,492.89,-3692.76,0.8657,0.4919,0.2779,1,4,0.2977
2333,64137.50,9345.50,223.270,616068.592,32.32076462,-69.23598198,11267.770,22190.908,492.08,-3691.98,0.7815,0.2944,0.4669,1,4,0.5308
2334,64137.50,9729.50,112.215,616077.770,32.31043613,-69.23568036,11156.715,22181.730,490.22,-3691.49,0.8179,0.2507,0.3160,1,4,0.3601
2335,64137.50,10113.50,1.240,616086.894,32.30011531,-69.23537988,11045.740,22172.606,488.50,-3691.06,0.8068,0.4518,0.4024,1,4,0.3746
2336,64137.50,10497.50,-109.975,616095.887,32.28977255,-69.23508306,10934.525,22163.613,486.62,-3690.77,0.7517,0.3523,0.3283,1,4,0.3761
2337,64137.50,10881.50,-222.213,616106.076,32.27933499,-69.23474612,10822.287,22153.424,483.77,-3689.28,0.7638,0.3485,0.5030,1,4,0.5082
2338,64137.50,11265.50,-334.321,616115.085,32.26890971,-69.23444741,10710.179,22144.415,481.13,-3688.98,0.9103,0.7508,0.3535,1,4,0.4493
2339,64521.50,2817.50,2055.559,616028.266,32.49118343,-69.23719984,13100.059,22231.234,472.29,-3688.85,0.8686,0.5237,0.2044,1,4,0.2920
2340,64521.50,3201.50,1944.741,616038.619,32.48087351,-69.23687035,12989.241,22220.881,469.54,-3687.11,0.7720,0.3438,0.2329,1,4,0.1300
2341,64521.50,3585.50,1833.248,616048.428,32.47050135,-69.23655823,12877.748,22211.072,466.19,-3685.91,0.7518,0.2820,0.3951,1,4,0.5853
2342,64521.50,3969.50,1724.174,616057.297,32.46035458,-69.23627619,12768.674,22202.203,465.32,-3685.67,0.8319,0.6504,0.4677,1,4,0.5502
2343,64521.50,4353.50,1618.047,616066.001,32.45048236,-69.23599869,12662.547,22193.499,467.46,-3685.59,0.7439,0.5379,0.7532,1,4,0.8835
2344,64521.50,4737.50,1513.319,616073.224,32.44074080,-69.23576933,12557.819,22186.276,471.07,-3687.00,0.7071,0.6355,0.9240,1,4,0.9956
2345,64521.50,5505.50,1310.482,616086.568,32.42187408,-69.23534467,12354.982,22172.932,485.10,-3690.93,0.6811,0.4253,0.1816,1,4,0.1900
2346,64521.50,5889.50,1205.021,616094.249,32.41206491,-69.23509854,12249.521,22165.251,488.17,-3691.89,0.8326,0.6059,0.2590,1,4,0.2740
2347,64521.50,6273.50,1097.929,616102.349,32.40210419,-69.23483808,12142.429,22157.151,489.68,-3692.44,0.7746,0.2300,0.3382,1,4,0.2686
2348,64521.50,6657.50,989.870,616110.908,32.39205375,-69.23456191,12034.370,22148.592,490.28,-3692.53,0.8393,0.5250,0.4020,1,4,0.3244
2349,64521.50,7041.50,881.478,616119.634,32.38197257,-69.23427963,11925.978,22139.866,490.62,-3692.46,0.8279,0.4858,0.2443,1,4,0.1723
2350,64521.50,7425.50,772.994,616128.774,32.37188317,-69.23398308,11817.494,22130.726,490.93,-3691.99,0.8315,0.4817,0.2711,1,4,0.3395
2351,64521.50,7809.50,664.260,616137.218,32.36177081,-69.23370886,11708.760,22122.282,491.06,-3692.21,0.8633,0.6440,0.0864,1,4,0.0407
2352,64521.50,8193.50,556.568,616145.132,32.35175564,-69.23345143,11601.068,22114.368,492.30,-3692.97,0.8182,0.4424,0.4435,1,4,0.4020
2353,64521.50,8577.50,448.456,616154.293,32.34170164,-69.23315229,11492.956,22105.207,493.18,-3692.48,0.7961,0.5590,0.2597,1,4,0.2714
2354,64521.50,8961.50,339.547,616162.996,32.33157384,-69.23286765,11384.047,22096.504,493.34,-3692.46,0.8173,0.3436,0.2669,1,4,0.2847
2355,64521.50,9345.50,229.847,616171.838,32.32137276,-69.23257779,11274.347,22087.662,492.76,-3692.30,0.8403,0.4648,0.2336,1,4,0.2997
2356,64521.50,9729.50,119.242,616180.978,32.31108774,-69.23227747,11163.742,22078.522,491.35,-3691.85,0.7947,0.3255,0.5145,1,4,0.5738
2357,64521.50,10113.50,8.469,616189.951,32.30078744,-69.23198199,11052.969,22069.549,489.84,-3691.57,0.8175,0.4322,0.1996,1,4,0.2474
2358,64521.50,10497.50,-104.132,616199.476,32.29031753,-69.23166768,10940.368,22060.024,486.57,-3690.75,0.7706,0.3993,0.4099,1,4,0.4267
2359,64521.50,10881.50,-216.341,616209.732,32.27988437,-69.23132856,10828.159,22049.768,483.76,-3689.19,0.8528,0.5746,0.3072,1,4,0.2298
2360,64521.50,11265.50,-327.227,616217.786,32.26957449,-69.23106140,10717.273,22041.714,482.33,-3689.85,0.8183,0.4171,0.6291,1,4,0.7287
2361,64521.50,11649.50,-436.607,616226.584,32.25940502,-69.23076909,10607.893,22032.916,482.48,-3689.76,0.8408,0.4286,0.5296,1,4,0.6106
2362,64905.50,2817.50,2061.830,616131.364,32.49173467,-69.23379994,13106.330,22128.136,472.74,-3689.24,0.8378,0.4961,0.3743,1,4,0.4036
2363,64905.50,3201.50,1950.650,616141.606,32.48139275,-69.23347416,12995.150,22117.894,469.63,-3687.61,0.7714,0.3333,0.2175,1,4,0.3176
2364,64905.50,3585.50,1839.658,616152.079,32.47106865,-69.23314011,12884.158,22107.421,466.78,-3685.76,0.7777,0.3191,0.2175,1,4,0.2525
2365,64905.50,5505.50,1316.444,616190.236,32.42240797,-69.23192623,12360.944,22069.264,485.25,-3690.75,0.7711,0.6451,0.2714,1,4,0.3073
2366,64905.50,5889.50,1212.037,616197.677,32.41269843,-69.23168796,12256.537,22061.823,489.37,-3691.96,0.8475,0.6198,0.3070,1,4,0.3716
2367,64905.50,6273.50,1104.587,616205.901,32.40270607,-69.23142346,12149.087,22053.599,490.52,-3692.38,0.7885,0.4109,0.2601,1,4,0.2520
2368,64905.50,6657.50,996.563,616214.426,32.39266064,-69.23114848,12041.063,22045.074,491.16,-3692.51,0.7804,0.4492,0.3315,1,4,0.2967
2369,64905.50,7041.50,887.385,616223.177,32.38250808,-69.23086544,11931.885,22036.323,490.72,-3692.42,0.8203,0.4800,0.1810,1,4,0.1158
2370,64905.50,7425.50,778.756,616232.445,32.37240675,-69.23056473,11823.256,22027.055,490.88,-3691.81,0.8034,0.2203,0.3967,1,4,0.4638
2371,64905.50,7809.50,669.523,616240.515,32.36224981,-69.23030289,11714.023,22018.985,490.51,-3692.41,0.8054,0.4469,0.4376,1,4,0.3944
2372,64905.50,8193.50,561.999,616249.625,32.35225179,-69.23000605,11606.499,22009.875,491.92,-3691.97,0.7814,0.4528,0.3187,1,4,0.3806
2373,64905.50,8577.50,454.897,616258.311,32.34229342,-69.22972259,11499.397,22001.189,493.81,-3691.96,0.7776,0.6908,0.8500,1,4,0.9067
2374,64905.50,8961.50,345.550,616266.402,32.33212661,-69.22945818,11390.050,21993.098,493.53,-3692.55,0.8420,0.4502,0.4305,1,4,0.5096
2375,64905.50,9345.50,236.142,616274.901,32.32195436,-69.22917968,11280.642,21984.599,493.25,-3692.74,0.8348,0.4654,0.2380,1,4,0.3063
2376,64905.50,9729.50,125.264,616283.978,32.31164581,-69.22888147,11169.764,21975.522,491.57,-3692.35,0.7848,0.4533,0.2637,1,4,0.2972
2377,64905.50,10113.50,14.048,616293.638,32.30130598,-69.22856338,11058.548,21965.862,489.61,-3691.38,0.8358,0.4539,0.2140,1,4,0.1709
2378,64905.50,10497.50,-99.188,616303.030,32.29077879,-69.22825346,10945.312,21956.470,485.71,-3690.69,0.7771,0.5248,0.7445,1,4,0.7801
2379,64905.50,10881.50,-210.178,616312.465,32.28046067,-69.22794149,10834.322,21947.035,484.11,-3689.96,0.8141,0.3590,0.3642,1,4,0.4171
2380,64905.50,11265.50,-319.346,616321.054,32.27031225,-69.22765675,10725.154,21938.446,484.41,-3690.08,0.8991,0.6345,0.2483,1,4,0.3006
2381,65289.50,2817.50,2067.993,616235.278,32.49227532,-69.23037315,13112.493,22024.222,473.03,-3688.86,0.8424,0.4810,0.2777,1,4,0.1572
2382,65289.50,3201.50,1958.243,616244.967,32.48206827,-69.23006552,13002.743,22014.533,471.36,-3687.79,0.7308,0.2327,0.3770,1,4,0.2467
2383,65289.50,3585.50,1847.710,616254.593,32.47178884,-69.22975940,12892.210,22004.907,468.96,-3686.78,0.7680,0.3662,0.2599,1,4,0.0957
2384,65289.50,5505.50,1322.616,616293.209,32.42296129,-69.22853075,12367.116,21966.291,485.55,-3691.32,0.7892,0.5290,0.2015,1,4,0.1851
2385,65289.50,5889.50,1217.423,616301.065,32.41318028,-69.22827888,12261.923,21958.435,488.89,-3692.10,0.7504,0.3709,0.1893,1,4,0.1863
2386,65289.50,6273.50,1110.926,616309.008,32.40327822,-69.22802362,12155.426,21950.492,491.00,-3692.81,0.8910,0.7532,0.1648,1,4,0.0956
2387,65289.50,6657.50,1003.115,616317.963,32.39325416,-69.22773447,12047.615,21941.537,491.85,-3692.51,0.9161,0.6948,0.2996,1,4,0.3573
2388,65289.50,7041.50,894.414,616326.283,32.38314772,-69.22746566,11938.914,21933.217,491.88,-3692.84,0.8372,0.4268,0.1280,1,4,0.0985
2389,65289.50,7425.50,783.673,616335.568,32.37285172,-69.22716450,11828.173,21923.932,489.94,-3692.22,0.8472,0.5875,0.2917,1,4,0.2488
2390,65289.50,7809.50,675.419,616344.441,32.36278741,-69.22687620,11719.919,21915.059,490.55,-3692.02,0.7778,0.3849,0.1363,1,4,0.1755
2391,65289.50,8193.50,567.827,616352.568,32.35278481,-69.22661184,11612.327,21906.932,491.88,-3692.56,0.9090,0.6577,0.1602,1,4,0.1449
2392,65289.50,8577.50,460.250,616361.081,32.34278402,-69.22633410,11504.750,21898.419,493.30,-3692.72,0.7899,0.2137,0.2563,1,4,0.3296
2393,65289.50,8961.50,351.964,616369.361,32.33271746,-69.22606346,11396.464,21890.139,494.08,-3693.12,0.8639,0.5169,0.2493,1,4,0.3169
2394,65289.50,9345.50,242.207,616378.400,32.32251449,-69.22576718,11286.707,21881.100,493.45,-3692.77,0.8280,0.4830,0.2691,1,4,0.3492
2395,65289.50,9729.50,131.389,616387.701,32.31221314,-69.22546165,11175.889,21871.799,491.83,-3692.16,0.7729,0.4801,0.4539,1,4,0.5173
2396,65289.50,10113.50,19.415,616397.553,32.30180463,-69.22513728,11063.915,21861.947,489.12,-3691.00,0.8044,0.2935,0.3651,1,4,0.3698
2397,65289.50,10497.50,-92.520,616406.571,32.29140018,-69.22483972,10951.980,21852.929,486.51,-3690.68,0.7880,0.4124,0.1484,1,4,0.1821
2398,65289.50,10881.50,-203.326,616415.700,32.28110087,-69.22453788,10841.174,21843.800,485.10,-3690.26,0.7423,0.3325,0.1251,1,4,0.1814
2399,65289.50,11265.50,-312.752,616424.596,32.27093019,-69.22424307,10731.748,21834.904,485.14,-3690.07,0.8888,0.6578,0.1653,1,4,0.1001
2400,65673.50,2817.50,2075.691,616338.073,32.49295884,-69.22698312,13120.191,21921.427,474.67,-3689.72,0.7318,0.1733,0.5217,1,0,0.6150
2401,65673.50,3201.50,1966.435,616347.922,32.48279939,-69.22667020,13010.935,21911.578,473.49,-3688.48,0.7807,0.4144,0.5845,1,0,0.6988
2402,65673.50,3585.50,1856.705,616357.018,32.47259645,-69.22638152,12901.205,21902.482,471.90,-3688.01,0.7917,0.3578,0.1651,1,0,0.2386
2403,65673.50,3969.50,1747.865,616366.337,32.46247641,-69.22608478,12792.365,21893.163,471.27,-3687.31,0.7692,0.3737,0.2430,1,0,0.2826
2404,65673.50,4353.50,1639.949,616374.590,32.45244288,-69.22582245,12684.449,21884.910,471.62,-3687.68,0.8361,0.5706,0.8587,1,0,0.8361
2405,65673.50,4737.50,1535.117,616383.024,32.44269625,-69.22555329,12579.617,21876.476,475.13,-3687.88,0.6981,0.5277,1.2445,1,0,1.2186
2406,65673.50,5121.50,1432.318,616389.677,32.43313917,-69.22534208,12476.818,21869.823,480.73,-3689.86,0.5597,0.3413,0.1295,1,0,0.1279
2407,65673.50,5505.50,1328.430,616396.863,32.42348106,-69.22511284,12372.930,21862.637,485.31,-3691.31,0.7345,0.3699,0.3242,1,0,0.3348
2408,65673.50,5889.50,1223.521,616404.428,32.41372812,-69.22487058,12268.021,21855.072,488.94,-3692.39,0.8375,0.4119,0.0321,1,0,0.0051
2409,65673.50,6273.50,1116.639,616412.681,32.40379185,-69.22460519,12161.139,21846.819,490.65,-3692.79,0.8051,0.2426,0.0670,1,0,0.0872
2410,65673.50,6657.50,1007.805,616421.808,32.39367437,-69.22431044,12052.305,21837.692,490.49,-3692.32,0.8002,0.5002,0.2941,1,0,0.2536
2411,65673.50,7041.50,899.140,616430.627,32.38357286,-69.22402522,11943.640,21828.873,490.55,-3692.15,0.8089,0.4518,0.3305,1,0,0.2799
2412,65673.50,7425.50,790.213,616439.806,32.37344730,-69.22372750,11834.713,21819.694,490.42,-3691.64,0.8499,0.4687,0.5623,1,0,0.5167
2413,65673.50,7809.50,679.958,616448.451,32.36319861,-69.22344682,11724.458,21811.049,489.03,-3691.66,0.8721,0.6264,0.2445,1,0,0.2251
2414,65673.50,8961.50,357.188,616473.523,32.33319748,-69.22262916,11401.688,21785.977,493.25,-3692.61,0.8148,0.4253,0.3510,1,0,0.3343
2415,65673.50,9345.50,247.409,616482.370,32.32299414,-69.22233926,11291.909,21777.130,492.60,-3692.45,0.8277,0.3094,0.3840,1,0,0.3909
2416,65673.50,9729.50,137.110,616491.428,32.31274279,-69.22204174,11181.610,21768.072,491.50,-3692.09,0.8562,0.5181,0.5037,1,0,0.5392
2417,65673.50,10113.50,25.730,616500.723,32.30239131,-69.22173578,11070.230,21758.777,489.39,-3691.48,0.8348,0.4042,0.2656,1,0,0.3186
2418,65673.50,10497.50,-86.371,616509.929,32.29197301,-69.22143209,10958.129,21749.571,486.61,-3690.98,0.7805,0.3001,0.2135,1,0,0.1469
2419,65673.50,10881.50,-196.584,616519.299,32.28173065,-69.22112233,10847.916,21740.201,485.80,-3690.31,0.8521,0.4448,0.2574,1,0,0.3492
2420,65673.50,11265.50,-306.377,616527.820,32.27152745,-69.22083989,10738.123,21731.680,485.47,-3690.50,0.8346,0.4404,0.0948,1,0,0.2232
2421,66057.50,2817.50,2082.478,616441.170,32.49355736,-69.22358328,13126.978,21818.330,475.44,-3690.26,0.8282,0.4438,0.3904,1,0,0.4412
2422,66057.50,3201.50,1974.234,616450.277,32.48349397,-69.22329477,13018.734,21809.223,475.27,-3689.77,0.7701,0.3557,0.2046,1,0,0.2513
2423,66057.50,3585.50,1865.680,616459.559,32.47340192,-69.22299988,12910.180,21799.941,474.86,-3689.10,0.8371,0.4974,0.2193,1,0,0.2506
2424,66057.50,3969.50,1757.274,616468.748,32.46332394,-69.22270742,12801.774,21790.752,474.66,-3688.53,0.8740,0.6694,0.2295,1,0,0.2842
2425,66057.50,4353.50,1649.394,616476.843,32.45329541,-69.22245035,12693.894,21782.657,475.05,-3689.07,0.8366,0.5020,0.8254,1,0,0.8070
2426,66057.50,4737.50,1543.962,616484.826,32.44349472,-69.22219618,12588.462,21774.674,477.96,-3689.71,0.7558,0.5140,0.5935,1,0,0.5802
2427,66057.50,5121.50,1439.182,616492.408,32.43375494,-69.22195455,12483.682,21767.092,481.58,-3690.77,0.7886,0.5116,0.9405,1,0,0.9379
2428,66057.50,5505.50,1334.728,616500.051,32.42404570,-69.22171030,12379.228,21759.449,485.60,-3691.76,0.8869,0.6092,0.2939,1,0,0.3157
2429,66057.50,5889.50,1228.091,616508.925,32.41413356,-69.22142504,12272.591,21750.575,487.49,-3691.53,0.7281,0.3321,0.3576,1,0,0.3248
2430,66057.50,6273.50,1121.593,616517.136,32.40423472,-69.22116101,12166.093,21742.364,489.60,-3691.97,0.8308,0.5532,0.4857,1,0,0.4354
2431,66057.50,6657.50,1014.627,616524.759,32.39429274,-69.22091582,12059.127,21734.741,491.30,-3693.00,0.8737,0.5177,0.1089,1,0,0.1425
2432,66057.50,7041.50,905.325,616533.512,32.38413373,-69.22063285,11949.825,21725.988,490.73,-3692.90,0.7925,0.3322,0.3343,1,0,0.3847
2433,66057.50,7425.50,795.296,616543.496,32.37390732,-69.22030869,11839.796,21716.004,489.50,-3691.58,0.9090,0.8156,0.6338,1,0,0.5981
2434,66057.50,7809.50,686.910,616551.997,32.36383404,-69.22003269,11731.410,21707.503,489.97,-3691.75,0.8361,0.5251,0.2474,1,0,0.2006
2435,66057.50,8193.50,578.447,616560.135,32.35375400,-69.21976806,11622.947,21699.365,490.44,-3692.28,0.7541,0.3847,0.3204,1,0,0.3435
2436,66057.50,8577.50,471.672,616567.726,32.34383100,-69.21952079,11516.172,21691.774,492.66,-3693.37,0.8786,0.6260,0.4992,1,0,0.5288
2437,66057.50,8961.50,363.044,616576.491,32.33373606,-69.21923422,11407.544,21683.009,493.10,-3693.28,0.7847,0.1405,0.3213,1,0,0.3452
2438,66057.50,9345.50,252.912,616585.613,32.32350162,-69.21893530,11297.412,21673.887,492.10,-3692.84,0.8209,0.1958,0.2251,1,0,0.2309
2439,66057.50,9729.50,143.133,616594.863,32.31330031,-69.21863149,11187.633,21664.637,491.52,-3692.28,0.8024,0.2919,0.3498,1,0,0.3892
2440,66057.50,10113.50,31.613,616604.354,32.30293754,-69.21831912,11076.113,21655.146,489.26,-3691.49,0.8205,0.2880,0.2221,1,0,0.2752
2441,66057.50,10497.50,-79.655,616613.546,32.29259841,-69.21801590,10964.845,21645.954,487.32,-3690.99,0.8219,0.3077,0.1234,1,0,0.1060
2442,66057.50,10881.50,-190.176,616622.503,32.28232907,-69.21771980,10854.324,21636.997,486.20,-3690.74,0.8604,0.4667,0.3144,1,0,0.4024
2443,66057.50,11265.50,-300.592,616631.529,32.27206974,-69.21742077,10743.908,21627.971,485.25,-3690.42,0.8758,0.6697,0.4913,1,0,0.6293
2444,66057.50,11649.50,-411.256,616640.744,32.26178772,-69.21711486,10633.244,21618.756,484.12,-3689.92,0.8356,0.4592,0.3284,1,0,0.4783
2445,66441.50,2817.50,2089.268,616544.737,32.49415588,-69.22016797,13133.768,21714.763,476.38,-3690.28,0.8231,0.2796,0.2828,1,0,0.4286
2446,66441.50,3201.50,1981.698,616553.276,32.48415686,-69.21989815,13026.198,21706.224,476.88,-3690.36,0.8712,0.7158,0.0948,1,0,0.1496
2447,66441.50,3585.50,1874.200,616561.971,32.47416485,-69.21962256,12918.700,21697.529,477.53,-3690.28,0.8225,0.4658,0.6310,1,0,0.6091
2448,66441.50,3969.50,1765.693,616570.971,32.46407923,-69.21933638,12810.193,21688.529,477.23,-3689.90,0.8528,0.6936,0.3924,1,0,0.3729
2449,66441.50,4353.50,1658.523,616579.894,32.45411814,-69.21905203,12703.023,21679.606,478.33,-3689.60,0.8449,0.4750,0.5719,1,0,0.5783
2450,66441.50,4737.50,1550.920,616588.698,32.44411711,-69.21877100,12595.420,21670.802,479.06,-3689.43,0.7940,0.5625,0.4766,1,0,0.5023
2451,66441.50,5121.50,1444.870,616596.875,32.43426081,-69.21850989,12489.370,21662.625,481.42,-3689.89,0.8283,0.5563,0.3740,1,0,0.3813
2452,66441.50,5505.50,1341.302,616603.838,32.42463569,-69.21828805,12385.802,21655.662,486.32,-3691.56,0.8065,0.4926,0.1883,1,0,0.1656
2453,66441.50,6273.50,1127.418,616620.264,32.40475853,-69.21776061,12171.918,21639.236,489.57,-3692.43,0.7771,0.5652,0.5755,1,0,0.5897
2454,66441.50,6657.50,1020.392,616628.483,32.39481251,-69.21749580,12064.892,21631.017,491.21,-3692.87,0.8428,0.2967,0.0323,1,0,0.0762
2455,66441.50,7041.50,911.144,616637.146,32.38466028,-69.21721581,11955.644,21622.354,490.70,-3692.86,0.8895,0.6330,0.4000,1,0,0.4579
2456,66441.50,7425.50,800.724,616646.671,32.37439925,-69.21690685,11845.224,21612.829,489.08,-3692.00,0.7979,0.6412,0.2882,1,0,0.3228
2457,66441.50,7809.50,693.075,616654.831,32.36439628,-69.21664212,11737.575,21604.669,490.29,-3692.50,0.8540,0.4389,0.3509,1,0,0.3996
2458,66441.50,8193.50,584.801,616663.171,32.35433536,-69.21637084,11629.301,21596.329,490.95,-3692.83,0.8722,0.7401,0.7637,1,0,0.7959
2459,66441.50,8577.50,476.888,616672.051,32.34430828,-69.21608115,11521.388,21587.449,492.03,-3692.63,0.8669,0.6640,0.2899,1,0,0.2944
2460,66441.50,8961.50,368.949,616680.111,32.33427906,-69.21581786,11413.449,21579.389,493.16,-3693.25,0.8136,0.3150,0.2481,1,0,0.2708
2461,66441.50,9345.50,259.393,616689.446,32.32409983,-69.21551194,11303.893,21570.054,492.74,-3692.60,0.8364,0.3673,0.1935,1,0,0.1823
2462,66441.50,9729.50,148.761,616698.355,32.31382101,-69.21521943,11193.261,21561.145,491.30,-3692.38,0.7991,0.4372,0.0578,1,0,0.0381
2463,66441.50,10113.50,38.247,616707.313,32.30355338,-69.21492461,11082.747,21552.187,490.05,-3692.12,0.7606,0.3247,0.1511,1,0,0.1382
2464,66441.50,10497.50,-73.212,616716.618,32.29319830,-69.21461776,10971.288,21542.882,487.92,-3691.51,0.8238,0.3718,0.2183,1,0,0.2100
2465,66441.50,10881.50,-184.653,616725.990,32.28284520,-69.21430801,10859.847,21533.510,485.88,-3690.84,0.8205,0.3365,0.3020,1,0,0.2024
2466,66441.50,11265.50,-294.627,616735.235,32.27262860,-69.21400179,10749.873,21524.265,485.37,-3690.31,0.8557,0.6150,0.5505,1,0,0.5078
2467,66441.50,11649.50,-404.965,616744.007,32.26237861,-69.21371053,10639.535,21515.493,484.57,-3690.25,0.7982,0.4438,0.2050,1,0,0.3656
2468,66825.50,2817.50,2096.421,616647.846,32.49478805,-69.21676773,13140.921,21611.654,477.65,-3690.75,0.8457,0.4340,0.4441,1,0,0.5838
2469,66825.50,3201.50,1988.661,616656.633,32.48477297,-69.21648981,13033.161,21602.867,477.97,-3690.58,0.8517,0.3929,0.2453,1,0,0.3632
2470,66825.50,3585.50,1882.261,616664.878,32.47488477,-69.21622899,12926.761,21594.622,479.71,-3690.95,0.8562,0.4644,0.1107,1,0,0.1926
2471,66825.50,3969.50,1774.505,616673.529,32.46487064,-69.21595433,12819.005,21585.971,480.16,-3690.92,0.8303,0.3444,0.0418,1,0,0.0225
2472,66825.50,4353.50,1667.030,616681.931,32.45488297,-69.21568722,12711.530,21577.569,480.96,-3691.15,0.8871,0.6398,0.3374,1,0,0.3122
2473,66825.50,4737.50,1559.248,616691.222,32.44486689,-69.21539019,12603.748,21568.278,481.52,-3690.49,0.7414,0.3234,0.2097,1,0,0.2306
2474,66825.50,5121.50,1452.164,616699.494,32.43491615,-69.21512608,12496.664,21560.006,482.84,-3690.85,0.8027,0.6444,0.2854,1,0,0.2890
2475,66825.50,5505.50,1347.454,616707.120,32.42518634,-69.21488249,12391.954,21552.380,486.60,-3691.86,0.8456,0.4931,0.1030,1,0,0.0910
2476,66825.50,5889.50,1241.056,616715.260,32.41529989,-69.21462149,12285.556,21544.240,488.73,-3692.37,0.8533,0.5131,0.1548,1,0,0.1624
2477,66825.50,6273.50,1134.187,616723.696,32.40536979,-69.21435016,12178.687,21535.804,490.47,-3692.58,0.7688,0.3773,0.3913,1,0,0.3935
2478,66825.50,6657.50,1026.207,616731.995,32.39533680,-69.21408277,12070.707,21527.505,491.15,-3692.93,0.8701,0.3863,0.0944,1,0,0.0636
2479,66825.50,7041.50,916.888,616740.729,32.38517967,-69.21380051,11961.388,21518.771,490.57,-3692.86,0.8483,0.5080,0.2760,1,0,0.3311
2480,66825.50,7809.50,698.655,616759.104,32.36490372,-69.21320414,11743.155,21500.396,490.00,-3691.81,0.7860,0.3173,0.3177,1,0,0.2842
2481,66825.50,8193.50,590.396,616766.967,32.35484598,-69.21294863,11634.896,21492.533,490.68,-3692.62,0.8239,0.4137,0.3727,1,0,0.4059
2482,66825.50,8577.50,483.297,616775.115,32.34489620,-69.21268308,11527.797,21484.385,492.57,-3693.15,0.7990,0.3956,0.1975,1,0,0.2290
2483,66825.50,8961.50,375.230,616784.002,32.33485673,-69.21239257,11419.730,21475.498,493.57,-3692.94,0.8250,0.4302,0.2628,1,0,0.2400
2484,66825.50,9345.50,265.529,616792.681,32.32466583,-69.21210831,11310.029,21466.819,493.00,-3692.95,0.8791,0.4145,0.0891,1,0,0.0900
2485,66825.50,9729.50,154.770,616801.550,32.31437683,-69.21181714,11199.270,21457.950,491.44,-3692.77,0.8495,0.4352,0.2735,1,0,0.2940
2486,66825.50,10113.50,44.618,616811.055,32.30414461,-69.21150439,11089.118,21448.445,490.56,-3691.96,0.7454,0.5018,0.2440,1,0,0.2637
2487,66825.50,10497.50,-66.453,616820.139,32.29382729,-69.21120481,10978.047,21439.361,488.82,-3691.57,0.8406,0.2585,0.1741,1,0,0.2489
2488,66825.50,10881.50,-177.250,616828.904,32.28353569,-69.21091514,10867.250,21430.596,487.42,-3691.51,0.7948,0.4198,0.2128,1,0,0.1356
2489,66825.50,11265.50,-287.495,616837.696,32.27329565,-69.21062390,10757.005,21421.804,486.64,-3691.43,0.8275,0.4321,0.2481,1,0,0.2042
2490,66825.50,11649.50,-398.205,616846.947,32.26301272,-69.21031687,10646.295,21412.553,485.46,-3690.89,0.8242,0.4203,0.1073,1,0,0.0903
2491,67209.50,2817.50,2103.753,616750.823,32.49543660,-69.21337190,13148.253,21508.677,479.02,-3691.36,0.8936,0.7218,0.3254,1,0,0.4631
2492,67209.50,3201.50,1995.333,616759.507,32.48536193,-69.21309749,13039.833,21499.993,478.68,-3691.29,0.8247,0.3521,0.3757,1,0,0.3931
2493,67209.50,3585.50,1888.648,616768.190,32.47544878,-69.21282230,12933.148,21491.310,480.14,-3691.22,0.7725,0.4722,0.1596,1,0,0.2128
2494,67209.50,3969.50,1782.953,616775.723,32.46562810,-69.21258430,12827.453,21483.777,482.65,-3692.31,0.8197,0.5165,0.4403,1,0,0.3813
2495,67209.50,4353.50,1675.536,616785.390,32.45564721,-69.21227553,12720.036,21474.110,483.51,-3691.27,0.8263,0.4561,0.4962,1,0,0.5384
2496,67209.50,4737.50,1567.987,616793.774,32.44565455,-69.21200844,12612.487,21465.726,484.30,-3691.52,0.8171,0.5018,0.3375,1,0,0.3525
2497,67209.50,5121.50,1460.606,616801.965,32.43567789,-69.21174711,12505.106,21457.535,485.32,-3691.96,0.8235,0.5051,0.3922,1,0,0.3619
2498,67209.50,5505.50,1353.547,616809.836,32.42573144,-69.21149565,12398.047,21449.664,486.73,-3692.73,0.8473,0.4671,0.5534,1,0,0.5612
2499,67209.50,5889.50,1246.018,616818.954,32.41574136,-69.21120250,12290.518,21440.546,487.74,-3692.26,0.8351,0.5620,0.0791,1,0,0.1066
2500,67209.50,6273.50,1139.640,616826.693,32.40585875,-69.21095416,12184.140,21432.807,489.96,-3693.17,0.8370,0.4796,0.3138,1,0,0.3399
2501,67209.50,6657.50,1031.351,616835.370,32.39579865,-69.21067438,12075.851,21424.130,490.34,-3693.14,0.7833,0.4038,0.3637,1,0,0.4004
2502,67209.50,7041.50,922.664,616844.852,32.38570183,-69.21036745,11967.164,21414.648,490.39,-3692.32,0.8014,0.3337,0.2721,1,0,0.2329
2503,67209.50,7425.50,812.137,616853.406,32.37543449,-69.21009054,11856.637,21406.094,488.66,-3692.43,0.8251,0.4312,0.4927,1,0,0.5345
2504,67209.50,7809.50,703.639,616862.677,32.36535577,-69.20978928,11748.139,21396.823,489.03,-3691.82,0.8714,0.4668,0.1242,1,0,0.0903
2505,67209.50,8193.50,596.048,616870.779,32.35536175,-69.20952594,11640.548,21388.721,490.37,-3692.39,0.8750,0.6500,0.1035,1,0,0.1391
2506,67209.50,8577.50,488.849,616878.937,32.34540434,-69.20926008,11533.349,21380.563,492.17,-3692.91,0.8353,0.4711,0.2276,1,0,0.2355
2507,67209.50,8961.50,381.334,616887.411,32.33541786,-69.20898320,11425.834,21372.089,493.72,-3693.12,0.8729,0.3103,0.2923,1,0,0.2793
2508,67209.50,9345.50,270.174,616896.610,32.32509302,-69.20868187,11314.674,21362.890,491.70,-3692.60,0.8537,0.6264,0.1333,1,0,0.1486
2509,67209.50,9729.50,160.732,616904.982,32.31492822,-69.20840712,11205.232,21354.518,491.45,-3692.92,0.8442,0.3225,0.2965,1,0,0.3014
2510,67209.50,10113.50,51.748,616914.354,32.30480612,-69.20809874,11096.248,21345.146,491.73,-3692.24,0.8477,0.5413,0.4974,1,0,0.5359
2511,67209.50,10497.50,-59.380,616923.362,32.29448519,-69.20780176,10985.120,21336.138,489.94,-3691.93,0.8097,0.3733,0.2623,1,0,0.3222
2512,67209.50,10881.50,-170.170,616932.048,32.28419597,-69.20751472,10874.330,21327.452,488.55,-3691.95,0.7993,0.3388,0.1730,1,0,0.1695
2513,67209.50,11265.50,-280.771,616941.225,32.27392460,-69.20721084,10763.729,21318.275,487.41,-3691.48,0.7770,0.3189,0.2306,1,0,0.1467
2514,67209.50,11649.50,-391.397,616950.413,32.26365121,-69.20690595,10653.103,21309.087,486.32,-3691.01,0.8231,0.4725,0.2502,1,0,0.2840
2515,67593.50,2817.50,2109.803,616853.685,32.49596600,-69.20998004,13154.303,21405.815,479.10,-3692.09,0.8529,0.5835,0.3405,1,1,0.4199
2516,67593.50,3201.50,2002.087,616863.094,32.48595817,-69.20968165,13046.587,21396.406,479.46,-3691.30,0.8252,0.5276,0.4617,1,1,0.5036
2517,67593.50,3969.50,1792.270,616878.586,32.46646589,-69.20919220,12836.770,21380.914,486.00,-3693.04,0.8159,0.5108,0.1711,1,1,0.2028
2518,67593.50,4353.50,1685.233,616887.376,32.45652206,-69.20891234,12729.733,21372.124,487.23,-3692.88,0.8866,0.5946,0.3018,1,1,0.3067
2519,67593.50,4737.50,1576.293,616896.242,32.44640183,-69.20862954,12620.793,21363.258,486.63,-3692.64,0.9140,0.6065,0.1137,1,1,0.1012
2520,67593.50,5121.50,1468.627,616904.758,32.43640025,-69.20835755,12513.127,21354.742,487.37,-3692.76,0.8251,0.4802,0.1844,1,1,0.1893
2521,67593.50,5505.50,1359.958,616913.934,32.42630569,-69.20806325,12404.458,21345.566,487.18,-3692.23,0.8185,0.4898,0.0968,1,1,0.1081
2522,67593.50,5889.50,1252.075,616922.971,32.41628436,-69.20777285,12296.575,21336.529,487.83,-3691.83,0.7880,0.4651,0.3833,1,1,0.3740
2523,67593.50,6273.50,1145.645,616930.374,32.40639862,-69.20753560,12190.145,21329.126,490.00,-3693.08,0.8433,0.4489,0.2555,1,1,0.2538
2524,67593.50,6657.50,1035.728,616939.719,32.39618896,-69.20723393,12080.228,21319.781,488.75,-3692.39,0.8608,0.6228,0.1961,1,1,0.1964
2525,67593.50,7041.50,927.783,616948.497,32.38616281,-69.20695021,11972.283,21311.003,489.54,-3692.27,0.9053,0.7163,0.2307,1,1,0.2352
2526,67593.50,7425.50,819.081,616957.434,32.37606660,-69.20666063,11863.581,21302.066,489.64,-3691.99,0.7792,0.3249,0.2952,1,1,0.2947
2527,67593.50,7809.50,709.266,616966.890,32.36586724,-69.20635336,11753.766,21292.610,488.69,-3691.20,0.7730,0.6809,1.0276,1,1,1.0200
2528,67593.50,8193.50,602.260,616974.525,32.35592932,-69.20610540,11646.760,21284.975,490.62,-3692.24,0.7406,0.4021,0.1524,1,1,0.1461
2529,67593.50,8577.50,494.455,616982.867,32.34591726,-69.20583355,11538.955,21276.633,491.82,-3692.57,0.8071,0.3659,0.1650,1,1,0.1797
2530,67593.50,8961.50,387.222,616990.969,32.33595867,-69.20556898,11431.722,21268.531,493.65,-3693.15,0.8481,0.4163,0.2946,1,1,0.2746
2531,67593.50,9345.50,278.401,616999.552,32.32585289,-69.20528793,11322.901,21259.948,493.96,-3693.25,0.7212,0.1739,0.1682,1,1,0.1674
2532,67593.50,9729.50,169.194,617007.896,32.31571149,-69.20501416,11213.694,21251.604,493.95,-3693.60,0.8761,0.5252,0.2158,1,1,0.1854
2533,67593.50,10113.50,58.399,617017.502,32.30542286,-69.20469815,11102.899,21241.998,492.42,-3692.69,0.7812,0.2777,0.2317,1,1,0.2234
2534,67593.50,10497.50,-52.627,617026.517,32.29511319,-69.20440095,10991.873,21232.983,490.73,-3692.37,0.7605,0.3881,0.0622,1,1,0.0239
2535,67593.50,10881.50,-162.673,617035.739,32.28489472,-69.20409631,10881.827,21223.761,490.08,-3691.85,0.8504,0.3830,0.4438,1,1,0.3985
2536,67593.50,11265.50,-273.554,617044.364,32.27459909,-69.20381066,10770.946,21215.136,488.67,-3691.93,0.8269,0.3889,0.0438,1,1,0.0829
2537,67593.50,11649.50,-384.537,617053.249,32.26429423,-69.20351577,10659.963,21206.251,487.22,-3691.76,0.7902,0.3670,0.2202,1,1,0.2591
2538,67977.50,2817.50,2117.151,616956.846,32.49661561,-69.20657817,13161.651,21302.654,480.45,-3692.58,0.8115,0.4906,0.3363,1,1,0.4110
2539,67977.50,3201.50,2011.291,616964.858,32.48678226,-69.20632571,13055.791,21294.642,482.66,-3693.18,0.7129,0.3691,0.5247,1,1,0.5668
2540,67977.50,3585.50,1904.739,616973.273,32.47688470,-69.20605944,12949.239,21286.227,484.26,-3693.38,0.8823,0.6883,0.5557,1,1,0.5826
2541,67977.50,3969.50,1798.887,616981.875,32.46705249,-69.20578634,12843.387,21277.625,486.61,-3693.40,0.8109,0.4780,0.3898,1,1,0.3662
2542,67977.50,4353.50,1691.450,616990.362,32.45707330,-69.20551654,12735.950,21269.138,487.45,-3693.54,0.8024,0.5411,0.2314,1,1,0.2454
2543,67977.50,4737.50,1582.715,616999.362,32.44697371,-69.20522936,12627.215,21260.138,487.06,-3693.17,0.8192,0.4450,0.3268,1,1,0.3612
2544,67977.50,5121.50,1474.775,617008.076,32.43694832,-69.20495090,12519.275,21251.424,487.52,-3693.09,0.8898,0.5654,0.3042,1,1,0.3195
2545,67977.50,5505.50,1366.741,617016.762,32.42691444,-69.20467272,12411.241,21242.738,487.96,-3693.05,0.8090,0.4033,0.3654,1,1,0.3792
2546,67977.50,5889.50,1257.915,617026.206,32.41680722,-69.20436900,12302.415,21233.294,487.67,-3692.25,0.8009,0.6006,0.7072,1,1,0.6802
2547,67977.50,6273.50,1150.486,617034.110,32.40683030,-69.20411534,12194.986,21225.390,488.84,-3692.99,0.7903,0.3110,0.4421,1,1,0.4498
2548,67977.50,6657.50,1039.955,617043.780,32.39656520,-69.20380301,12084.455,21215.720,486.98,-3691.97,0.8507,0.5232,0.2500,1,1,0.2529
2549,67977.50,7041.50,931.810,617052.389,32.38652226,-69.20352489,11976.310,21207.111,487.57,-3692.02,0.8381,0.4445,0.2481,1,1,0.2491
2550,67977.50,7425.50,823.117,617061.194,32.37642859,-69.20323972,11867.617,21198.306,487.68,-3691.88,0.8207,0.3213,0.2959,1,1,0.2947
2551,67977.50,7809.50,714.427,617070.050,32.36633550,-69.20295220,11758.927,21189.450,487.86,-3691.69,0.8613,0.6295,0.1151,1,1,0.1205
2552,67977.50,8193.50,606.727,617078.802,32.35633460,-69.20266749,11651.227,21180.698,489.09,-3691.61,0.8049,0.3146,0.3217,1,1,0.3251
2553,67977.50,8577.50,499.903,617086.773,32.34641538,-69.20240786,11544.403,21172.727,491.27,-3692.31,0.8527,0.6045,0.3158,1,1,0.3077
2554,67977.50,8961.50,392.608,617094.329,32.33645273,-69.20216131,11437.108,21165.171,493.04,-3693.44,0.8371,0.2821,0.2232,1,1,0.2373
2555,67977.50,9345.50,284.639,617102.421,32.32642776,-69.20189650,11329.139,21157.079,494.20,-3694.03,0.8390,0.2672,0.4778,1,1,0.5001
2556,67977.50,9729.50,176.020,617111.527,32.31634259,-69.20159763,11220.520,21147.973,494.78,-3693.61,0.8364,0.5469,0.1914,1,1,0.1769
2557,67977.50,10113.50,65.216,617120.455,32.30605486,-69.20130401,11109.716,21139.045,493.25,-3693.38,0.8478,0.6567,0.3454,1,1,0.3148
2558,67977.50,10497.50,-45.309,617129.567,32.29579344,-69.20100365,10999.191,21129.933,492.06,-3692.97,0.8014,0.2966,0.2419,1,1,0.3014
2559,67977.50,10881.50,-155.560,617138.478,32.28555762,-69.20070930,10888.940,21121.022,491.20,-3692.76,0.8269,0.3216,0.0227,1,1,0.0706
2560,67977.50,11265.50,-266.436,617147.209,32.27526417,-69.20042022,10778.064,21112.291,489.80,-3692.74,0.8429,0.5064,0.7026,1,1,0.7860
2561,67977.50,11649.50,-376.695,617156.556,32.26502825,-69.20011016,10667.805,21102.944,489.07,-3692.10,0.8274,0.4851,0.4416,1,1,0.5150
2562,68361.50,2817.50,2123.661,617060.736,32.49718695,-69.20315243,13168.161,21198.764,481.06,-3692.27,0.7997,0.4353,0.1934,1,1,0.1510
2563,68361.50,3585.50,1911.544,617077.578,32.47748672,-69.20262007,12956.044,21181.922,485.16,-3692.65,0.8488,0.4239,0.5734,1,1,0.5582
2564,68361.50,3969.50,1805.108,617085.718,32.46760195,-69.20236228,12849.608,21173.782,486.93,-3693.14,0.8285,0.3877,0.2895,1,1,0.2747
2565,68361.50,4353.50,1697.117,617094.533,32.45757290,-69.20208178,12741.617,21164.967,487.22,-3692.95,0.8325,0.3950,0.3498,1,1,0.3577
2566,68361.50,4737.50,1587.953,617103.638,32.44743518,-69.20179117,12632.453,21155.862,486.40,-3692.47,0.8625,0.5569,0.1511,1,1,0.1375
2567,68361.50,5121.50,1480.344,617112.062,32.43744231,-69.20152227,12524.844,21147.438,487.19,-3692.68,0.8610,0.5160,0.0326,1,1,0.0379
2568,68361.50,5505.50,1371.707,617120.510,32.42735417,-69.20125204,12416.207,21138.990,487.03,-3692.87,0.8018,0.4199,0.4703,1,1,0.4802
2569,68361.50,5889.50,1264.026,617129.577,32.41735500,-69.20096071,12308.526,21129.923,487.88,-3692.45,0.8038,0.4928,0.6431,1,1,0.6209
2570,68361.50,6273.50,1156.079,617137.993,32.40733152,-69.20069022,12200.579,21121.507,488.54,-3692.68,0.9079,0.6511,0.3469,1,1,0.3346
2571,68361.50,6657.50,1046.794,617146.815,32.39718400,-69.20040584,12091.294,21112.685,487.93,-3692.51,0.8143,0.4238,0.7162,1,1,0.7152
2572,68361.50,7041.50,938.270,617156.116,32.38710743,-69.20010495,11982.770,21103.384,488.14,-3691.87,0.8212,0.5206,0.0795,1,1,0.0816
2573,68361.50,7425.50,828.708,617165.095,32.37693473,-69.19981410,11873.208,21094.405,487.38,-3691.55,0.8447,0.3395,0.1859,1,1,0.1831
2574,68361.50,7809.50,719.519,617173.618,32.36679706,-69.19953763,11764.019,21085.882,487.06,-3691.70,0.8290,0.4142,0.7486,1,1,0.7504
2575,68361.50,8193.50,612.894,617182.195,32.35689763,-69.19925868,11657.394,21077.305,489.36,-3691.79,0.8210,0.4027,0.3444,1,1,0.3447
2576,68361.50,8577.50,505.524,617189.875,32.34692949,-69.19900868,11550.024,21069.625,491.00,-3692.79,0.8411,0.4206,0.3846,1,1,0.3970
2577,68361.50,8961.50,399.106,617198.136,32.33704980,-69.19873893,11443.606,21061.364,493.65,-3693.21,0.8209,0.4106,0.2971,1,1,0.3061
2578,68361.50,9345.50,291.863,617206.256,32.32709385,-69.19847321,11336.363,21053.244,495.54,-3693.77,0.8423,0.4687,0.3260,1,1,0.3040
2579,68361.50,9729.50,182.727,617214.523,32.31696249,-69.19820205,11227.227,21044.977,495.60,-3694.19,0.8358,0.3611,0.1968,1,1,0.2380
2580,68361.50,10113.50,73.285,617222.969,32.30680297,-69.19792436,11117.785,21036.531,495.43,-3694.44,0.8433,0.4188,0.3295,1,1,0.3703
2581,68361.50,10497.50,-37.257,617232.259,32.29654158,-69.19761820,11007.243,21027.241,494.22,-3693.85,0.8204,0.4142,0.3864,1,1,0.4559
2582,68361.50,10881.50,-148.210,617242.010,32.28624233,-69.19729621,10896.290,21017.490,492.67,-3692.80,0.8165,0.6975,0.6652,1,1,0.6950
2583,68361.50,11265.50,-258.325,617250.522,32.27602122,-69.19701438,10786.175,21008.978,492.02,-3693.00,0.8479,0.4222,0.4182,1,1,0.4873
2584,68361.50,11649.50,-368.956,617259.549,32.26575247,-69.19671494,10675.544,20999.951,490.92,-3692.69,0.7823,0.3585,0.4557,1,1,0.5307
2585,68745.50,2817.50,2128.813,617164.126,32.49763224,-69.19974335,13173.313,21095.374,480.40,-3692.40,0.8714,0.4919,0.2169,1,1,0.2740
2586,68745.50,3201.50,2022.113,617172.709,32.48772403,-69.19947223,13066.613,21086.791,481.78,-3692.43,0.7898,0.3293,0.1214,1,1,0.1695
2587,68745.50,3585.50,1916.203,617181.355,32.47788932,-69.19919834,12960.703,21078.145,484.02,-3692.40,0.8002,0.3814,0.2832,1,1,0.2557
2588,68745.50,3969.50,1809.468,617189.809,32.46797840,-69.19893025,12853.968,21069.691,485.49,-3692.57,0.8375,0.6397,0.2931,1,1,0.2727
2589,68745.50,4353.50,1701.538,617198.650,32.45795677,-69.19864890,12746.038,21060.850,485.84,-3692.35,0.7843,0.3367,0.3120,1,1,0.2960
2590,68745.50,4737.50,1592.966,617207.342,32.44787576,-69.19837191,12637.466,21052.158,485.61,-3692.29,0.7510,0.4757,0.3857,1,1,0.3667
2591,68745.50,5121.50,1485.323,617215.550,32.43788143,-69.19811017,12529.823,21043.950,486.37,-3692.72,0.8374,0.3581,0.3476,1,1,0.3619
2592,68745.50,5505.50,1377.254,617224.176,32.42784774,-69.19783407,12421.754,21035.324,486.78,-3692.73,0.8656,0.5598,0.4591,1,1,0.4664
2593,68745.50,5889.50,1269.995,617232.953,32.41788948,-69.19755228,12314.495,21026.547,488.06,-3692.60,0.8865,0.6475,0.1422,1,1,0.1523
2594,68745.50,6273.50,1162.921,617241.478,32.40794865,-69.19727820,12207.421,21018.022,489.59,-3692.72,0.7538,0.3869,0.1616,1,1,0.1455
2595,68745.50,6657.50,1054.451,617250.309,32.39787848,-69.19699348,12098.951,21009.191,489.79,-3692.54,0.8194,0.3351,0.2429,1,1,0.2322
2596,68745.50,7041.50,945.321,617259.458,32.38774730,-69.19669770,11989.821,21000.042,489.39,-3692.05,0.8178,0.3710,0.3005,1,1,0.3087
2597,68745.50,7425.50,834.810,617268.433,32.37748830,-69.19640708,11879.310,20991.067,487.68,-3691.74,0.8214,0.3390,0.1082,1,1,0.1157
2598,68745.50,7809.50,725.688,617276.941,32.36735849,-69.19613114,11770.188,20982.559,487.43,-3691.90,0.8475,0.4650,0.4058,1,1,0.4122
2599,68745.50,8193.50,618.800,617285.677,32.35743631,-69.19584698,11663.300,20973.823,489.48,-3691.83,0.7907,0.3251,0.2528,1,1,0.2452
2600,68745.50,8577.50,512.167,617293.555,32.34753814,-69.19559049,11556.667,20965.945,491.85,-3692.63,0.8381,0.5601,0.3115,1,1,0.3064
2601,68745.50,9345.50,299.130,617308.704,32.32776384,-69.19509569,11343.630,20950.796,497.01,-3694.85,0.8414,0.4547,0.2702,1,1,0.2706
2602,68745.50,9729.50,190.785,617317.659,32.31770753,-69.19480190,11235.285,20941.841,497.87,-3694.58,0.8510,0.4719,0.3717,1,1,0.3333
2603,68745.50,10113.50,81.596,617326.000,32.30757311,-69.19452770,11126.096,20933.500,497.95,-3694.93,0.7571,0.6540,0.1601,1,1,0.1220
2604,68745.50,10497.50,-29.043,617335.173,32.29730449,-69.19422548,11015.457,20924.327,496.64,-3694.46,0.8110,0.4031,0.1044,1,1,0.0393
2605,68745.50,10881.50,-140.114,617344.131,32.28699602,-69.19392965,10904.386,20915.369,494.97,-3694.21,0.8560,0.4594,0.2818,1,1,0.3721
2606,68745.50,11265.50,-250.309,617353.422,32.27676917,-69.19362220,10794.191,20906.078,494.25,-3693.62,0.8261,0.4522,0.1966,1,1,0.1898
2607,68745.50,11649.50,-361.806,617362.612,32.26642175,-69.19331742,10682.694,20896.888,492.28,-3693.15,0.7996,0.4582,0.1247,1,1,0.1695
2608,69129.50,2817.50,2132.410,617268.204,32.49793276,-69.19631182,13176.910,20991.296,478.06,-3691.93,0.7877,0.4183,0.4202,1,1,0.4670
2609,69129.50,3201.50,2026.310,617276.992,32.48808181,-69.19603390,13070.810,20982.508,480.04,-3691.76,0.8151,0.4485,0.0471,1,1,0.0644
2610,69129.50,3585.50,1920.090,617285.704,32.47822007,-69.19575787,12964.590,20973.796,481.96,-3691.66,0.8275,0.2712,0.5191,1,1,0.5075
2611,69129.50,3969.50,1812.710,617293.573,32.46825116,-69.19550915,12857.210,20965.927,482.79,-3692.42,0.8453,0.5361,0.4067,1,1,0.4380
2612,69129.50,4353.50,1704.545,617303.143,32.45820916,-69.19520381,12749.045,20956.357,482.91,-3691.47,0.8220,0.4740,0.6396,1,1,0.6722
2613,69129.50,4737.50,1597.381,617311.667,32.44826058,-69.19493226,12641.881,20947.833,484.08,-3691.58,0.8517,0.6682,0.5313,1,1,0.5405
2614,69129.50,5121.50,1489.765,617319.550,32.43827049,-69.19468126,12534.265,20939.950,484.87,-3692.33,0.8750,0.6564,0.5334,1,1,0.5094
2615,69129.50,5505.50,1383.702,617327.910,32.42842467,-69.19441379,12428.202,20931.590,487.28,-3692.61,0.8482,0.5888,0.0853,1,1,0.0764
2616,69129.50,5889.50,1274.314,617337.597,32.41827029,-69.19410221,12318.814,20921.903,486.43,-3691.57,0.7483,0.5288,0.4970,1,1,0.5249
2617,69129.50,6273.50,1167.884,617345.574,32.40839109,-69.19384618,12212.384,20913.926,488.61,-3692.24,0.8274,0.5903,0.5095,1,1,0.5157
2618,69129.50,6657.50,1059.827,617353.444,32.39836104,-69.19359315,12104.327,20906.056,489.22,-3693.02,0.8251,0.4156,0.3856,1,1,0.3850
2619,69129.50,7041.50,951.304,617362.373,32.38828795,-69.19330462,11995.804,20897.127,489.44,-3692.75,0.8519,0.5322,0.2440,1,1,0.2504
2620,69129.50,7425.50,841.332,617371.978,32.37808058,-69.19299325,11885.832,20887.522,488.27,-3691.80,0.8438,0.4525,0.1879,1,1,0.1976
2621,69129.50,7809.50,733.401,617380.224,32.36806298,-69.19272593,11777.901,20879.276,489.21,-3692.22,0.8474,0.5452,0.3572,1,1,0.3559
2622,69129.50,8193.50,625.740,617388.484,32.35807085,-69.19245756,11670.240,20871.016,490.48,-3692.64,0.7610,0.4665,0.4605,1,1,0.4498
2623,69129.50,9345.50,306.802,617412.108,32.32847117,-69.19168668,11351.302,20847.392,498.75,-3695.05,0.8090,0.4036,0.2554,1,1,0.2263
2624,69129.50,9729.50,197.964,617420.192,32.31837081,-69.19142166,11242.464,20839.308,499.11,-3695.66,0.7972,0.3701,0.2478,1,1,0.2874
2625,69129.50,10113.50,88.855,617429.071,32.30824551,-69.19112977,11133.355,20830.429,499.27,-3695.47,0.8798,0.5910,0.2437,1,1,0.1994
2626,69129.50,10497.50,-21.370,617437.979,32.29801697,-69.19083631,11023.130,20821.521,498.38,-3695.26,0.7855,0.4408,0.0901,1,1,0.1661
2627,69129.50,10881.50,-132.271,617446.867,32.28772595,-69.19054285,10912.229,20812.633,496.88,-3695.08,0.7806,0.4583,0.3397,1,1,0.4364
2628,69129.50,11265.50,-243.176,617456.121,32.27743492,-69.19023668,10801.324,20803.379,495.45,-3694.53,0.8189,0.4023,0.2128,1,1,0.2566
2629,69129.50,11649.50,-354.639,617465.684,32.26709242,-69.18991962,10689.861,20793.816,493.52,-3693.68,0.8248,0.5326,0.0740,1,1,0.1054
2630,69513.50,2817.50,2136.729,617373.051,32.49830001,-69.19285487,13181.229,20886.449,476.32,-3690.78,0.6973,0.5596,0.1865,1,2,0.2043
2631,69513.50,3201.50,2032.761,617380.601,32.48864894,-69.19261756,13077.261,20878.899,480.43,-3691.85,0.8717,0.6785,0.2011,1,2,0.2244
2632,69513.50,3585.50,1925.361,617389.174,32.47867932,-69.19234629,12969.861,20870.326,481.18,-3691.89,0.8243,0.5033,0.1756,1,2,0.1941
2633,69513.50,3969.50,1818.313,617397.382,32.46874283,-69.19208638,12862.813,20862.118,482.34,-3692.30,0.8234,0.4509,0.2486,1,2,0.2283
2634,69513.50,4353.50,1710.293,617406.774,32.45871594,-69.19178694,12754.793,20852.726,482.60,-3691.54,0.8513,0.4262,0.3917,1,2,0.3997
2635,69513.50,4737.50,1602.609,617414.810,32.44872099,-69.19153154,12647.109,20844.690,483.26,-3692.13,0.8223,0.3989,0.3247,1,2,0.3178
2636,69513.50,5121.50,1495.905,617423.433,32.43881698,-69.19125612,12540.405,20836.067,484.96,-3692.14,0.7563,0.5693,0.2152,1,2,0.2194
2637,69513.50,5505.50,1388.834,617431.736,32.42887936,-69.19099064,12433.334,20827.764,486.36,-3692.48,0.8583,0.6384,0.2575,1,2,0.2405
2638,69513.50,5889.50,1281.377,617440.399,32.41890608,-69.19071271,12325.877,20819.101,487.45,-3692.46,0.9126,0.7787,0.1011,1,2,0.0845
2639,69513.50,6273.50,1175.225,617448.010,32.40905424,-69.19046877,12219.725,20811.490,489.90,-3693.50,0.9108,0.6777,0.3452,1,2,0.3652
2640,69513.50,6657.50,1066.723,617456.847,32.39898447,-69.19018393,12111.223,20802.653,490.07,-3693.31,0.8943,0.5370,0.2542,1,2,0.2746
2641,69513.50,7041.50,957.780,617466.095,32.38887400,-69.18988495,12002.280,20793.405,489.86,-3692.72,0.7551,0.3710,0.2915,1,2,0.2545
2642,69513.50,7425.50,848.838,617474.505,32.37876406,-69.18961295,11893.338,20784.995,489.72,-3692.97,0.8108,0.3216,0.3232,1,2,0.3444
2643,69513.50,8193.50,634.061,617491.447,32.35883325,-69.18906296,11678.561,20768.053,492.75,-3693.37,0.8356,0.4185,0.2197,1,2,0.1666
2644,69513.50,8577.50,527.443,617499.342,32.34893974,-69.18880599,11571.943,20760.158,495.14,-3694.15,0.7932,0.5566,0.2521,1,2,0.1777
2645,69513.50,8961.50,421.173,617507.272,32.33907876,-69.18854727,11465.673,20752.228,497.94,-3694.90,0.8693,0.6164,0.3168,1,2,0.3861
2646,69513.50,9345.50,313.617,617515.170,32.32909878,-69.18828901,11358.117,20744.330,499.52,-3695.69,0.8328,0.4231,0.1347,1,2,0.2416
2647,69513.50,9729.50,204.615,617523.825,32.31898480,-69.18800518,11249.115,20735.675,499.72,-3695.72,0.8149,0.5048,0.1969,1,2,0.3160
2648,69513.50,10113.50,96.849,617532.239,32.30898580,-69.18772869,11141.349,20727.261,501.22,-3696.00,0.8210,0.4823,0.3294,1,2,0.4330
2649,69513.50,10497.50,-13.907,617541.101,32.29870972,-69.18743678,11030.593,20718.399,499.80,-3695.84,0.8412,0.3943,0.0893,1,2,0.0593
2650,69513.50,10881.50,-124.837,617549.854,32.28841774,-69.18714782,10919.663,20709.646,498.27,-3695.79,0.7971,0.3262,0.3740,1,2,0.4093
2651,69513.50,11265.50,-236.720,617559.929,32.27803765,-69.18681462,10807.780,20699.571,495.86,-3694.42,0.8811,0.6299,0.1653,1,2,0.2238
2652,69513.50,11649.50,-349.120,617569.135,32.26760995,-69.18650936,10695.380,20690.365,492.99,-3693.93,0.8851,0.7057,0.3544,1,2,0.2351
2653,69897.50,2817.50,2143.987,617475.708,32.49894048,-69.18946983,13188.487,20783.792,477.71,-3691.70,0.8400,0.4776,0.3030,1,2,0.2879
2654,69897.50,3201.50,2037.626,617484.483,32.48906867,-69.18919241,13082.126,20775.017,479.43,-3691.54,0.8923,0.7122,0.2351,1,2,0.2565
2655,69897.50,3585.50,1931.228,617492.297,32.47919390,-69.18894609,12975.728,20767.203,481.18,-3692.34,0.8227,0.4298,0.4707,1,2,0.4483
2656,69897.50,3969.50,1824.131,617501.642,32.46925414,-69.18864876,12868.631,20757.858,482.29,-3691.62,0.7632,0.3836,0.3903,1,2,0.3960
2657,69897.50,4353.50,1716.439,617509.670,32.45925978,-69.18839430,12760.939,20749.830,482.88,-3692.22,0.8819,0.7069,0.3232,1,2,0.3128
2658,69897.50,4737.50,1608.475,617519.265,32.44924006,-69.18808758,12652.975,20740.235,483.26,-3691.25,0.7731,0.6643,0.5724,1,2,0.5814
2659,69897.50,5121.50,1500.305,617527.847,32.43920182,-69.18781364,12544.805,20731.653,483.49,-3691.31,0.8509,0.6274,0.2709,1,2,0.2747
2660,69897.50,5505.50,1393.735,617535.306,32.42931240,-69.18757599,12438.235,20724.194,485.40,-3692.49,0.8203,0.5487,0.6129,1,2,0.5897
2661,69897.50,5889.50,1288.072,617543.498,32.41950735,-69.18731347,12332.572,20716.002,488.28,-3692.94,0.8783,0.6997,0.1989,1,2,0.2148
2662,69897.50,6273.50,1180.582,617552.150,32.40953295,-69.18703533,12225.082,20707.350,489.39,-3692.93,0.8267,0.5080,0.2705,1,2,0.2386
2663,69897.50,7425.50,856.595,617578.008,32.37947051,-69.18620052,11901.095,20681.492,491.62,-3693.05,0.8254,0.2925,0.2294,1,2,0.2088
2664,69897.50,8193.50,641.060,617594.351,32.35947270,-69.18567038,11685.560,20665.149,493.89,-3694.04,0.8630,0.5848,0.3237,1,2,0.2593
2665,69897.50,8577.50,534.173,617602.213,32.34955595,-69.18541456,11578.673,20657.287,496.01,-3694.86,0.7904,0.4286,0.3345,1,2,0.2905
2666,69897.50,8961.50,426.791,617610.472,32.33959346,-69.18514503,11471.291,20649.028,497.69,-3695.28,0.7745,0.3449,0.3084,1,2,0.2247
2667,69897.50,9345.50,320.014,617618.243,32.32968740,-69.18489100,11364.514,20641.257,500.05,-3696.19,0.8421,0.4177,0.4218,1,2,0.4958
2668,69897.50,9729.50,212.038,617626.864,32.31967025,-69.18460835,11256.538,20632.636,501.28,-3696.26,0.7866,0.2994,0.0400,1,2,0.1619
2669,69897.50,10113.50,103.543,617635.218,32.30960534,-69.18433384,11148.043,20624.282,502.05,-3696.60,0.8177,0.4357,0.4016,1,2,0.5378
2670,69897.50,10497.50,-6.518,617644.087,32.29939537,-69.18404178,11037.982,20615.413,501.33,-3696.43,0.8441,0.3965,0.1128,1,2,0.2308
2671,69897.50,10881.50,-118.015,617653.478,32.28905249,-69.18373182,10926.485,20606.022,499.23,-3695.74,0.8213,0.3950,0.0770,1,2,0.1826
2672,69897.50,11265.50,-229.849,617662.719,32.27867872,-69.18342614,10814.651,20596.781,496.87,-3695.21,0.7942,0.4484,0.3995,1,2,0.2906
2673,69897.50,11649.50,-342.460,617672.194,32.26823309,-69.18311207,10702.040,20587.306,493.80,-3694.45,0.8138,0.4406,0.6872,1,2,0.5742
2674,70281.50,2817.50,2150.110,617578.864,32.49947531,-69.18606851,13194.610,20680.636,478.04,-3692.09,0.9460,0.7695,0.5881,1,2,0.5655
2675,70281.50,3969.50,1827.421,617605.337,32.46953092,-69.18523006,12871.921,20654.163,479.79,-3691.46,0.7997,0.5903,0.3188,1,2,0.3057
2676,70281.50,4353.50,1722.730,617613.374,32.45981667,-69.18497503,12767.230,20646.126,483.38,-3692.05,0.8652,0.4812,0.2359,1,2,0.2471
2677,70281.50,4737.50,1614.061,617622.634,32.44973329,-69.18467944,12658.561,20636.866,483.05,-3691.42,0.7791,0.3689,0.3373,1,2,0.3480
2678,70281.50,5121.50,1506.629,617630.981,32.43976515,-69.18441323,12551.129,20628.519,484.03,-3691.71,0.7851,0.5345,0.1731,1,2,0.1657
2679,70281.50,5505.50,1399.956,617638.508,32.42986789,-69.18417337,12444.456,20620.992,485.83,-3692.82,0.8136,0.4390,0.6325,1,2,0.6216
2680,70281.50,5889.50,1292.694,617647.230,32.41991602,-69.18389354,12337.194,20612.270,487.11,-3692.74,0.8594,0.5950,0.3498,1,2,0.3354
2681,70281.50,6273.50,1185.808,617655.549,32.40999934,-69.18362638,12230.308,20603.951,488.83,-3693.07,0.9371,0.8061,0.2466,1,2,0.2602
2682,70281.50,7425.50,863.031,617680.419,32.38005431,-69.18282420,11907.531,20579.081,492.27,-3694.18,0.8270,0.4338,0.6176,1,2,0.5903
2683,70281.50,7809.50,755.765,617688.820,32.37010349,-69.18255186,11800.265,20570.680,493.87,-3694.44,0.8207,0.3327,0.4328,1,2,0.4036
2684,70281.50,8193.50,647.153,617698.172,32.36002791,-69.18224763,11691.653,20561.328,494.20,-3693.76,0.8130,0.4616,0.2423,1,2,0.2294
2685,70281.50,8577.50,538.165,617706.538,32.34991788,-69.18197529,11582.665,20552.962,494.21,-3694.07,0.8605,0.6623,0.5450,1,2,0.4654
2686,70281.50,8961.50,432.633,617713.904,32.34012864,-69.18173522,11477.133,20545.596,497.75,-3695.38,0.6865,0.4256,0.2219,1,2,0.2340
2687,70281.50,9345.50,326.172,617721.472,32.33025361,-69.18148789,11370.672,20538.028,500.43,-3696.50,0.8398,0.4620,0.4305,1,2,0.4581
2688,70281.50,9729.50,217.923,617730.442,32.32021284,-69.18119375,11262.423,20529.058,501.38,-3696.22,0.7327,0.3918,0.5071,1,2,0.6163
2689,70281.50,10113.50,109.990,617739.300,32.31020167,-69.18090268,11154.490,20520.200,502.72,-3696.05,0.7648,0.5443,0.7528,1,2,0.7294
2690,70281.50,10497.50,0.150,617747.615,32.30001395,-69.18062890,11044.650,20511.885,502.21,-3696.44,0.8186,0.3564,0.3637,1,2,0.4947
2691,70281.50,10881.50,-111.809,617756.612,32.28962995,-69.18033199,10932.691,20502.888,499.66,-3696.14,0.8725,0.5972,0.2758,1,2,0.3198
2692,70281.50,11265.50,-223.349,617765.992,32.27928513,-69.18002179,10821.151,20493.508,497.59,-3695.47,0.8489,0.6097,0.4343,1,2,0.3153
2693,70281.50,11649.50,-336.240,617775.480,32.26881532,-69.17970733,10708.260,20484.020,494.24,-3694.70,0.7642,0.3863,0.7091,1,2,0.6156
2694,70665.50,2817.50,2156.032,617682.886,32.49999104,-69.18263867,13200.532,20576.614,478.03,-3691.57,0.8482,0.3867,0.0542,1,2,0.0841
2695,70665.50,3969.50,1834.979,617708.738,32.47020357,-69.18182065,12879.479,20550.762,481.42,-3691.57,0.8867,0.5634,0.2780,1,2,0.2960
2696,70665.50,4353.50,1727.130,617717.331,32.46019786,-69.18154765,12771.630,20542.169,481.85,-3691.60,0.7039,0.2775,0.3273,1,2,0.3366
2697,70665.50,4737.50,1620.219,617726.009,32.45027944,-69.18127111,12664.719,20533.491,483.28,-3691.56,0.8348,0.4714,0.3088,1,2,0.3204
2698,70665.50,5121.50,1510.980,617734.922,32.44014520,-69.18098641,12555.480,20524.578,482.45,-3691.28,0.9264,0.7475,0.3886,1,2,0.4028
2699,70665.50,5505.50,1405.485,617742.908,32.43035879,-69.18073138,12449.985,20516.592,485.43,-3691.93,0.8495,0.5188,0.1938,1,2,0.1934
2700,70665.50,5889.50,1298.479,617751.543,32.42043236,-69.18045443,12342.979,20507.957,486.96,-3691.94,0.7777,0.4696,0.4618,1,2,0.4627
2701,70665.50,6273.50,1191.483,617759.746,32.41050710,-69.18019113,12235.983,20499.754,488.57,-3692.39,0.9292,0.8197,0.6948,1,2,0.7411
2702,70665.50,6657.50,1083.553,617767.640,32.40049562,-69.17993745,12128.053,20491.860,489.32,-3693.14,0.8529,0.6588,0.2054,1,2,0.2136
2703,70665.50,7425.50,869.859,617784.369,32.38067415,-69.17939713,11914.359,20475.131,493.17,-3693.73,0.8160,0.3598,0.2088,1,2,0.2256
2704,70665.50,7809.50,762.713,617792.684,32.37073607,-69.17912767,11807.213,20466.816,494.89,-3694.08,0.8474,0.4455,0.3531,1,2,0.3837
2705,70665.50,8193.50,653.003,617801.022,32.36056044,-69.17885695,11697.503,20458.478,494.12,-3694.42,0.8288,0.4078,0.4006,1,2,0.3567
2706,70665.50,8961.50,438.679,617818.130,32.34068257,-69.17829923,11483.179,20441.370,497.87,-3694.67,0.7441,0.5088,0.5356,1,2,0.5469
2707,70665.50,9345.50,332.437,617825.416,32.33082951,-69.17806125,11376.937,20434.084,500.77,-3696.07,0.8340,0.3622,0.1966,1,2,0.2743
2708,70665.50,9729.50,224.930,617833.637,32.32085924,-69.17779182,11269.430,20425.863,502.46,-3696.53,0.8851,0.6015,0.3963,1,2,0.4907
2709,70665.50,10113.50,116.364,617841.986,32.31079110,-69.17751761,11160.864,20417.514,503.17,-3696.88,0.8172,0.4128,0.3815,1,2,0.5033
2710,70665.50,10497.50,6.024,617850.613,32.30055860,-69.17723357,11050.524,20408.887,502.17,-3696.95,0.8092,0.3830,0.2833,1,2,0.1748
2711,70665.50,10881.50,-104.154,617859.992,32.29034152,-69.17692409,10940.346,20399.508,501.39,-3696.27,0.8030,0.4186,0.2346,1,2,0.3026
2712,70665.50,11265.50,-216.270,617869.487,32.27994506,-69.17661013,10828.230,20390.013,498.75,-3695.49,0.8279,0.5340,0.1911,1,2,0.1996
2713,70665.50,11649.50,-328.890,617879.021,32.26950209,-69.17629422,10715.610,20380.479,495.67,-3694.67,0.8153,0.3100,0.5520,1,2,0.4328
2714,71049.50,2817.50,2160.360,617787.172,32.50035865,-69.17920037,13204.860,20472.328,476.35,-3690.80,0.8123,0.5045,0.2914,1,2,0.3225
2715,71049.50,3201.50,2053.129,617796.129,32.49041102,-69.17891719,13097.629,20463.371,477.20,-3690.46,0.8132,0.6578,0.4621,1,2,0.4827
2716,71049.50,3585.50,1946.922,617803.599,32.48055903,-69.17868226,12991.422,20455.901,479.15,-3691.61,0.8411,0.4885,0.2413,1,2,0.2206
2717,71049.50,3969.50,1838.110,617813.044,32.47046517,-69.17838189,12882.610,20446.456,478.55,-3690.78,0.7428,0.5882,0.7580,1,2,0.7689
2718,71049.50,4353.50,1731.880,617821.310,32.46061137,-69.17811951,12776.380,20438.190,480.60,-3691.14,0.8273,0.4570,0.1498,1,2,0.1485
2719,71049.50,4737.50,1625.144,617829.620,32.45071094,-69.17785513,12669.644,20429.880,482.20,-3691.46,0.8464,0.2810,0.0519,1,2,0.0578
2720,71049.50,5121.50,1517.043,617838.354,32.44068405,-69.17757630,12561.543,20421.146,482.51,-3691.36,0.8721,0.7129,0.1427,1,2,0.1296
2721,71049.50,5505.50,1410.202,617846.921,32.43077429,-69.17730224,12454.702,20412.579,484.15,-3691.44,0.8084,0.6688,0.4532,1,2,0.4446
2722,71049.50,5889.50,1303.517,617855.648,32.42087926,-69.17702227,12348.017,20403.852,486.01,-3691.35,0.8105,0.6896,0.8150,1,2,0.8038
2723,71049.50,6273.50,1197.337,617863.464,32.41103146,-69.17677169,12241.837,20396.036,488.43,-3692.18,0.8358,0.5426,0.5898,1,2,0.5982
2724,71049.50,6657.50,1089.375,617871.018,32.40101867,-69.17652927,12133.875,20388.482,489.14,-3693.28,0.8572,0.6949,0.3604,1,2,0.3588
2725,71049.50,7041.50,981.186,617879.653,32.39098494,-69.17625057,12025.686,20379.847,489.69,-3693.31,0.8904,0.6110,0.4558,1,2,0.4786
2726,71049.50,7425.50,875.735,617888.018,32.38120544,-69.17598005,11920.235,20371.482,493.05,-3693.60,0.8608,0.6325,0.3073,1,2,0.3179
2727,71049.50,7809.50,768.655,617896.100,32.37127517,-69.17571834,11813.155,20363.400,494.84,-3694.19,0.8140,0.3045,0.4048,1,2,0.4467
2728,71049.50,8193.50,660.080,617904.479,32.36120652,-69.17544627,11704.580,20355.021,495.20,-3694.48,0.8361,0.5372,0.0167,1,2,0.0664
2729,71049.50,8577.50,550.597,617913.027,32.35105388,-69.17516803,11595.097,20346.473,494.73,-3694.61,0.8592,0.5402,0.3780,1,2,0.3417
2730,71049.50,8961.50,445.388,617921.028,32.34129791,-69.17490707,11489.888,20338.472,498.59,-3695.29,0.7535,0.5071,0.3748,1,2,0.4277
2731,71049.50,9345.50,338.543,617928.701,32.33139046,-69.17465636,11383.043,20330.799,500.88,-3696.30,0.8118,0.4571,0.0209,1,2,0.0999
2732,71049.50,9729.50,230.739,617937.326,32.32139432,-69.17437369,11275.239,20322.174,502.28,-3696.36,0.8350,0.4074,0.4016,1,2,0.4621
2733,71049.50,10113.50,121.280,617944.988,32.31124507,-69.17412212,11165.780,20314.512,502.09,-3697.39,0.7770,0.2658,0.5767,1,2,0.5681
2734,71049.50,10497.50,12.168,617954.412,32.30112823,-69.17381186,11056.668,20305.088,502.32,-3696.67,0.9182,0.7041,0.1537,1,2,0.1902
2735,71049.50,10881.50,-102.386,617964.152,32.29050704,-69.17349049,10942.114,20295.348,497.17,-3695.63,0.8664,0.7638,0.5303,1,2,0.4800
2736,71049.50,11265.50,-211.009,617972.339,32.28043617,-69.17321972,10833.491,20287.161,498.02,-3696.16,0.8149,0.5552,0.9630,1,2,0.8635
2737,71049.50,11649.50,-320.649,617981.872,32.27027120,-69.17290393,10723.851,20277.628,497.92,-3695.33,0.8027,0.5412,0.6019,1,2,0.4880
2738,71433.50,2817.50,2166.617,617890.397,32.50090539,-69.17579686,13211.117,20369.103,476.60,-3691.11,0.8353,0.5428,0.0534,1,3,0.0760
2739,71433.50,3201.50,2058.987,617899.636,32.49092235,-69.17550443,13103.487,20359.864,477.06,-3690.48,0.8208,0.3565,0.4460,1,3,0.4300
2740,71433.50,3585.50,1952.758,617907.327,32.48106988,-69.17526229,12997.258,20352.173,478.98,-3691.41,0.7821,0.4572,0.3122,1,3,0.3677
2741,71433.50,3969.50,1846.123,617916.002,32.47117983,-69.17498712,12890.623,20343.498,480.56,-3691.35,0.7105,0.5096,0.1542,1,3,0.1811
2742,71433.50,4353.50,1738.837,617924.585,32.46122968,-69.17471445,12783.337,20334.915,481.55,-3691.39,0.9050,0.6217,0.2609,1,3,0.3230
2743,71433.50,4737.50,1630.968,617933.248,32.45122564,-69.17443857,12675.468,20326.252,482.02,-3691.36,0.8182,0.3905,0.1619,1,3,0.2187
2744,71433.50,5121.50,1523.181,617941.767,32.44122958,-69.17416682,12567.681,20317.733,482.65,-3691.48,0.8245,0.5125,0.1980,1,3,0.2352
2745,71433.50,5505.50,1416.065,617950.241,32.43129606,-69.17389587,12460.565,20309.259,484.01,-3691.64,0.8037,0.7059,0.6826,1,3,0.7037
2746,71433.50,5889.50,1309.715,617958.289,32.42143381,-69.17363830,12354.215,20301.211,486.20,-3692.24,0.8743,0.6969,0.6100,1,3,0.5715
2747,71433.50,6273.50,1202.992,617966.981,32.41153712,-69.17335892,12247.492,20292.519,488.09,-3692.19,0.9360,0.7759,0.4414,1,3,0.4705
2748,71433.50,7041.50,988.126,617982.933,32.39161325,-69.17284564,12032.626,20276.567,490.63,-3693.55,0.7908,0.4468,0.3273,1,3,0.3101
2749,71433.50,7425.50,881.484,617991.658,32.38172487,-69.17256333,11925.984,20267.842,492.80,-3693.49,0.8763,0.6300,0.3493,1,3,0.3711
2750,71433.50,7809.50,773.336,617999.550,32.37169729,-69.17230795,11817.836,20259.950,493.52,-3694.26,0.8273,0.5997,0.4414,1,3,0.4376
2751,71433.50,8193.50,665.149,618007.762,32.36166620,-69.17204141,11709.649,20251.738,494.27,-3694.72,0.8780,0.5229,0.4688,1,3,0.4636
2752,71433.50,8961.50,450.606,618025.027,32.34177470,-69.17147866,11495.106,20234.473,497.81,-3694.81,0.7619,0.3949,0.4562,1,3,0.4520
2753,71433.50,9345.50,344.055,618032.590,32.33189617,-69.17123161,11388.555,20226.910,500.39,-3695.94,0.8288,0.5304,0.2135,1,3,0.2028
2754,71433.50,9729.50,236.349,618040.257,32.32191087,-69.17098052,11280.849,20219.243,501.89,-3696.96,0.8691,0.5392,0.4664,1,3,0.4654
2755,71433.50,10113.50,127.968,618049.211,32.31186319,-69.17068643,11172.468,20210.289,502.78,-3696.70,0.8517,0.4074,0.4131,1,3,0.3743
2756,71433.50,10497.50,18.050,618057.435,32.30167333,-69.17041574,11062.550,20202.065,502.20,-3697.17,0.8052,0.4602,0.4336,1,3,0.5012
2757,71433.50,10881.50,-93.709,618066.864,32.29131301,-69.17010472,10950.791,20192.636,499.85,-3696.45,0.8498,0.7400,0.3492,1,3,0.4467
2758,71433.50,11265.50,-201.817,618075.212,32.28129149,-69.16982866,10842.683,20184.288,501.21,-3696.81,0.7686,0.4909,0.1932,1,3,0.3106
2759,71433.50,11649.50,-312.215,618084.194,32.27105797,-69.16953108,10732.285,20175.306,500.36,-3696.54,0.8793,0.5864,0.4052,1,3,0.5317
2760,71817.50,2817.50,2174.377,617993.107,32.50159138,-69.17241021,13218.877,20266.393,478.36,-3691.95,0.8448,0.4395,0.2638,1,3,0.2095
2761,71817.50,3201.50,2065.521,618002.305,32.49149633,-69.17211929,13110.021,20257.195,477.58,-3691.36,0.8209,0.4027,0.3959,1,3,0.4536
2762,71817.50,3585.50,1958.935,618010.803,32.48161229,-69.17185063,13003.435,20248.697,479.15,-3691.48,0.7798,0.4107,0.2568,1,3,0.2853
2763,71817.50,3969.50,1852.013,618019.374,32.47169720,-69.17157894,12896.513,20240.126,480.44,-3691.53,0.8587,0.5134,0.1362,1,3,0.1587
2764,71817.50,4353.50,1745.190,618028.445,32.46179150,-69.17129016,12789.690,20231.055,481.90,-3691.09,0.8404,0.6905,0.7772,1,3,0.7655
2765,71817.50,4737.50,1636.881,618036.907,32.45174843,-69.17102101,12681.381,20222.593,481.93,-3691.26,0.8743,0.5958,0.1938,1,3,0.2587
2766,71817.50,5121.50,1530.241,618045.105,32.44186047,-69.17075977,12574.741,20214.395,483.70,-3691.69,0.8396,0.2549,0.0578,1,3,0.1165
2767,71817.50,5505.50,1422.961,618053.778,32.43191327,-69.17048232,12467.461,20205.722,484.90,-3691.66,0.8246,0.5331,0.2858,1,3,0.3358
2768,71817.50,5889.50,1316.703,618061.652,32.42206129,-69.17023051,12361.203,20197.848,487.19,-3692.43,0.8336,0.3972,0.1016,1,3,0.1174
2769,71817.50,6273.50,1207.746,618070.226,32.41195920,-69.16995524,12252.246,20189.274,486.84,-3692.50,0.8387,0.6173,0.3024,1,3,0.2844
2770,71817.50,6657.50,1099.720,618079.596,32.40194356,-69.16965300,12144.220,20179.904,487.49,-3691.79,0.6261,0.4836,0.4696,1,3,0.4786
2771,71817.50,7041.50,993.623,618086.990,32.39210735,-69.16941519,12038.123,20172.510,490.13,-3693.05,0.8937,0.6903,0.0590,1,3,0.0644
2772,71817.50,7809.50,779.536,618103.471,32.37225992,-69.16888202,11824.036,20156.029,493.72,-3693.90,0.8486,0.4077,0.1355,1,3,0.1479
2773,71817.50,8193.50,671.244,618111.830,32.36222082,-69.16861067,11715.744,20147.670,494.37,-3694.21,0.8338,0.4545,0.1531,1,3,0.1442
2774,71817.50,8577.50,564.171,618120.163,32.35229498,-69.16833950,11608.671,20139.337,496.30,-3694.55,0.7411,0.2818,0.5161,1,3,0.5036
2775,71817.50,8961.50,457.329,618128.114,32.34239090,-69.16808034,11501.829,20131.386,498.53,-3695.28,0.7390,0.5570,0.2217,1,3,0.2070
2776,71817.50,9345.50,350.672,618135.639,32.33250419,-69.16783458,11395.172,20123.861,501.01,-3696.44,0.8698,0.5306,0.3682,1,3,0.3820
2777,71817.50,9729.50,242.839,618144.274,32.32250876,-69.16755164,11287.339,20115.226,502.39,-3696.49,0.8964,0.6578,0.2646,1,3,0.2365
2778,71817.50,10113.50,133.150,618152.312,32.31234156,-69.16728777,11177.650,20107.188,501.97,-3697.15,0.8162,0.5346,0.4434,1,3,0.4904
2779,71817.50,10497.50,24.288,618160.819,32.30225121,-69.16700780,11068.788,20098.681,502.45,-3697.34,0.8334,0.3377,0.4449,1,3,0.5118
2780,71817.50,11265.50,-193.208,618178.182,32.28209251,-69.16643447,10851.292,20081.318,503.83,-3697.39,0.8767,0.6548,0.1634,1,3,0.1870
2781,71817.50,11649.50,-303.382,618186.971,32.27188150,-69.16614329,10741.118,20072.529,503.19,-3697.31,0.8390,0.6337,0.0582,1,3,0.1643
2782,72201.50,2817.50,2180.755,618096.587,32.50214893,-69.16899835,13225.255,20162.913,478.97,-3692.06,0.8667,0.4323,0.3502,1,3,0.4121
2783,72201.50,3201.50,2073.559,618105.414,32.49220950,-69.16871952,13118.059,20154.086,479.85,-3691.84,0.8482,0.3908,0.0964,1,3,0.1539
2784,72201.50,3585.50,1965.781,618114.200,32.48221641,-69.16844152,13010.281,20145.300,480.23,-3691.67,0.8434,0.3449,0.1882,1,3,0.0961
2785,72201.50,3969.50,1857.990,618122.876,32.47222253,-69.16816651,12902.490,20136.624,480.65,-3691.62,0.8271,0.4562,0.2014,1,3,0.1911
2786,72201.50,4353.50,1750.940,618131.721,32.46229744,-69.16788524,12795.440,20127.779,481.88,-3691.40,0.8837,0.6612,0.2338,1,3,0.3177
2787,72201.50,4737.50,1642.927,618140.447,32.45228349,-69.16760737,12687.427,20119.053,482.21,-3691.30,0.8835,0.5593,0.3569,1,3,0.4193
2788,72201.50,5121.50,1536.155,618148.751,32.44238485,-69.16734271,12580.655,20110.749,483.85,-3691.63,0.8470,0.4790,0.0703,1,3,0.1131
2789,72201.50,5505.50,1428.922,618156.743,32.43244383,-69.16708772,12473.422,20102.757,485.10,-3692.28,0.7957,0.3451,0.3313,1,3,0.2791
2790,72201.50,5889.50,1321.019,618166.196,32.42244070,-69.16678405,12365.519,20093.304,485.74,-3691.47,0.8162,0.6550,0.4052,1,3,0.4496
2791,72201.50,7041.50,1000.017,618190.202,32.39268463,-69.16601258,12044.517,20069.298,490.76,-3693.42,0.9154,0.7084,0.3445,1,3,0.3364
2792,72201.50,7425.50,893.260,618198.196,32.38278899,-69.16575445,11937.760,20061.304,492.81,-3694.09,0.6938,0.2020,0.3497,1,3,0.3257
2793,72201.50,7809.50,785.551,618206.925,32.37280529,-69.16547155,11830.051,20052.575,493.98,-3694.03,0.8559,0.4158,0.0240,1,3,0.0378
2794,72201.50,8193.50,677.285,618214.886,32.36277035,-69.16521333,11721.785,20044.614,494.65,-3694.74,0.8054,0.2747,0.5912,1,3,0.5838
2795,72201.50,8577.50,571.298,618223.489,32.35294683,-69.16493329,11615.798,20036.011,497.67,-3694.81,0.7999,0.4799,0.3874,1,3,0.3842
2796,72201.50,8961.50,464.343,618230.788,32.34303396,-69.16469564,11508.843,20028.712,499.79,-3696.19,0.8581,0.5999,0.3242,1,3,0.3225
2797,72201.50,9345.50,357.276,618239.375,32.33311078,-69.16441493,11401.776,20020.125,501.86,-3696.29,0.8470,0.4369,0.2699,1,3,0.2451
2798,72201.50,9729.50,248.252,618247.503,32.32300663,-69.16414875,11292.752,20011.997,502.04,-3696.85,0.8543,0.5440,0.4636,1,3,0.5057
2799,72201.50,10113.50,137.734,618256.823,32.31276423,-69.16384266,11182.234,20002.677,500.79,-3696.23,0.8882,0.5373,0.0510,1,3,0.1085
2800,72201.50,11265.50,-186.024,618281.461,32.28276125,-69.16303008,10858.476,19978.039,505.26,-3697.70,0.8034,0.5511,0.3637,1,3,0.3125
2801,72201.50,11649.50,-293.875,618289.186,32.27276710,-69.16277406,10750.625,19970.314,506.95,-3698.69,0.8032,0.3155,0.3216,1,3,0.3805
2802,72585.50,2817.50,2187.658,618199.824,32.50275488,-69.16559447,13232.158,20059.676,480.06,-3692.41,0.8514,0.4690,0.2690,1,3,0.3335
2803,72585.50,3201.50,2079.459,618209.253,32.49272403,-69.16529597,13123.959,20050.247,479.95,-3691.60,0.8163,0.6741,0.3954,1,3,0.4992
2804,72585.50,3585.50,1971.569,618217.795,32.48272232,-69.16502605,13016.069,20041.705,480.21,-3691.67,0.7828,0.5320,0.4032,1,3,0.4822
2805,72585.50,3969.50,1863.333,618226.732,32.47268870,-69.16474251,12907.833,20032.768,480.19,-3691.36,0.7878,0.4948,0.2531,1,3,0.3308
2806,72585.50,4353.50,1755.921,618235.677,32.46273180,-69.16445802,12800.421,20023.823,481.06,-3691.04,0.8344,0.5010,0.3630,1,3,0.3658
2807,72585.50,4737.50,1647.910,618243.918,32.45271975,-69.16419617,12692.410,20015.582,481.39,-3691.43,0.8137,0.3182,0.2379,1,3,0.2326
2808,72585.50,5121.50,1540.801,618252.544,32.44279152,-69.16392093,12585.301,20006.956,482.70,-3691.43,0.7733,0.2698,0.0821,1,3,0.1285
2809,72585.50,5505.50,1433.125,618261.040,32.43281102,-69.16364941,12477.625,19998.460,483.50,-3691.58,0.8432,0.7383,0.1802,1,3,0.1974
2810,72585.50,5889.50,1327.806,618269.247,32.42304926,-69.16338663,12372.306,19990.253,486.72,-3692.01,0.8118,0.5349,0.3128,1,3,0.3632
2811,72585.50,6273.50,1221.311,618277.195,32.41317879,-69.16313187,12265.811,19982.305,488.84,-3692.72,0.8133,0.4106,0.4473,1,3,0.4336
2812,72585.50,6657.50,1114.152,618285.015,32.40324708,-69.16288077,12158.652,19974.485,490.36,-3693.55,0.8748,0.6473,0.4052,1,3,0.3905
2813,72585.50,7041.50,1004.956,618294.475,32.39312662,-69.16257512,12049.456,19965.025,489.90,-3692.75,0.8866,0.7542,0.6757,1,3,0.6459
2814,72585.50,7425.50,898.858,618301.978,32.38329378,-69.16233318,11943.358,19957.522,492.61,-3693.91,0.8751,0.6726,0.1648,1,3,0.1408
2815,72585.50,7809.50,790.683,618310.474,32.37326865,-69.16205799,11835.183,19949.026,493.31,-3694.08,0.8112,0.3733,0.1303,1,3,0.1171
2816,72585.50,8193.50,683.208,618318.855,32.36330866,-69.16178595,11727.708,19940.645,494.78,-3694.36,0.7662,0.4876,0.2449,1,3,0.2366
2817,72585.50,8577.50,577.153,618326.847,32.35348046,-69.16152605,11621.653,19932.653,497.73,-3695.05,0.8156,0.5068,0.2471,1,3,0.2429
2818,72585.50,8961.50,470.021,618334.369,32.34355287,-69.16128111,11514.521,19925.131,499.67,-3696.21,0.8203,0.4759,0.2325,1,3,0.2473
2819,72585.50,9345.50,362.857,618342.294,32.33362244,-69.16102223,11407.357,19917.206,501.65,-3696.97,0.8581,0.4886,0.5734,1,3,0.5831
2820,72585.50,9729.50,253.313,618351.675,32.32347169,-69.16071483,11297.813,19907.825,501.31,-3696.28,0.8234,0.5134,0.2383,1,3,0.1901
2821,72585.50,10113.50,144.261,618359.670,32.31336685,-69.16045244,11188.761,19899.830,501.53,-3696.97,0.8443,0.4418,0.3578,1,3,0.4275
2822,72585.50,10497.50,35.763,618368.670,32.30331368,-69.16015629,11080.263,19890.830,502.37,-3696.67,0.8193,0.4754,0.3293,1,3,0.3012
2823,72585.50,10881.50,-72.071,618376.526,32.29332229,-69.15989723,10972.429,19882.974,503.94,-3697.52,0.8238,0.5259,0.2196,1,3,0.2316
2824,72585.50,11265.50,-179.568,618384.482,32.28336229,-69.15963426,10864.932,19875.018,505.92,-3698.27,0.8424,0.4019,0.0196,1,3,0.1497
2825,72585.50,11649.50,-286.954,618392.522,32.27341291,-69.15936787,10757.546,19866.978,508.08,-3698.94,0.8277,0.5096,0.1371,1,3,0.0177
2826,72969.50,2817.50,2194.660,618303.082,32.50336989,-69.16218991,13239.160,19956.418,480.98,-3692.73,0.8106,0.2981,0.0241,1,3,0.1008
2827,72969.50,3201.50,2085.561,618312.191,32.49325740,-69.16190211,13130.061,19947.309,479.97,-3692.23,0.8908,0.6895,0.6140,1,3,0.5261
2828,72969.50,3585.50,1977.998,618321.414,32.48328742,-69.16160972,13022.498,19938.086,480.56,-3691.62,0.8621,0.4049,0.3399,1,3,0.3534
2829,72969.50,3969.50,1868.336,618330.451,32.47312335,-69.16132309,12912.836,19929.049,479.11,-3691.21,0.8529,0.4766,0.1309,1,3,0.1611
2830,72969.50,4353.50,1760.232,618339.898,32.46310380,-69.16102216,12804.732,19919.602,479.29,-3690.39,0.8715,0.5507,0.6291,1,3,0.6034
2831,72969.50,4737.50,1652.572,618348.182,32.45312601,-69.16075889,12697.072,19911.318,479.98,-3690.74,0.8000,0.2472,0.1155,1,3,0.1955
2832,72969.50,5121.50,1545.593,618356.116,32.44321164,-69.16050648,12590.093,19903.384,481.41,-3691.44,0.8688,0.6632,0.3832,1,3,0.3837
2833,72969.50,5505.50,1439.712,618364.572,32.43339909,-69.16023614,12484.212,19894.928,484.01,-3691.62,0.7837,0.4000,0.2707,1,3,0.3310
2834,72969.50,5889.50,1333.777,618372.733,32.42358193,-69.15997498,12378.277,19886.767,486.62,-3692.10,0.7642,0.4889,0.4609,1,3,0.5152
2835,72969.50,6273.50,1227.954,618380.866,32.41377534,-69.15971410,12272.454,19878.634,489.41,-3692.62,0.8174,0.4192,0.5931,1,3,0.6405
2836,72969.50,6657.50,1120.802,618388.606,32.40384594,-69.15946568,12165.302,19870.894,490.93,-3693.53,0.8553,0.5316,0.1147,1,3,0.1657
2837,72969.50,7041.50,1012.826,618397.023,32.39384039,-69.15919436,12057.326,19862.477,491.70,-3693.77,0.8481,0.3224,0.0218,1,3,0.0359
2838,72969.50,7425.50,904.539,618405.640,32.38380625,-69.15891585,11949.039,19853.860,492.22,-3693.81,0.8690,0.4675,0.0119,1,3,0.0351
2839,72969.50,7809.50,797.090,618414.095,32.37384994,-69.15864205,11841.590,19845.405,493.64,-3694.03,0.8594,0.5180,0.1986,1,3,0.2099
2840,72969.50,8193.50,689.569,618421.975,32.36388737,-69.15838653,11734.069,19837.525,495.06,-3694.82,0.9018,0.6180,0.2487,1,3,0.2379
2841,72969.50,8577.50,581.128,618430.659,32.35383975,-69.15810396,11625.628,19828.841,495.63,-3694.81,0.8676,0.6769,0.1271,1,3,0.1397
2842,72969.50,8961.50,475.029,618438.343,32.34400950,-69.15785366,11519.529,19821.157,498.60,-3695.80,0.7293,0.3446,0.1971,1,3,0.2190
2843,72969.50,9345.50,367.384,618446.250,32.33403621,-69.15759545,11411.884,19813.250,500.10,-3696.58,0.8282,0.3284,0.3240,1,3,0.3620
2844,72969.50,9729.50,259.034,618455.162,32.32399782,-69.15730350,11303.534,19804.338,500.96,-3696.36,0.8785,0.6708,0.1535,1,3,0.0995
2845,72969.50,10113.50,150.394,618463.672,32.31393281,-69.15702416,11194.894,19795.828,501.59,-3696.54,0.8395,0.3183,0.2236,1,3,0.1831
2846,72969.50,10497.50,42.062,618471.736,32.30389662,-69.15675891,11086.562,19787.764,502.60,-3697.18,0.8270,0.3937,0.2580,1,3,0.3072
2847,72969.50,10881.50,-65.619,618479.611,32.29392105,-69.15649926,10978.881,19779.889,504.32,-3698.01,0.7850,0.3905,0.2754,1,3,0.3370
2848,72969.50,11265.50,-172.647,618487.725,32.28400621,-69.15623114,10871.853,19771.775,506.77,-3698.60,0.8495,0.5365,0.4431,1,3,0.4522
2849,72969.50,11649.50,-280.390,618495.359,32.27402542,-69.15597818,10764.110,19764.141,508.57,-3699.68,0.7899,0.3086,0.2242,1,3,0.3758
2850,73353.50,2817.50,2201.930,618406.462,32.50400943,-69.15878137,13246.430,19853.038,482.20,-3692.92,0.8427,0.5060,0.2031,1,4,0.1414
2851,73353.50,3201.50,2093.186,618415.946,32.49393142,-69.15848118,13137.686,19843.554,481.54,-3692.05,0.8145,0.2674,0.5301,1,4,0.6058
2852,73353.50,3585.50,1983.573,618424.761,32.48377331,-69.15820254,13028.073,19834.739,480.08,-3691.85,0.8825,0.4813,0.3262,1,4,0.4428
2853,73353.50,3969.50,1873.697,618434.410,32.47359089,-69.15789577,12918.197,19825.090,478.42,-3690.82,0.8470,0.3583,0.3531,1,4,0.4375
2854,73353.50,4353.50,1764.310,618443.686,32.46345428,-69.15760062,12808.810,19815.814,477.31,-3690.17,0.8514,0.3694,0.1701,1,4,0.2068
2855,73353.50,4737.50,1657.485,618452.150,32.45355543,-69.15733137,12701.985,19807.350,478.83,-3690.34,0.8937,0.6661,0.1838,1,4,0.2053
2856,73353.50,5121.50,1551.530,618460.447,32.44373749,-69.15706693,12596.030,19799.053,481.29,-3690.68,0.7705,0.3277,0.2999,1,4,0.2041
2857,73353.50,5505.50,1446.014,618467.853,32.43396060,-69.15683122,12490.514,19791.647,484.25,-3691.91,0.8650,0.4838,0.1877,1,4,0.2212
2858,73353.50,5889.50,1340.433,618475.727,32.42417795,-69.15657954,12384.933,19783.773,487.22,-3692.68,0.7950,0.4226,0.0601,1,4,0.1371
2859,73353.50,6273.50,1233.902,618483.998,32.41430741,-69.15631420,12278.402,19775.502,489.30,-3693.06,0.8333,0.5009,0.3786,1,4,0.3288
2860,73353.50,6657.50,1126.920,618492.188,32.40439528,-69.15605095,12171.420,19767.312,490.99,-3693.52,0.8431,0.4529,0.1068,1,4,0.0934
2861,73353.50,7041.50,1018.350,618501.100,32.39433633,-69.15576342,12062.850,19758.400,491.17,-3693.27,0.8679,0.6581,0.2801,1,4,0.2302
2862,73353.50,7425.50,910.458,618509.314,32.38434042,-69.15549821,11954.958,19750.186,492.08,-3693.71,0.8507,0.5706,0.1606,1,4,0.1674
2863,73353.50,7809.50,803.417,618517.428,32.37442372,-69.15523562,11847.917,19742.072,493.92,-3694.26,0.9026,0.5302,0.1258,1,4,0.1402
2864,73353.50,8193.50,693.114,618526.882,32.36420495,-69.15492841,11737.614,19732.618,492.56,-3693.48,0.7686,0.5018,0.4474,1,4,0.4036
2865,73353.50,9729.50,266.484,618558.232,32.32468387,-69.15390594,11310.984,19701.268,502.36,-3696.86,0.7811,0.2316,0.1123,1,4,0.1010
2866,73353.50,10113.50,156.818,618566.933,32.31452556,-69.15362035,11201.318,19692.567,501.96,-3696.85,0.7713,0.2862,0.0822,1,4,0.1047
2867,73353.50,10497.50,49.007,618575.196,32.30453928,-69.15334859,11093.507,19684.304,503.49,-3697.29,0.7974,0.3590,0.1801,1,4,0.1635
2868,73353.50,10881.50,-59.562,618582.990,32.29448310,-69.15309163,10984.938,19676.510,504.33,-3698.20,0.8338,0.6671,0.4086,1,4,0.4112
2869,73353.50,11265.50,-166.669,618591.487,32.28456259,-69.15281091,10877.831,19668.013,506.70,-3698.41,0.8428,0.6157,0.2460,1,4,0.2849
2870,73353.50,11649.50,-273.798,618599.227,32.27464029,-69.15255452,10770.702,19660.273,509.11,-3699.38,0.7671,0.2682,0.2410,1,4,0.2971
2871,73737.50,2817.50,2208.869,618509.877,32.50461812,-69.15537172,13253.369,19749.623,483.28,-3693.04,0.8433,0.4008,0.2637,1,4,0.2586
2872,73737.50,3201.50,2099.325,618518.886,32.49446783,-69.15508732,13143.825,19740.614,481.83,-3692.64,0.8614,0.5492,0.2606,1,4,0.4038
2873,73737.50,3585.50,1989.409,618528.509,32.48428305,-69.15478213,13033.909,19730.991,480.06,-3691.64,0.8606,0.4721,0.1978,1,4,0.3168
2874,73737.50,3969.50,1879.520,618538.190,32.47410122,-69.15447434,12924.020,19721.310,478.39,-3690.58,0.8060,0.4583,0.1583,1,4,0.2115
2875,73737.50,4353.50,1769.273,618547.480,32.46388650,-69.15417882,12813.773,19712.020,476.42,-3689.91,0.8425,0.5730,0.4019,1,4,0.4666
2876,73737.50,4737.50,1663.106,618555.393,32.45405047,-69.15392771,12707.606,19704.107,478.61,-3690.63,0.7662,0.4107,0.5384,1,4,0.6152
2877,73737.50,5121.50,1556.914,618563.284,32.44421229,-69.15367671,12601.414,19696.216,480.83,-3691.37,0.7841,0.4581,0.8979,1,4,0.9514
2878,73737.50,5505.50,1452.078,618571.493,32.43449985,-69.15341451,12496.578,19688.007,484.47,-3691.80,0.7770,0.5169,0.6072,1,4,0.5725
2879,73737.50,5889.50,1347.342,618579.314,32.42479708,-69.15316454,12391.842,19680.186,488.28,-3692.63,0.7997,0.4674,0.2337,1,4,0.1553
2880,73737.50,6273.50,1240.451,618586.975,32.41489496,-69.15291937,12284.951,19672.525,490.00,-3693.61,0.8670,0.4410,0.3508,1,4,0.3924
2881,73737.50,6657.50,1132.601,618595.386,32.40490412,-69.15264894,12177.101,19664.114,490.83,-3693.85,0.7994,0.3250,0.3659,1,4,0.4450
2882,73737.50,7041.50,1024.426,618604.696,32.39488325,-69.15234829,12068.926,19654.804,491.40,-3693.20,0.8511,0.4743,0.3115,1,4,0.2398
2883,73737.50,7425.50,915.889,618612.609,32.38482944,-69.15209308,11960.389,19646.891,491.67,-3693.95,0.8570,0.5260,0.4236,1,4,0.5092
2884,73737.50,7809.50,809.186,618621.189,32.37494553,-69.15181518,11853.686,19638.311,493.84,-3694.04,0.8779,0.6115,0.1222,1,4,0.0976
2885,73737.50,9729.50,272.934,618661.059,32.32527711,-69.15051641,11317.434,19598.441,502.96,-3697.57,0.7934,0.3755,0.4606,1,4,0.4826
2886,73737.50,10113.50,164.953,618670.365,32.31527651,-69.15021093,11209.453,19589.135,504.26,-3696.96,0.7877,0.4234,0.5712,1,4,0.5464
2887,73737.50,10881.50,-54.174,618687.153,32.29498303,-69.14965822,10990.326,19572.347,503.88,-3697.57,0.8056,0.4527,0.2627,1,4,0.3095
2888,73737.50,11265.50,-161.893,618694.874,32.28500745,-69.14940311,10882.607,19564.626,505.64,-3698.56,0.7713,0.4359,0.5596,1,4,0.5822
2889,73737.50,11649.50,-267.876,618702.801,32.27519295,-69.14914058,10776.624,19556.699,509.20,-3699.34,0.8328,0.4687,0.2350,1,4,0.2824
2890,74121.50,2817.50,2214.204,618613.258,32.50507801,-69.15196341,13258.704,19646.242,482.77,-3693.22,0.8178,0.5066,0.4870,1,4,0.6761
2891,74121.50,3201.50,2105.309,618622.946,32.49498929,-69.15165661,13149.809,19636.554,481.96,-3692.14,0.8365,0.5128,0.2532,1,4,0.1983
2892,74121.50,3585.50,1996.269,618631.937,32.48488761,-69.15137216,13040.769,19627.563,481.07,-3691.77,0.8455,0.4977,0.2494,1,4,0.3522
2893,74121.50,3969.50,1886.270,618641.253,32.47469732,-69.15107647,12930.770,19618.247,479.29,-3691.08,0.8323,0.3934,0.1866,1,4,0.2840
2894,74121.50,4353.50,1777.147,618650.743,32.46458841,-69.15077432,12821.647,19608.757,478.45,-3690.21,0.8480,0.4172,0.1109,1,4,0.0776
2895,74121.50,4737.50,1669.395,618659.286,32.45460700,-69.15050261,12713.895,19600.214,479.05,-3690.30,0.8400,0.3797,0.1074,1,4,0.1918
2896,74121.50,5121.50,1563.488,618667.627,32.44479681,-69.15023678,12607.988,19591.873,481.56,-3690.59,0.8416,0.6111,0.4312,1,4,0.3454
2897,74121.50,5505.50,1459.156,618674.600,32.43513297,-69.15001534,12503.656,19584.900,485.71,-3692.26,0.7388,0.5540,0.1225,1,4,0.2265
2898,74121.50,5889.50,1353.729,618681.974,32.42536785,-69.14978020,12398.229,19577.526,488.82,-3693.53,0.7298,0.4976,0.4598,1,4,0.5396
2899,74121.50,6273.50,1247.692,618690.106,32.41554636,-69.14951949,12292.192,19569.394,491.40,-3694.04,0.8224,0.3373,0.4222,1,4,0.5130
2900,74121.50,6657.50,1139.342,618698.973,32.40551080,-69.14923409,12183.842,19560.527,491.73,-3693.83,0.8832,0.6390,0.3503,1,4,0.4092
2901,74121.50,7041.50,1030.578,618708.044,32.39543708,-69.14894139,12075.078,19551.456,491.71,-3693.42,0.8659,0.5234,0.1384,1,4,0.0709
2902,74121.50,7425.50,921.763,618716.258,32.38535919,-69.14867629,11966.263,19543.242,491.70,-3693.86,0.8815,0.7350,0.3902,1,4,0.4874
2903,74121.50,7809.50,816.095,618724.634,32.37557279,-69.14840511,11860.595,19534.866,494.91,-3694.15,0.7798,0.6209,0.3336,1,4,0.2709
2904,74121.50,9729.50,279.282,618764.954,32.32586068,-69.14709174,11323.782,19494.546,503.47,-3697.23,0.8939,0.6256,0.2110,1,4,0.2290
2905,74121.50,10113.50,170.555,618773.551,32.31579265,-69.14680969,11215.055,19485.949,504.02,-3697.33,0.8572,0.5268,0.1559,1,4,0.1673
2906,74121.50,10881.50,-48.822,618790.507,32.29547940,-69.14625148,10995.678,19468.993,503.40,-3697.77,0.8333,0.6605,0.6291,1,4,0.7036
2907,74121.50,11265.50,-155.727,618798.549,32.28558094,-69.14598582,10888.773,19460.951,505.97,-3698.44,0.7923,0.4564,0.1358,1,4,0.1913
2908,74121.50,11649.50,-262.461,618806.152,32.27569848,-69.14573403,10782.039,19453.348,508.78,-3699.55,0.7741,0.2912,0.4165,1,4,0.4695
2909,74505.50,2817.50,2222.081,618716.067,32.50577343,-69.14857370,13266.581,19543.433,484.73,-3694.08,0.8241,0.5313,0.5458,1,4,0.7055
2910,74505.50,3201.50,2111.272,618725.919,32.49550904,-69.14826175,13155.772,19533.581,482.01,-3692.84,0.8577,0.4941,0.2939,1,4,0.3744
2911,74505.50,3585.50,2003.209,618735.278,32.48549938,-69.14796513,13047.709,19524.222,482.10,-3692.10,0.8379,0.5784,0.2124,1,4,0.2784
2912,74505.50,3969.50,1893.076,618744.728,32.47529831,-69.14766504,12937.576,19514.772,480.18,-3691.27,0.8220,0.4548,0.0408,1,4,0.1205
2913,74505.50,4353.50,1783.753,618753.670,32.46517273,-69.14738101,12828.253,19505.830,479.15,-3690.95,0.8392,0.4717,0.4342,1,4,0.5326
2914,74505.50,4737.50,1675.703,618762.453,32.45516535,-69.14710146,12720.203,19497.047,479.45,-3690.80,0.7999,0.3128,0.3362,1,4,0.4473
2915,74505.50,5121.50,1568.403,618771.414,32.44522755,-69.14681538,12612.903,19488.086,480.56,-3690.47,0.7349,0.5730,1.2438,1,4,1.2036
2916,74505.50,5505.50,1466.385,618777.844,32.43577977,-69.14661167,12510.885,19481.656,487.02,-3692.68,0.8096,0.4319,0.2618,1,4,0.3195
2917,74505.50,5889.50,1359.829,618786.057,32.42591157,-69.14634899,12404.329,19473.443,489.01,-3693.11,0.8135,0.5070,0.2532,1,4,0.2045
2918,74505.50,6273.50,1252.986,618794.332,32.41601711,-69.14608367,12297.486,19465.168,490.78,-3693.49,0.7756,0.5492,0.1383,1,4,0.0435
2919,74505.50,6657.50,1146.221,618802.349,32.40613013,-69.14582622,12190.721,19457.151,492.70,-3694.12,0.8407,0.4034,0.1885,1,4,0.2445
2920,74505.50,7041.50,1037.591,618811.340,32.39607055,-69.14553618,12082.091,19448.160,492.81,-3693.79,0.8699,0.4412,0.3480,1,4,0.3257
2921,74505.50,7425.50,928.591,618819.717,32.38597704,-69.14526578,11973.091,19439.783,492.62,-3694.07,0.8310,0.4173,0.2897,1,4,0.3682
2922,74505.50,7809.50,822.137,618827.515,32.37611966,-69.14501371,11866.637,19431.985,495.04,-3694.94,0.7402,0.4500,0.3262,1,4,0.4142
2923,74505.50,9729.50,285.397,618868.369,32.32642248,-69.14368294,11329.897,19391.131,503.68,-3697.48,0.8430,0.5704,0.0746,1,4,0.1499
2924,74505.50,10113.50,176.891,618877.256,32.31637659,-69.14339134,11221.391,19382.244,504.45,-3697.29,0.8745,0.7077,0.5410,1,4,0.4502
2925,74505.50,10497.50,69.323,618884.881,32.30641790,-69.14314072,11113.823,19374.619,506.23,-3698.36,0.7736,0.3315,0.0388,1,4,0.0837
2926,74505.50,10881.50,-40.325,618894.027,32.29626684,-69.14283936,11004.175,19365.473,505.99,-3697.92,0.8025,0.4312,0.3543,1,4,0.3216
2927,74505.50,11265.50,-148.788,618901.677,32.28622570,-69.14258663,10895.712,19357.823,507.00,-3698.98,0.8157,0.5557,0.5922,1,4,0.6989
2928,74505.50,11649.50,-256.471,618909.637,32.27625715,-69.14232312,10788.029,19349.863,508.87,-3699.73,0.8545,0.4895,0.2579,1,4,0.3699
2929,74889.50,2817.50,2229.706,618819.589,32.50644497,-69.14516058,13274.206,19439.911,486.42,-3694.22,0.7620,0.4304,0.2081,1,4,0.2367
2930,74889.50,3201.50,2119.638,618828.707,32.49625118,-69.14487277,13164.138,19430.793,484.44,-3693.72,0.8008,0.4427,0.2825,1,4,0.3847
2931,74889.50,3585.50,2010.172,618838.191,32.48611319,-69.14457220,13054.672,19421.309,483.12,-3692.85,0.8514,0.3123,0.2279,1,4,0.2682
2932,74889.50,3969.50,1900.650,618847.597,32.47597043,-69.14427359,12945.150,19411.903,481.82,-3692.07,0.8237,0.3787,0.3288,1,4,0.4230
2933,74889.50,4353.50,1790.689,618856.610,32.46578739,-69.14398729,12835.189,19402.890,480.14,-3691.68,0.8586,0.6036,0.5867,1,4,0.6915
2934,74889.50,4737.50,1682.752,618865.747,32.45579198,-69.14369613,12727.252,19393.753,480.56,-3691.17,0.8417,0.4401,0.2432,1,4,0.3557
2935,74889.50,5121.50,1575.892,618873.688,32.44589694,-69.14344366,12620.392,19385.812,482.11,-3691.87,0.6386,0.5062,1.0214,1,4,1.0496
2936,74889.50,5505.50,1472.906,618881.814,32.43636065,-69.14318417,12517.406,19377.686,487.61,-3692.38,0.8527,0.5037,0.5079,1,4,0.4134
2937,74889.50,5889.50,1366.153,618889.300,32.42647601,-69.14294550,12410.653,19370.200,489.40,-3693.53,0.8507,0.3706,0.1264,1,4,0.2257
2938,74889.50,6273.50,1258.993,618897.195,32.41655394,-69.14269275,12303.493,19362.305,490.86,-3694.29,0.8468,0.6087,0.6977,1,4,0.7319
2939,74889.50,6657.50,1152.290,618905.787,32.40667420,-69.14241640,12196.790,19353.713,492.83,-3694.35,0.7696,0.3841,0.1910,1,4,0.2754
2940,74889.50,7041.50,1044.888,618914.386,32.39673006,-69.14213924,12089.388,19345.114,494.17,-3694.41,0.8221,0.5119,0.6076,1,4,0.6167
2941,74889.50,7425.50,935.632,618922.516,32.38661457,-69.14187705,11980.132,19336.984,493.73,-3694.94,0.8484,0.5566,0.5476,1,4,0.6501
2942,74889.50,7809.50,828.767,618931.201,32.37672070,-69.14159579,11873.267,19328.299,495.74,-3694.92,0.8625,0.5867,0.0351,1,4,0.1026
2943,74889.50,8193.50,722.710,618938.677,32.36690199,-69.14135376,11767.210,19320.823,498.63,-3696.11,0.8013,0.4701,0.2914,1,4,0.3603
2944,74889.50,8577.50,616.514,618946.081,32.35707061,-69.14111351,11661.014,19313.419,501.44,-3697.39,0.8107,0.2676,0.5480,1,4,0.6257
2945,74889.50,8961.50,509.032,618955.003,32.34712038,-69.14082264,11553.532,19304.497,503.04,-3697.14,0.8287,0.4264,0.5564,1,4,0.5335
2946,74889.50,9345.50,400.206,618963.263,32.33704596,-69.14055301,11444.706,19296.237,503.35,-3697.57,0.8224,0.4740,0.1985,1,4,0.2860
2947,74889.50,9729.50,292.026,618971.367,32.32703170,-69.14028788,11336.526,19288.133,504.38,-3698.15,0.8205,0.4938,0.3939,1,4,0.4919
2948,74889.50,10113.50,183.556,618980.443,32.31699079,-69.13999010,11228.056,19279.057,505.19,-3697.77,0.8572,0.6165,0.2292,1,4,0.1628
2949,74889.50,10497.50,76.112,618988.069,32.30704519,-69.13973950,11120.612,19271.431,507.09,-3698.84,0.8234,0.4665,0.3204,1,4,0.4205
2950,74889.50,10881.50,-32.661,618996.335,32.29697686,-69.13946718,11011.839,19263.165,507.73,-3699.28,0.8289,0.5058,0.3132,1,4,0.4542
2951,75273.50,2817.50,2237.074,618922.172,32.50709280,-69.14177842,13281.574,19337.328,487.80,-3695.28,0.8365,0.4727,0.2382,1,4,0.2511
2952,75273.50,3201.50,2127.312,618931.898,32.49692882,-69.14147062,13171.812,19327.602,486.12,-3694.17,0.8368,0.4772,0.0396,1,4,0.1149
2953,75273.50,3585.50,2017.754,618941.076,32.48678411,-69.14118017,13062.254,19318.424,484.72,-3693.61,0.8325,0.4578,0.2457,1,4,0.3213
2954,75273.50,3969.50,1907.867,618950.737,32.47660916,-69.14087323,12952.367,19308.763,483.05,-3692.57,0.8355,0.5916,0.3619,1,4,0.4353
2955,75273.50,4353.50,1798.189,618960.245,32.46645391,-69.14057066,12842.689,19299.255,481.66,-3691.69,0.8245,0.3297,0.0843,1,4,0.1430
2956,75273.50,4737.50,1689.547,618968.889,32.45639504,-69.14029585,12734.047,19290.611,481.37,-3691.67,0.8125,0.3385,0.3798,1,4,0.4706
2957,75273.50,5121.50,1583.194,618976.914,32.44654849,-69.14004060,12627.694,19282.586,483.43,-3692.28,0.7357,0.4729,0.5754,1,4,0.6335
2958,75273.50,5505.50,1478.861,618984.740,32.43688921,-69.13979114,12523.361,19274.760,487.58,-3693.09,0.8344,0.4990,0.1078,1,4,0.1269
2959,75273.50,5889.50,1372.870,618992.865,32.42707660,-69.13953140,12417.370,19266.635,490.14,-3693.61,0.7444,0.2754,0.2153,1,4,0.1198
2960,75273.50,6273.50,1266.366,619000.746,32.41721687,-69.13927910,12310.866,19258.754,492.25,-3694.38,0.8513,0.5506,0.2042,1,4,0.2729
2961,75273.50,6657.50,1158.125,619009.075,32.40719651,-69.13901157,12202.625,19250.425,492.68,-3694.70,0.8514,0.6391,0.3261,1,4,0.4265
2962,75273.50,7041.50,1051.168,619017.151,32.39729524,-69.13875166,12095.668,19242.349,494.47,-3695.28,0.8575,0.4430,0.4018,1,4,0.4978
2963,75273.50,7425.50,943.407,619025.933,32.38731977,-69.13846791,11987.907,19233.567,495.52,-3695.16,0.7614,0.3908,0.1493,1,4,0.2007
2964,75273.50,7809.50,836.073,619033.878,32.37738420,-69.13821113,11880.573,19225.622,497.07,-3695.88,0.8120,0.4280,0.6095,1,4,0.6491
2965,75273.50,8193.50,730.794,619041.898,32.36763901,-69.13795119,11775.294,19217.602,500.73,-3696.54,0.7536,0.4437,0.1703,1,4,0.1047
2966,75273.50,8577.50,624.545,619050.019,32.35780432,-69.13768733,11669.045,19209.481,503.49,-3697.09,0.8240,0.5210,0.4889,1,4,0.4172
2967,75273.50,8961.50,516.237,619057.757,32.34777935,-69.13743559,11560.737,19201.743,504.26,-3698.03,0.8449,0.5045,0.1957,1,4,0.2697
2968,75273.50,9345.50,407.648,619066.275,32.33772856,-69.13715750,11452.148,19193.225,504.82,-3698.20,0.8528,0.4278,0.1821,1,4,0.2800
2969,75273.50,9729.50,298.407,619075.274,32.32761772,-69.13686295,11342.907,19184.226,504.79,-3697.89,0.8516,0.4903,0.2231,1,4,0.2699
2970,75273.50,10113.50,189.735,619083.801,32.31755987,-69.13658330,11234.235,19175.699,505.39,-3698.05,0.8440,0.4682,0.1329,1,4,0.1175
2971,75273.50,10497.50,82.703,619091.671,32.30765401,-69.13632467,11127.203,19167.829,507.70,-3698.88,0.7456,0.4367,0.2850,1,4,0.3428
2972,75273.50,10881.50,-23.709,619099.460,32.29780582,-69.13606810,11020.791,19160.040,510.70,-3699.80,0.7624,0.4085,0.4608,1,4,0.5001
2973,75657.50,2817.50,2244.478,619025.127,32.50774363,-69.13838407,13288.978,19234.373,489.29,-3695.94,0.8073,0.4043,0.2653,1,0,0.2015
2974,75657.50,3201.50,2135.236,619035.091,32.49762934,-69.13806837,13179.736,19224.409,488.14,-3694.59,0.8292,0.4491,0.3182,1,0,0.4427
2975,75657.50,3585.50,2024.854,619043.984,32.48741027,-69.13778751,13069.354,19215.516,485.91,-3694.31,0.8165,0.4652,0.4279,1,0,0.3133
2976,75657.50,3969.50,1914.752,619054.471,32.47721684,-69.13745338,12959.252,19205.029,484.03,-3692.44,0.8475,0.6729,0.4445,1,0,0.6309
2977,75657.50,4353.50,1806.634,619063.211,32.46720785,-69.13717601,12851.134,19196.289,484.20,-3692.33,0.7631,0.3213,0.2968,1,0,0.4791
2978,75657.50,4737.50,1697.613,619072.001,32.45711547,-69.13689647,12742.113,19187.499,483.53,-3692.17,0.8314,0.4197,0.1993,1,0,0.2322
2979,75657.50,5121.50,1590.647,619080.644,32.44721371,-69.13662094,12635.147,19178.856,484.98,-3692.16,0.8266,0.5417,0.2651,1,0,0.4814
2980,75657.50,5505.50,1485.546,619087.714,32.43748509,-69.13639654,12530.046,19171.786,488.36,-3693.73,0.8153,0.4586,0.2581,1,0,0.1375
2981,75657.50,5889.50,1379.797,619095.693,32.42769659,-69.13614159,12424.297,19163.807,491.16,-3694.39,0.8044,0.4971,0.1479,1,0,0.1347
2982,75657.50,6273.50,1273.326,619104.194,32.41784141,-69.13586891,12317.826,19155.306,493.30,-3694.54,0.8240,0.4258,0.4441,1,0,0.5405
2983,75657.50,6657.50,1164.989,619112.478,32.40781378,-69.13560290,12209.489,19147.022,493.64,-3694.91,0.8443,0.2865,0.1477,1,0,0.1538
2984,75657.50,7041.50,1057.521,619121.161,32.39786682,-69.13532306,12102.021,19138.339,494.92,-3694.88,0.8447,0.2799,0.2390,1,0,0.4175
2985,75657.50,7425.50,950.387,619129.327,32.38795114,-69.13505963,11994.887,19130.173,496.60,-3695.38,0.9036,0.7850,0.1811,1,0,0.3434
2986,75657.50,7809.50,843.775,619136.615,32.37808408,-69.13482453,11888.275,19122.885,498.87,-3696.76,0.8358,0.5114,0.4730,1,0,0.3168
2987,75657.50,8193.50,738.007,619145.387,32.36829525,-69.13453986,11782.507,19114.113,502.04,-3696.66,0.5315,0.3856,0.5847,1,0,0.6885
2988,75657.50,8577.50,631.878,619152.526,32.35847332,-69.13430840,11676.378,19106.974,504.92,-3698.19,0.7836,0.3537,0.0181,1,0,0.1038
2989,75657.50,8961.50,524.519,619160.839,32.34853783,-69.13403771,11569.019,19098.661,506.64,-3698.56,0.8377,0.5772,0.1794,1,0,0.2991
2990,75657.50,9345.50,415.740,619169.445,32.33847111,-69.13375677,11460.240,19090.055,507.01,-3698.64,0.8472,0.4388,0.1957,1,0,0.3268
2991,75657.50,9729.50,304.763,619178.547,32.32820126,-69.13345891,11349.263,19080.953,505.24,-3698.22,0.8009,0.3666,0.1016,1,0,0.2912
2992,75657.50,10113.50,195.513,619187.532,32.31809152,-69.13316421,11240.013,19071.968,505.27,-3697.93,0.8118,0.4615,0.3718,1,0,0.1549
2993,75657.50,10881.50,-16.508,619202.195,32.29847249,-69.13268192,11027.992,19057.305,512.00,-3700.67,0.7985,0.5365,0.3880,1,0,0.2683
2994,75657.50,11265.50,-123.964,619210.050,32.28852951,-69.13242261,10920.536,19049.450,514.03,-3701.52,0.7568,0.2895,0.2075,1,0,0.6523
2995,75657.50,11649.50,-233.108,619218.003,32.27843072,-69.13215945,10811.392,19041.497,514.43,-3702.28,0.8015,0.5035,1.0761,1,0,1.0508
2996,76041.50,2817.50,2251.855,619128.205,32.50839172,-69.13498569,13296.355,19131.295,490.85,-3696.46,0.8369,0.4306,0.3221,1,0,0.3451
2997,76041.50,3201.50,2142.858,619137.212,32.49830212,-69.13470155,13187.358,19122.288,489.94,-3696.06,0.8610,0.5127,0.4311,1,0,0.3797
2998,76041.50,3585.50,2032.347,619147.532,32.48807228,-69.13437369,13076.847,19111.968,487.59,-3694.36,0.7364,0.4075,0.1169,1,0,0.2872
2999,76041.50,3969.50,1922.847,619156.834,32.47793660,-69.13407863,12967.347,19102.666,486.31,-3693.67,0.7999,0.3996,0.2721,1,0,0.2974
3000,76041.50,4353.50,1814.099,619165.480,32.46787100,-69.13380448,12858.599,19094.020,485.85,-3693.65,0.7795,0.3299,0.2876,1,0,0.1517
3001,76041.50,4737.50,1705.792,619175.169,32.45784620,-69.13349526,12750.292,19084.331,485.89,-3692.59,0.8220,0.5148,0.5073,1,0,0.6807
3002,76041.50,5121.50,1598.087,619183.433,32.44787776,-69.13323235,12642.587,19076.067,486.60,-3692.96,0.8357,0.4981,0.2226,1,0,0.4599
3003,76041.50,5505.50,1491.945,619191.545,32.43805419,-69.13297371,12536.445,19067.955,488.94,-3693.49,0.7578,0.3453,0.4920,1,0,0.6919
3004,76041.50,5889.50,1386.106,619199.759,32.42825894,-69.13271109,12430.606,19059.741,491.65,-3693.92,0.8215,0.6322,0.4882,1,0,0.7387
3005,76041.50,6273.50,1279.199,619207.395,32.41836522,-69.13246700,12323.699,19052.105,493.36,-3694.93,0.8133,0.4469,0.3655,1,0,0.4826
3006,76041.50,6657.50,1171.319,619216.367,32.40838144,-69.13217830,12215.819,19043.133,494.16,-3694.61,0.7912,0.5924,0.3560,1,0,0.5960
3007,76041.50,7041.50,1063.126,619224.198,32.39836922,-69.13192661,12107.626,19035.302,494.72,-3695.44,0.7759,0.2195,0.3550,1,0,0.1798
3008,76041.50,7425.50,955.636,619232.771,32.38842212,-69.13164984,12000.136,19026.729,496.04,-3695.53,0.8165,0.3038,0.3003,1,0,0.2874
3009,76041.50,7809.50,848.270,619240.598,32.37848688,-69.13139702,11892.770,19018.902,497.55,-3696.37,0.8390,0.6058,0.6417,1,0,0.4733
3010,76041.50,8193.50,743.074,619248.883,32.36875260,-69.13112840,11787.574,19010.617,501.30,-3696.75,0.6521,0.4093,0.9274,1,0,0.8740
3011,76041.50,8577.50,639.210,619255.692,32.35914203,-69.13090779,11683.710,19003.808,506.45,-3698.62,0.7653,0.4080,0.1108,1,0,0.2703
3012,76041.50,8961.50,532.155,619263.733,32.34923623,-69.13064609,11576.655,18995.767,508.47,-3699.26,0.8586,0.5032,0.2086,1,0,0.3948
3013,76041.50,9345.50,424.357,619272.316,32.33926195,-69.13036595,11468.857,18987.184,509.82,-3699.36,0.7505,0.3600,0.3896,1,0,0.4162
3014,76041.50,10881.50,-7.131,619304.842,32.29934030,-69.12929869,11037.369,18954.658,515.58,-3701.62,0.8494,0.6157,0.1243,1,0,0.4641
3015,76041.50,11265.50,-116.539,619313.249,32.28921839,-69.12902123,10927.961,18946.251,515.65,-3701.92,0.8777,0.7770,0.2142,1,0,0.5693
3016,76041.50,11649.50,-223.694,619321.028,32.27930521,-69.12876387,10820.806,18938.472,518.04,-3702.85,0.7415,0.3277,0.5157,1,0,0.5745
3017,76425.50,2817.50,2258.590,619231.610,32.50898012,-69.13157663,13303.090,19027.890,491.67,-3696.66,0.8096,0.3706,0.0156,1,0,0.0936
3018,76425.50,3585.50,2039.982,619250.208,32.48874749,-69.13098865,13084.482,19009.292,489.31,-3695.29,0.8687,0.5367,0.3009,1,0,0.2229
3019,76425.50,3969.50,1930.797,619259.969,32.47864253,-69.13067849,12975.297,18999.531,488.35,-3694.15,0.8501,0.5307,0.4223,1,0,0.5879
3020,76425.50,4353.50,1822.925,619268.608,32.46865960,-69.13040451,12867.425,18990.892,488.76,-3694.13,0.7635,0.3477,0.3143,1,0,0.5388
3021,76425.50,4737.50,1713.895,619277.549,32.45856981,-69.13012007,12758.395,18981.951,488.08,-3693.82,0.8034,0.4023,0.1639,1,0,0.4198
3022,76425.50,5121.50,1605.934,619286.247,32.44857916,-69.12984294,12650.434,18973.253,488.54,-3693.76,0.8271,0.2889,0.1598,1,0,0.4301
3023,76425.50,5505.50,1499.153,619294.519,32.43869810,-69.12957911,12543.653,18964.981,490.24,-3694.12,0.8437,0.5346,0.1855,1,0,0.4216
3024,76425.50,5889.50,1392.382,619302.061,32.42881834,-69.12933875,12436.882,18957.439,492.02,-3695.23,0.8259,0.4225,0.4684,1,0,0.1964
3025,76425.50,6273.50,1285.438,619310.483,32.41892271,-69.12906877,12329.938,18949.017,493.69,-3695.45,0.7803,0.2821,0.2942,1,0,0.0347
3026,76425.50,6657.50,1177.941,619319.195,32.40897603,-69.12878869,12222.441,18940.305,494.88,-3695.39,0.8515,0.4015,0.0174,1,0,0.2326
3027,76425.50,7041.50,1068.752,619327.921,32.39887320,-69.12850761,12113.252,18931.579,494.43,-3695.32,0.8634,0.6049,0.2627,1,0,0.1291
3028,76425.50,7425.50,959.827,619337.545,32.38879484,-69.12819627,12004.327,18921.955,494.32,-3694.36,0.8531,0.4219,0.6177,1,0,0.8024
3029,76425.50,7809.50,852.658,619345.269,32.37887950,-69.12794686,11897.158,18914.231,496.03,-3695.30,0.7609,0.5632,0.4530,1,0,0.4038
3030,76425.50,8961.50,540.573,619366.458,32.35000682,-69.12726007,11585.073,18893.042,510.99,-3700.14,0.8188,0.4136,0.2918,1,0,0.5713
3031,76425.50,9729.50,325.108,619382.846,32.33007398,-69.12672489,11369.608,18876.654,513.88,-3701.13,0.8173,0.5153,0.1453,1,0,0.5849
3032,76425.50,10113.50,217.296,619391.423,32.32010058,-69.12644374,11261.796,18868.077,515.34,-3701.24,0.7272,0.4938,0.5061,1,0,0.9386
3033,76425.50,10881.50,0.822,619407.534,32.30007601,-69.12591397,11045.322,18851.966,517.63,-3702.53,0.7849,0.4050,0.4021,1,0,0.5490
3034,76425.50,11265.50,-105.925,619415.542,32.29020198,-69.12564974,10938.575,18843.958,520.36,-3703.23,0.8012,0.4403,0.0844,1,0,0.8917
3035,76425.50,11649.50,-214.832,619423.486,32.28012832,-69.12538697,10829.668,18836.014,521.00,-3704.00,0.7565,0.2135,0.5298,1,0,1.0259
3036,76809.50,2817.50,2265.622,619334.930,32.50959577,-69.12817041,13310.122,18924.570,492.70,-3696.97,0.8652,0.5371,0.1849,1,0,0.2049
3037,76809.50,3201.50,2156.348,619344.382,32.49948375,-69.12787174,13200.848,18915.118,491.52,-3696.13,0.7982,0.4534,0.2808,1,0,0.3966
3038,76809.50,3585.50,2046.888,619353.576,32.48935488,-69.12758094,13091.388,18905.924,490.21,-3695.55,0.8149,0.4244,0.0795,1,0,0.2398
3039,76809.50,3969.50,1937.807,619362.847,32.47926134,-69.12728693,12982.307,18896.653,489.35,-3694.90,0.8834,0.6671,0.1781,1,0,0.3783
3040,76809.50,4353.50,1830.913,619371.298,32.46937063,-69.12701911,12875.413,18888.202,490.75,-3695.08,0.8639,0.4838,0.2276,1,0,0.4573
3041,76809.50,4737.50,1721.987,619380.210,32.45929203,-69.12673568,12766.487,18879.290,490.17,-3694.79,0.8473,0.4577,0.2206,1,0,0.4278
3042,76809.50,5121.50,1613.056,619389.378,32.44921324,-69.12644317,12657.556,18870.122,489.66,-3694.26,0.8634,0.6270,0.1534,1,0,0.3808
3043,76809.50,5505.50,1504.353,619398.035,32.43915595,-69.12616686,12548.853,18861.465,489.44,-3694.24,0.8440,0.4993,0.1086,1,0,0.1869
3044,76809.50,5889.50,1398.324,619406.239,32.42934631,-69.12590465,12442.824,18853.261,491.96,-3694.68,0.8603,0.6472,0.5332,1,0,0.5623
3045,76809.50,6273.50,1291.176,619414.813,32.41943345,-69.12562970,12335.676,18844.687,493.43,-3694.75,0.7785,0.4759,0.3236,1,0,0.5725
3046,76809.50,6657.50,1183.636,619423.678,32.40948444,-69.12534462,12228.136,18835.822,494.57,-3694.54,0.8832,0.6171,0.8444,1,0,1.0299
3047,76809.50,7041.50,1075.422,619431.533,32.39947356,-69.12509220,12119.922,18827.967,495.10,-3695.35,0.8079,0.4026,0.1576,1,0,0.2953
3048,76809.50,8961.50,548.338,619469.228,32.35071674,-69.12387257,11592.838,18790.272,512.75,-3701.00,0.7279,0.5064,0.2494,1,0,0.2538
3049,76809.50,9345.50,442.275,619477.083,32.34090627,-69.12361649,11486.775,18782.417,515.84,-3701.83,0.7941,0.4481,0.3542,1,0,0.8681
3050,76809.50,9729.50,334.206,619485.372,32.33091044,-69.12334551,11378.706,18774.128,516.98,-3702.23,0.7824,0.4364,0.3130,1,0,0.3961
3051,76809.50,10113.50,227.065,619493.246,32.32100078,-69.12308758,11271.565,18766.254,519.12,-3703.05,0.8670,0.5358,0.3458,1,0,1.1020
3052,77193.50,2817.50,2271.667,619437.916,32.51012010,-69.12477532,13316.167,18821.584,492.80,-3697.57,0.8410,0.4675,0.6543,1,0,0.6476
3053,77193.50,3201.50,2163.734,619447.416,32.50013374,-69.12447495,13208.234,18812.084,492.95,-3696.68,0.8107,0.3209,0.1599,1,0,0.2100
3054,77193.50,3585.50,2054.508,619456.798,32.49002814,-69.12417796,13099.008,18802.702,491.89,-3695.92,0.8574,0.5529,0.4363,1,0,0.5581
3055,77193.50,3969.50,1946.381,619465.013,32.48002476,-69.12391874,12990.881,18794.487,491.98,-3696.32,0.7816,0.4027,0.3394,1,0,0.2778
3056,77193.50,4353.50,1838.257,619473.908,32.47002177,-69.12363644,12882.757,18785.592,492.14,-3696.05,0.8274,0.3921,0.3325,1,0,0.3310
3057,77193.50,4737.50,1730.004,619483.411,32.46000699,-69.12333351,12774.504,18776.089,492.24,-3695.18,0.8438,0.4800,0.3084,1,0,0.4866
3058,77193.50,5121.50,1620.224,619492.778,32.44985130,-69.12303457,12664.724,18766.722,490.88,-3694.45,0.7968,0.2284,0.3658,1,0,0.5139
3059,77193.50,5505.50,1510.652,619502.005,32.43971512,-69.12273959,12555.152,18757.495,489.79,-3693.86,0.8158,0.4079,0.2820,1,0,0.4987
3060,77193.50,5889.50,1403.216,619510.057,32.42977710,-69.12248253,12447.716,18749.443,490.91,-3694.45,0.8812,0.5885,0.1482,1,0,0.1299
3061,77193.50,6273.50,1296.876,619518.070,32.41994066,-69.12222606,12341.376,18741.430,493.19,-3695.09,0.8523,0.4260,0.1785,1,0,0.1450
3062,77193.50,6657.50,1190.827,619526.297,32.41013134,-69.12196192,12235.327,18733.203,495.82,-3695.51,0.7413,0.4152,0.1724,1,0,0.3219
3063,77193.50,7041.50,1084.424,619534.086,32.40028963,-69.12171164,12128.924,18725.414,498.16,-3696.38,0.8360,0.5183,0.2465,1,0,0.1450
3064,77577.50,2817.50,2278.483,619541.625,32.51071530,-69.12135636,13322.983,18717.875,493.70,-3697.45,0.8713,0.4740,0.5501,1,1,0.4751
3065,77577.50,3201.50,2168.825,619550.956,32.50057110,-69.12106179,13213.325,18708.544,492.13,-3696.73,0.7857,0.3894,0.2481,1,1,0.5930
3066,77577.50,3585.50,2059.902,619560.111,32.49049521,-69.12077229,13104.402,18699.389,491.36,-3696.19,0.9201,0.7530,0.2306,1,1,0.4950
3067,77577.50,3969.50,1954.493,619568.165,32.48074498,-69.12051810,12998.993,18691.335,494.18,-3696.76,0.8197,0.5473,0.2158,1,1,0.3747
3068,77577.50,4353.50,1846.562,619577.057,32.47076146,-69.12023594,12891.062,18682.443,494.53,-3696.49,0.8247,0.4973,0.4959,1,1,0.6168
3069,77577.50,4737.50,1737.550,619585.810,32.46067834,-69.11995784,12782.050,18673.690,493.88,-3696.36,0.8468,0.4567,0.3344,1,1,0.6031
3070,77577.50,5121.50,1627.590,619595.477,32.45050755,-69.11964907,12672.090,18664.023,492.33,-3695.33,0.8219,0.3544,0.1534,1,1,0.3887
3071,77577.50,5505.50,1517.969,619604.614,32.44036865,-69.11935710,12562.469,18654.886,491.20,-3694.83,0.8241,0.3906,0.2424,1,1,0.5071
3072,77577.50,5889.50,1410.915,619613.083,32.43046741,-69.11908631,12455.415,18646.417,492.70,-3695.01,0.8139,0.3996,0.1213,1,1,0.3797
3073,77577.50,6273.50,1304.841,619621.345,32.42065720,-69.11882167,12349.341,18638.155,495.24,-3695.39,0.7531,0.3812,0.1195,1,1,0.1235
3074,77577.50,6657.50,1199.359,619628.489,32.41090215,-69.11859323,12243.859,18631.011,498.44,-3696.90,0.6287,0.4693,0.5330,1,1,0.7431
3075,77577.50,7041.50,1092.972,619637.025,32.40106338,-69.11831839,12137.472,18622.475,500.80,-3697.02,0.8349,0.6975,0.0228,1,1,0.2076
